group_by,group_value,execution_count,reported_non_null_count,reported_missing_count,reported_exact_match_count,reported_mismatch_count,difference_raw_sum,max_abs_difference_raw,difference_frequency
execType,Funding,12905,1849,11056,1849,0,0,0,
execType,Settlement,19,1,18,0,1,0.2521739130434782608695652174,0.2521739130434782608695652173913043478260869565217391304347826086956521739130434782608695652173913043478260869565217391304347826086956521739130434782608695652173913043478260869565217391304347826,
execType,Trade,160302,13889,146413,6939,6950,-7.945950071013962101537354950,1.285142311374112166059264505327903341113588238886922087858636525631762711533647266711831695719876116994801696650602111417286069624863454136274174890415980823104575929059651073143316863838466904,
payout_model,INVERSE,104899,15488,89411,8644,6844,-8.693776157970483840667789714,1.285142311374112166059264505327903341113588238886922087858636525631762711533647266711831695719876116994801696650602111417286069624863454136274174890415980823104575929059651073143316863838466904,
payout_model,LINEAR,17948,80,17868,69,11,-0.0000000000000000000000000001086956521739130434782608696,0.2956521739130434782608695652173913043478260869565217391304347826086956521739130434782608695652173913043478260869565217391304347826086956521739130434782608695652173913043478260869565217391304347826,
payout_model,QUANTO,50379,171,50208,75,96,1.000000000000000000000000002,0.53084745762711864406779661016949152542372881355932203389830508474576271186440677966101694915254237288135593220338983050847457627118644067796610169491525423728813559322033898305084745762711864407,
symbol,AAVEUSDT,567,0,567,0,0,0,0,
symbol,ADAM20,366,0,366,0,0,0,0,
symbol,ADAUSD,575,0,575,0,0,0,0,
symbol,ADAUSDT,155,0,155,0,0,0,0,
symbol,ALTMEXUSD,70,0,70,0,0,0,0,
symbol,AXSUSDT,919,0,919,0,0,0,0,
symbol,BCHH21,101,0,101,0,0,0,0,
symbol,BCHUSD,154,0,154,0,0,0,0,
symbol,BMEXUSD,143,0,143,0,0,0,0,
symbol,BNBUSD,28,0,28,0,0,0,0,
symbol,BNBUSDT,185,0,185,0,0,0,0,
symbol,DOGEUSD,5924,171,5753,75,96,1.000000000000000000000000002,0.53084745762711864406779661016949152542372881355932203389830508474576271186440677966101694915254237288135593220338983050847457627118644067796610169491525423728813559322033898305084745762711864407,
symbol,DOGEUSDT,2068,0,2068,0,0,0,0,
symbol,DOTUSDT,3506,0,3506,0,0,0,0,
symbol,DOTUSDTH21,49,0,49,0,0,0,0,
symbol,EOSH21,37,0,37,0,0,0,0,
symbol,EOSUSDTZ20,7,0,7,0,0,0,0,
symbol,ETHH21,1138,0,1138,0,0,0,0,
symbol,ETHH22,477,0,477,0,0,0,0,
symbol,ETHH23,391,0,391,0,0,0,0,
symbol,ETHH24,35,0,35,0,0,0,0,
symbol,ETHM20,86,0,86,0,0,0,0,
symbol,ETHM21,178,0,178,0,0,0,0,
symbol,ETHM22,234,0,234,0,0,0,0,
symbol,ETHM23,351,0,351,0,0,0,0,
symbol,ETHM24,282,0,282,0,0,0,0,
symbol,ETHU20,221,0,221,0,0,0,0,
symbol,ETHU21,476,0,476,0,0,0,0,
symbol,ETHU22,47,0,47,0,0,0,0,
symbol,ETHU23,180,0,180,0,0,0,0,
symbol,ETHU24,157,0,157,0,0,0,0,
symbol,ETHUSD,19470,0,19470,0,0,0,0,
symbol,ETHUSDZ20,8,0,8,0,0,0,0,
symbol,ETHZ20,1168,0,1168,0,0,0,0,
symbol,ETHZ21,870,0,870,0,0,0,0,
symbol,ETHZ22,182,0,182,0,0,0,0,
symbol,ETHZ23,271,0,271,0,0,0,0,
symbol,ETHZ24,80,80,0,69,11,-0.0000000000000000000000000001086956521739130434782608696,0.2956521739130434782608695652173913043478260869565217391304347826086956521739130434782608695652173913043478260869565217391304347826086956521739130434782608695652173913043478260869565217391304347826,
symbol,LINKUSDT,253,0,253,0,0,0,0,
symbol,LINKUSDTZ20,16,0,16,0,0,0,0,
symbol,LTCH21,1414,0,1414,0,0,0,0,
symbol,LTCM20,387,0,387,0,0,0,0,
symbol,LTCM21,172,0,172,0,0,0,0,
symbol,LTCU20,316,0,316,0,0,0,0,
symbol,LTCU21,418,0,418,0,0,0,0,
symbol,LTCUSD,7473,0,7473,0,0,0,0,
symbol,LTCZ20,816,0,816,0,0,0,0,
symbol,LTCZ21,122,0,122,0,0,0,0,
symbol,LUNAUSD,428,0,428,0,0,0,0,
symbol,ORDIUSD,407,0,407,0,0,0,0,
symbol,TRXH21,2218,0,2218,0,0,0,0,
symbol,TRXM20,137,0,137,0,0,0,0,
symbol,TRXM21,1468,0,1468,0,0,0,0,
symbol,TRXU20,771,0,771,0,0,0,0,
symbol,TRXU21,1759,0,1759,0,0,0,0,
symbol,TRXUSDT,27,0,27,0,0,0,0,
symbol,TRXZ20,498,0,498,0,0,0,0,
symbol,TRXZ21,124,0,124,0,0,0,0,
symbol,UNIUSDT,889,0,889,0,0,0,0,
symbol,XBTM21,19,0,19,0,0,0,0,
symbol,XBTUSD,104880,15488,89392,8644,6844,-8.693776157970483840667789714,1.285142311374112166059264505327903341113588238886922087858636525631762711533647266711831695719876116994801696650602111417286069624863454136274174890415980823104575929059651073143316863838466904,
symbol,XLMUSDT,54,0,54,0,0,0,0,
symbol,XRPUSD,6128,0,6128,0,0,0,0,
symbol,XTZUSDTZ20,9,0,9,0,0,0,0,
symbol,YFIUSDTH21,359,0,359,0,0,0,0,
symbol,YFIUSDTZ20,508,0,508,0,0,0,0,
action,ADD_LONG,50952,1174,49778,1174,0,0,0,
action,ADD_SHORT,27978,5730,22248,5730,0,0,0,
action,CLOSE_LONG,886,5,881,1,4,1.361545447271613492060579840,0.82184884318418454964639703595526888699579462631671467012832474679864238097169824077454599542952956607575081470663799981069057374278257812394358579097534920828093518856571065406406771868619258177,
action,CLOSE_SHORT,344,2,342,1,1,0.3070641688053966791823068362,0.3070641688053966791823068362430525968425313846667008240646131891057445988102360453117921583707187954866913330121364273737255787274318931153810268836237347229201844300415308388444972742714392168728,
action,FLIP_LONG_TO_SHORT,91,7,84,0,7,0.8332849267384931330529242349,0.8766202709379520239506287289109803316479404502525612014465441736045908211054353560020244368994723387113386194218349170613804609839239288387047945452705389188251268415608032210852317452959131255,
action,FLIP_SHORT_TO_LONG,79,8,71,1,7,1.639868574378043552204763424,1.285142311374112166059264505327903341113588238886922087858636525631762711533647266711831695719876116994801696650602111417286069624863454136274174890415980823104575929059651073143316863838466904,
action,NO_POSITION_CHANGE,12905,1849,11056,1849,0,0,0,
action,OPEN_LONG,898,3,895,3,0,0,0,
action,OPEN_SHORT,333,3,330,3,0,0,0,
action,REDUCE_LONG,53580,1196,52384,0,1196,-1.194830374010106625113504069,0.97117516629711751662971175166297117516629711751662971175166297117516629711751662971175166297117516629711751662971175166297117516629711751662971175166297117516629711751662971175166297117516629712,
action,REDUCE_SHORT,25180,5762,19418,26,5736,-10.64070890115392407205486006,1.2635305609632006434083747603332565089253496006233960967177780639715501106292626080462580982001262570231665183398640835212083540079964759747349062478051093475440167196768517068818711681467009914,
difference_distribution,ALL,173226,15739,157487,8788,6951,-7.693776157970483840667789722,1.285142311374112166059264505327903341113588238886922087858636525631762711533647266711831695719876116994801696650602111417286069624863454136274174890415980823104575929059651073143316863838466904,"{""-0.00069690035732329094525042075417197797190288303468869343105029855259222930484043305424101324765922737523494182894653818027542860422026763889048807767341619798384109984434046661473835355545552662"": 1, ""-0.00099479826670088047814094847166581917835789613799202031650085629251991898597323195400539641009462845032718405907986023897227441729031395110159313637555828903449539778523525814841440133921736199"": 1, ""-0.00112773385518590998043052837573385518590998043052837573385518590998043052837573385518590998043052837573385518590998043052837573385518590998043052837573385518590998043052837573385518590998043053"": 1, ""-0.001161948256025073147165694158622385909166479646198790179332056734038019942405307317433910397656174462511477596459591020910767664761647483137220063278539622499134996404480147072483933166163825674"": 1, ""-0.00136125445733340598532415578264301927431792049468983214554992126329856348220097046459376276641178310482924494040555118061792518955270141967556505016416747914312782858244022125306460874159461508"": 1, ""-0.00137363497006473691181564676089633254792119129617435168821312443044286976150590886139810320439487254821031880391565414286441941946343342337311151757453001134619239211425752868196561263667060601"": 1, ""-0.00198959653340176095628189694333163835671579227598404063300171258503983797194646390801079282018925690065436811815972047794454883458062790220318627275111657806899079557047051629682880267843472398"": 1, ""-0.002246753246753246753246753246753246753246753246753246753246753246753246753246753246753246753246753246753246753246753246753246753246753246753246753246753246753246753246753246753246753246753246753"": 1, ""-0.0023830801310694072088173964849568066726243669943401846887101578790586833482275841525171283884420613643133750372356270479594876377718200774501042597557342865653857610962168602919273160560023831"": 1, ""-0.00306837827980433699484291022549515168897014797153869371710951549645430156386416832264636627393442986350427648293098844246457036115976488941254156940094060324776304906978128388653522258135429728"": 1, ""-0.00316022690881828783811926399238192538829093172698906561614379056913828132797034368779129066339064611503595765951610342344984993359900870208361794477480346017878790231483012497286414421130154808"": 1, ""-0.00338271953044204104177027195067137795055943711373379762785982738033297274735377213719062700455213118438517667725788654617243517039036779285014859241889106089696464186678489487577548235543355247"": 1, ""-0.0042870369705015832413771573231955252859653055646134426787629682417585624499335061795900233969673333790864503315405600202144750091523754792226370706580625922723781681760798028676326699811258718389"": 1, ""-0.00476616026213881441763479296991361334524873398868036937742031575811736669645516830503425677688412272862675007447125409591897527554364015490020851951146857313077152219243372058385463211200476616"": 1, ""-0.0049604237416873532123313746308626212047838977699581653346065314124966180085172928319047827263415284414399081681919454671178774599151370076796487751242250767149131365134558706693050392568960198704"": 1, ""-0.005106296044544402848720539234697426963029158712352730971877090221016427781533567083412896643993813560058154854847627842321340718543799129524356027069280459244163404732970624555620928285217573086"": 3, ""-0.00580974128012536573582847079311192954583239823099395089666028367019009971202653658716955198828087231255738798229795510455383832380823741568610031639269811249567498202240073536241966583081912837"": 1, ""-0.0060404366561382843592217497981839461757213693841720955847794091362791960932793264022801288423545920795769202048265776994917187070993591026216036982137940218012385451596637124224140266521879578"": 1, ""-0.0061782982355573060518264656054283379308456073733988498780839550887935084506239797924491145406206610749657956227423502045404414151381638834168210146836995754299247380324457674124431030867972870"": 1, ""-0.006303513493259476921695171381705071478272538809346546219412653304348818375644896792809583215263174545792677153854681489922014652694899806548848038966200001392170845658191107813738111979959583559"": 6, ""-0.0064079968021677675867171459714801698048432282646716258844220119947089026586592552771662908797518039776925605227154753081760276102167232599446544353995439551718108691680036250706046862595768746"": 1, ""-0.00709071778315321290624634231984706020053841051851273848074597167492489563419296945105536264679489680465061839179119035542897272833677968085521438882603097811244196480824002184854278022706878389"": 1, ""-0.00715872941732756286756044644718314574040223546929925458851894407501845844978478584014296566194460611739117677929678936160858634229691544890211488895338193957493189344874342577055110712168485398"": 1, ""-0.00772976348569706737369409227365679952972870091996183178300523808841771903807681157358570684776266555109753594220337502501352382304642088240003417290205112836058281058750664378161452523717001264"": 1, ""-0.007938717170374812465905916785342704796111753456776798655709799838101002554884467122209011452219490684094499295658933756503416004122111266660580546726354324767169945946770307827193350902768547076"": 1, ""-0.008114577219536113760887792294195567239181138206411574056727470861697535652867601858384260964035304982547944829976851645304628229840511696987848620741683730320521258932898880974468642307448871094"": 3, ""-0.00813559322033898305084745762711864406779661016949152542372881355932203389830508474576271186440677966101694915254237288135593220338983050847457627118644067796610169491525423728813559322033898305"": 1, ""-0.008247363100291453328293659554142855228941357437486875818672819304006504167628065408134828807710005418647260619858543854135577388648673474454236237825276226028114137196987260388626582812186863008"": 1, ""-0.0082473631002914533282936595541428552289413574374868758186728193040065041676280654081348288077100054186472606198585438541355773886486734744542362378252762260281141371969872603886265828121868630081"": 5, ""-0.0082820033368183745466910843647672566593992800555075654242915526118590597090160920351784444153148306615829933496766224340140820093745939834487618492267532900126843063532392238584709950868119015"": 1, ""-0.008482534609245586613014661855018485602482460147222103137153539799813098922489438213634817504957100138590527226523524534550976722957564427447715599534303067497222118874052813549185008640981231449"": 1, ""-0.00855034979591526454811121019320803995879934515967054665459340839662867211077541465793462672599285611781638442058539973716413354559971520132351667668197186937032205421776471479990489469590426013"": 1, ""-0.0086454906165795293125704420982436604363118995064947443358601316457674400240433577974471043950078298467399046173610145094872153925074833197865995519191019030801250016888552010973792573148719809"": 1, ""-0.0090635106131553119188424004367888926074379413922387280647690053227862198866193082077716702160412265258684344219557863413244961798306209147292573996915072785534276843997436444205059779030283645"": 1, ""-0.00938353734083085069687145836800557162852434662452364499993059977807182834179527228402705813850302890475812727212933022979033704202250463379445994786239992836522131812276729966331456291503509521"": 1, ""-0.00954034126360816455360380727944625539053628172476629527120485497100112220272601697735599489262268327902767258914545476381777623885788096418946549862377935102096392819094349854605041035985773137"": 1, ""-0.00963020201854046098422152757971195908216876770947748066555733317129499411242290414872541895864118333916970605594550215233105038583713361376782175316844513523005601686348105819404427495890707715"": 1, ""-0.0103433908538930799970265501150985563981896442360081827196995803546198557973243333478328224439150964188994613190789058134949145032951932960935624579332546816723034840708683589404346649216085290902"": 1, ""-0.01035298804730691151280683631047132015180730127731401878686154588755016062253944511951660079257267161819385380715995102331939730782643765143168852606263500555760470427124766353715347053124781928"": 1, ""-0.010481227080026340177153800837784396230689784000049853365057607245111375231261480522813358158864920039088117896169419921806454665047891864119341992503964356493525068141332197989855697343524655974"": 2, ""-0.010487730135858297571156073366416690254799459624644726018504083665629977543879469260739136748799559219318291673984850766873835617772412666237403657419320394837969756508224744282576529806193157348"": 1, ""-0.0105178486206978185032834732190285339207685352509480792367512531015123392214464242024767460780056785567846301772866092231520958052439302973504113567011376078655595659585316968281355380559731712"": 1, ""-0.0108466285548549922702877023403655738807315078715280318997267025652122071727246991719796922035598514676964239200851457383882708184319735566647674635142865274136090128962209705010275090419171821"": 1, ""-0.0109044939993491404583644540065770880539279387603554079869238562865535639171845304757101028338251025573916702510270284871700489676785966748573724210999644105505369357055421594911969005734945409"": 1, ""-0.01137286027689637964358841704045313694994403317874960239243394164316974398965498975827667564824818855643701549462302060358197079250716839887215335839372993624114071703395621320548522294737001975"": 1, ""-0.01158286126274590586054176537233494695643217633123905654547327222165001544958286126274590586054176537233494695643217633123905654547327222165001544958286126274590586054176537233494695643217633124"": 1, ""-0.0116334117321211125928465444069867904961826346313045213072217879785930000842457762050028427962954142794337105051363668870780698453630484895370122021944964211759687867176702482915962265496444888"": 1, ""-0.01186729002692805078723028962004885513654211251547359797023552290160524627344506956471960774175719705394991384715561274732728189896813764241292704844484349860737219957167371875405936013365528585"": 1, ""-0.01190393831507531800509426769006897749542777422606273669907868867553169985011491260464477030505169319266357819532528726668305077678076863163124885833389978245686662492966728874206519820071230767488"": 1, ""-0.01202285874616792282967197684923242891741369253738966141831394158760017960754083688189464481816787965752592430576900310753955369748716178303626765226047801028683593866661387362922799706357840511"": 1, ""-0.012022858746167922829671976849232428917413692537389661418313941587600179607540836881894644818167879657525924305769003107539553697487161783036267652260478010286835938666613873629227997063578405111"": 4, ""-0.01208000476627689496520899008957608053921723548385583829246840084544004025648952402252693069073927530219176087136591068833015305706171969175653565412608502125241273548871393099226002225543211926"": 1, ""-0.012289119783540487188580721920956577729647908905741255953048484979254054883119476148737016026060941195141686947361803523464068069331812116213497288278705228851229111455462570535202629241126163939"": 13, ""-0.01249541380001448767501583165027481275061581885065185427129373109416929769032034331446069037863233995396602381939710838660696535132827653889261216601138299435004796861521618396640217691037805499739"": 2, ""-0.0124954138000144876750158316502748127506158188506518542712937310941692976903203433144606903786323399539660238193971083866069653513282765388926121660113829943500479686152161839664021769103780549974"": 2, ""-0.01260702698651895384339034276341014295654507761869309243882530660869763675128979358561916643052634909158535430770936297984402930538979961309769607793240000278434169131638221562747622395991916712"": 2, ""-0.01278143081627580461882263574484624500083127610818669197265262407441821936645838049177301437421791908762625356105550123001844431237812231450942069606393584749048496044928161779732326482780208241"": 1, ""-0.0129408680493651833943165070070597320216552140387689979193328440314505013992154666479457933406405880594649319959497115212713477961041593278758319678048715640362129861628129038559587338435796282"": 1, ""-0.01392853783696110574932359433802105549714534960243609580831632028811787287983795732171213829506877198998860161222024425546541241033665330202880911902570785004500466748064282983530441204297739654"": 2, ""-0.014392754392498864373508462906713352421463010070927104886803082231485045319597339478705897479184251069115465483095167961371690664512491646820211957750172990968435193679932051820635448302292703716"": 1, ""-0.0144231338652936139406020336466839052121480519438407709324991537960465892491184761182274725038487851044428104731977460721998217882140627671580829147754843748940546241145628992466032678716070822"": 1, ""-0.014626826849151845077300782361649449899377328582077227902677553748014819789655327310832381460639529915570925908067908114051324697129939606784213993928999187583027642795498929883772456885296148"": 1, ""-0.01466788078346200402184261994893360744614285399545829320784254287354418834699053257299968732078985194133457687369446382691939069679955568980356468652527710360733634271823081983599017367726180565"": 1, ""-0.01481077830267908937120767261610007203978001498732300730139883510236313179387555621223409927284016272395438501621036144355753576905228355249256943060806278455960978924046341764428891672344159594"": 1, ""-0.01511831079810217321832741007186824453120066384695136776357628711844656102581990417681735557737148282865659309536093392853731971393105577711098041382073188357557939629568308443585083833315067081"": 2, ""-0.015144211760170327702606888537877946295411466321428083544750128142731153791377504191257530108636695309127926958769992354065929509838800381036606646153313653995504302464008395515090162997525908118"": 8, ""-0.015473918605155511787113150683779218812973290742648643317412877768075279273202091610032973004014780468855704219256005315501677198974119785804871232517085631264130624746882827020834399242427697326"": 2, ""-0.01609666632719776203741139735657980420949598521182362679681444014688626730725599246330439876061204233345050216805674845966636528608394232824187256150173880629293466737426391515203196531763842822"": 1, ""-0.016389380402332098007396586840183064437372823848747128499309714707762880809301016802648650053627137233712983389255242700727381563467832625496342726167764106901493859956441757893289501691257393839"": 1, ""-0.0164947262005829066565873191082857104578827148749737516373456386080130083352561308162696576154200108372945212397170877082711547772973469489084724756505524520562282743939745207772531656243737260162"": 1, ""-0.01672881221297789459184124670800224140754173071013151103807799176094388406006263128478883198591401277889632291365284100614973646215062427932649799369536243913990282208005136449872459160303577624"": 2, ""-0.016782696512832510404826302171241920171224628497243432153897046505905093351217249354525381407207239776449742738763413368920945270222902341984982302893975041927173399963161894330404342802871849568"": 1, ""-0.01681475791188092387286125831132173105980795723970220994229990587970865523792241487487204466971366436759863910422353731795180539027061761239341031441698016864605182668062503664720380313762348571"": 2, ""-0.0169959568733153638814016172506738544474393530997304582210242587601078167115902964959568733153638814016172506738544474393530997304582210242587601078167115902964959568733153638814016172506738544474"": 6, ""-0.01760907104743786781489795222537772877737286742252104659235148673993527431704706828136266767754590714998098922140460775436332138017057056916611445132917072487318647531128431827663283525656472492"": 1, ""-0.0177383592017738359201773835920177383592017738359201773835920177383592017738359201773835920177383592017738359201773835920177383592017738359201773835920177383592017738359201773835920177383592018"": 1, ""-0.01891054047977843076508551414511521443481761642803963865823795991304645512693469037842874964578952363737803146156404446976604395808469941964654411689860000417651253697457332344121433593987875068"": 1, ""-0.01915731966402149772829416528605621406926035986538397816376508647415659170257684529195672784077185762669092530974248402827525744566486230515490559006691613891341672916397487787309250691974945726"": 1, ""-0.01919682528256225072476279967451536138892088765744085166215124466933310401355507133951271449941178563919945134090131857243818267037300222316170946736304352622685302472848731794214238330784656413"": 1, ""-0.019323102276238541559377896796786486764857348851581007312802554331033062107323102276238541559377896796786486764857348851581007312802554331033062107323102276238541559377896796786486764857348851581"": 1, ""-0.0193244087142426684342352306841419988243217522999045794575130952210442975951920289339642671194066638777438398555084375625338095576160522060000854322551278209014570264687666094540363130929250316"": 1, ""-0.01958525345622119815668202764976958525345622119815668202764976958525345622119815668202764976958525345622119815668202764976958525345622119815668202764976958525345622119815668202764976958525345622"": 1, ""-0.01969782020940500309907128945390292160432450409414222818349233624673579764112835161769938952066342680013965126010417601181491654556036251511636563889635579300911961062587708850917918947159023725"": 1, ""-0.020676668835868488762850988779144852601310749296165068018603184845123589401065572638366636458438079992745522853970845192035307677913766945714507257854120068278150269607195227522722867677407629875"": 1, ""-0.021250598318486087016027141629855216838340061449228716111758070554857077068571273615391616958411050537838565312259296615978825416229639739663498918119400266025582460058732983736487732848144325873"": 1, ""-0.02149740548554484803558191252779836916234247590808005930318754633061527057079318013343217197924388435878428465530022238695329873980726464047442550037064492216456634544106745737583395107487027428"": 1, ""-0.02162581153573471428661453685162325635538735345187510042259325882515744878928926583190703713994229664425223502086594728114280114428443624634700669619769481480704987565177991888635533044645433623"": 1, ""-0.02189454870420017873100983020554066130473637176050044682752457551385165326184092940125111706881143878462913315460232350312779267202859696157283288650580875781948168007149240393208221626452189454870"": 1, ""-0.021894548704200178731009830205540661304736371760500446827524575513851653261840929401251117068811438784629133154602323503127792672028596961572832886505808757819481680071492403932082216264521894549"": 1, ""-0.02207701686447638979614818901382533227416311327777701340730907794672237890570083903124429755546731478771807433273222939730458563047130217960718120229225282748356493168512279437719473015711268781"": 1, ""-0.0222222222222222222222222222222222222222222222222222222222222222222222222222222222222222222222222222222222222222222222222222222222222222222222222222222222222222222222222222222222222222222222222"": 1, ""-0.0225181944009979378851289883993660861605074352505088483797728251499194657150644514491454492493775960284065197080340985494216848878334853716250295846378802107264666873669092516210224481889868941"": 1, ""-0.02256729630218871319256494294546492837044504659922319586490375028062332926205211409898607214648670410197844982578821436680756392933019085702542611283930563909630122057876221794848126264411272643"": 1, ""-0.02274572055379275928717683408090627389988806635749920478486788328633948797930997951655335129649637711287403098924604120716394158501433679774430671678745987248228143406791242641097044589474003950"": 1, ""-0.022996047596212687118895097744818262711112355490637808546941303611703755735001899644733391100420866245550083603093305459409115039544139904794862582378380160569801931773711175858954485679178602432"": 1, ""-0.02303262955854126679462571976967370441458733205374280230326295585412667946257197696737044145873320537428023032629558541266794625719769673704414587332053742802303262955854126679462571976967370441"": 2, ""-0.02353960901627187952685676519315145556466358235824769249311877502046186041326407279799253447417723268509738174082116689733853915807500196615523955475453904032392416683872470941146042421677456478"": 1, ""-0.02404571749233584565934395369846485783482738507477932283662788317520035921508167376378928963633575931505184861153800621507910739497432356607253530452095602057367187733322774725845599412715681022"": 2, ""-0.02408263189801815806522673516384714793363265610706996117345090650008703277484107713109651597364847946559218276522025262990549855603671541901105353352244719491268381733534725789991567370049880051"": 1, ""-0.02434373165860834128266337688258670171754341461923472217018241258509260695860280557515278289210591494764383448993055493591388468952153509096354586222505119096156377679869664292340592692234661328"": 1, ""-0.024578239567080974377161443841913155459295817811482511906096969958508109766238952297474032052121882390283373894723607046928136138663624232426994576557410457702458222910925141070405258482252327878"": 3, ""-0.024611398963730569948186528497409326424870466321243523316062176165803108808290155440414507772020725388601036269430051813471502590673575129533678756476683937823834196891191709844559585492227979275"": 2, ""-0.02495201535508637236084452975047984644913627639155470249520153550863723608445297504798464491362763915547024952015355086372360844529750479846449136276391554702495201535508637236084452975047984645"": 1, ""-0.0249553121062838659782979926452640459610544278572562140286551378695168537246612056735200930607225272683812115852713322255411604746475226463447091036771597213216862679017136008733702265156705383"": 1, ""-0.02508485601917591712350501700557505194314367021042067914054259392861166647522274602924521323493769883429660269683259221176889557962695492819041200084622561271931382919189058588414486273486093133"": 1, ""-0.025174044769248765607239453256862880256836942745865148230845569758857640026825874031788072110810859664674614108145120053381417905334353512977473454340962562890760099944742841495606514204307774352"": 1, ""-0.025200573482421969798730431234650610867531636749154464400211512655066826705977679281179900024441105774214120061243611377068701734064823767676802575528829802156384125289800384247888976018453462101"": 1, ""-0.026086956521739130434782608695652173913043478260869565217391304347826086956521739130434782608695652173913043478260869565217391304347826086956521739130434782608695652173913043478260869565217391304"": 1, ""-0.026578073089700996677740863787375415282392026578073089700996677740863787375415282392026578073089700996677740863787375415282392026578073089700996677740863787375415282392026578073089700996677740864"": 1, ""-0.026871401151631477927063339731285988483685220729366602687140115163147792706333973128598848368522072936660268714011516314779270633397312859884836852207293666026871401151631477927063339731285988484"": 4, ""-0.0276142302321642276690312728073245746493552224173475735543952575548326040293118758747268884554744033302263693600111795970626183978510212447745015358373119865607518511409714397249939276376667027"": 1, ""-0.027630132116243849256028351897000109998650615222114057128724901165142103767585856512658165159390480958810778794901313316535667363132338467960081535191506710752749304868485676992425298140442479903"": 2, ""-0.02807704191986816355958389123493665671026882274178597177876197342671747862807704191986816355958389123493665671026882274178597177876197342671747862807704191986816355958389123493665671026882274179"": 2, ""-0.02852470979272700391065948932545167701005292917551682683430012249940126169715104584794374804915106669243197870131930201370212764086014035968070810438763944605833200669194452095015487020653743976"": 2, ""-0.028538088876464350419322446249988487658884829437425441890086180876562083400469129088497194048420666105316643233288912895112401345499264412186033065697184685552952490489018311473786680418710226102"": 1, ""-0.0288496233967169572824288448981103214589558033034071717219194220371687886293517835714927026145200184323650034099715646721539209779473815520857594942834536067774024614494360230952423864033001317435"": 1, ""-0.029030634131119881118925187118610928632781199120021858062644425257175539451223950075687757062794378157410948567454976440335661594475461914156846481632054990934610833073863352672758652539336925550"": 2, ""-0.029891662449576951592510394422780242160202808751564752424621779232128989268159131895671452171640744855075824732455952810535676505498269306155765257082639453388374196866127838054616122336006787163"": 2, ""-0.0299877013308416232946682464108970927459310321523138249575948168111780900002482626917569293718419212547139260493416663352932927108539555792927630018137617769552037138365037518690620227625020692157"": 8, ""-0.03005293206889266561118914445808964587922989932477387304700832949120416891108826304035380063931893810940196466647123059838951959663749589917792609162385280173833311249804383898080403697442483839"": 4, ""-0.030288423520340655405213777075755892590822932642856167089500256285462307582755008382515060217273390618255853917539984708131859019677600762073213292306627307991008604928016791030180325995051816235"": 2, ""-0.0313245035651596032100910260681893740377493757725912743164759612675213172888365381606602244013904798132579704257331214964644193178375898326254277799210533306284818894787808151911992323143249588"": 1, ""-0.03151756746629738460847585690852535739136269404673273109706326652174409187822448396404791607631587272896338576927340744961007326347449903274424019483100000696085422829095553906869055989979791780"": 3, ""-0.0316995012393334227226490959093273259936024556367437309492757518794900571975249774457072376005469184473997150108050470707047099977574963655929536550754552233358106804501735625911897284045891145"": 3, ""-0.0317806485010057563772743223283804337745757626012595705444652399667852651388854781768988107590652631120296493604127364243207961608612766746691304663237846690397407896764527680266503488732067393"": 1, ""-0.0325398856645649768108631070210967216421945236145840956991801076956366215181740975159390766106795544030892717602554372151648124552959206699943023905428595822408270386886629115030825271257515462"": 1, ""-0.032721186527963744978885570089607580595323926253991142239159542692347306622721186527963744978885570089607580595323926253991142239159542692347306622721186527963744978885570089607580595323926253991"": 1, ""-0.0328591953698623374345191061869640783068192050263633511238782392565416127611106508964040788608976964046859870141743722039467087846339206260090603285865434475993787664803249844099072230174993192"": 1, ""-0.03314977347627315133229976632436938834966373220887740156473453688945174629254730967007543303178526673595881342682971598290273622480444658658512286330888704481109562608411544354537803439467530280"": 1, ""-0.03326394086935151915010094976461427830515607928978514147241600063674297872280696724827570230235511724286251981066778471088947037419002688127101042680582730614993611243864427550157891464512030550"": 1, ""-0.03371772272731805777124068027432921377995805531336199219929111199971175402333733756121449171699323229960094986479900522797463534526006574208644888571810737969472810036351314068255557894715087610"": 1, ""-0.0342692347306622721186527963744978885570089607580595323926253991142239159542692347306622721186527963744978885570089607580595323926253991142239159542692347306622721186527963744978885570089607580595"": 1, ""-0.034269234730662272118652796374497888557008960758059532392625399114223915954269234730662272118652796374497888557008960758059532392625399114223915954269234730662272118652796374497888557008960758060"": 2, ""-0.03429629576401266593101725858556420228772244451690754143010374593406849959946804943672018717573866703269160265232448016171580007321900383378109656526450073817902534540863842294106135984900697471"": 1, ""-0.03445097497910112352025036372342716216620905861572514656269963281756539088256112253570865673049478584748902392601450248258268801627401676092627249673634616828882215859089072907591051498565100941"": 1, ""-0.03508581843162860889269454381483445914019801305604338584410549778471225261577044323924728004771527408703033464603554100156480591163065000044601607892999455998410014128137692738917712133425764798"": 1, ""-0.0353350817315780723399537348030594817599987342140281161379995565217127183591193515438766722911622621525324164691850085396930524084060976922658988806112937225215806101467319431295166327980938426394"": 2, ""-0.035506115563931457271831591088811941667143979255514786156265061903134891428281129426775135759123119394775953925751916368432984292596426454324815577720621928917403315693493796729514162682663043729"": 1, ""-0.0355582476098581014137248162345801256788060327434965290028481222508477189487893964849685123372665728642441770773963125789257882486523200359011967447603735272508085691531423357067723750432010230"": 3, ""-0.03572422726668665609657662553404217158250289055549559395069409927145451149698010204994055153498770807842524683046520190426537201854950069997261246026859446145226475676046638522237007906245846184"": 1, ""-0.036020583190394511149228130360205831903945111492281303602058319039451114922813036020583190394511149228130360205831903945111492281303602058319039451114922813036020583190394511149228130360205831904"": 1, ""-0.03606857623850376848901593054769728675224107761216898425494182476280053882262251064568393445450363897257777291730700932261866109246148534910880295678143403086050781599984162088768399119073521533"": 3, ""-0.0364354279497805958937040795666397399229032139893651013856275646699767453685909668018965134733563391131301727130201180112069580213529222487689733153343862534692821030589986830800613876961005182"": 2, ""-0.037860529400425819256517221344694865738528665803570208861875320356827884478443760478143825271591738272819817396924980885164823774597000952591516615383284134988760756160020988787725407493814770294"": 2, ""-0.0382829078174889277989494283654341332784014831599546812236069626120094757441549078174889277989494283654341332784014831599546812236069626120094757441549078174889277989494283654341332784014831599547"": 5, ""-0.0385648167489723918706474030814833193724833122681452405208057342601439741676931391780832534876174107692465670973432895188707514804268274352993617677805980979807065524841439074695992034014301642118"": 1, ""-0.038846719250669061069084884482367846072556299626972477833144256049527926706057345896097670904760753578127642396779969513342617390049531597157151869782251634287399778910027403466494659844391837201"": 1, ""-0.0391677506367231193650011038219997588466110371233463531527752323048195251211362414249884297714606827495548381021765256210827509697328577812337659659848044795423812868203948089669494343355447390"": 1, ""-0.0396059318432179219268904123656576110751965340106999670540717583956671134533692323422705994681013980203714257230740542537320211962985432806196320358832128685480207055370833423808896865819050522"": 1, ""-0.040270696079603169305384797827962748223200588217632223898429447358551666082134640341761912204024068218287227493056837064011001275858027721101379920110978096748543122262939677801218738700991806608"": 1, ""-0.0402823588387894012525578844522333837803059660942610588556783726929896288859632266848207912709146907567485066669102729861362910798821898152347127032459338036239987004123084166536262350666998460"": 3, ""-0.04069127792856646174241175738663176909511404834229668224509766483319741895329138795391895389839307660127813536794328125721543956434031371607693293449097628702709119536178076262931188227995288826"": 1, ""-0.040800106326734947006447258064244279605013949295547555366348729135961560274116036889805715943319119369001495044688038437579017992211356132201782317727735453902327204801554928637551785673242507823"": 1, ""-0.041083107389194894467216846383676588968422164118609972264588640861104676027108588464673143077024337310540098050026865767924003988819693131523982632149171536856608787434850195038019276373890786838"": 1, ""-0.0412368155014572666414682977707142761447067871874343790933640965200325208381403270406741440385500270932363030992927192706778869432433673722711811891263811301405706859849363019431329140609343150406"": 1, ""-0.041236815501457266641468297770714276144706787187434379093364096520032520838140327040674144038550027093236303099292719270677886943243367372271181189126381130140570685984936301943132914060934315041"": 1, ""-0.041250052222254580507479883200049623057049431239921494061754825023887302527714757808247844165670090769657311628268817009510289971524340753082767730076148645479076917071885501679178491838614433720"": 1, ""-0.0413942312249917881128578616435917065921078957433145832196840568440645044802215250908273312923765972476878981126428866403175926768262554432996383636305750831500483812155951570906800241424592851"": 1, ""-0.041924908320105360708615203351137584922759136000199413460230428980445500925045922091253432635459680156352471584677679687225818660191567456477367970015857425974100272565328791959422789374098623897"": 1, ""-0.0421865152493645933085835882719304947032249944567482799114068806855481610624874499605632588840942013297441062890603119364066056932236139415386244830213601014359076580615625476111035306507104803"": 2, ""-0.042392587643561290609497310836206856065106737420280377653521048574186352862525542790107265160340693840502200213425082002206173020297981841725884884370127967026552056774609091537348204667721701904"": 1, ""-0.042694711317819149340987197550256188366728864447501285553753182553063680525194880819164228512695640560750112259517367908400907314335740701867963771548183849727161716753222265002692946934004576884"": 1, ""-0.0427047643248668023925632463925174812139857161484459377205484989201039340234536692891658746504557920671544345341939082781037739846348352453395368346432130644774810157611403309719938763396738939"": 1, ""-0.0428816466552315608919382504288164665523156089193825042881646655231560891938250428816466552315608919382504288164665523156089193825042881646655231560891938250428816466552315608919382504288164665523"": 1, ""-0.04295206640131171137099030694431551906310419549054267961804177360612439118904934237173555752982168729801293031097339632973296224521246576650102830957055385601721936599036001260361819228544118827"": 1, ""-0.04317826317749659312052538872014005726438903021278131466040924669445513595879201843611769243755275320734639644928550388411507199353747494046063587325051897290530558103979615546190634490687811115"": 1, ""-0.04352838443158992683243857003623125810509117716868448583629472153343973152371874724185180543749252893810219344340009041148028936329801367544134409470404469494839008518189820914847392843660207665"": 1, ""-0.04439542725035481915012732757888114062636099525958320787117365845343275148659154591449974721662932506052922915385085652074564319113127593230598709858322964119999240212893682186127601846265800231"": 1, ""-0.04443776324965841872554362063989957738565233668833289567362513007825068069046445211008009882796797217181042727876324506687982219767452467796799075334072022048948887558446413420765882123546961432"": 1, ""-0.04455615967141499542925880352346016885997839880227759813660028387740627847232979374071180732227440937682690333904496876972220147586352415727695002094200185120738260065553408452011914489853789458"": 5, ""-0.04507939810333899841678371668713446881884484898716080957051249423680625336663239456053070095897840716410294699970684589758427939495624384876688913743577920260749966874706575847120605546163725759"": 1, ""-0.0454064099176366680656696451998956300346092747065255543510808874237922384331570916780589964177140326916594255891739152939932472386107497578173883515646914310384231524739745678378169860867848225"": 1, ""-0.045894928892482448093420987678112936188057151523909563002668075627880353271631897626935549621332387248249297312050588702671002167254157536915530859405202924149984329466082558141896714912954037199"": 1, ""-0.046106715845067336391753476201234270380870134438527141705028601017538409919707031698284782473906627717429695624454372349662194534402466100686992815175501851952196691408129399451553301648684400177"": 1, ""-0.04620027477143355968604856216257832752869523473948212718054064813029101984057769305213197980336072353758274230929840087207363130541087285060768195266972191352812390692197688604591038717080602895"": 1, ""-0.046396344635809400816168632343209162641221083799883448657914701539500055092001220956742076981250065798767918012458431858601884219703442953462107457201538512200469382873604377304570186314940346311"": 1, ""-0.0463963446358094008161686323432091626412210837998834486579147015395000550920012209567420769812500657987679180124584318586018842197034429534621074572015385122004693828736043773045701863149403463112"": 3, ""-0.046460072198260364312128856724848794441728932822223793605136660635634907695263291173388137938351569218420531982573305634734043160690593677935696618791982919147796150736536857945911318612686856207"": 1, ""-0.0467278144851177532399530638852673567316365010709296114360077516147905996537828971770525316847172703517051619821768766586528269774013866180643807266879419751536820571236650065523563033353531783"": 1, ""-0.0467393632933289942697224296933771805870261862584023693865794923752436904261145635365047340188921673503826111350068468565811336597845239778323824828073330960703369129047036143966079793371566302724"": 1, ""-0.0470942765658350764790137891748079215385589638912138415034469339513882052386471162028443969987201949401546106274957102875923364703808926744654902383175622270877517922986910857211818311436195465"": 1, ""-0.047411187782046943865049107968386223505599691925671643074546258879456875523798329345547265462426744710186743131873262884487358362451462363274577644134419284927515909690825977490964735979285829947"": 1, ""-0.04772020725388601036269430051813471502590673575129533678756476683937823834196891191709844559585492227979274611398963730569948186528497409326424870466321243523316062176165803108808290155440414508"": 1, ""-0.0477608976268493694767153212193426670638466885115678681362327474928011121040611657233641147850263131764472247045973587528547314070102273855625062059378413265812729619700129083507099592890477609"": 1, ""-0.04781030940576595946746993277164398904145281093024547165192487426846957152767514790104660643951603642618517885123559503901180104879254283691434797617962038029388144325688004185094030432285731471"": 1, ""-0.0479676369532331740038140089909618269316635127823839558878774392573395992665596438918331923689802051936036333024161634916992038101093193005466698586429204903748911165666616735858411119356850784"": 1, ""-0.04809143498467169131868790739692971566965477014955864567325576635040071843016334752757857927267151863010369722307601243015821478994864713214507060904191204114734375466645549451691198825431362044"": 3, ""-0.0482313649707415729283505092127980270326926820620152051877794859445915472355855715499921194226927001864846334964203034756157632227836234652967814954308846356043510220272470207062747209799114131809"": 1, ""-0.04827133163323489028917447143978604699925990532758195341214476794998179337053058384919070399822962879599351041586536274902427979844044465368477079422452389630445855549417243051085643077478282230"": 1, ""-0.04884643577076719224004606608601043767509675011249044536236849506348495279870730627272379396119670967194515198923135066236424753296834149019686927291725720372758543334353336173304199480310434431"": 1, ""-0.049156479134161948754322887683826310918591635622965023812193939917016219532477904594948064104243764780566747789447214093856272277327248464853989153114820915404916445821850282140810516964504655756"": 2, ""-0.049222797927461139896373056994818652849740932642487046632124352331606217616580310880829015544041450777202072538860103626943005181347150259067357512953367875647668393782383419689119170984455958549"": 5, ""-0.0493069577769527005176325893026833843533241216319306555504806170196841935433180539959511733608786222751874744637794191435678868034706502912486036156478742282469474538220801583510263552815693086177"": 1, ""-0.0497097556632517698103186677104614976870526718376559327588992922589876299488340068970755718369744554387991082578518665960371595709840273323042346895408916932087148719077766576030255711981848760"": 1, ""-0.04971482156144785931526820396648879204960915310391564008681025392571826140916331459338956700106250574394431417592435187328985186695394477764431517493211105124026638949307219331973621378842740983"": 1, ""-0.0497914881843784544640823574726303232245553391460446066805089386312314956918046914624111927914934711068468508913483676155402071701386146603292206842502687684708055241195041148584158609410481345316"": 1, ""-0.0500754619202927948571771184640345214822048047777049575009299850220837358368494071434086122178918968765392255599952646368227169077329650871543671670179426139661875242655685714879423389224308263"": 1, ""-0.050169491525423728813559322033898305084745762711864406779661016949152542372881355932203389830508474576271186440677966101694915254237288135593220338983050847457627118644067796610169491525423728814"": 1, ""-0.050828238040450202025505250533338018225316943784739515733393299551152626507595610686246038241145624705984080980697918057753548788389312096283750650959776100235706180545707072866860386839881042338"": 1, ""-0.0509878706199460916442048517520215633423180592991913746630727762803234501347708894878706199460916442048517520215633423180592991913746630727762803234501347708894878706199460916442048517520215633423"": 1, ""-0.051029980720584710042385293005049482112503822744592085421040847552729908412081319539265028493845296044113248897069092116299551398427086959527404322740691009316254993764931943460708530579937778218"": 1, ""-0.05121331346806601381140025750068276696188209589949670321095548359408528734735281495064570246966563926495259646521790019897780031992509071046779290702664741914088408567749990246186258827201435761"": 1, ""-0.051213313468066013811400257500682766961882095899496703210955483594085287347352814950645702469665639264952596465217900198977800319925090710467792907026647419140884085677499902461862588272014357614"": 1, ""-0.05139175102528251554228995324756793190853910319172915158099439378109732408547108643582264700143710182683375011996410775726052759223268430744003671595931300776846074752651679537452303496280562665"": 1, ""-0.05152004627544371681328574520281918335342934437621424180902267009508374833774535484547910643956353373455271264861404781171364718023626625903437363909507747572434060128965612049328491328530905809"": 1, ""-0.05178006974542434097690143895605873994652479611954328834061424458395943187938156575652776942773398064640856475275471985502560996680866503875733550987217236704023878703672158052209827278625904000"": 1, ""-0.0519422025831456134170054185499900074513179564465451721992196132921511980208980427080311899896785935183340093059979653313904779932035670561476641127291349180665330520562574704730338635733576611161"": 1, ""-0.05199018629647527517267094469196040413448342343093830591272535628519064645000091800367994863880179916849555857715750907866431645315095957942097071423831572273484117695018721993934432000604486801"": 1, ""-0.05204428880420228653826346688639406736018127510557214955196209702338036873004428880420228653826346688639406736018127510557214955196209702338036873004428880420228653826346688639406736018127510557"": 1, ""-0.05220338983050847457627118644067796610169491525423728813559322033898305084745762711864406779661016949152542372881355932203389830508474576271186440677966101694915254237288135593220338983050847458"": 1, ""-0.052709887783443375292737541985794420840070103979334417217665374697436454090702595586129192939449593668386417198339254911362774746852981134862117779577290490962313595801340199413841277033721473423"": 1, ""-0.05336453806799204097004504159462896757969526472253470089540186344917140996040227413815571157896503167993916816469841448558814603768423060789317813013573505691930543639323901785394399517737499770"": 1, ""-0.05344106134853425172131440024420486651507378880113075680339954895125950596620608697574417610969462866081550973680134019394289584524918873952900531434930223013417007076884608044655790366587294172"": 1, ""-0.05370179970705946233407974047252375148095808771757036864142678753163153923960213967709897017247778013461436837730315045529125487365740884311560965422297004315161914261831605865583078612752680345"": 1, ""-0.053742802303262955854126679462571976967370441458733205374280230326295585412667946257197696737044145873320537428023032629558541266794625719769673704414587332053742802303262955854126679462571976967"": 1, ""-0.05378125713971387784436490906455209159806976873425531639477575393478162549827537398089270024550273045077001143311959660555639618970261567453986969135615778968189136451480052888812590688726015522"": 2, ""-0.05396003621150107223883937526709273821859242901963149219556344784668856805251994300134190101455172775341858320661344570982747568380288767803331498568050548397663743026144563017732648752614649965"": 1, ""-0.05408631885887592908925277351062812669097437226884655953421880927560851616122002022517925371151073157471392901677363724968145899902692790462420394553703053970064113094866693593469173354019472690"": 1, ""-0.05412228059482028514938628820231276644588870033939597633999202104738667945711799799890091340016477343170903189833510953400790303475992838921030483130793486927903230410294663000166555411570868294"": 1, ""-0.05423728813559322033898305084745762711864406779661016949152542372881355932203389830508474576271186440677966101694915254237288135593220338983050847457627118644067796610169491525423728813559322034"": 1, ""-0.05431408280852542146700233300920517595281638272333588627138946975326668633481153263854776943411414809351851377007669112048585178267425454569541084079539496773311116975914751408431218633837251936"": 1, ""-0.05435885696454717882169504910372802112686547540597033730526326729834203357148055802948515416416271555824254036161543830107489296385541099440877307054692989380544118743668498845231564403223255644"": 2, ""-0.05514038520959934081779791945617468328355134411370892985889380986713358739314038520959934081779791945617468328355134411370892985889380986713358739314038520959934081779791945617468328355134411370893"": 2, ""-0.055496517418113040170787983919620855496825408731925571425130264952457389358603481377021578973999720770759533908368622008531513436761974186216289951788530221130659551336493758327454919185202556832"": 2, ""-0.05555555555555555555555555555555555555555555555555555555555555555555555555555555555555555555555555555555555555555555555555555555555555555555555555555555555555555555555555555555555555555555555556"": 1, ""-0.05593641146643219484971979517209108317771503402976181042945387853641560262149740294323289264408219929363099936379763648176364149709118491150826097637836815127818977603679460290321505147568270851"": 3, ""-0.05621006261339347052977271167047493919621393682300702671527605890634655623696422909043033414487573593653221874826269559087310807640316741136123301690551993783733142679220584689891647455545320377"": 1, ""-0.0563899449389259613734820824898923773758884984073013243599309060386098955604539912334564042391062800086256351494360773034303083130477796734515252082065614974657776563425734784011650571808696597"": 1, ""-0.05696928434318291870026188060785152917123880528085979938992676618601916213802762483379216741055243594517588191267412145590675651987086426462601193589868714811214471942880846598925827691822653813"": 1, ""-0.0570480780296927658960069216240110316240064811834851137247097490805013403555834866722435214229492736253815112470430035181370908605849743005223637639194671162966245789376741827185274586323346972548"": 4, ""-0.05768956502804267823458908247792449685045973327562730450723606200974099409267550333906572488593395102254938523691346405808976926653948619312994862659267811582482824123678297126104827777716230006"": 1, ""-0.05772588851950435037116652905850450095860652050759601875619875602270560782941162888932418993121929926607592792892290560556380829579386313298259027134894787961094277276253262253025779007507360344"": 1, ""-0.05782040948101163430646628625909026340151818717532430611485222855883590005147280651333494343224187387358832145097355541974432262428297217941847163787431901450758220857125597122187547127364120605"": 1, ""-0.05789272068190929423072703785133632021430446169447999880203878613751727440003581434176863913430344092047915448170540827644872005641402964716937771116089205660482023724708167177797093307170880252"": 1, ""-0.058061268262239762237850374237221857265562398240043716125288850514351078902447900151375514125588756314821897134909952880671323188950923828313692963264109981869221666147726705345517305078673851099"": 1, ""-0.058319977966382525762726049148627979557147225993819526195475254345977038185235793759160032564394624050415141596650390990056630169630956525174176368846504010647148564302779363955095463519928889392"": 4, ""-0.058739437794913786416892057599346720599286199740352012538639662770667826729260372740838834925225339217574099585671946791223308445780158196947438060128912646745106899871066630156415199810051473488"": 1, ""-0.05873943779491378641689205759934672059928619974035201253863966277066782672926037274083883492522533921757409958567194679122330844578015819694743806012891264674510689987106663015641519981005147349"": 1, ""-0.05877360941733638045204856081415996819590108403337162755194144796201035136009052537971894603284007524226330444112445594490898446536754131919730305784189552070279760008806579293035994553458420326"": 1, ""-0.0595606141033972184503157485701850480425678325596924601802140415109800192503358218228343827369262611771162300505403923234313114926305944894840341037518085419427315702901987235793705958876055388"": 1, ""-0.05961307990441422085291899984377600708883179307472297264401333822410165262866840796276439937467920069829909183133145177755614579300977314638479858162357555903596876843430013801657833361811853131"": 1, ""-0.05977912922981852906613360349214352400574027003773021560248380256894778396164106048062647055314715348362917325031223487438793668872055496466893227630942536625969531405020298246725109132800756768"": 2, ""-0.0599754026616832465893364928217941854918620643046276499151896336223561800004965253835138587436838425094278520986833326705865854217079111585855260036275235539104074276730075037381240455250041384313"": 4, ""-0.06008556579972036212298616353310298688866050048954873823317562714925591278666744741994166466112093942493032509357200405066321152194149375980322863844826414605939938307068310039212796727098838879"": 1, ""-0.06009633635064948016506068765792665489651416587232389140628368889142774786863810667874632711919140923514171699961371144350849895812931447354881842538776602108484208028675289468766444451127757393172"": 3, ""-0.06011429373083961414835988424616214458706846268694830709156970793800089803770418440947322409083939828762962152884501553769776848743580891518133826130239005143417969333306936814613998531789202555"": 2, ""-0.06052581228630840276076715817693591986924717009772673297004977746045269680349485395792061212733898403920734102622660838164830700559771999362865093328820505649219303302431707229667003846119302608"": 2, ""-0.06058186249703393832897119967192824953883545933832733837791892819012523466283289011151008542186122028559269557249740898885503979444107466506798619159309643843461024687447810812085977190211804630373"": 2, ""-0.060960053858655189217315198416024642742314666354858783199169726462466880661108031217194228036488860020003623746158661934874303169634870176187639801314097277322962051550429726240832364019482994800"": 1, ""-0.06133062253580331364882300278614707085572463804003091887535230184231183308503494288130415265388530537246639531106790024295705602046891709264307932598237301776831042405910107069130920214538458651"": 2, ""-0.0618906844740473118366514336617032380625789920430387993228339711689147379655310770542456747018285058739546121276795479394607931218272115709613904510415190293038349108113517906526469152929612636940"": 1, ""-0.062399435688220786532265219275026871898057427838464752074013245289746758181893693922745420680187364265223612049820832982598256321652733047914960195717492686054240286777431223508464304870993547501"": 1, ""-0.0624770690000724383750791582513740637530790942532592713564686554708464884516017165723034518931616997698301190969855419330348267566413826944630608300569149717502398430760809198320108845518902749869"": 1, ""-0.062477069000072438375079158251374063753079094253259271356468655470846488451601716572303451893161699769830119096985541933034826756641382694463060830056914971750239843076080919832010884551890274987"": 1, ""-0.06300143370605492449682607808662652716882909187288616100052878163766706676494419820294975006110276443553530015310902844267175433516205941919200643882207450539096031322450096061972244004613365525"": 1, ""-0.0635239203237224957358373450441798605766876709953480019579497778384477856859067728298545841084065665192777576493297713669225510071121369248243021314729698958097030004414150056175695020734207330765"": 5, ""-0.063577267754638684394226179721664508058313991541471530377148468211357564577033185430065445719454961741413124499999298183469667166763264556246832622872745734910014397641332284327341007564944046857"": 1, ""-0.06381783436252070754489169241536670899248007016323914465015291433424576870145819844318411070338416568836453280680469220780716951104847405833412503926975921029241901841228522066180965427280157986"": 1, ""-0.063859662742905473603409843455880321351567911077192725039426973095863897070671022780323034243838941077408819394109808157961012002146929013915182305711267885685815145380414996142432943603301804606"": 1, ""-0.06423817655012788030290882917935806783825632576527204345442474864672685946417003636935128942145548995724197466691806783352647774240451855799058317199726140171106500084796882867061687491286600763"": 1, ""-0.0643224937629689198771850199152334730111155179540711600624155939848898864951419921811785090348562650617652345370790829845109661325559320734055572670928244774230810358893935016982791058469242264"": 1, ""-0.06455257142214202286347367763203836917786998150188587444385949668478059761010871950637143232034649410384775065865372032954717402439171387974064255050123184253114142741663744545298480954212304477"": 1, ""-0.0648057851377477187107294356328975230856335640988948480940726119146820617293926724606920964579435396128894578466520718211708822344074685038256610887387082822865538582410159554313709242250598210"": 1, ""-0.064913153883123488418095070554259399722222459488518461720468133462815141300543440616062683078761870992227566980299283618933446864595038150989739694776067075326946094624397629070886670075156270518"": 3, ""-0.065172108709705556234837646109350776696718732723792209647879839048651406644880686586347718620365942414826410718775908748422132521310796395118777152925096596950592043051750405372276931470085065486"": 1, ""-0.065426559909849981225517178428921001314724135669234924898014317246560388672292061476657787737916855284692824122087726621629061385041833304068495687154120094607814659714264327272152720244978359610"": 1, ""-0.065481422656822201206425939384192289957210897158760224301477595580752779109101204250444491425649785287522045360016968872119965248452427543219557960267709771672738977479019672633498293777831333197"": 1, ""-0.06569921461519004064876917846952470101484977033364857745419159216540488461904063749127976761084160513498839181997895866327900071372987499254853121480691431858130478843467599402593594475762990125"": 1, ""-0.0660663745377029247638275174474765620247185665713872425745923639530499502577623632569633229265005330269362065396027721576912748407887627802092279352304817698907110021304085990592310373222436431"": 1, ""-0.06711356366595666101357824840206780213982642857609469653428495197349510762058508562574266956620403165811657478818689212638609537973051026001065296901830637676147768061908200335526871383515370215"": 1, ""-0.06724554927994624803488478503720704195470638480343474817453041906331761051161537397270094760461049615530745650425428049554451193948153776519096351970532406321535610478331144093792631463229018960"": 1, ""-0.06736778294547873352467993875640470916822161118753213884382956382659201312987202047910571281739101401875280648793419771002268285839351754669909428870459624317904291883055662506732367335011442210"": 1, ""-0.0678126157178163665376994860086923202293540406472702668987366243069514093251336725292683917993744499474921365872606282497351468270938399646498910301315383587837211121319919211583148572367467384601"": 1, ""-0.06783746317142099109377845391785843870474949622908732234498360366503307277134704386236232022870569504572750062439704529378080935975105530609037142614289934819688032826835492825769431987098353055"": 1, ""-0.06790450162893283018298112022009965695606481647225308048557834308670181018060221710001380311097446575639266315376830710584176035143182560928272636711211570191534792848435536912663967277371031319"": 1, ""-0.06796501345578950922683123843785945371307673560663765672532606191739413237058795585950731216350004745550912988848584224627774176018046444866421691105367000396768691012584465726915361914288481314"": 1, ""-0.0682371616613782778615305022427188216996641990724976143546036498590184639379299385496600538894891313386220929677381236214918247550430103932329201503623796174468443022037372792329113376842201185"": 1, ""-0.06827129467504377381810691111339993820166855494901637655783293851066021217427129467504377381810691111339993820166855494901637655783293851066021217427129467504377381810691111339993820166855494902"": 1, ""-0.06860627308860566643407603658931412839921498317034846881022402358145879396209653397105410149758816430445459118444426466297766569360861875064513039988088498854843056149627734140220262192990838369"": 1, ""-0.06877938057415820870368237381863804186878189778736832488535686051741450148786380840406068232080477702302690006717990034406589545165030321216642056093721528435033801861484940540973289957917115092"": 1, ""-0.0691017635073552308709296892714355677646003608978626055422380067393255139515036922741655959177539054860458761871083954014642985128558667392134169243966749158058633170650459204172995098518570369"": 1, ""-0.069301577076660416946508685895289179885712001060174777100581659801433773441438618023244725067213040879088830168419931286938929768678265361111207082704281955930056344546951056681694684050747020776"": 1, ""-0.069350270723499064319091917231206817171253061164778870864409647489013976986110202126030106655299330586938559250800604600529311682276252740801757420940929565439149576402426461080804876351297770753"": 1, ""-0.07013639176738697081800946567596405954854348637529314738909917715160413763872585672170356019108898181562702394514772049900583104871044029176228300084736260059630285382267556981172150894629563823"": 1, ""-0.070172303789281598984186868792064202759178624993494929473334848410524603159557748567743575496792529567203010416780640121982432695463197769864927145583315348897700619017092254243524951699701561142"": 1, ""-0.070764117302618942714864594489716020607613781349252976512859479777071629210613927689995318283691986083049059799601450612654933401420974022365439098042209068448869637295407872781950034265574736247"": 1, ""-0.070948315578808093120362606644868983735291684436580641791547985079068999380530135776098928001297603235094856040600854334035344087105674818666526413569659171796459528830390434999310407183053079240"": 3, ""-0.070968973695793441389401366061900942928957154216643504117514554864905307612013465439524090985826626895250143356395979567886178905272144282999466652375306665807680570614425000954762840172246156587"": 2, ""-0.071111806751186935879376010851985182866384932435957635519382271612667605780769030103824281316846663536286325455209474617832733343767934470704857306829446444409662440653206031199457400740856680753"": 1, ""-0.0714016248668622477630695551648433974580063041226043158005992858560226756669367579633430500692497996936066735068568989016946549131836673417509406306650177727764216883211010887023520987189514759515"": 1, ""-0.07189610389610389610389610389610389610389610389610389610389610389610389610389610389610389610389610389610389610389610389610389610389610389610389610389610389610389610389610389610389610389610389610"": 1, ""-0.072000140344506404375961490995544068752810995344395449886565132189604873544654079035068286261742898373720640343421584051951886199147268969284426397257648290724988548455983407872924522436389488722"": 2, ""-0.072020884948740781402089233906774107865768501181389385553313733885311788828909108780199230637307092549512217293778184090194794103669284961782224895642219552021004540056827572466246045926201262651"": 1, ""-0.07213715247700753697803186109539457350448215522433796850988364952560107764524502129136786890900727794515554583461401864523732218492297069821760591356286806172101563199968324177536798238147043066"": 2, ""-0.072899972457978157203407561435784974446434032492274407744344067932471297731544742198950040705493280063018926995812988737570787712038695656467720461058130013308935705378474204943869329399911111740"": 1, ""-0.072915439283139355237408589968070862086723658461221547018230507776290040168915439283139355237408589968070862086723658461221547018230507776290040168915439283139355237408589968070862086723658461222"": 2, ""-0.07368696126211539695299185060955299444972620395845321116438861731267455259906881555674568507566458882118536724738159433140157076906115784100947567615391782203853543617101328221317990356510026600"": 1, ""-0.073692919827457980068421835490108582478060389706976052357578461996132678863602558381674847538301353562397739104566413803361594526253160791313401755168823441915811393723040309385690911795329466012"": 1, ""-0.07373471870124292313148433152573946637788745343444753571829090987552432929871685689242209615636564717085012168417082114078440841599087269728098372967223137310737466873277542321121577544675698363"": 1, ""-0.073734718701242923131484331525739466377887453434447535718290909875524329298716856892422096156365647170850121684170821140784408415990872697280983729672231373107374668732775423211215775446756983633"": 1, ""-0.0738075157997940221495920643726231247492615784076926450300531433906138595749642857374579088119830852855890031893706351314750587671293879781914781914771093578306678809809770553614024951856736792"": 1, ""-0.07389293505328315663166236068391796626223578429402804173038733648237660640085035788246190697325092457223624597731254486647202221457890789080148393021319788008651682546566404301738435001009184368"": 1, ""-0.074789801184855542366667488050026013427301928372209402503278101777395452711217960294740674545656575031237951539341930779272620227830960699605283618339040145614003030768990685834709074822142157320"": 1, ""-0.0748848453704395717342108876124147273001058339412859927217251774363546268739346013697665234678762382583407951643648306271111734591886718240110200500599654142228938197926402849013643306779001184"": 1, ""-0.0749665647299426970299005434003970387215723944706723545523549868663599157452005557527464644506507737686692352950175479320892017685864316326606475673268092461282642645899507078888737824565964241"": 1, ""-0.074972482800086926050094989901648876503694913103911125627762386565015786141922059886764142271794039723796142916382650319641792107969659233355672996068297966100287811691297103798413061462268329984"": 1, ""-0.0752279208370090025269460417586263096749731431077258540880362604083365920310766364230113718239406577346013019028814453293135970339680302644940504465688205686081872107800438757880778916224028627852"": 57, ""-0.07522792083700900252694604175862630967497314310772585408803626040833659203107663642301137182394065773460130190288144532931359703396803026449405044656882056860818721078004387578807789162240286278520"": 1, ""-0.0752542372881355932203389830508474576271186440677966101694915254237288135593220338983050847457627118644067796610169491525423728813559322033898305084745762711864406779661016949152542372881355932"": 1, ""-0.075322215700838521344946978447141938388459880753505678993842635585810704696392108648943211694970991981384474485308641754991603445163212476787038528791129312341889342861758806372766551794612129167"": 1, ""-0.07628948994746644752220868211845090630353754192139328406691766208693248397704418921007688585014240762648436120619585602233491182666089507390622615250334459655065405021195237335468890203483094556"": 1, ""-0.0765658156349778555978988567308682665568029663199093624472139252240189514883098156349778555978988567308682665568029663199093624472139252240189514883098156349778555978988567308682665568029663199094"": 2, ""-0.0769230769230769230769230769230769230769230769230769230769230769230769230769230769230769230769230769230769230769230769230769230769230769230769230769230769230769230769230769230769230769230769230769"": 1, ""-0.07738266315692958014003061521879626718164174968229682162367518565121323554368259017885043669457052709945643397205839343193111688149998629112603816564625796827640641783305244977448434656828996595"": 1, ""-0.0774452678103133361446462584958464734962687397564349485571851934068410244629092063338166968303858389802867858266621059185778189515504918657871507744383114628880851027193266823639683860606826543"": 1, ""-0.077764976958525345622119815668202764976958525345622119815668202764976958525345622119815668202764976958525345622119815668202764976958525345622119815668202764976958525345622119815668202764976958525"": 1, ""-0.0779329586846674152574460770557255671955100990490593244366908617574964926693403955451537088598659477513513373587957988528835422949719416627072579288122705107981600388859011353823522953389950944"": 1, ""-0.07826086956521739130434782608695652173913043478260869565217391304347826086956521739130434782608695652173913043478260869565217391304347826086956521739130434782608695652173913043478260869565217391"": 3, ""-0.0784325208544688187606066254448796132016395757039450787872808392357380958300627927099757716273025514378755708546390811634819688070708712020888907364319062453864490352319705268237978374400662012"": 1, ""-0.07873179480660235533640046220829296890464459289654988141191174038561256056407852916594166473233405289837879091753349678510113135413869535358050979352741438402216346018941971555841781598690972222"": 1, ""-0.078807493583809962453079491270842209472405845999897527806160432682766203569291864064623524887843613539926000963590717878823263817704320653856919349128795831239446709875407483466508177185682349382"": 1, ""-0.0791405953179020501621124550535631908694640188071059551328777296552426761523584695402302077907014068971362721559581463023393500925587105672403880186811223532738554861325467170754971562473182361"": 1, ""-0.0794238653556259218389847699198011238206802473161530079450208107448249977748224968706677065318814835149533480684693342317544448512166879654505364736916707676612519189368801274503408880500387484"": 1, ""-0.07942386535562592183898476991980112382068024731615300794502081074482499777482249687066770653188148351495334806846933423175444485121668796545053647369167076766125191893688012745034088805003874840"": 2, ""-0.07951231996354605190226711868330895791062506598171173425178748040141373122561950387169797323408079822786981022233106492097706047796242778678987554447379579145533183667954207314854505871300851732"": 2, ""-0.080131493788072613282819461024199018176565312860480226152155840935884115147574176567697531214956867193969478731890870670264186550678363378415459723048453776244772791760945655468187230975441843157"": 1, ""-0.080171235276169437089103022181745276719072229284501397549905095222009002473563862472066914650462320690498088358479153703825115127059574236318331248689080081207809382544244805561664676343117741582"": 1, ""-0.080515395221110484552471460772400437797225368639074425605060688518123784918474326282126740686701215524261403391051188939420035738033058070282496552346964754036073697764569151569850473922793250152"": 1, ""-0.08061420345489443378119001919385796545105566218809980806142034548944337811900191938579654510556621880998080614203454894433781190019193857965451055662188099808061420345489443378119001919385796545"": 1, ""-0.080614203454894433781190019193857965451055662188099808061420345489443378119001919385796545105566218809980806142034548944337811900191938579654510556621880998080614203454894433781190019193857965451"": 2, ""-0.0806142034548944337811900191938579654510556621880998080614203454894433781190019193857965451055662188099808061420345489443378119001919385796545105566218809980806142034548944337811900191938579654511"": 1, ""-0.08132655827863870484866356271956041700646361890069330615997093274100991509971061370926926675413864138884302027785586349568942318872501434703532368038900425023686958839499935058765489006130783760"": 1, ""-0.08205150132324090970057503310547148299033151878130747169305374700117313118758911228409385661863678445646868503732031855289493222849089521785816076477540469894739588081579528370804098406503060267"": 1, ""-0.082164891223792811405975451528092510657835548013575839053599680841895467178284719919956036536006590937268361275933404381360316121390397135568412193252317394771161292164117865200066622164628347318"": 1, ""-0.082210998877665544332210998877665544332210998877665544332210998877665544332210998877665544332210998877665544332210998877665544332210998877665544332210998877665544332210998877665544332210998877666"": 1, ""-0.08226314867572806089975800085380195674049640090243009394028943643234491451777077706144797389004307407958938728207351389535334098759305231064161560620148642042337302817025832303432127303737920545"": 1, ""-0.0823872872398567588788951718380057399235036095831227771741159859870742407197925446717722815484286133926684800831944372566010623984498070551771320018105938151541398108648810579115087522992207141"": 1, ""-0.08247363100291453328293659554142855228941357437486875818672819304006504167628065408134828807710005418647260619858543854135577388648673474454236237825276226028114137196987260388626582812186863008"": 1, ""-0.08250010444450916101495976640009924611409886247984298812350965004777460505542951561649568833134018153931462325653763401902057994304868150616553546015229729095815383414377100335835698367722886744"": 1, ""-0.0826355226379480438709878721315069060410760661772536420719883446495753060524115470395687660077062288305393535754486926118499090012383938408670885709549538534252557521669140665061550081188959903"": 1, ""-0.0826973506637579023219764409898052927294923446836223525828490207682802714956777115519380344049703221844457045788275962826585974043983092188184836951542330197579716568813655014275561674636053655"": 1, ""-0.0832052597515229045313127784409679607270626125144192090460862336374353646059029670627079012485982746877587791492756348268105674620271345351366183889219381510497909116704378262187274892390176737263"": 4, ""-0.083293164680936802364337886958328704624763064767854459496125704785021345852576273051916415597501824200203598273234957947362612304113402095701336553843225096975273663552046175332995896486392494647"": 5, ""-0.0836120553465222263424709854986406991578842939771670988882151185121273557692439135501935688456586036154091399123785624415764171610939149524472471192459111492083892662788059089862530397714684050"": 5, ""-0.083710473915382983636579260331806715463638865814080665162429114624250085249020993851038460849009265166235165745221398424208667855153193628808292645093153582476910125576241152299014703782979082158"": 4, ""-0.083954822935785899224763291730439186213930667231634866818394264904206693423251634784773358470838984607968549929994932505622961715158492637169532754534039311338375723901602535372301102139179453930"": 5, ""-0.08402122721084004408144747324507253250687833790744239825943038745185865105575452722496532702315078746319151260968792402223364107762211454589699805617616966718899155802843827927760978939173999659"": 1, ""-0.08437268380486535968183173599396122359790725021381097619249158524008716311320285432831627780610222147152570345416091194639923209882793353412228556141041190760524494055901186743805935430024471422"": 1, ""-0.0843730304987291866171671765438609894064499889134965598228137613710963221249748999211265177681884026594882125781206238728132113864472278830772489660427202028718153161231250952222070613014209607"": 2, ""-0.085240696744513351648697898789085867828995135943028884777920484163522095688188179166118091207670114093943167315717672031208769670878629325518079498537574928771942259866069199571675127094790129319"": 1, ""-0.08596517067959021237723824012525537972244632062051871193106791507107851559386008082764906862043693465265589299094222399152445914851808327987650816274490700318504578462893319891236306854378218512"": 1, ""-0.08602383848478341032006505344669604410753536234018879167133939485477838418183633304115911218242658836599180863153262466424847648532268481349448101795093660195860378018823799374641840468788314757"": 1, ""-0.086167010123033901865074794389708151829024692383007498189719327253731678890256530372298717640172452219220050014395692930871263311067922116892804405915117560932215289703182015444942764195536675198"": 11, ""-0.08616701012303390186507479438970815182902469238300749818971932725373167889025653037229871764017245221922005001439569293087126331106792211689280440591511756093221528970318201544494276419553667520"": 5, ""-0.0861705142594251601528701485398902206384017021410444643926699419999917768946667642038298565987501092246219138042729897919262226775127856416061828731605924227940005032146953325188712212389031164"": 1, ""-0.08631352353486455865691626326089195591719023586363168194458749613760428468431352353486455865691626326089195591719023586363168194458749613760428468431352353486455865691626326089195591719023586363"": 1, ""-0.08631541896129786032959441508689755975273659923868658153045651923994625297991868133117006996890141066671266563520524692039754368155392480836947721478562796662642259952178508499726736025438789154"": 1, ""-0.086457798235868636603859171216278012760402175651848531583378395103915172351155540726079334326661924674777219416817368678358392367580808633949060643038720557270636325819144764959654609059920493906"": 2, ""-0.08648083695721071420172953996286966560688905891390292315916385879291794329841889040634563220060331226346328976702584496047228238271666370744147306153664823353367517802949378611733825808760247358"": 1, ""-0.086516233766233766233766233766233766233766233766233766233766233766233766233766233766233766233766233766233766233766233766233766233766233766233766233766233766233766233766233766233766233766233766234"": 2, ""-0.086712369375971863381966375420650929981325804083571417251534465424369872314579688353187947117289863915235719923655716377811636979650942189380991317165404178153382773124415352348385806177081925021"": 1, ""-0.087467896600101413725110821551923689254310731954562979899056117659185083832242403201224832650426379677762166735779758706248757459297935772248285162079680960450335780306513287764815238372646384982"": 1, ""-0.08757819481680071492403932082216264521894548704200178731009830205540661304736371760500446827524575513851653261840929401251117068811438784629133154602323503127792672028596961572832886505808757819"": 1, ""-0.08816896474333328368884563837246117692096665271723148869450684287733897910919570821620042363685025563723897418574556732724323345472337856399737930079668788395608099584081919370481808104512814186"": 1, ""-0.08887552649931683745108724127979915477130467337666579134725026015650136138092890422016019765593594434362085455752649013375964439534904935593598150668144044097897775116892826841531764247093922863"": 1, ""-0.08926034941489725136976571523615123963099252027052731462400217947867289218154362044222687060438835480802739312974536809835091052824562866686633482815852103352573384826188769071915506538193758203"": 3, ""-0.0896531330584621045725949856408339289856229261724661254632717713164729594066855752383150990053006971249650316795089953832172640272691118053689807255045746146050803786855756847466428733712444746261"": 1, ""-0.089961274947870122132856717307119451891569854036341971998808459934465296395591301757521596663687816502829907655644921060470658325886207923741435805778969317843312481382186476020256181114089961275"": 1, ""-0.0899631039925248698840047392326912782377930964569414748727844504335342700007447880752707881155257637641417781480249990058798781325618667378782890054412853308656111415095112556071860682875062076470"": 2, ""-0.090497097556632517698103186677104614976870526718376559327588992922589876299488340068970755718369744554387991082578518665960371595709840273323042346895408916932087148719077766576030255711981848760"": 5, ""-0.0905593641146643219484971979517209108317771503402976181042945387853641560262149740294323289264408219929363099936379763648176364149709118491150826097637836815127818977603679460290321505147568270851"": 3, ""-0.090719171649043460478583621332707357195785856459432729558805158764783719266945807369301280095486095886553621924975410943179795099358898285416180574434164686920205643032497226381465619595156348733"": 1, ""-0.09100974025974025974025974025974025974025974025974025974025974025974025974025974025974025974025974025974025974025974025974025974025974025974025974025974025974025974025974025974025974025974025974"": 1, ""-0.09125"": 1, ""-0.092213431690134672783506952402468540761740268877054283410057202035076819839414063396569564947813255434859391248908744699324389068804932201373985630351003703904393382816258798903106603297368800353"": 1, ""-0.092787010332528281917306919869669282542818370393812515093319808926917223561653822480160743255887087103775499007312929921648991396506697223308014744802974477060605091484688006309202067323402008731"": 3, ""-0.092792689271618801632337264686418325282442167599766897315829403079000110184002441913484153962500131597535836024916863717203768439406885906924214914403077024400938765747208754609140372629880692622"": 6, ""-0.09288135593220338983050847457627118644067796610169491525423728813559322033898305084745762711864406779661016949152542372881355932203389830508474576271186440677966101694915254237288135593220338983"": 1, ""-0.0929533678756476683937823834196891191709844559585492227979274611398963730569948186528497409326424870466321243523316062176165803108808290155440414507772020725388601036269430051813471502590673575"": 1, ""-0.09301763244357303350467598205325333784876445826245789571928900860742655538291503084641337317233592178822036460023915670297325764393984525450093574118813465437981982819540496850495839046125772542"": 1, ""-0.09307692307692307692307692307692307692307692307692307692307692307692307692307692307692307692307692307692307692307692307692307692307692307692307692307692307692307692307692307692307692307692307692"": 1, ""-0.0934002757488725983642579800824113827278595846159350657315779014712184078803324833352952578542316036307964881673309124249209291888595098273449103610210836049379161418787979408161123219926245040"": 1, ""-0.09342410411909406111627658644182077631027660694222126878899762049534786090118304424967747931369804106760249545014545904168343949442673345899747689759096376292615059296793742307602128396179953107"": 1, ""-0.093461587797729204682629382448731083672824591725794181130937093075263954517207550263921117739193276502705454133397071674401359751410451424018086172074466057263164073183553938834309221414631885601"": 1, ""-0.09376224964770351850346780362476766248712666288201424170083580690410962497998682557507711416458773817875520357505263864370575106358877975097523955719370224274121799704181774578371397542797218949"": 1, ""-0.09381405907796753793630136793225586867647222118568588360557480089113950189197544423996081883618464153474266686441271667148313430338938021563526731110587340077957018065026603537022002345842845003"": 1, ""-0.094237288135593220338983050847457627118644067796610169491525423728813559322033898305084745762711864406779661016949152542372881355932203389830508474576271186440677966101694915254237288135593220339"": 1, ""-0.09431491248860023006617836521360666795564122952949879185282534372906962380536989250427855615586253401731026537120988968000833932539746148973401683750550425808657434436147437611112790052749511823"": 2, ""-0.0943418572650074907086691405642398205313473061876936416914125679776309858181137614258158717400204084225989069492062516883356691787965761914026812142556188367759964054411621020045115954075857294"": 1, ""-0.094822375564093887730098215936772447011199383851343286149092517758913751047596658691094530924853489420373486263746525768974716724902924726549155288268838569855031819381651954981929471958571659894"": 1, ""-0.094859658995067560186172692052643513562115497992150054443450101212802858386269651629317882330656646724375624524533264064126408127982139662055124781837767382873377100896228176459968753861517742880"": 2, ""-0.09539154161608660913796659902751667130484764742108460505004369245633492668575618672690465212371623838865340676943449264941526243667915002647714578324071583893154067762018910530463875957105175532888"": 1, ""-0.0957592743871703156868464602402276157682917208926838487404369933406524084845754186323540484633342884684573320167000755735622801398765270701503265165837294793876506993847239677784254744019205816"": 1, ""-0.09591505042023398729383613733365912646108523875886871273549548454776607226250468721810287715122319974765545626117196965685277252794824191558806039142137048791918251150692722876098881094994528665"": 1, ""-0.09627118644067796610169491525423728813559322033898305084745762711864406779661016949152542372881355932203389830508474576271186440677966101694915254237288135593220338983050847457627118644067796610"": 1, ""-0.096271186440677966101694915254237288135593220338983050847457627118644067796610169491525423728813559322033898305084745762711864406779661016949152542372881355932203389830508474576271186440677966102"": 10, ""-0.09641031088530779314089409994685178639933053820923194112883078164383578115827295055243677325436046665262801638565792711698469237478190719196984797047113527923058248644166466817535572071153920182"": 2, ""-0.09659917705499113911976338338492256214466210276617970236410640225557355125522449293298826778150470111351857737005224808215414246596401552788579214525697596997855401320772104961190611490010458921"": 1, ""-0.09671461346552889842374923689699491477265092860125266463458941353381227276773599759420877201072500463438930293448587168754183573309413294566324838987471522382248647258135184667639357102982283888"": 1, ""-0.09679119999699961066962104956161790561633932470088007474046776511956427888471740243630666841616169724846228364070506948712201454471613314387896652356724152651453266612776414121139291111965742089"": 3, ""-0.097008683056800111462347724432186492813967968984683870749458372166153173245569992102756434891666551561922251575557472031864026917732034260018621048805393710474872375473493557443785041015106781979"": 1, ""-0.0979262672811059907834101382488479262672811059907834101382488479262672811059907834101382488479262672811059907834101382488479262672811059907834101382488479262672811059907834101382488479262672811"": 2, ""-0.0979306176849548399877607482703759951991118303267035004565937618304664809330683269741141811687903634713279827688935471007365889086001009313243963031032973076637318892687132259390965480653057630"": 1, ""-0.09805687668562046657307102152663955823314788592756248219784563521854425257648171515562662183950535684721181931720247338799944798519980287646214489613445392624832527881160944823709423198357389969"": 1, ""-0.098105351796530360658501994312975201317564839164881336770462188751329393817676260443201022902153409499191983374792579401232770231040380401653321935110093657299992767445884257603952329959824940246"": 2, ""-0.09844559585492227979274611398963730569948186528497409326424870466321243523316062176165803108808290155440414507772020725388601036269430051813471502590673575129533678756476683937823834196891191710"": 1, ""-0.09862778730703259005145797598627787307032590051457975986277873070325900514579759862778730703259005145797598627787307032590051457975986277873070325900514579759862778730703259005145797598627787307"": 1, ""-0.098677079420230354032751723239369522734791519725364482913570324397291833276093458699924977020254205268059778728414023347050749086119596968392533439580989610165762700981937325065794612875011074458"": 1, ""-0.0986922865106383367347709648245940832059709869601234131603055250941133304187085586397659372187814938320107769136673192064871021762311073793245220686256495738075248083093374402585229056644393809"": 2, ""-0.098759684214090289658277343403661828593525278220505693574619863035355479265234912442930489534100500583153890263506455251657285817006813625538297431500094358710055560189053846447619335437614202027"": 1, ""-0.09923396462968515582382395981678380995139691820970998319637249797626253193605583902761264315274363355118124119573667195629270005152639083325725683407942905958962432433462884783991688628460683845"": 5, ""-0.09933257956885025775667911274943126463230092827708145110812248563422921313038060673762425568697890048694520676847665407368556224725532922629306117536247295547314236828245385158875290734743443333"": 4, ""-0.0994195113265035396206373354209229953741053436753118655177985845179752598976680137941511436739489108775982165157037331920743191419680546646084693790817833864174297438155533152060511423963697520"": 1, ""-0.0995829763687569089281647149452606464491106782920892133610178772624629913836093829248223855829869422136937017826967352310804143402772293206584413685005375369416110482390082297168317218820962690632"": 1, ""-0.10011483208736612687773897963488083241545780506667291603196550350355042066040167795458273769070328794731785053080546506995383281385484286752126737128260411052002530992946028918937920367462679572"": 1, ""-0.10056136397093117262414447832343900777705091034291524889835557739023962403897827219542046434961867065227276961522617098423857934593390625059734296285267128569299126064470124203907650178695220712"": 2, ""-0.100948068072645486351435779197714577616487279518096719684843137170741484398391103106337387199017193834510787297854831027034954980079702610625085383432441038053636370694449037491859243263390464424"": 1, ""-0.1009480680726454863514357791977145776164872795180967196848431371707414843983911031063373871990171938345107872978548310270349549800797026106250853834324410380536363706944490374918592432633904644242"": 1, ""-0.1010175296527159411104661614390722997699826802190697613960564652774015956775814519125556490421596753058117670609951527498416339392795473536128170878544293653681947335229501985465365685089517134"": 1, ""-0.101202285874616792282967197684923242891741369253738966141831394158760017960754083688189464481816787965752592430576900310753955369748716178303626765226047801028683593866661387362922799706357840511"": 1, ""-0.1012022858746167922829671976849232428917413692537389661418313941587600179607540836881894644818167879657525924305769003107539553697487161783036267652260478010286835938666613873629227997063578405111"": 12, ""-0.101249541380001448767501583165027481275061581885065185427129373109416929769032034331446069037863233995396602381939710838660696535132827653889261216601138299435004796861521618396640217691037805499739"": 4, ""-0.10124954138000144876750158316502748127506158188506518542712937310941692976903203433144606903786323399539660238193971083866069653513282765388926121660113829943500479686152161839664021769103780549974"": 4, ""-0.10165647608090040405101050106667603645063388756947903146678659910230525301519122137249207648229124941196816196139583611550709757677862419256750130191955220047141236109141414573372077367976208468"": 2, ""-0.10179122053553588355309126119444792157415680477649850460898488857831540538214389961839038633739560140007526994056221245863451323952117275972165836023951984252427403232167202820525152700457189786"": 1, ""-0.102354804512762131837601141066649353193164580245916488469879874707172226214388283779674094365591231678563855990070373700722099218666419069904084056504548562330345228144828635397807858573523580818"": 1, ""-0.10257490711969041656297385407226343828479025936376649810969459325150917443778255190399985216752557868179030331963382983939229316606767817524503691297520365667661019662901103552499056786145510508"": 1, ""-0.10278350205056503108457990649513586381707820638345830316198878756219464817094217287164529400287420365366750023992821551452105518446536861488007343191862601553692149505303359074904606992561125329"": 1, ""-0.1027835020505650310845799064951358638170782063834583031619887875621946481709421728716452940028742036536675002399282155145210551844653686148800734319186260155369214950530335907490460699256112533"": 1, ""-0.1028077041919868163559583891234936656710268822741785971778761973426717478628077041919868163559583891234936656710268822741785971778761973426717478628077041919868163559583891234936656710268822741786"": 1, ""-0.103448134240170979484207985113946800624001592095310147601616095230310622181019831613771881875368103967011460533299235790501198890782577208706179217048928792680908359630942755885183532873003088516"": 1, ""-0.104936233770320425011174772851430306609835434170578320016176682474020512522665715337710118659511373906735237264322474080030702328620666909316962832916626146328826321397561067411063363197745765108"": 1, ""-0.104974093264248704663212435233160621761658031088082901554404145077720207253886010362694300518134715025906735751295336787564766839378238341968911917098445595854922279792746113989637305699481865285"": 1, ""-0.10501530263140177422723477307396220611503402797786729579050095138067502181199377393707994836689939035990572394993636202255335570261530915491262624837667969954710189616232826001142962701802381822"": 1, ""-0.10526408121385792352606244076015834705796707463418059135898113282634785226746104628334398856409801561658316015408936876284135657333729585055543682406347559687492466089462768337450343708150979423"": 2, ""-0.10535150208953249790325552621934239096116162332900743169205501889587114937094303629448097821000905156323654236079422931233121856686519881441598850528804654207145965276779123611208249715643473577"": 1, ""-0.10570480780296927658960069216240110316240064811834851137247097490805013403555834866722435214229492736253815112470430035181370908605849743005223637639194671162966245789376741827185274586323346972548"": 2, ""-0.10644067796610169491525423728813559322033898305084745762711864406779661016949152542372881355932203389830508474576271186440677966101694915254237288135593220338983050847457627118644067796610169492"": 1, ""-0.10721572030378889326781757420385711797623764668732938564274665095208455417916485030575277450023007044241438805816107010376250605243275516790507109172859093836548378356083438505214557655842921911"": 1, ""-0.10748560460652591170825335892514395393474088291746641074856046065259117082533589251439539347408829174664107485604606525911708253358925143953934740882917466410748560460652591170825335892514395393"": 1, ""-0.10820572871551130546704779164309186025672323283650695276482547428840161646786753193705180336351091691773331875192102796785598327738445604732640887034430209258152344799952486266305197357220564600"": 1, ""-0.108240823923142537044497583490559866269198294434860422645984223210261026724944453584641263907710204021531466723569437818670019134946554349293137824194861087880553032670978686689155354211636296511"": 1, ""-0.10850197426861896638707686218808259284787983838470754028810475802842436049763625158705215412051729932561107974960805324530819134558720536184114676617169562197040525783412246378470168816164276425"": 1, ""-0.10858640872745906893969860658741072490783977036410355093548317539608838588047663930637147975931937616407744723448707053478561350326697522071333676433705908151151532819446071493187491259166644587"": 1, ""-0.10876955903857616960724188752760231800742342869768799645620727814111787216114631255771246347892296547886583962077866587141241807033702161123878773473839647444088521425615042015738885058262318707"": 7, ""-0.1090506679540398162707316420436758610348927586836666966745465716880219570441839263548240464012203898036081127631081782705819436482516239234605202609409610525277280689402705931714064254875758286"": 1, ""-0.1095018946407140385850769665818708625468445699433167894963559795412542509656068707426016266169659057572575281005288522924226372534975384240281811577583729597502043703765575267948988779226469499300612"": 1, ""-0.109595811266945758218368053182761477226181239771446750072107201545792330309432882545405458077237519458967668088708451536361562890022041572666824379283519740442030233458719949706856132937192364378"": 1, ""-0.11020750130089547336662590993179946397573174541541864482295998512378461198179269574276259421310072643613899174133582249662054186413403880827942392048385644625085029793556892826302500710654131539"": 1, ""-0.11060207805186438469722649728860919956683118015167130357743636481328649394807528533863314423454847075627518252625623171117661262398630904592147559450834705966106200309916313481682366317013547545"": 1, ""-0.1108421049657236023088353516221057281444884947905169005895279464189250094262084118945344276910244197106932246399372935762227760842852660753870708184508913958030256490388202882622593590172457238"": 1, ""-0.11133490421077635217169328713405207998417776868338117664245035515528401928231757716816498439759175058343902592962763976716717578101704680547282753832783725525305983688753368202427728390158734833"": 1, ""-0.1114773168250028776652761167806709187971996036812778898141700209303532368721385338557643116625580412517640752135361118079237391141741780672432653544075771538278601305971998957666510022337940154"": 1, ""-0.11157957522542338799772245971690767599941761075124280212410717032191653954187351147267391222358665061927654890478077075873212246986936117837769704036316340587494876940834682469466233721542666007"": 1, ""-0.11226037676154367555522517223501095071090996047066757585774439781717998397748048148309253582710167737987771792434210064594387938925502147734372916199258385351914483156342981766004829610240094767669"": 2, ""-0.1122603767615436755552251722350109507109099604706675758577443978171799839774804814830925358271016773798777179243421006459438793892550214773437291619925838535191448315634298176600482961024009476767"": 2, ""-0.1123376623376623376623376623376623376623376623376623376623376623376623376623376623376623376623376623376623376623376623376623376623376623376623376623376623376623376623376623376623376623376623377"": 1, ""-0.11242012522678694105954542334094987839242787364601405343055211781269311247392845818086066828975147187306443749652539118174621615280633482272246603381103987567466285358441169379783294911090640754"": 1, ""-0.11276149798486651703916562925069965773825560801772763068382703812640643574133546983923071233002612366488799912203272903421156101108044017221679747761307626883267127611031078541322581115304045170"": 1, ""-0.11322514462078471511263917453415567180915506179112862756014533574636019756829492057008410929998466762327851673634590341829350906723587796133989441748652581131551953253327526099215079676993624562"": 2, ""-0.1134445437394499056697448118359646509780558037930692086188064740343560718895839539271174659914606295303346241684043292622381094230960182702810048654552676000397180021844901201469566080826134445"": 1, ""-0.11351227125942561958804717623701990338930601119720276778995283694800132220802930296180984755000157917043003229900236460644522127288263088309057897283692429281126518896650505530968447155856831147"": 1, ""-0.1135249058770268744503625961987751323776340446469828518376003386090050723430157492278325447376295240764076841332668080814157602498335598660358155779982362506784896220942188321595855607461389826"": 1, ""-0.113744955180015936442517414815302294025677400735717039698423104203586227459352377645906759416495573949362626201336819225267661886461104192781873382612521293785052765476737802363042394601415860497"": 1, ""-0.11378632385350906201340129479152012448260269435010847410131898030612797773933010445389456507111024579045894656975169277552512404276613922130710497216792625558041047117852423324275400481979324256"": 1, ""-0.11395604689520890704748822518139084597103353391740609618251568451941365523208281275768391546549170771091571700558977247380326152444921248862946075153911812697081961187781887869643628304362042907"": 1, ""-0.11403232053285161305972580591065828512642185677469838781101148104046528337955938697642214463291310573118301829823186291029427619288980827730502811874734252746902839460433223174764447527330274649"": 1, ""-0.114254254357142651505418283116814851424737471835349892431642975819611502572953809322093117518124046557952420476841928505283620056875967081132520145841645404073298535453320659940034142279999155373"": 1, ""-0.114286702150494566356115438993456315962757999740568056117788877298735639348251104257050754903588311706171594216421394943942907544649873694462586310568896678570178714790038536952819335627723959143"": 1, ""-0.11465774024101349263569883613142445153980842517252034195076732928210938304665774024101349263569883613142445153980842517252034195076732928210938304665774024101349263569883613142445153980842517252"": 1, ""-0.114663182348037294939728057508333862226726089461046331246452105336237507626217993199996512222190643965450720884523632784310197363529549704247501657144424504121017317113278521711532666449940083"": 1, ""-0.1148487234524667833968482850963023998352044494798640436708208878360284272324647234524667833968482850963023998352044494798640436708208878360284272324647234524667833968482850963023998352044494798640"": 1, ""-0.11510744798080071211617632792732307457952955493602311777106264594798219905420328254477467372062340446360527932357072023473297575696608616383847806225793935401805404998765947268615866932993978837"": 1, ""-0.1152091715564058186511283856012604776217050964192749393878195544180432149749809801859141422452050458697140450732651556249580111850201959163491909754625563841343633021323883379631811474380534515"": 1, ""-0.11524421431554257482741559169851585675262568322651740725472273997145316186673265789015001761991967276751124000993427608738824451311264944169900835206083907239452076865414797407232856088876248491"": 1, ""-0.11549861691661217183233083958658905789817373132535807798646570776688825811321127676477328402796472595288852939593828239332459830982605798559543036667979866535673033304298355358929663032339466939"": 1, ""-0.115498616916612171832330839586589057898173731325358077986465707766888258113211276764773284027964725952888529395938282393324598309826057985595430366679798665356730333042983553589296630323394669394"": 1, ""-0.116205788443712019775466062416314759501493459676588732104233185703985992378205788443712019775466062416314759501493459676588732104233185703985992378205788443712019775466062416314759501493459676589"": 1, ""-0.11622459399680727287083308811755336892633132943266409343487684838707964402696988577450348454398476417306485153955585957724338946572062862024455617792072577837000984844514357320416267058078648074"": 2, ""-0.11625836364953860495462089454563996068621240208154639284433888979189676874809668311513148345521747325159728973598508685642467449770467925189484455795170558035865353621336167676853686694029028659"": 1, ""-0.11628575123622558391718303598682932471284941736697091040363617127213119189032647245034887858627727321777406449654433235696681192224784456942174998538827090201697696965453635732380253829198622413"": 1, ""-0.116320124980427973250192655756931536804840370160111902316713100383561645832221490309726506342477096565486400198614035480205875059088265541720846642066316791263400999835656541432428554190442899416"": 5, ""-0.11652849740932642487046632124352331606217616580310880829015544041450777202072538860103626943005181347150259067357512953367875647668393782383419689119170984455958549222797927461139896373056994819"": 1, ""-0.1165980166805403533598615460415832613294002038802159595886549143492635657394821016984935552041793952374384595233673936157906972970179199052858826509966272983071459564295450567307438051509056300"": 1, ""-0.11663995593276505152545209829725595911429445198763905239095050869195407637047158751832006512878924810083028319330078198011326033926191305034835273769300802129429712860555872791019092703985777878"": 1, ""-0.1169305289386989442267468681325126628413072630365016808935348563786581542743121724111533883669707648772870787200769730919475685654648568444961552596239638641624811302801651157534207356680022474"": 1, ""-0.1169698526622703252776650615983737841173300271424472322196267248953269522025807591887807534423121723067852955655700239143784938830081340997099015726332170387212418756959223876474367166302209814"": 1, ""-0.11700872608064674292213627703613504444210407367140110188266056005095805713653110836534331623855337397278275944714492681819752798660089776125083129123324717080703996933289948169490013698644165885"": 1, ""-0.1171101700542571398583273892526737652912813724293189904273526242848360611844035891537128548509053209696455614318058652546529835000888934585124590072635594654397227380898830676168627677781561997297"": 1, ""-0.11728985475829649802333889566197459593397196859273816777236514023597781470580275949638216947976270267890356800392788338033581243875945642955308255665077439349240161411509944676832842569647985657"": 1, ""-0.1173302405553638766469778380642069720340043739032886940698380497445041008480128148762287483942588302628036902398364118861069027134539755293590511297149939231096678789249257157879052541246195258883"": 4, ""-0.117425123383806383941709750095494886708929461900632516303135617054342611918227776596300882801063347182490811657549079026863062764854211666334585020091998082556341071754697184286911828834898009186"": 1, ""-0.11771029293200752485890889545821015855952700886858371405536146197258801397473797366299381886589626444504165546895995700080623488309594195108841709217952163396936307444235420585864015049717817790916"": 4, ""-0.117771484107932044172971085962996059213726439827028666524297736540419257180862945151419258058412411030893126078880833005173718317802837109549088002185280734605050527487787568600220051861788039704"": 1, ""-0.11782222487015383053622721671643115585512068637991991016248244491413335569804973556807051705041070850121764492853661704907230725392317760653140869673671390069578485304928551721792223458635117737"": 1, ""-0.11912795988409264486250470873288316602080362773314688644889166982836957819480771890713077241333937253353601021864984961419804163160442653427815927436857845343020143751878947754082653813832926548"": 1, ""-0.119303478319506831601709015454714512526252429379390855200272780373479817876360566547009001154839360924513427837239935746011140930047028863331406993913636379242856002081765938723659868658173051204"": 1, ""-0.11942879919124634711210586218210629162722364437723559350475116322843836035677906722779370431402494891750689299349011496625968459818035227844289991810430957066590465766404544051464578189726880709"": 1, ""-0.1196096488871725918423773200103025682910379458522179627015241824777291383413225021158269858883144480668673878290283749399306229918622180383834917277270963923408838088038781095930382758799699413242"": 5, ""-0.1199508053233664931786729856435883709837241286092552998303792672447123600009930507670277174873676850188557041973666653411731708434158223171710520072550471078208148553460150074762480910500082768626"": 3, ""-0.1201926727012989603301213753158533097930283317446477828125673777828554957372762133574926542383828184702834339992274228870169979162586289470976368507755320421696841605735057893753288890225551478634"": 2, ""-0.12022858746167922829671976849232428917413692537389661418313941587600179607540836881894644818167879657525924305769003107539553697487161783036267652260478010286835938666613873629227997063578405111"": 1, ""-0.12034474034971872087218298304315273888754167736351029468442199549329773621871822903780554021219414615085424377765819102395784122568337373528704705799291430563693055603559642380101446236499577425"": 1, ""-0.120365187396187841513991988517488733859241076841456843227162486654383213199151153902852989765142709995744345037409314609926392805437613277379516705758375345211358640606733784230092016574131620631"": 1, ""-0.1206068492072705790097041023890710524869767364661710983692089932372780689389148526984938607150160647641867118022038673376409568694643377302574207326667784145244279592079966663651235225947185811"": 1, ""-0.12104076211196490339695132476138778955427824311782037166112227714647118573532975831237270738764688785087434274902815415329615756558207826934689945382677572660266712557151501361033586713439135170"": 1, ""-0.121040917530216091245402839702789217864563045912587944216729753145481241291617757016511068057326694544688107183544316149701749314613132087528684900254208780178890856146802670943516452683888691469"": 1, ""-0.12106492119348155288560716948158256548658217474798822864431538430791857922312265479457894181895759230856119035388092353789133142347550894146489722793289538893886038662791491082795618707865903165"": 1, ""-0.121125847849227073323767755243235828357679979655587341543557652097230449611153154961017861365015443773553979089205936830267825937766853250537571073781267599697132398265378039115344574067845369472"": 1, ""-0.1211637249940678766579423993438564990776709186766546767558378563802504693256657802230201708437224405711853911449948179777100795888821493301359723831861928768692204937489562162417195438042360926075"": 3, ""-0.1216931216931216931216931216931216931216931216931216931216931216931216931216931216931216931216931216931216931216931216931216931216931216931216931216931216931216931216931216931216931216931216931"": 1, ""-0.121783876500857632933104631217838765008576329331046312178387650085763293310463121783876500857632933104631217838765008576329331046312178387650085763293310463121783876500857632933104631217838765009"": 1, ""-0.121920107717310378434630396832049285484629332709717566398339452924933761322216062434388456072977720040007247492317323869748606339269740352375279602628194554645924103100859452481664728038965989600"": 1, ""-0.12201107070890815278032496840573086720478479176640226633912621421395324104941918115735116078708613662049335559523814170602086646925892547213171938667059493495868464931416242878751427438224793457"": 1, ""-0.122066872257948490505741624270388564619689114220678797956838696617827437372052293570063393125583185302109817513936986718325880578944959558013405847237271069140521985338870607328394601062877228033"": 1, ""-0.122487504315801786994426994333643023333625276615591943526368021413955227386775598021749733549502167138987893863467713720734654356281399772037218679285921753556835857856929312602257088666105319294"": 1, ""-0.122502565154696638360599179598875234177720944031174576398681555929989609815107857722804074347666356411296193410874879122806065509529123435164058583977793945470922777573537611265186040160844637663"": 1, ""-0.12263904240262783878926159961276390068082897999611448047666688948552074912995506950538687300998117025830349490922218922449725516038890128397232996612501495493788886738693025160114446015022987396"": 1, ""-0.1226759140720047262861712963377855697850724865302591243097978574524910646559189383141795749821054091078681767993200609872360928429748473212948359558083550651226173583725381593413070023201081571"": 1, ""-0.12289119783540487188580721920956577729647908905741255953048484979254054883119476148737016026060941195141686947361803523464068069331812116213497288278705228851229111455462570535202629241126163939"": 5, ""-0.12333698544373141336672405697292221004852089528877758647675692596650493034903740804507747691344498356550320863984974174362185005478165597120050086085459383315072781342933166379715135388949757396"": 1, ""-0.1233445678598047981258129964814553941096246919333842563599444289911508887098977817734432431824275989188724161448079756359682213641016424497143168926092783495016568699651282917898223354505518149955"": 1, ""-0.1236788546709238850551035122051704603975692656298279946441446080955814193016788546709238850551035122051704603975692656298279946441446080955814193016788546709238850551035122051704603975692656298280"": 1, ""-0.12371044650437179992440489331214282843412036156230313728009228956009756251442098112202243211565008127970890929787815781203366082973010211681354356737914339042171205795480890582939874218280294512"": 1, ""-0.123781368948094623673302867323406476125157984086077598645667942337829475931062154108491349403657011747909224255359095878921586243654423141922780902083038058607669821622703581305293830585922527388"": 1, ""-0.1237813689480946236733028673234064761251579840860775986456679423378294759310621541084913494036570117479092242553590958789215862436544231419227809020830380586076698216227035813052938305859225273881"": 1, ""-0.12399665761014680612208976050606309613420909042186047609712957879541751141827103811315161571627805799711875673795205233571675735965041330596149647889631278301615352411333581248560979296857690569"": 1, ""-0.12400967901805520391027373221231534182354670999197512333420746075599591861359771979924877747918282187667214346516975162681937282420628265871413025324123169426501689645915209221957840563930535573"": 1, ""-0.124120690246716959964318601381182676778275730832098192636394964255438269567892000173993869326981157026793535828946869761938974039542319553122749495199056180067641808850420307285215979059302349082"": 1, ""-0.124210563248554316941042497630406333882318682985367223654359245313053914090698441851333759542563920624663326406163574750513654262933491834022217472962539023874996986435785107334980137483260391769"": 5, ""-0.1242105632485543169410424976304063338823186829853672236543592453130539140906984418513337595425639206246633264061635747505136542629334918340222174729625390238749969864357851073349801374832603917690"": 5, ""-0.12449460916442048517520215633423180592991913746630727762803234501347708894878706199460916442048517520215633423180592991913746630727762803234501347708894878706199460916442048517520215633423180593"": 1, ""-0.12461545039697227291017250993164144489709945563439224150791612410035193935627673368522815698559103533694060551119609556586847966854726856535744822943262140968421876424473858511241229521950918080"": 1, ""-0.12478210842273293800091373731579258760833664151391313466724012671097999371333031343572513101576565166573709247796081272601852599041072012157928500273094805150491622952342207574235974289362953180"": 1, ""-0.12524800336695263794231115138338810072656875432851828897845927733396037717583575745197875411815254728080444104211490652583306276472303974437616206974700382160235547119988913462137879383351465073"": 2, ""-0.1258118962170096306998237884491243059909442996719661242168329918048710813217572005742258081245667690878219591974943217760769575114039836011764730127052321656559264074899060794698301700844919505764"": 1, ""-0.1261595123502278136021231251083777540367877925402364771804546809631977913845620908661188890391670596994550809009276583287903474820531704427796453230213704928140107101325922849813400939283371107"": 1, ""-0.1265595457480937799257507648157914841096749833702448397342206420566444831874623498816897766522826039892323188671809358092198170796708418246158734490640803043077229741846876428333105919521314410"": 1, ""-0.12741555108928033355427940383551774985304021903748807243218913690263053719939900361674553338992583298471797998193855469531672619470200652575001067903189097761268212830859582618175453913661562895"": 1, ""-0.127480849115742128895595598995419595248784922955242749579909312449406563298401395975690316078818590838779531029893416798907317501288159770831431420851985726489740608108365721195997922157115170961"": 1, ""-0.128084133953457448022961592650768565100186593342503856661259547659191041575584642457492685538086921682250336778552103725202721943007222105603891314644551549181485150259666795008078840802013730652"": 3, ""-0.1283290040512249977173078344701968100162637952951900888947981329999338283538646469740897321329020995246373377664245649425664150394322816595470683185586800252024236014792483879329304167961399887669"": 3, ""-0.12834685873798057923648632902359435066029526249007594871092677126311074822799884327295620172710650058483567160982916396526100322943326737576269931121546312861966894694893428508532224583718236100"": 1, ""-0.1286111091150474972413147196958657585789591669384032803628890472527568734980051853877007019090200013725935099462168006064342502745712643766791121197418777681713450452823940860289800994337761552"": 1, ""-0.12872579996144778547215855257196254351099746373213871013037608921321480722670878562568900592341191012758737914954493500956040083362980323881115649230316605896178657094407136187826638547897021900"": 2, ""-0.1293336279094351800682254007186390963978936202509610313643911075327644533160057999510196686699927987399976754021298391973106960205700339707060637158031634029970703724018733684518110720091979537"": 1, ""-0.129603872695437223194973735709135853331960037078998867030590174065300236893603872695437223194973735709135853331960037078998867030590174065300236893603872695437223194973735709135853331960037078999"": 1, ""-0.12962381310121576456789416191126967979968082158206262817857699402799241256836950576577637509081090761344235187370119531850409394745211788835579316062020514760126840420015440569032394914973859275"": 1, ""-0.13007937638241504414024584672922605607861213731361399070274817975912135291552697325108940950323058003723000276189020354462790310790181493775379846134629374596448618087770036740602711493895837339"": 1, ""-0.130203206038404135330271111581774187723718491036371715840034491574373156068550347067072040487695903699355925655990115594142240216088555206938717939236672863258273915026359163586845701829792640092"": 1, ""-0.130364354279497805958937040795666397399229032139893651013856275646699767453685909668018965134733563391131301727130201180112069580213529222487689733153343862534692821030589986830800613876961005182"": 1, ""-0.130365937901920395353561287493633695601152764669683480838057373145268544697355880353805749722898368660204691408575470915475014331088196875564516248127188703928893553235555248595335037870835151260"": 1, ""-0.13043478260869565217391304347826086956521739130434782608695652173913043478260869565217391304347826086956521739130434782608695652173913043478260869565217391304347826086956521739130434782608695652"": 2, ""-0.13045660571847365520769403083864837178014367606111944865836978715465592990063538743156972117731778092491329544535662091223157322881207905580899527572859134273223679230700489737492003682110117761"": 1, ""-0.1305741569132731199836809976938346602654824404356046672754583491072886412440911026321522415583871512951039770251913961343154518781334679084325284041377297435516425190249509679187953974204076840"": 1, ""-0.13072261541049831487851951369790341631995949484889971641598580869480698749181924940405351331719238888103732701392027327017767706899512615250876417956139912069057952469542218014453224953900296446"": 1, ""-0.1310315528130142441760719902416402538118539434430189347945879849850081601828674377287443810810836907267867400890728329732090620838631839205471036383765865362536686740624079732337043637021092889"": 1, ""-0.131384232620268339225267797409371156902837324436909053467804295341852926591455587363236018369968802775781377021378319441834054662448559624266674905663569563611466713698551761290737545230513051766"": 1, ""-0.13216165226889087478899811339489623671929301956111607586138417237612948068712143779167907854234931982921259060669248336808658524476218846192036540562009730910535200079436004368980240293913216165"": 2, ""-0.13223914021279381495345905566059377597172569090675316561472829592596186841970020234786081537901056990690459890295639829151708577868200873341353186305206230443771479900498737562512676227192302906"": 1, ""-0.13243761996161228406909788867562380038387715930902111324376199616122840690978886756238003838771593090211132437619961612284069097888675623800383877159309021113243761996161228406909788867562380038"": 1, ""-0.13289814608554908048269187701906128386492447250301672304165201549451543594793869156729072530598733475167996027775736062664872528372363985590174919039994036044372321345847388889661276941490202701"": 1, ""-0.1329560123125806771919372455565485056101678085592294707576208916691490418031972991758514546718300069506503822857710257174064144573527951544037334922053420712938139211597656637871115082911329560"": 1, ""-0.13297763089663289501678960523706689207096886295596108291833267932412935542148811506163945432722151756584666740539998369722102384185870654966312502900069279633681215311693880871833644947002142806"": 1, ""-0.133426426766222903361193836632247964196897671745792795582362666524883119848370041130134741588811035421773492798952314383289669087607491912046844034022389493326299014755545925919788740589043692503"": 1, ""-0.13378456221198156682027649769585253456221198156682027649769585253456221198156682027649769585253456221198156682027649769585253456221198156682027649769585253456221198156682027649769585253456221198"": 1, ""-0.13389456826879284451992771876910202228929786754914473804310914112596241114162109244882063952303586175873131702405544239343566948419810856149742404274451310319165240459546683872776771953265335169"": 2, ""-0.1341336512135534416394721924191561532161339886760763198423651048784860785607435694089007990849669537388977402567453582809539612563901037424205558553056278071803844380684374071247836847739995835"": 1, ""-0.134276276307142795451625484935044455427421241550604967729492892745883450771886142796627935255437213967385726143052578551585086017062790124339756043752493621221989560635996197982010242683999746612"": 2, ""-0.1344152769626048151681183723058927422985574850941882098742303294482263380870490135811179014618713739976730593106635802193739504306454015595983798160988911640427361678577198507965958189743265161458"": 1, ""-0.134927983169453240229873096239975140477585030914519125993127601343103124721852812108833463316485185439369168508558666778969305606402085995681317059211458845957656489867110015931292611006254843549"": 3, ""-0.13492798316945324022987309623997514047758503091451912599312760134310312472185281210883346331648518543936916850855866677896930560640208599568131705921145884595765648986711001593129261100625484355"": 3, ""-0.135528890719950561334843959213101246266350808528169739417035740035019054485528890719950561334843959213101246266350808528169739417035740035019054485528890719950561334843959213101246266350808528170"": 1, ""-0.13563834198859322182094201080797680615094696606137569669839362127845852421074636635953978505002132542657380280225108553336871344261689170763326393961137048023915991884625738947221538182552183419"": 1, ""-0.13564718240255978151683902213827346691724892339895863474246107517495187665474871543466774439733394473930310426126171198580338525756455625104335904178266584567709140192607816942825362312120985511"": 1, ""-0.1360899519824046940954073545241971919351509901237732721312055583522865719929357901261333758061991861969113353799871096640427226893721403097691384760270590021539342359948021613783382688362957186"": 1, ""-0.136113989637305699481865284974093264248704663212435233160621761658031088082901554404145077720207253886010362694300518134715025906735751295336787564766839378238341968911917098445595854922279792746"": 1, ""-0.1361354366616807297417031606400636745869122865560859577388903355505262194119307884530951826273485694725958203093061713741660457612062026523465539917105266458787804730283275679628833049360895282917"": 1, ""-0.13617938136908682263567068432468523471651562806617292427541781870276273765828834530298248467487569582752129313893590793880005678591236226865141955096774991909579113977211031990056670256076632516"": 1, ""-0.1365236691563793708852462863848865150541016324142766798754455919437685109197689005384255400499815993659433719018369347676752489485933917713443304301700801373658189640497797470652238801032439398"": 1, ""-0.1367876235269718534654774391716336857653745149795482814386207146069747948540205373392299056849436302843081004126765306849762149172804340175937263029000367467235049714912177760883592402720513557"": 1, ""-0.137076938922649088474611185497991554228035843032238129570501596456895663817076938922649088474611185497991554228035843032238129570501596456895663817076938922649088474611185497991554228035843032238"": 1, ""-0.13727086211312056077198312823262052964398244686590795039677321892156055678337659433387339893632042693833036534788390963337261646221020152741242972200748183188919140986650300825060679089709305584"": 4, ""-0.137400812906333799925860608064873856047771907431770185743721850383249545817562350464221280189907516046739037521894633313698334219762032611880226008618113093204127314822368368666703085971600741207"": 1, ""-0.13741854558531406269837726161753144504230674067137745941736573985040668108118579406112943126605272941240723994840632707416712274391645864580290203779419941567957113920455770321684266859939295128"": 1, ""-0.137418545585314062698377261617531445042306740671377459417365739850406681081185794061129431266052729412407239948406327074167122743916458645802902037794199415679571139204557703216842668599392951284"": 1, ""-0.1374495518001593644251741481530229402567740073571703969842310420358622745935237764590675941649557394936262620133681922526766188646110419278187338261252129378505276547673780236304239460141586049712"": 1, ""-0.1375356460354951389820322967244470321235228709249219748419943224585125617092150032656254503167361754030716046584794931122478368682416645471727745612851312734502965929024131683442840392321574531861"": 2, ""-0.13768478667744734428026296303433880856417145457172868900800422688364105981489569288080664886399716174474789193615176610801300650176247261074659257821560877244995298839824767442569014473886211160"": 1, ""-0.13798735421317497773735395663056908000500644823522636009635594794059356002620486215799692420901678840433417932027864102424580807502764498574721332254771317077632388525649378518912799468204162193"": 2, ""-0.138305084745762711864406779661016949152542372881355932203389830508474576271186440677966101694915254237288135593220338983050847457627118644067796610169491525423728813559322033898305084745762711864"": 1, ""-0.13857988384738967169360837699830223360678920264558907508211105666018435706357020289071160416464790037764413180234390731563153377385753094021005087178513098307016855836461564326327763314909974443"": 1, ""-0.13880178610371159966515534806167203230858949185660702682822827059979119122444180562017645795222110513116612921747109287256927904142215744115516100094539282607217342452525736157095451331508973146"": 1, ""-0.13901484899445065319754578858950074218399375344437367753294750286097341474447788955103222493878940312974206690460336548293442898381382718827268557895196379636852577256965505827984969808678949512"": 1, ""-0.1392548890487416643104723392997253354565324814940542622244474375932435741900626539497034318815408051847658936848031618400371185799945194824217262799835124047080351794656160852216371415652102617"": 1, ""-0.139270200828634297399253296504884943504849905112835375680265067919860320737992847376275114956709406915437636602231127089655599626504302114022200982179896795484009257820091206932661431468977168862"": 1, ""-0.139388924871304347594454474173433652442952553140407947563474012206558067130728096659003833257147826864921279973381817433662441507471326670822302240941517213640495527028521182936787948511267991575"": 1, ""-0.1395604689520890704748822518139084597103353391740609618251568451941365523208281275768391546549170771091571700558977247380326152444921248862946075153911812697081961187781887869643628304362042907"": 1, ""-0.1397282047463773818681189007097819504870866547623879331052496336495276073157563758376289641010669931045362059356781528046523062922247589864350432744986993276493199871495834221833222140924210924"": 1, ""-0.1397684382800941969601093509836673638274482096860202626409870717208282548160233110312378958377642947388489933667979419457325805693941551246706671865259324694693383163776702741403828284672474151"": 1, ""-0.13980114285428534349487719005868371963460888066750483308615977630434693227115943089172063658682066404615455584829054236868763289972965061321806335577832526334717396774072775353465991535205468656"": 3, ""-0.13990135626681811420767244060416751179803388638730004191851581409814341541249171771260124673779292253187835517152786229091449974984111530296269252092545265236028288237123578489040336429894662826"": 1, ""-0.1402068532198842875084218543875661126639231985560324920864882851815775062483223469660463275553441999931870993404303852619975311666938676056272770364363006101408020206268544241790558269101667247"": 1, ""-0.14031202860969772748997737151329575790283187561440842727121422126349538183183551621329206217196033475675409416434422106795871478286970721479294537291330038344449809977559626098142862684020020645"": 1, ""-0.1403708120053559319348291158759676860936638137067102380193221141139607292239494320937222916286608794958917341500981161341210795987177087378447896687220300335570973700479949359291008934806566866"": 1, ""-0.140943149124886002300661783652136066679556412295294987918528253437290696238053698925042785561558625340173102653712098896800083393253974614897340168375055042580865743443614743761111279005274951182"": 1, ""-0.1409775454898691529959818705005555908151150726307364220830968070224158338417478662133331008148127095976967147256349088522873464909019699802831667771429616336080678211408852347807688444299960056"": 1, ""-0.14100672193454530750237100894194651834167204868743654045086439138330678808876564054786421073734876212582389945487197171217946383657314842793952889569625869425663381828531483155442347755705276171"": 1, ""-0.141009176433931934290022384290495872996584814205954163395663818701739229065568166806078019917616887581571977593371999891661646573477436423868928741029760313297479534754857068621973291739879165810"": 1, ""-0.1413869978284574860757581623748502715726998514076246987140587076471770109439034394589301657314771343927608891731846871148880094905668480811924858401738334235346865250625597052612158525984439578"": 1, ""-0.1416329247664287728507696255819607061322284797915770420847060976158281390367788026815156082629564242934483653497351747641816631285079199788851262148787369631610869383399169784099828335776554062"": 1, ""-0.141906873614190687361419068736141906873614190687361419068736141906873614190687361419068736141906873614190687361419068736141906873614190687361419068736141906873614190687361419068736141906873614191"": 1, ""-0.14282437833743475965651210810303466053348551466380794461904656071465113582273353184800815791190004441173767156605084606819327414367520280583086163293295554233662843088781868710749393128489084200"": 2, ""-0.14284911735769247506585585062174621889495090425246056855081695676727930184240764752613790290084365410504475774171172191095624238598968972488148395493826689833919562664824864815864362501173820362"": 1, ""-0.14286730250881194277420692515032137673647107609371760315156541571635911258552767986730250881194277420692515032137673647107609371760315156541571635911258552767986730250881194277420692515032137674"": 1, ""-0.142932745658287763256943680595467705036272204571279028551529966022330534210000162833053578381747882240827470771871819374744632227834602517100526441126171620649856539014085260057940081683709675166"": 1, ""-0.1439539347408829174664107485604606525911708253358925143953934740882917466410748560460652591170825335892514395393474088291746641074856046065259117082533589251439539347408829174664107485604606526"": 1, ""-0.14396537283681944098574207558743818016079348431547550159794319651230155547645881073883791205349296250089735378426128475080037893129476362466002503255713796649362558214233802065648138592151139696"": 1, ""-0.144198168278397190010899441968332763562833555832126809959929210110177355660090018412155108986507404403215766259546638633992745556433307862497519606328040355634199709762727251942462548123308730377"": 1, ""-0.14440677966101694915254237288135593220338983050847457627118644067796610169491525423728813559322033898305084745762711864406779661016949152542372881355932203389830508474576271186440677966101694915"": 1, ""-0.144550005149860953754248635286847255124111648985477392110413018848491090740550005149860953754248635286847255124111648985477392110413018848491090740550005149860953754248635286847255124111648985477"": 1, ""-0.14473878009692659282928680093941534791834740465389033948300936303308886695395060620736801465327700989491919743206667993643344361388562459907381122058680252388784338471699899184272301407836638838"": 1, ""-0.1447387800969265928292868009394153479183474046538903394830093630330888669539506062073680146532770098949191974320666799364334436138856245990738112205868025238878433847169989918427230140783663884"": 1, ""-0.1449546825890736339347338201276047391281714485449098906330231708999109218700941269294515551134787426518649287432576179926861922123670223484959912577805152415709981384183977256521742017084715736"": 4, ""-0.14504884162843166928203065016106796549212153426538478122650679678318164397418869165903311876709602133107448320209356317318897882939983206386610112100067185946268789219270091706181087327239592663"": 1, ""-0.1450568098675624021509121993072917002510297865350508615979120015890413644337904466582151030631694880579208267135877720876901954473717153614538733579196084249274344778958048226616405386145699714"": 1, ""-0.14513704990956864663866905279241244077293383056948634324738630240731387270438362374113832892810668999156347226534581730840094781449130385908982740226020729693699548927106894195690413277456506810"": 1, ""-0.145513024585200167193521586648279739220951953477025806124187558249229759868354988154134652337499827342883377363336208047796040376598051390027931573208090565712308563210240336165677561522660172969"": 1, ""-0.14665247951585524005987396706949941912244859523395613836344473879197624295228046018608032327436248478712368077373730628479171822696287512693479242403795401777778502410416819986739970412827196459"": 1, ""-0.1467901174215595442008097030713340504195285103750146881776408494207307210166128299138746461679071956656366082948921426757589025736857940611101721745751354711406907405458390483221319368629807478707"": 1, ""-0.1470043763044456973027035981598015612332544570171459797232349178938822199216034214393839652946849111653444212239221394914765230849250659877366923545188649987049444047248376218103940932199052750785"": 46, ""-0.14746943740248584626296866305147893275577490686889507143658181975104865859743371378484419231273129434170024336834164228156881683198174539456196745934446274621474933746555084642243155089351396727"": 1, ""-0.147586791451536884182026618320746491614850903620277976323681477470108415740720294056003845487375622994027326887047351810068378926648087174514682890256715129727679788057033113889047546990213112753"": 1, ""-0.14766839378238341968911917098445595854922279792746113989637305699481865284974093264248704663212435233160621761658031088082901554404145077720207253886010362694300518134715025906735751295336787565"": 1, ""-0.147789094080957989954004568209561716335480947608359454029416506068378812071653330647603533507387185576628519503180346839612730633859212433349228271185646622774790994395349424534190620949632459066"": 1, ""-0.14783692109725031348785297496552451103928491276942338648285167171730579975316560278900247313281217626790633255625539008961757570612134635630237169976516981071057855601920063031064542785498782432"": 1, ""-0.1481739592724934552201944600279322954804408475198032849418907517982441566409200160390459634536170084213049978455165384511213121705266765792181662250990154147401422629571977950598051242057576120971"": 1, ""-0.14835289963366823294947334109927409744135510210013331136056911097715707513108072660668866804698241103937277332383690730334696356546116091448884599740510224376151959793492619918295408019157856151"": 1, ""-0.1488572794005766594758881979130120502065551516069415391429075030131111492157089712574237857201050251843366952526770503278735004128725770875420958513163880481324724107832858057733068990520127290716"": 2, ""-0.14893624547926902881294325722701586820949026625980779477589814565529512711227177949119171178759168559053616586929245743789298870860340392085635190170843154309009708271460246605092853148148992680"": 1, ""-0.14909357789614300984832767269384977874727809344181520469767404521117985632870821698139078999580558901279853388334085593956668535505297101174316446710533836762230824659937419567466224240582732738"": 1, ""-0.14929372085928848360165510508185295856139613940329761181508716050916073639091743121576804375448830659585628965365291274091217015969736331044869737426795984217602734853311688187983478796067146095"": 1, ""-0.1494702452635695265466226931774319067713695787470803606445702928219182913976006549538145348794573688477088480645965862098217642993602610964448873800486634857430419602288830266477101140871816587"": 1, ""-0.14972843484068825595689060081414288901667806650429164236531308934594929716789567465688713457456286807714629303618115414869765915439973091072610255662798472471993609488568908806968418969186278370"": 1, ""-0.1499385066542081164733412320544854637296551607615691247879740840558904500012413134587846468592096062735696302467083316764664635542697778964638150090688088847760185691825187593453101138125103460783"": 11, ""-0.15025896932459277510218941572783792475059944998996444958461506834938699866938435835603092677820265998384827493654038200647476373350128413877273151500372289380085527897661263992847958808265038051"": 1, ""-0.15034277031978897536474781565488197485994353062678562938650849068277404235934766264890960337967397936426789942741787283358727734738206642035743487874053133615037079843311514261289354632811443766"": 1, ""-0.1504558416740180050538920835172526193499462862154517081760725208166731840621532728460227436478813154692026038057628906586271940679360605289881008931376411372163744215600877515761557832448057255704"": 3, ""-0.150475023174374291894118858790812648058502420434648264496858584818209908332475023174374291894118858790812648058502420434648264496858584818209908332475023174374291894118858790812648058502420434648"": 1, ""-0.1507518673298703548389298238469806737863823950296846792004075473768233286736521206998590978519189004684188323021794763876386560508533245512295444836151595708997011316132684156450555344921091539"": 1, ""-0.1509573271907784902924490671825662677788494546693710778429251290677000514412071111975221107221417839988545385911140179426292255573779790681818293992771238649788377545574358377939643137202171842466"": 1, ""-0.151174971316128266523417428809204367621859454266315181940387197576051784870123605589207049691393130216181772630232842207858354604361751630130793049877099112711295630597637101588867669103351916"": 1, ""-0.151231196580059399467564909766126732277524857287672602512304297486094120530313407589288830552392593811260697659528144385088557940445933809459709880646670276835196671322386354262248925332550025489"": 1, ""-0.15201062562153846587065623086503578581373922397747955885216856120846478839000231285415702270000732426347318170687966106245360077886688782290833645755724700819508256101635517777038631861618086733"": 1, ""-0.1520597480560942625996572738961115798127787258135518907373457672089116727991267474388022713376035560583123061144487586745911680282861925077930409158296120751420010858370155115720565084388261174"": 1, ""-0.15205974805609426259965727389611157981277872581355189073734576720891167279912674743880227133760355605831230611444875867459116802828619250779304091582961207514200108583701551157205650843882611742"": 2, ""-0.152076131051459573195381725532757241621446253172972896708179474310137374521586836827193556904354518955714969834720906859827205643011587912571865341843709215047169162571429227401823290930758330905"": 1, ""-0.15207613105145957319538172553275724162144625317297289670817947431013737452158683682719355690435451895571496983472090685982720564301158791257186534184370921504716916257142922740182329093075833091"": 1, ""-0.15224268422804804433601222743432207108772460824911204982412805305232003415827428489461788012224250243491182791294044944188131163940065810068508184774663388659631712743194276890930141147027829763"": 1, ""-0.1522573209265871597705723545754507857463520086647686443625356890966169525044478601731507825209028342469568140425651924973159544354677652540017845616003522464168779458833691793522771007149881105"": 1, ""-0.152973679969106653162791760185446229238683025339923328627435284599124490143805038084885745989660065203612980922510748918751213853519924690902851099087735062135908558469805972674688965839458943836"": 1, ""-0.15300364844164610238229970446177797724708998641757234197997572363084410424508422636652582145957483527311482412158120602817984741233500564538107893166514527585581488168720665629371473306627511196"": 1, ""-0.15311917561751415507852718465366229630267708495537704751930081409461803537381397053584481473153041656984290039847692846636352762269182263545574790261193537251827450363662721239536635963626890469"": 1, ""-0.1531316312699557111957977134617365331136059326398187248944278504480379029766196312699557111957977134617365331136059326398187248944278504480379029766196312699557111957977134617365331136059326398187"": 3, ""-0.1533039447934905757544546297249974250695231228756823565763724379441755072613039447934905757544546297249974250695231228756823565763724379441755072613039447934905757544546297249974250695231228756824"": 1, ""-0.153466932421292712306932344259937789313049896345140600420676959317391850106604693236045270768394746000185972434620074819457108058982194893601866421431410000765693965112005109297555961588977770958"": 2, ""-0.15372859408854242633980316390732722283479807579429864452226737894465295474959508165530810646415005528300323459946034350866869800796831369272801789177403087755900832606064614538349885029868041679"": 1, ""-0.1538176829677081190465871052299633867739799850902555874849301038713218057626310147985914519830221807703568315568284242623090643405479957813143473203123015649249619130751468549672389149414501245918"": 4, ""-0.1538461538461538461538461538461538461538461538461538461538461538461538461538461538461538461538461538461538461538461538461538461538461538461538461538461538461538461538461538461538461538461538461538"": 1, ""-0.153846153846153846153846153846153846153846153846153846153846153846153846153846153846153846153846153846153846153846153846153846153846153846153846153846153846153846153846153846153846153846153846154"": 1, ""-0.15418976505848143393127863818595195571039487688351183023926856404376832607098294832515398518882493744196848949740013282059327678270203608009152617133891083950976992306906773629353989066578933972"": 2, ""-0.154259266995889567482589612325933277489933249072580962083222937040575896670772556712333013950469643076986268389373158075483005921707309741197447071122392391922826209936575629878396813605720656847"": 1, ""-0.1543062612999270538747946445294324174604094327058493111344825231484938011067840231569131602200088408278987754164840575413300472899428517271584609138702384169471816016340620276978460590687094837"": 1, ""-0.154365621206495685347494927063750347863573556581345378753276934225119501431714004517848909278717879149005507707586948706144682750936251985785933743053687919865550821514182897847906967828881649666"": 1, ""-0.154961036461024979455770510231771290146374157656710800053183196999404455184781822766807589196118895721736039897821084483097735354890534935923614867028120226821812413313235491396373751165259898902"": 1, ""-0.155035348228568779595952937272870276850727492449224897197385421244371956775088740242090108745809640854015005529569750003848234434314833981907697565061854019747781970859616406735633003882641540406"": 3, ""-0.155157422771182151925570805721674702923438060794230155242960381176877855892203391077718760726215301627890225267987953172140675846388783029461296495198595498671568442105735901835279143056626094597"": 1, ""-0.1551610573035142640565134183276268252141539656974117957376256959895658805971154262327354588811480912270867678090852552372904154070208747649690954778581865912329662465102875442749632727486608273"": 1, ""-0.155172201360256469226311977670920200936002388142965221402424142845465933271529747420657822813052155950517190799948853685751798336173865813059268825573393189021362539446414133827775299309504632774"": 1, ""-0.15526635921205397252626630774411906203517606005396154487489361188276007224049703090342185616158680823311027856469968494666927351571554920414346333439422586317483541892206179859117465031680508573"": 1, ""-0.155817024521291922925511945904672479599397979494204675651257879823540531323849401052757325727926585126650517417853630134739970728479842612202311510633452098131457949004642460911637945656450906962"": 2, ""-0.15633070178408574715231119503051523827937731850421411312183219196129566054362427035775407945083750485961575219588712709714404847505678021281914526250078632258379633490878205373016112864678501689"": 1, ""-0.15642490817641290366922311674686514119152859419497876546453252961465163624208492976652940979325379957168521851165694491250044921318779011903091300311747049449558045137894132328499267994102444840"": 2, ""-0.1564325268592714751805135602427512738946265016207051529251371421478563707336430342738250011789249614130508814467780289176758869918985198257299644625252359218274525460684167242022767307098224451"": 1, ""-0.1565231656159921257997234655855264699678938857772257505097138571863795083311851140118581706545428979869232031121839188207447681094888800356213822033699702373977642895643411216048370087412997117"": 1, ""-0.1569075005581161734348749828175831546082556296940632773366411570035194018195939135833246734449045360733228570429123487091420088626559809022034041659697728236853802588718291392223877146757542482"": 1, ""-0.15706534861972023778986004973082973324023408821219866184190274771131668456067746516271806529433594814393506476910796613872555202130519415412791954638690911442049172175169410350538332995431205486"": 1, ""-0.157131201080254678389159084959999809174182406489807380100468021147959955512110965814114260035532844237881466356819154940358682391011742570331420266936156272277793043572591410340269016160368440600"": 1, ""-0.15728821852181656301578088020558175710999752574558139448515092361105737081108306455893652129173709647225882386585645039283451913418279247908754529826491848076688496193185002836379093835842167334"": 1, ""-0.15747450411790583609114344739502061218747476227515236512677524594979689281350540909960946184491903786752584621683135946140312463712351871529322789976836633002493309887442938283655905212838069727"": 1, ""-0.1575878373314869230423792845426267869568134702336636554853163326087204593911224198202395803815793636448169288463670372480503663173724951637212009741550000348042711414547776953434527994989895890"": 1, ""-0.1580280011915400655347036044086982424784033363121834971700923443550789395293416741137920762585641942210306821566875186178135239797438188859100387250521298778671432826928805481084301459636580280"": 1, ""-0.15803675979717389249780946071702193656084622314023803109202863740476260978261823400139836699797589551966907956738239280759927621802200573982561746393729034286916904770502032997418623500346424178"": 1, ""-0.1581317192922606003259296708057199968068847311232092069577593059522830551769918137656165861311288390257852758769205206208141108836032541720271710930729042775579546833356976295853880636906475934"": 1, ""-0.15859629085584889622886196566296228617953655794095871138069340427498634242948925872707792712307346456563700027265245984278571673306782024539809209284770261713826449296719134201067131212539562072"": 1, ""-0.15901422348178844087737232964771843610182039637499487721987634549867711480946379400820406614068530074584323306708491971769225985330740400088436978460979336695279517587208815290844671147402203524"": 3, ""-0.15901968957740059694847230498567282392209879632136454746459490116479892632990625932432347545725785652253766898865094487297364631557129489428945055565043852060569118128909150859230867429263552367"": 1, ""-0.15923571779724137875921926613679041443323193678234994420274851180181057351793926446452636188769655357515752821252915182492098151777660483747375360775740302555842039189544695250477132576818935926"": 1, ""-0.15930902111324376199616122840690978886756238003838771593090211132437619961612284069097888675623800383877159309021113243761996161228406909788867562380038387715930902111324376199616122840690978887"": 2, ""-0.15937120446634562186216172126606418184882673497221265639059495953671009503839676116427736483589820163753988050752165910273080904241314865213555807140329676013507305145701599823890228834411061080"": 1, ""-0.15975855718602633345154938497243551048542281577463632738963030473030271348055318993358120833879223553684193031570344580503288490131355751077546474762316797506597844892101341695763418013464013121"": 1, ""-0.160342470552338874178206044363490553438144458569002795099810190444018004947127724944133829300924641380996176716958307407650230254119148472636662497378160162415618765088489611123329352686235483164"": 1, ""-0.16076842984396975737293959161822955028980552020230072511198937571274932921639515320561379416538534297683105581620450571759634159256014953988352821572810564431498506302250677515870539299802973419"": 1, ""-0.16114408088461692614044316240253919333924362645066149832830273705218353824375549889025295718805279309418896839239041045224354213114052812352382597797214001350405720288445374579325968620560796052"": 1, ""-0.1613408181862790823016552597109791867703606788045722033186447410318698616538530436292722728579949156086969702615363489464565143912791187500079645728380356171425732168085960165605210200238260294283"": 1, ""-0.161716996731012440091433070678582152539264402694636275327357388261708857038007851864898016548406247148273678892785662565557675496782444939818765340497304663688514651331339526883678540807271556719"": 1, ""-0.16229154439072227521775584588391134478362276412823148113454941723395071305735203716768521928070609965095889659953703290609256459681023393975697241483367460641042517865797761948937284614897742188"": 1, ""-0.16231497341573613339308705268163218854363160598790972270607020933180588175083741260282678598462768307821850198214974054740162139499984969454766495800904403441793730369980041250713467891727346537"": 2, ""-0.162314973415736133393087052681632188543631605987909722706070209331805881750837412602826785984627683078218501982149740547401621394999849694547664958009044034417937303699800412507134678917273465371"": 1, ""-0.1624616602885360703506004571434364661007423169548078908261256512414914239310024062166622953938664305776967725639181869152515457167559105460734926043459482033884157802467008227546756818602928964138"": 1, ""-0.16253058443601057246702487482510676949619245174470253907287418875818043731256385455406492934738853156336237055280212298870371939197492329179824970745973261682538667269673149466783118148325913909"": 1, ""-0.1627528858326620424856076137864121347864071293018336250971807239885514743911418353394678735652442009879196623717473038699507999466434717305746001403114138279262870368314416009903802044955681669802"": 1, ""-0.16275296140292844958061529328212388927181975757706131043215713704263654074645437738057823118077594898841661962441207986796228701838080804276172014925754343295560788675118369567705253224246414638"": 2, ""-0.16286648760509581411274658714681228893604422904532172906909367443913430977646364317265476304500824950184758979861185863417709340265265257285994795718881017887600884107757726249739176275116504295"": 1, ""-0.163133733763571368936571302103876306913173866832251468805176462987687335746156604703407004080255973501806201938284159266532249816494030453528430842294077167181256575281462991382609901261199755058"": 1, ""-0.16320124980427973250192655756931536804840370160111902316713100383561645832221490309726506342477096565486400198614035480205875059088265541720846642066316791263400999835656541432428554190442899416"": 2, ""-0.163201249804279732501926557569315368048403701601119023167131003835616458322214903097265063424770965654864001986140354802058750590882655417208466420663167912634009998356565414324285541904428994160"": 4, ""-0.16387310742609949531362653208363374188896899783705839942321557317952415284787310742609949531362653208363374188896899783705839942321557317952415284787310742609949531362653208363374188896899783706"": 1, ""-0.16408393688348115738106865634334340935247166004352492297646266208219184371497694475638494978802854181282160625634211762648506436128036456420666922508897892479713149482318105512149945699895133160"": 3, ""-0.164329782447585622811950903056185021315671096027151678107199361683790934356569439839912073072013181874536722551866808762720632242780794271136824386504634789542322584328235730400133244329256694635"": 1, ""-0.16463323353523339895870389384220375792787699774445161971529419002481535126329019493975242750686364398491702299612814882301171097942043416419534278872174826959986499232317280860711015925006555125"": 1, ""-0.16474602531908578288330612065100889751499216486100774920297792476834834090176303776996565075716747216215294224187875957730931059157884285044389344450557518909513571278419175648533797146833529891"": 2, ""-0.16523677282874200165893208302895507756515608055208103424810964845236667234881562205313385116444773165901202173434223233960315960749210328474656795176633934821983978834016422035325310871116274932"": 1, ""-0.165471121392223572590074217913483552416351078540185106809489174487619028846101796233144597358272473648130669284094175541132457796469239004983088646927792310445467809968638133163577257164840100692"": 1, ""-0.165723904643652768900641578495209816729914759481294790146437183888631554709473627121460069405730387040256313536095530332202725153347762009349710127728200098009425116863743730850284954207211067427"": 1, ""-0.1659716016284380895640949260252209313871512262933174461324595372852745506901002879555158375533710654354085989474729421110118161056498858107437195909045774997517624863469367490815211994836659716"": 1, ""-0.166410519503045809062625556881935921454125225028838418092172467274870729211805934125415802497196549375517558298551269653621134924054269070273236777843876302099581823340875652437454978478035347453"": 1, ""-0.1667319981210854320184949526654275332646755353707426224044576368219179998932630697337446088778012702866944190669474060997640056724734920052012776383664119612864959842230279775131412022825183439"": 1, ""-0.1667789821913341198812404724446778995192933490519843907358153851110351460454090162103458224539141874313069778581408294828211091166617458171312391043579697694801040410210966822501485931431389640"": 1, ""-0.167253886010362694300518134715025906735751295336787564766839378238341968911917098445595854922279792746113989637305699481865284974093264248704663212435233160621761658031088082901554404145077720207"": 1, ""-0.167482718894009216589861751152073732718894009216589861751152073732718894009216589861751152073732718894009216589861751152073732718894009216589861751152073732718894009216589861751152073732718894009"": 1, ""-0.167909645871571798449526583460878372427861334463269733636788529808413386846503269569546716941677969215937099859989865011245923430316985274339065509068078622676751447803205070744602204278358907859"": 1, ""-0.16810682901784679529669116122214951894815426737978475467728680173582795615269039157066448728831890958599611534988183595253216575904232024182694361352286726463977332367037658881106642141656851721"": 1, ""-0.16838642915794307547935603611389908890042551181573868229407615807294651871246661974843909700025298715051227926768952780723186026408428412101175747791286066985993929580409077285331034176911272106"": 3, ""-0.1687460609974583732343343530877219788128999778269931196456275227421926442499497998422530355363768053189764251562412477456264227728944557661544979320854404057436306322462501904444141226028419214"": 1, ""-0.1694088134182605274548492575850681521089848021854988410076825652008932226781118361601849685346969753528634156645023207486599819624173585810736133568724023755493053791322949890553466572461524006661"": 1, ""-0.16961801833285651360657994633745344535969666381617067084082750600801119787323865652560493960545958246733440665913630122616787737404045926826551164627543493646429351848716121941650447537679741544"": 1, ""-0.169798125450612833453496755587599134823359769286229271809661139149242970439798125450612833453496755587599134823359769286229271809661139149242970439798125450612833453496755587599134823359769286229"": 1, ""-0.16979812545061283345349675558759913482335976928622927180966113914924297043979812545061283345349675558759913482335976928622927180966113914924297043979812545061283345349675558759913482335976928623"": 1, ""-0.170119945487471060106366696042907571175624271971360581810682747876130005171722119020498386454921433324257310092269322665515246913480794544074833691272356420266061741662007820417185584267653536507"": 1, ""-0.170785714285714285714285714285714285714285714285714285714285714285714285714285714285714285714285714285714285714285714285714285714285714285714285714285714285714285714285714285714285714285714285714"": 1, ""-0.1710944309673007804892271021866611963265623193744782295467499395748520580138476866712754543519415348192687022288157749569488952090032870161673809855031464719634005824142870964210451299305619639"": 1, ""-0.1711077957338133072694074611972494901765851051463973594574266349697765584871891019858520556948168199951906795100963480140569692880989577755652520849669138213726820748860045718174129455383493060"": 1, ""-0.171144234089078297688020764872033094872019443550455341174129247241504021066750460016730564268847820876144533741129010554411272581754922901567091291758401348889873736813022548155582375897004091764"": 5, ""-0.17121259262866025031627270408078272826833023322259893171268333425826961525207728571255437839341840688528226340549948691584000463204943033490105446212431003957490957405592425176594644343182679861"": 1, ""-0.171346173653311360593263981872489442785044803790297661963126995571119579771346173653311360593263981872489442785044803790297661963126995571119579771346173653311360593263981872489442785044803790298"": 5, ""-0.1715981253678492961275312386752252609918048468438144327900589443886832421083687157708276256795961715028718830510104116492072331140232601400886072912073502701562733524382510235783919028544743909"": 1, ""-0.17180826560524684548396122777726207625241678196217071847216709442449756475619736948694223011928674919205172124389358531893184898084986306600411323828221542406887746396144005041447276914176475309"": 4, ""-0.171957805092796798458057759878108443501792485293666464843101389613589073696188510598505360742509372144032971975483694090186477002431998874579164878884482033442491192298936158000538460402261735997"": 1, ""-0.17196916926999979847530991745447855439624272239864289458301011630321927252149473313565125516776156562679337206730508993517794765573844773950986974292481249599183256474425424674123345943439917227"": 1, ""-0.17204767696956682064013010689339208821507072468037758334267878970955676836367266608231822436485317673198361726306524932849695297064536962698896203590187320391720756037647598749283680937576629514"": 1, ""-0.17237747290107114307201785840505300374786751277318023907891491923043830523353938361447402041418426963756400389618411928922315201706689431324841053833001000494220650208657843273877029752885652164"": 1, ""-0.17293073209250387868307673887912059142311544115516985908053514294024446971254748003568555056409693006067407995221007758816160541809114457958765122685845817265169842753845065116996214594114583096"": 1, ""-0.173302405553638766469778380642069720340043739032886940698380497445041008480128148762287483942588302628036902398364118861069027134539755293590511297149939231096678789249257157879052541246195258883"": 1, ""-0.17333943835162432926099905878031781639622352447807693465171504368436109560599910497955733339082406591090813826519091895599127755467168687652123267878891586274969922586634462913829078208782827118"": 2, ""-0.173448546321427743623735292897771961515852341390382780374182944138866236492215231325653158983065512766879689227990546876202573260723385619346155489081829381171181865893630127104885313713325481377"": 1, ""-0.1736418397333434052339086284139758740805355225030316483884168105262863892336430262211828316450434907491916401571107750173655451040004841595077346556628736933081476164194936042000117302751695262"": 1, ""-0.17375110787113587998383350516594933629578870406935459076712804366088117499504529247587212361857914218577432270009977343208757143653032773662152205590454001628839889420083596142073591016552712764"": 1, ""-0.17399555741882948664515565972829469281515147367742424688701743967705746094289749762923488291623058130185852136440248557995383691602459460107389161942382154680539270298775322888775338055533527976"": 1, ""-0.17512959498145800069593201428822771676959040512882793283942722639999449556046597306204231734263282318484646829097278939391996595759066953377677263058255739787462662328446478416172458481188040122"": 1, ""-0.175401022566688616814294834031486996858908153333374877804214672704259479359384567102344465132387433365906764913474516601505378887539909886766118327086636963744604223451110164991546414452937213312"": 1, ""-0.1760507887481302736531386852400238779700921074585322341520838758314473322794740456699106934852557135522234326159898142653122671604523259946299577468914474922045426773856228379860812393510335731094"": 1, ""-0.176157900673200460091179498417216878646381091418525542243136641722766878147184790478702010746582889773068658652357629319697927291442802835858631974805953667135221879847236222041853289738670646347"": 1, ""-0.176223100405445803213843172459377956763710430344913718704615799741205419203148891512620056435586287214519781086430227698839484721266930582234295037202289982514036405851246711502159440603599588393"": 1, ""-0.177271191677824698733134205376454835719435575239468534349572561540838397363271191677824698733134205376454835719435575239468534349572561540838397363271191677824698733134205376454835719435575239469"": 1, ""-0.177271733490636185330463573372371840813102954423869035355829004209734028340794662382620276043730685908172029917293692742629273394621854038496073926929187859666164670884783298377417956691838752106"": 3, ""-0.178081019491349126279613148056290312516063900552032548042868208556154358185064145644931814447705140852848378750454556312081361170844767309689951507229059287771389751703536828639317912474026277537"": 1, ""-0.178222987426305629467313611937183701153023425679553399071320498773934366358845933114206709448531329889914958000730422079616006678144727917775343037512391088850628684718526634319403140814942348829"": 1, ""-0.17845345383928494314531856168805569284276551938256209661866115932354313464857678495784919069296517459232157678815723189481357521328487655424695054690617026527486950794995247477512803354999683265"": 1, ""-0.17861146626095009559552669670656591120710640571431032861170889469757381572813300189935585615800281868212954578647521900410614816069280146081018498509603632005731650904762708447027858905782594861"": 1, ""-0.17891361003826885158876819625840488980729106172162368473896802209542346090231328067748108139013577917384177949058439465311169457304716776705886657880758576540432705802200540904021779659436747474"": 1, ""-0.17891977921603355683019660402142246579609224049863335232975664377178198777496800117459862944990441220519446944399743094030558033466520198197307299919551949285499727411180136877861382140754114169"": 2, ""-0.179274922150335892967823974623353675771583018003362222435124726294526278487183155414917835340023693814290701830718006286136247019484298661254155915674869849750325700379495610303899256766842508473"": 1, ""-0.1793188949049666458737575981606934848260278458036617526858757699442003105996913378250228912590066517908208568722400134355673180373839167275733723871320206570097588794756094769129067750300288393501"": 2, ""-0.179426393716088242489500894797154665289850186463557378717769863402742702264143858902926873348040008746836302099504681490650355430434238947158685275847577736351373308476650853233839049790461900538"": 2, ""-0.179535582345494552890433915957654054957631757799077057251077770494456567742359084693993254972451440764369405110510717238871745216866374072559582443205388869853460436794603495320784547298440016548"": 1, ""-0.1797110161539706759270746960378184789690369399050407728951369077949092554183212051339878256236254178773548703211495408487342434368142224194960253024666305889029314170553305218768080333460965544"": 1, ""-0.17988168023925857233970132787764391725111742450919248659515000431453705397150225557994313881711846318880999487791208521258580788460702467690075673026908731040741569203939888301076641090544948067"": 1, ""-0.1799262079850497397680094784653825564755861929138829497455689008670685400014895761505415762310515275282835562960499980117597562651237334757565780108825706617312222830190225112143721365750124152939"": 1, ""-0.180031661617295995487291386263227245315179572623583641419796412454286404584116536069807507462673768011553469949232381268554644413873760870352415417860657169106638212652720270906376043723317037152"": 5, ""-0.18025110259458111379424582550251033610329814741276758349427082445069194913236917235231018450714645329296441282605542530818950447189369412465642131146352467581188703830580939221966713451552904265"": 1, ""-0.1802890090519484404951820629737799646895424976169716742188510666742832436059143200362389813575742277054251509988411343305254968743879434206464552761632980632545262408602586840629933335338327217952"": 1, ""-0.1803428811925188424450796527384864337612053880608449212747091238140026941131125532284196722725181948628888645865350466130933054623074267455440147839071701543025390799992081044384199559536760767"": 1, ""-0.1805171105245780813082744745647291083313125160452654420266329932399466043280773435567083103182912192262813656664872865359367618385250606029305705869893714584553958340533946357015216935474936613727"": 1, ""-0.18063983966065162696870317658339337004698421724794043949158259586291857839007611808238602281415675386090068814050988360376001524647361135538721930481940257095960198862005069253805338407757410746"": 1, ""-0.18092311131477505195981748323871096340991372643300176385968159423842168133497528845088728773463070634115231993233875582091932490168318117320890305875344028448738806492645136048269457861450248552"": 1, ""-0.180994195113265035396206373354209229953741053436753118655177985845179752598976680137941511436739489108775982165157037331920743191419680546646084693790817833864174297438155533152060511423963697520"": 2, ""-0.181027835020505650310845799064951358638170782063834583031619887875621946481709421728716452940028742036536675002399282155145210551844653686148800734319186260155369214950530335907490460699256112533"": 7, ""-0.1811187282293286438969943959034418216635543006805952362085890775707283120524299480588646578528816439858726199872759527296352728299418236982301652195275673630255637955207358920580643010295136541701"": 1, ""-0.18151126998311984907159169893754344156488928606891073379009035845496971502333432628338794558633700724853539866944692681958097507695362923244960778472842816006354880349518419223513057293218151127"": 1, ""-0.1816097042732610732814352110001629805742211501240497685530515518417611689012224562673297828942790743034377551835619145500943139850728776703274629504957964896374291126212723978542588570496830207708"": 1, ""-0.1817455874911018149869135990157847486165063780149820151337567845703757039884986703345302562655836608567780867174922269665651193833232239952039585747792893153038307406234343243625793157063541389112"": 1, ""-0.18181818181818181818181818181818181818181818181818181818181818181818181818181818181818181818181818181818181818181818181818181818181818181818181818181818181818181818181818181818181818181818181818"": 1, ""-0.18204157842385691302054338465930200223486396491920205532028720316076786215032955912969786181124889598431025057961260936680836844144509794449980171164848518832515238515200392367887833030684182158"": 1, ""-0.18232501595833904886410937786373578798857268339986988844598304997642670068871489850543612834524948666213717739682526152936218088536216731982069366622601329533098146228010264802334451477370150327"": 1, ""-0.182372881355932203389830508474576271186440677966101694915254237288135593220338983050847457627118644067796610169491525423728813559322033898305084745762711864406779661016949152542372881355932203390"": 1, ""-0.18261609397514913814702343056845684077946675970612779938012228492755612232494981741145483985561489807503365255708395885425615130254871956850250963513553335500944317261306743684539504398851449786"": 1, ""-0.1826614635274384098924531818970020029358456673019901652221488588823256664614997024480864647557578615996036952006746606027566163505841239583851965985609967220465532437327943890773382501296997169"": 1, ""-0.18281108571157107632013333055574953365287843663412959143185178748912958565760145934713460475747963084384682805587601525025325125474316808255716018798940900017981526935369136585792691958445195224"": 4, ""-0.18299991567139476350977688360838098092462362145139328486160792897685447834476095473654535553845434127915910231840291798982591318482726127744414548939315049544903287083440987634098064695282924844"": 1, ""-0.18305186930836581615693701649281852882156719715268034016987791131611358118259266583115339624435502562744102609950595309443122953014293863745549524793646599985993022973575787598635137847649500049"": 1, ""-0.1831266140356817149430462239006103047655875463700842822624366438392259132108724854071550815890167500971923150439177425419428809695011356042563829052500157264516759266981756410746032225729357003378"": 1, ""-0.18312661403568171494304622390061030476558754637008428226243664383922591321087248540715508158901675009719231504391774254194288096950113560425638290525001572645167592669817564107460322257293570033780"": 2, ""-0.183126614035681714943046223900610304765587546370084282262436643839225913210872485407155081589016750097192315043917742541942880969501135604256382905250015726451675926698175641074603222572935700338"": 6, ""-0.183228245575798092156048269789110283133773394993198055687978126313578525180820284806176082393732824487310956917930774261692671684307201114304327950663830401848812196999689896462270185164485248"": 1, ""-0.18403547671840354767184035476718403547671840354767184035476718403547671840354767184035476718403547671840354767184035476718403547671840354767184035476718403547671840354767184035476718403547671840"": 1, ""-0.18433679675310730782871082881434866594471863358611883929572727468881082324679214223105524039091411792712530421042705285196102103997718174320245932418057843276843667183193855802803943861689245908"": 1, ""-0.18461486237965779585979755337967708262291434011702142907980128875822872225008603970528463810556063385281388765822691740531925211814631483359191939730444112238807153017742243215246437002698320321"": 1, ""-0.18461534141380728915247547188970769382316895133224742115790865466091194770250403546154504219499221305393684160193422780276616525300713190340826311623919167351989544994765121872315145795778238731"": 1, ""-0.184926773518308848062542169269024745691108567352377901596300667322510811844376020587013975771745723663710607547780781557461623747993885798285845822118063812753106710209453484752032532480022784484"": 1, ""-0.18506453144343799192913280654473052517672496256441965862235858282508342903974561777603866522806350397995849022510030267760035534444326610815004348934179626275459202154080441757139574201830118830"": 1, ""-0.185585378543237603264674529372836650564884335199533794631658806158000220368004883826968307925000263195071672049833727434407536878813771813848429828806154048801877531494417509218280745259761385245"": 1, ""-0.185672053422141935509954300985109714187736976129116397968501913506744213896593231162737024105485517621863836383038643818382379365481634712884171353124557087911504732434055371957940745878883791082"": 1, ""-0.185861693927823692183944803095477064762893615298491887053777956406252558746782853121294779742878827470043909651516245240619873736921510067515293498106816628845137653926064923387426600723066804662"": 1, ""-0.186111008835784356377469069315607762300661234784060343211939212716785670168792181269171270819300635448173867221157323258859704221372077457561162314376690593555162120053881415519846426590587786313"": 1, ""-0.186440677966101694915254237288135593220338983050847457627118644067796610169491525423728813559322033898305084745762711864406779661016949152542372881355932203389830508474576271186440677966101694915"": 2, ""-0.18725510420999505036429042300648037023970455963604468432603498102689192525536368134814999790866143767091333609383824188676629249396468734071848769011589920017996071424793149530701126814170321588"": 1, ""-0.1873463240334133556291602466966550511261872516436129078977032039436442926202260014772820111542123238148695909078791742701953333699431666145667968890254244458553789341320715797385491298195238821"": 1, ""-0.18801551986860611147194912978377225287562570122299008430483315849494680355064855006788530034979818355943667858206695218323902449899802066516507639219208896363367163201895307381785717305097240774"": 1, ""-0.18806932555951836393918969596486704515990667468266300191032365365204963729871655255202547609703057589246983598576000108050583623608216153939445559161397366380739733242210119802348570642438596023"": 1, ""-0.18840718637460846188607770602356336627832128420643438321100327205479463535273569280927411469243305251546801142030704011183781589757526864894868191881321549764555749055025113236464186595046671642"": 1, ""-0.18873718764587127260229687050914105177261226685185744748571302967137438911193931832291440328673641283734574672712481841261666140728508591762134427065119062437231529493240988866039678906298122397"": 4, ""-0.18875974025974025974025974025974025974025974025974025974025974025974025974025974025974025974025974025974025974025974025974025974025974025974025974025974025974025974025974025974025974025974025974"": 1, ""-0.18885427446057517532041882759971432768721557405762205975301793266834173253740668236462255703225532269630362383616116606191463710799591465341738693232505127845069626438967248406382966646313908350"": 1, ""-0.18983929830568359808338653185034081501029756111135345385791892410818029626307664143034271327226002796778946199526801350878137684398280767280235690800538228851019130346480929578402075097546707765"": 2, ""-0.18989520958149525684534396966920107369367914221270046277579834000709010036094005569707212214481818399569057799889375680657477456554869547548438365392049950559996142637804937388774575978573301464"": 3, ""-0.1904019242315187885547607783668785638759004999046313411365055376198759078648626721888184912669734339999387222163819177545714213923304596932166197013146992292963577766790556907769862442457525752"": 1, ""-0.1905315213455250034831983663885058279004364990307713709609205741301922866639240622532111385903645797363100703617361710009957508411791260706255819077751685534523397617335466736701182825317220869369"": 35, ""-0.1906947062228407218120302743880499524676452242286311255884813880277869371284545682144128031216111793717677244888244274572647973249323089652826022658911497830221476258057015006651494601452905762"": 1, ""-0.1907331410837766544431436447871473131756853448876864052942114701942336761532577187788131343408678813087662776300183467181315605786824017708547468744866582104384489292172284253904773054306636482"": 1, ""-0.19117730929760306206341230537875327741310653228788109160582893029708537893034361373821462824841567636031513112869203664870758036332357237929096790110157138077519370996947824075523796163018432970"": 1, ""-0.191414539087444638994747141827170666392007415799773406118034813060047378720774539087444638994747141827170666392007415799773406118034813060047378720774539087444638994747141827170666392007415799773"": 2, ""-0.19157661875728551280542126079073959060561748373008938705463871644837326572986049740649995204305512135452494741216219995078426521374853130843340314778573583693166398811030757967353357416368667615"": 1, ""-0.191693469601550076630364060547128213809602978676970161140252630864230306606329369570645048988020754198821547958195762021906518505940773553762801971053708175951474758138026820742602215697885912611"": 1, ""-0.191991191219999942421517119272708158398926492113897969880860033229491220720427066610186072905074733036226677733515739981479413615925270782717105640835660713140523589926929784783209559838399763504"": 1, ""-0.1920103468210883638139465683425583429820861240529112823944060702343917540406971531898883528020543055444041433102973679241158597096041806028267034709440675911284401185086618632980036719585131009"": 1, ""-0.1922939837899726266188680808431120013048202965786622956542883817254780739828887566435939843358923829331571978669665158234473850447040550926156429326937763209095792194367975062565947778354220964"": 1, ""-0.192355937053452750639104254256784296860025121842815501304822247888102181540390802914177926468947183237355015667492049872734045468806015285726256676197640299628813928697730834313728288576330977562"": 1, ""-0.19238341968911917098445595854922279792746113989637305699481865284974093264248704663212435233160621761658031088082901554404145077720207253886010362694300518134715025906735751295336787564766839378"": 1, ""-0.192824083744861959353237015407416596862416561340726202604028671300719870838465695890416267438087053846232835486716447594353757402134137176496808838902990489903532762420719537347996017007150821059"": 1, ""-0.1930958542300005374716243599265232505980107958080767589063067956087073302397673903760978325175168151746423583913754264174562481186306409788305278906231893588406822427157693939875246340113324707"": 1, ""-0.19333681001412959594511207814617123394711954411511190092204877530075739145425281504407241699869337487896398000267447312073957237430379114620506764322528569334104526787426109624397639374688850830456"": 8, ""-0.19372619778815499116394940313837141560250850728440131663017639878817368779913476471417444766612510323111192191683880967540496863893867599304819682992115917223415668321682678710943740367285734618"": 1, ""-0.19396771539382417963926737246833043491033672629628629085404541027323448135348271719398460609999143757196689870231483211267672711606300753461834095392113491068905635776004751762673134427745163973"": 1, ""-0.19457627118644067796610169491525423728813559322033898305084745762711864406779661016949152542372881355932203389830508474576271186440677966101694915254237288135593220338983050847457627118644067797"": 1, ""-0.19479339752335957992730694097429836211495879103787678812754667299589625634298264559887157566134955384485764825231129053566089455565970642473326875268933307639948899444438841390380725527050633464"": 1, ""-0.194995716425082907137976579343127757389328139505070560332214527149555896603312595097868626995843306564324421392360822772964972083326751847901296422006450443299332578868098756601980662585155228759"": 1, ""-0.19514156852635909320229354576858138114441048301422896985045799843857331403922284509313749722681833458570193752169395855581250445654808686303575056536174300337652295247177740452330445060796728757"": 1, ""-0.19572079087271632568858665721350183560491913342558971193919710472922658400279814422338131275430214009715417911854502430375496438939298913705440237746461710385127587912514773262179854949152963060"": 1, ""-0.196192981909719843888864083132272011529614718469964221592156017895284676756830055842790601886236910588685067963884428951916985920741521052062031426455939590975699797443190392251789868019575065899"": 2, ""-0.196210703593060721317003988625950402635129678329762673540924377502658787635352520886402045804306818998383966749585158802465540462080760803306643870220187314599985534891768515207904659919649880491"": 1, ""-0.196222674388271508321594407053790368863150206083372463087598476548233943757499869567485782855950331298586111545886158501591276673449157405958157249439140188866280586424583920279647310481556842490"": 1, ""-0.19625657829411180617614933968821368285175255684639062655148446033164531824049250322708767748982226194022440671234236917883030483566676596167212789196703405818687320027802601529143084102869625658"": 1, ""-0.19631827885832706329526021812889597512885638629632048940497481700036166109357633404851863637965868054081914784927413060779269048708927641454456474609936391178063383675776538965118889010131186612"": 1, ""-0.19642663661790769119434980352581364591055869186061558916275023881658211426962348686851955290571018969572730490757188994802132030290976875045398065176803017712667335808997294394969814135808367741"": 2, ""-0.19662591653664779501729155073530524367436654249186009524877575966806487812991161837979225641697505912226699115778885637542508910930899385941595661245928366161966578328740112856324206785801862302"": 1, ""-0.196721311475409836065573770491803278688524590163934426229508196721311475409836065573770491803278688524590163934426229508196721311475409836065573770491803278688524590163934426229508196721311475410"": 1, ""-0.197177098499226114124200494684456645958709845406910227503963580794161950651008673795025250381759754582603930601125334893549909634046889098342830916143416810828426629395495567930095230049051398852"": 1, ""-0.197227831107810802070530357210733537413296486527722622201922468078736774173272215983804693443514489100749897855117676574271547213882601164994414462591496912987789815288320633404105421126277234471"": 1, ""-0.19759152687410905075879854393187328966095766801056642395656553244783357873611897078571235327523696782073471251160284524891121062784649353944380269419481001051088988471934286399372274544869485587"": 1, ""-0.1976443269480367795303509111703790706262242960642853880038893481840849157623950642280630293027304934709841252279318047387950024252421001841360697603226947147600754203003819112115937664293306906"": 1, ""-0.19767141422169414573655886416469490727103711471267812255886602576806835853823123982790162658647805480426523703280495120049569044931042152007207429882799177394904505775636534088938852573797650048"": 2, ""-0.1976761247340510682919510810581513775552210997190025975840321554575225174021385561404207365155147695148058430099186834081888726269332458956679508392408067211841433050025791449509099698091393927566"": 4, ""-0.19791046001476164805254138786739778416125755942461891861509099137076622968398072301021112403621146212060850160906546280910293895481215592310343181995516107240578975943079355567685697590495424143"": 1, ""-0.19846792925937031164764791963356761990279383641941996639274499595252506387211167805522528630548726710236248239147334391258540010305278166651451366815885811917924864866925769567983377256921367689"": 2, ""-0.198530937519026687730734374414235789361645078285024884454658221261483615971122519781249704776530836457045097399190193705993477574863272076211479687476242255352910690643357811564399581182127985735"": 1, ""-0.1988390226530070792412746708418459907482106873506237310355971690359505197953360275883022873478978217551964330314074663841486382839361093292169387581635667728348594876311066304121022847927395039"": 1, ""-0.19890673559183337107914868594338720668822255654029789241713743464063396716183662170912122498945291290587838988279926322141563345196727568900636953660831010124396477650164803752699078257338022951"": 2, ""-0.19912955648530247378266873360732831008423263139008015464016718932970131097059637650536543280599650468799634236044160132294096186980534018361624279595100863632351310494439177143673879733077469507"": 1, ""-0.199202357971679681739470791752210139211486464863137739877890716839711921062058244818976925801202326334402817174683583222742525174701034952302353894667217125879798077532521232074119630942777359121"": 1, ""-0.19990888904124006785953931864017516158895777782781689136659305436244400651470860153247509194919971636117278113345145503065433095879848202638393297545884266294477819115186215827197638414188276871"": 1, ""-0.199926620800231802800253306404397004009853101610429668340699697506708763045125493031371046058117439263456381110353734185711445621252424622281794656182127909600767497843458943462434830566048879958"": 1, ""-0.200166069848998063862049222212194018196299352293695297085848326762699591950847281824988064306511528501324635736388495027391610084396361855224105360974925511526366524205307584831913218207037278621"": 1, ""-0.201186877574945072892718670726576826942633927906701029530412610720782694758581010395793379757173200520103181357072881544450631798162820980620251038451451891093913467067757165048743319981320736"": 1, ""-0.201212851780117350167628236367225983279988132690280019597479221862771311291594780847131592066921953627124792937116577931516419345759039965030158544692202254235388545783251090127857632974062245479"": 1, ""-0.20121285178011735016762823636722598327998813269028001959747922186277131129159478084713159206692195362712479293711657793151641934575903996503015854469220225423538854578325109012785763297406224548"": 1, ""-0.20121973487246578112957315042486510059279241202835982468946477944404117328212357655842106486066101249750912563097253197377145290824815525799346552184332139389819620275947585138595715824032842507"": 1, ""-0.20155973415972362407009122659309549444889594992007268136599889141498010645268213492886237056780045548007017643447938991364302448857576306381208072850939542798620021059741936515001050740120376135"": 3, ""-0.2016229154439072227521775584588391134478362276412823148113454941723395071305735203716768521928070609965095889659953703290609256459681023393975697241483367460641042517865797761948937284614897742188"": 2, ""-0.20192435117061982727475804154607321209546204815696130906173171866835557578508696558525164718883506861917398192320708491898736474238486639743016032181790487039189486937123181090380502625380090841"": 1, ""-0.201926727012989603301213753158533097930283317446477828125673777828554957372762133574926542383828184702834339992274228870169979162586289470976368507755320421696841605735057893753288890225551478634"": 1, ""-0.20213588513971566421835124128694699144322251492520929920414439788768616073193973665357526742839275489741406525290464213200536717081418240085499628071871713278016886237365778982368151507889119252"": 1, ""-0.202404571749233584565934395369846485783482738507477932283662788317520035921508167376378928963633575931505184861153800621507910739497432356607253530452095602057367187733322774725845599412715681022"": 6, ""-0.202499082760002897535003166330054962550123163770130370854258746218833859538064068662892138075726467990793204763879421677321393070265655307778522433202276598870009593723043236793280435382075610999477"": 8, ""-0.2024990827600028975350031663300549625501231637701303708542587462188338595380640686628921380757264679907932047638794216773213930702656553077785224332022765988700095937230432367932804353820756109994772"": 8, ""-0.20249908276000289753500316633005496255012316377013037085425874621883385953806406866289213807572646799079320476387942167732139307026565530777852243320227659887000959372304323679328043538207561099948"": 1, ""-0.2024990827600028975350031663300549625501231637701303708542587462188338595380640686628921380757264679907932047638794216773213930702656553077785224332022765988700095937230432367932804353820756109995"": 9, ""-0.20288462677305872278812040672933678104242961038876815418649983075920931784982369522364549450076975702088856209463954921443996435764281255343161658295509687497881092482291257984932065357432141643"": 2, ""-0.202887415948300242320754878764945591556433364648522903555489240598689033003502535523676898300250341810966320702707220301842771897041275677346128806072992753901587517565903166139928030685224806802"": 1, ""-0.20321443891783916783247630983027650042946839384015300643851097680022877615856765052981429943956064710187663997218483508234963116132823339909792537142438493654227583151704346870931056777535847885"": 2, ""-0.20331295216180080810202100213335207290126777513895806293357319820461050603038244274498415296458249882393632392279167223101419515355724838513500260383910440094282472218282829146744154735952416935"": 2, ""-0.2034058186873200278026015291430841028696256578294111806176149339688213682851752556846390626551484460331645318240492503227087677489822261940224406712342369178830304835666765961672127891967034058"": 1, ""-0.20356502563799071390056693588168181160068103722783121676782503435569318427855217041107463015029777384787581361041855755691191136652419044763043268808519267989701422077168591418631317075588789909"": 1, ""-0.203582441071071767106182522388895843148313609552997009217969777156630810764287799236780772674791202800150539881124424917269026479042345519443316720479039685048548064643344056410503054009143795728"": 3, ""-0.203646733392144040431136668138020954799570289723613665408580166533385472497226182768181949183050523753620830446103125269017552543488484231904807145101129097730995372480702012609246265958445804563"": 1, ""-0.20393202508046330577381555357444255852451645985805442466814276524894095325138513230369412584763859157565232637456831275838171596533031327732840302845521925016717803341842957965164437805809277041"": 1, ""-0.204170941924494397267665299331458723629534906718624293997802593216649349691846429538006790579443927352160322351458131871343442515881872391940097639962989909118204629289229352108643400268074396104"": 1, ""-0.2045043428212810608607087352364806814143414523771856552313051926195540000030508576910939891645993337792396758960463067270297928916071151958866951150179820550070332951461333068599819376682863164"": 1, ""-0.204709609025524263675202282133298706386329160491832976939759749414344452428776567559348188731182463357127711980140747401444198437332838139808168113009097124660690456289657270795615717147047161636"": 2, ""-0.2049222797927461139896373056994818652849740932642487046632124352331606217616580310880829015544041450777202072538860103626943005181347150259067357512953367875647668393782383419689119170984455958549"": 3, ""-0.204949315161780203702325548673512046571519300808043398859611392976154017755001201935190016922013696118276510769269908472445959146647319395788983533469839104536694772009347894050385975369070598597"": 1, ""-0.20529327953779671175913970935708557779883438035274425681369268651223951673358610276828788861405037468048157131497386393899964115488301469700396807861938672931030586200086980090470898679968738549"": 1, ""-0.2055486459903870107797880253611304626001524148881246573173246619799669087918061497486566627713800858982783541395233795867707264389632427233999575939935223275059042922623945646309890524157949283"": 1, ""-0.2055670041011300621691598129902717276341564127669166063239775751243892963418843457432905880057484073073350004798564310290421103689307372297601468638372520310738429901060671814980921398512225066"": 1, ""-0.205615408383973632711916778246987331342053764548357194355752394685343495725615408383973632711916778246987331342053764548357194355752394685343495725615408383973632711916778246987331342053764548357"": 1, ""-0.20566779563891089725211161964745506846565201469621051854300734221623468037594165472472995225864445611746703344145368930885884366008904182266323801448429433323315045499590359032345744325815218784"": 1, ""-0.205707824906219542891911958039843194904783556545593785444767789567424974421010824785511975596264631099054972560150513949616632971556257970300676972899732096520713689243975437483913529399862311389"": 2, ""-0.2061840712983640317595969067901666404718997143240940717966512583941888411135599161377074374010250843293920076452129470249191646223061004864090509741021353750633299782504095899230828978945025595"": 1, ""-0.20618407750728633320734148885357138072353393593717189546682048260016260419070163520337072019275013546618151549646359635338943471621683686135590594563190565070285342992468150971566457030467157520"": 1, ""-0.2063381417224746261110471214559141256063456933621049746560705815522435044635914252121820469624143310690807002015397010321976863549509096364992616828116458530510140558445482162291986987375134528"": 1, ""-0.206477721424686128724335650497291498374518145087433531883660172279187354658553693542511853209208477119457063579456375737570043487633455764054806083220839914084183013144118741769250383673100628239"": 5, ""-0.20649041023938212627327091514100775734546662337472834691962461920822096516210331425320236262673195329699926471293898573248991980469632824522113731164896796870232458085155330466097147054222318697"": 3, ""-0.206645676351571434758070570155791968529125515863316328678011207552862641538525433319246125190927769762881517888309935600660063041398466425158812473299416888199741781119364881430239027198533001732"": 1, ""-0.20667533800262324553592678101931083589777380120514599810505159035985888920867515944406561459534974214363023630440509432599297687533941868000495594072093803808441537203500130584648719798972603422"": 1, ""-0.206983892207971383578705851124461246433502444850643810738119621060087227991667517901187169699287940333639596782619372870938000318158922689656564284353306216290623975486020333985610010662987386888"": 1, ""-0.2071809012092322885519372490109121218791102710003684345769677387626819839967882755892225274323455363077851456678820110132165918543823670354629492500176617792147732761765967121888571565396056534"": 1, ""-0.20729933720779204331991648293132958053710107295833829842889631630299110150240912031201516949932051470068291738984189817968253738588893337466945790659742184861986619309437087098073403220830169751"": 1, ""-0.2073841830404685506535411608082971750788259924527837093086590427323420931557339544206027630906068767829698516609596113290849432104785375021822929576217590970650614055553085375827594865283320634"": 2, ""-0.207582923052955495497322328189939609266997763134662337604857112228060265158256109065512551484595657264873985349512461467624922759581400738683530330673304820232967388108945006406674844599151762260"": 1, ""-0.20784736988412469275486715305684522648355507003238266162069369123327220943388865046233077133159065194491045998985603370918028949319183800866138660216144512504389216183527759353907377784713823105"": 1, ""-0.2079028764070916898830045639455444612570590995463394258286393247389732412065925460709456615437634415586606292146800557330204631783196233161100071264645706003289422158113957657394366591291388312"": 1, ""-0.20871097960888147132995176668486620385864324755800994700269870855511609249527580450865715292566838443857785143424815776422185400749294253811371905832047946993972615351665598518418774907929284852"": 1, ""-0.208792348635186038103210121915526518418566922777578526289756396883156506940289735681212409504140359660967224095870840319934124089980623493610676512194880782965590824757736773407099233416604568242"": 1, ""-0.208824918890563267690373239934387100069581554333085164707177714626088345725902855509933416501368444364109748015396554085890820513772859729168387254552680001949039183921467550939233356771943416983"": 1, ""-0.20891503632018828220587227265626182140401445139760135120182424464731893301303109452852927244303600031740867810515065989888915717864080597562945390073798889047089489474286369909844469709914478696"": 1, ""-0.20892806755441658623985391507031583245718024403654143712474480432176809319756935982568207442603157984982902418330366383198118615504979953043213678538561775067507001220964244752956618064466094815"": 3, ""-0.2089280675544165862398539150703158324571802440365414371247448043217680931975693598256820744260315798498290241833036638319811861550497995304321367853856177506750700122096424475295661806446609482"": 2, ""-0.209463015593008895301882923927409100141212075124438929868519718191907883907695239892074315862630587478810969300090579797336126130201961182562089515171875406093007451415634207782931916913009703878"": 1, ""-0.20982675756519484799203308704761586669111689222185359441352673580437053544802871443217194671135166707121164832838853935107693160823018371365703995234130867322941680546648812037736303796487375969"": 1, ""-0.209831295826832389750864577536765262183718327124593004762438787983403243906495580918989612820848752956113349557889442818771254455465449692970797830622964183080983289164370056428162103392900931151"": 2, ""-0.21008237462813149175366045938169919929196703304212614401754890728767127081220831588480362050706483474424160377366667412391162612267704529269608619926001903400461899687747428721614252961841508890"": 2, ""-0.210516911367844796952560606376192608277535874980484788420004545231573809478673245703230726490377588701609031250341920365947298086389593309594781436749946046693101857051276762730574855099104683427"": 1, ""-0.21103435813135046194610302690027318454912140104387292988942216380267334751929745182011925605032393149097008526930332749564105502388866794366143771100305733755919935647522962517896150892824271789382"": 1, ""-0.2114096156059385531792013843248022063248012962366970227449419498161002680711166973344487042845898547250763022494086007036274181721169948601044727527838934232593249157875348365437054917264669394510"": 2, ""-0.2114175210175126000457756589839667879464961001988556053464788308454003067061100111844932170926447436791581887743716400709312807678726957375654563349571410503452099882204514703347120295847193347"": 1, ""-0.21142583866158448111915599359367925979657236192878344831369099042146711018596631817428045110744905420671914922758721004992489088449184824612546754898046851177078883705824098063967145868035664193"": 1, ""-0.21143165147289728386960699303976939842047292071898947763117808347589697921304867474397131541327833891870356916875629818846523399967190832181106606360291532891190738440627123807738276581284713271"": 1, ""-0.21191212282067944369006314971403700960851356651193849203604280830219600385006716436456687654738525223542324601010807846468626229852611889789680682075036170838854631405803974471587411917752110777"": 1, ""-0.21218056150288142015384035545417186783065359509492984839737658597541851611591387004980374553095537347320498400606124335639263876356019973061924801951351291798710351973958135787843575095466060744"": 1, ""-0.21254849958939409834984103057428829023633031632184401345260362029670876109577671896214156359311932362323962056895922557262195155936881457864086372560027801135522385005922835568080366578428877419"": 4, ""-0.212642098053552893880772493640314691013342745748759212226698465594068822420515305695121996272442931794314607539663921931697794012315381802113586831877971981265327778241814509617415844198521244755"": 1, ""-0.21284494673642427936108781993460695120587505330974192537464395523720699814159040732829678400389280970528456812180256300210603226131702445599957924070897751538937858649117130499793122154915923772"": 1, ""-0.2129103628942373256294953097934837816683612551260747151076123941695588076755469623924895517308831131556959433475832717715059401658171461866309697333889886158920801971555080538178359807123791277"": 1, ""-0.21310097537115957370008652030013789530008101479356392155887186350626675444479358340304401778686592031726889058803754397671363575731217875652954704899333895370780723672092728398159323290418371568"": 1, ""-0.213473556589095746704935987751280941833644322237506427768765912765318402625974404095821142563478202803750561297586839542004536571678703509339818857740919248635808583766111325013464734670022884421"": 1, ""-0.213708265580131837842644068017500796030603951540931873868772952956940608981915124161592282445554293581090816756513686318123384697087316503922770710703585248585436514398467274094259809884440300476"": 1, ""-0.2138816734187083295288463907836613500271063254919834814913302216665563805897744116234828868881701658743955629440409415709440250657204694325784471975978000420040393357987473132215506946602333146115"": 1, ""-0.21390171935408120464634504665736864796522935878792253266904452088723584182201362827257766936757450913607761412826779894263081113310674680009999309350147828645753710962851026101270292185595583175"": 1, ""-0.21416120481299025028623642132331005006190665229366464838128007240627428212190303624898578915186608666613548141597760727201058628023469721233102000156054174371709498829909832899563413879635973245"": 1, ""-0.2142223613502373871758752021703970365732769864871915271038764543225335211561538060207648562633693327072572650910418949235665466687535868941409714613658892888819324881306412062398914801481713361507"": 5, ""-0.214427430495401507395606372219078914700896431044867593701976729905120215529049004258273573781801455589031109166922803729047464436984594139643521182712573612344203126399936648355073596476294086133"": 1, ""-0.21443144060757778653563514840771423595247529337465877128549330190416910835832970061150554900046014088482877611632214020752501210486551033581014218345718187673096756712166877010429115311685843821"": 1, ""-0.21497120921305182341650671785028790786948176583493282149712092130518234165067178502879078694817658349328214971209213051823416506717850287907869481765834932821497120921305182341650671785028790787"": 1, ""-0.21499449656001738521001899798032977530073898262078222512555247731300315722838441197735282845435880794475922858327653006392835842159393184667113459921365959322005756233825942075968261229245366599686"": 4, ""-0.2149944965600173852100189979803297753007389826207822251255524773130031572283844119773528284543588079447592285832765300639283584215939318466711345992136595932200575623382594207596826122924536659969"": 3, ""-0.214994496560017385210018997980329775300738982620782225125552477313003157228384411977352828454358807944759228583276530063928358421593931846671134599213659593220057562338259420759682612292453665997"": 2, ""-0.21512843238382274461206841131609217154785409314243171092659036793043716410154775230274299971663161890990242516925123557581283516646775953571723529351888000334121002957965865875297146875190300054"": 1, ""-0.21525994119562122012863904054260042534673918839495105277927983679717241170518469086931114422206415582590731389391228927861307891936028779830202143462401857568787752730482549865515363533068313021"": 1, ""-0.2154262856485629003821753713497255515960042553526111609816748549999794422366669105095746414968752730615547845106824744798155566937819641040154571829014810569850012580367383312971780530972577910"": 1, ""-0.21559555042244498657358898298400333205163095909736010228397487415319678914777409129784681059642273262973039707248065656413418307287141895432141290129434679768291147971817895163861705527294219772"": 1, ""-0.21566736918910723702985243762647794980549392468048972432169063430817726573683229319844762858494442529634603029176707333787088148346396786195451621589957932940076298677863212583610565845140703092"": 1, ""-0.21566740891632578732585831049863419290774875401838737050514077959890505103180662343177108117938013815137639669431068349908864446341804598838209223630410449900308031169846228556597559760102104153"": 1, ""-0.21576425666906993511175198269646719538572458543619322278298485940879596250901225666906993511175198269646719538572458543619322278298485940879596250901225666906993511175198269646719538572458543619"": 1, ""-0.21582572938822064185588186011257062127473846250626167957276186782030214218724770333649432739851721541972732857233521535635027988770102492962383330598197231388055035450282363291582085768524654163"": 1, ""-0.215957243264677864945842042667271967606716941103336338860232888760608537005668132451074290008924270143509350627623522537262081555454397444232858887925019065390461013350255837736951717675801436074"": 1, ""-0.2164114574310226109340955832861837205134464656730139055296509485768032329357350638741036067270218338354666375038420559357119665547689120946528177406886041851630468959990497253261039471444112920"": 4, ""-0.2165990871860208033674254705160171236478256058186603740073842952692958819478080920478713634704070710461764699709600296751107006632164408293833475241003608353125939135883869923017404741478769051"": 1, ""-0.216625"": 1, ""-0.216641425085626792750217717741140514910268461296134997472659940333983838951663119360981474360494576868402038553800204068518100453793838066256261938443474919543573524803882149900985093718203698101"": 1, ""-0.21759161232383404069922831678524724857643984373913344540403493485746248931833720116178010333339890126513560770669144524746860099251036284845945719837203831592243265304574330548393381622727685049"": 1, ""-0.218829528660582664204499770502377643839708757934424019936122000412297636704672231420639181296902690876042323797733478479050215155343828855677408753893366820035746235685311047974788560545749675997"": 1, ""-0.21894548704200178731009830205540661304736371760500446827524575513851653261840929401251117068811438784629133154602323503127792672028596961572832886505808757819481680071492403932082216264521894549"": 1, ""-0.21922144283739917511257828540557296759987631234062577209670378605785277740916483990971759967141697439647375521112568298856960103884834536169071506679122604799366516591876022896636131664268824799"": 1, ""-0.2192493372940169553475153515987811691916176670309547659912297412217657733860654788869373093298162365545333815809981980044060934248580598058365698462424700373797872059224312447988683066619148186"": 1, ""-0.219767141422169414573655886416469490727103711471267812255886602576806835853823123982790162658647805480426523703280495120049569044931042152007207429882799177394904505775636534088938852573797650048"": 3, ""-0.219800963862354808381614535410423166410413610485318738821890473069052814746725322011711394988193474613301173618790307388087890807228446031096963904230880944222911615769115783708907663127902864235"": 1, ""-0.220255085970340288327828339701768771612915625579435762406047538319728632819882844290804352584422849390699444303725012888083825021309337108567300011503724041029894954795554768083974018824631165626"": 1, ""-0.22043316750511119303262094094720092346402118530859420345705107976348442339871531518922039877169647046893371213920450601525331190208959021172003355016737221353663374329857974973696485551293790464"": 1, ""-0.2205615408383973632711916778246987331342053764548357194355752394685343495725615408383973632711916778246987331342053764548357194355752394685343495725615408383973632711916778246987331342053764548357"": 1, ""-0.2206097388431350925874616140131425738833209007480576211635772569929626168089536804039546635410808019597945717390644904120654535200036742192269631981408814521608923051541145375167342562036557252"": 1, ""-0.220843730304987291866171671765438609894064499889134965598228137613710963221249748999211265177681884026594882125781206238728132113864472278830772489660427202028718153161231250952222070613014209607"": 1, ""-0.2209872467540640850022349545702860613219670868341156640032353364948041025045331430675420237319022747813470474528644948160061404657241333818633925665833252292657652642795122134822126726395491530217"": 1, ""-0.2213285671730711945189156985403634197199880845993446529639559130175752159666368781650282990765564492106047065832588620792374143580577896931784331248138218647602025618111408996127494787012213286"": 1, ""-0.2214308733362960205796869661772475320658782946276355803249708100347618140361624525071359126634955845410118354882669313861494923446203340086663032878308279038970429805328001236552027703421418916"": 1, ""-0.22143194587708222153376358269779724302612663195177825714600302123478598247719264909555258293189479345569510232310591706573484981916265934226608333248508000473338087523784976656670958073186258410"": 1, ""-0.2215909090909090909090909090909090909090909090909090909090909090909090909090909090909090909090909090909090909090909090909090909090909090909090909090909090909090909090909090909090909090909090909091"": 2, ""-0.22188040035286424258682000882812572879742173834168199245148099920031283498335709660909169509830314252172498267661875161410531526093090539142884287060677458638597223488421207565547759575067482738"": 1, ""-0.22223089602544642865756916566401233187278083865363671586330667023034715602610982335757099231941976634908471330700432536967237060242917824429485312056714802185994037192813725665680165960696200739"": 1, ""-0.22228657721210455140308393805126618301223119872818751326437461292402830834086419286837312170969339893889897131943367950346440994294596785694481409236323207937274760273325071565502272024206247797"": 1, ""-0.222315915045084677599544491943381535199883522150248560424821434064383307908374702294534782444717330123855309780956154151746424493973872235675539408072632681174989753881669364938932467443085332015"": 1, ""-0.22246103896103896103896103896103896103896103896103896103896103896103896103896103896103896103896103896103896103896103896103896103896103896103896103896103896103896103896103896103896103896103896104"": 1, ""-0.22269855966338906480459746192479950280955170061829038251986255202686206249443705624217666926632970370878738337017117333557938611212804171991362634118422917691915312979734220031862585222012509687099"": 1, ""-0.223233177224408620898279675999548292381515066452476328502365296051852403561941172209422280226471573750446907200549362419056311986335939884471643868443204646055928963184270613846535703371899443876"": 2, ""-0.223390462457513647131527448758883510145226078895869811515089092594499948501390462457513647131527448758883510145226078895869811515089092594499948501390462457513647131527448758883510145226078895870"": 1, ""-0.223564444974030766107245443343286231171024137275983982032496488982826671139609947113614103410082141700243528985707323409814461450784635521306281739347342780139156970609857103443584446917270235474"": 1, ""-0.22364330064845759241240070022709341709993405337748055982936436647883626553781027610802156333657477303201574560180727707362732484461250901036422766767126497082861223986900617564015390782973954670"": 1, ""-0.22452075352308735111045034447002190142181992094133515171548879563435996795496096296618507165420335475975543584868420129188775877851004295468745832398516770703828966312685963532009659220480189535338"": 18, ""-0.2246040179497052812416693818311068984923432362785462515920736944995705103521815112111608068481383845265246882497556352003791356891087349308373567133674950386540683036639909955273836675453926127781"": 1, ""-0.2246753246753246753246753246753246753246753246753246753246753246753246753246753246753246753246753246753246753246753246753246753246753246753246753246753246753246753246753246753246753246753246753"": 1, ""-0.225053050159645689566381707693892264908847461118549799155422803584303223812957050159645689566381707693892264908847461118549799155422803584303223812957050159645689566381707693892264908847461118550"": 2, ""-0.22508474576271186440677966101694915254237288135593220338983050847457627118644067796610169491525423728813559322033898305084745762711864406779661016949152542372881355932203389830508474576271186441"": 3, ""-0.22518809964812297265128492444771677636569964372425767468519663186869790876977715701328826435804936651318371524555340875767558099268762830931718773305382509604287461574438699150655374145015082705"": 1, ""-0.22521892995512656767532844576057307128221057900477361965001301995473597470737709607785664364613712525336238278375554236749441185085582387111898592539473981290902425725494811166594974442480575463"": 1, ""-0.2256837625110270075808381252758789290249194293231775622641087812250097760932299092690341154718219732038039057086443359879407911019040907934821513397064617058245616323401316273642336748672085883556"": 4, ""-0.22582102856885680914538947105281534767114799260075434977754379867391223904404348780254857292813859764153910026346148813181886960975668555189625702020049273701245657096665497818119392381684921791"": 1, ""-0.22589816916500951164542791431141356265768286985252923943213153394421238810942303784874835443924060885890511495338385865596105367977113229612482143884130709050656487334054899898487541536358918008"": 1, ""-0.226170623963939992490206871371568400525889654267693969959205726898624155468916824590663115095166742113877129648835090648651624554016733321627398274861648037843125863885705730908861088097991343844"": 8, ""-0.226294553866364741210060723747395633795196336987424178298672960944415569055901469645300125111313842075743274868804325442744738197111195549531617983850011890364473662701613018042926846771232809657"": 1, ""-0.22630487721317830806357161262075036202997657658286559692284589053368104916966450384327277402656950330453871149320324642605795296303861054471701877850053469935698150773797179653650956747981381149"": 1, ""-0.22645028924156943022527834906831134361831012358225725512029067149272039513658984114016821859996933524655703347269180683658701813447175592267978883497305162263103906506655052198430159353987249124"": 2, ""-0.22656640292323889046515507931176592231153248471278633407761012782971876024143286628609264899729773698207152697330608048043276114800918161679726108906866306601684089950268557346045862783876996917"": 1, ""-0.2267764204640957847577325574753626483061575803026272698215650727533043719942932010972586227568684155142611136922194229316898241192383294849284133832702011229890099585690042352666017464664531115"": 1, ""-0.22677642046409578475773255747536264830615758030262726982156507275330437199429320109725862275686841551426111369221942293168982411923832948492841338327020112298900995856900423526660174646645311153"": 1, ""-0.22681636372558164603310519421958373540721357609144406637289482063739723307706087258544545715989831217393940523072697892913028782558237500015929145676071234285146433617192033121042040047652058857"": 1, ""-0.22695454545454545454545454545454545454545454545454545454545454545454545454545454545454545454545454545454545454545454545454545454545454545454545454545454545454545454545454545454545454545454545455"": 1, ""-0.226985596633890648045974619247995028095517006182903825198625520268620624944370562421766692663297037087873833701711733355793861121280417199136263411842291769191531297973422003186258522201250968710"": 1, ""-0.2270232645954728091898788527863853536632251783951889646400730500556056200220468389861818608036569708327586520829464694138168601348906799171251473196220488860187527118758519246394008295070424263"": 1, ""-0.2272231120707034437290801146446624382585322587738915963847130726622132088737416952046709825938049432490815657898271798821240806038159573344453307120215657322688906036918306148814179730351247419"": 1, ""-0.22774010828939962572763676689248272686850122446591154834576385899560559079444408085041204266211973223477542370032024184021172467291050109632070296837637182617565983056097058443232195054051910830"": 1, ""-0.228192312118771063584027686496044126496025924733940454898838996322005361422333946688974085691797094501526044988172014072548363442339897202089455055677868465186498315750696730874109834529338789019"": 1, ""-0.22829447374658006901985350956408200038669236885884963755584760311872088714161096775128356684675876020519307961136296690400250179761923844692020505125165127742597230330844231283333837015824853547"": 1, ""-0.2288571019434265459157552735672854291122622581855444969822500762969691209765817458120894923487908073784418323589230342662010309086523476936811994359661576781890064423511017979053608390158425882"": 1, ""-0.22906764057546155821220295607767832314462768734867300676379195956987532272257448290316085817649468798795251383791682504951356862468105735024091917144437255532109915288457444139628157505703925586"": 1, ""-0.2291832207290488369552657983731367435032214888168121146995659499871116843758492384416128694230614808567356378539706482650812045499276620815046722206856882038258196666747425602730534940467892000727"": 1, ""-0.22924279652048807154017055735027669676882175333601486492591290266179149862038994805981397804976651977927107580245098722368775580775434653857933261368883587594997618974086567901921135059102402401"": 1, ""-0.22927457055191365629257892321993246864608310416248518732692294514557791611224348264834621949091777499327011455689182583603115155562553505782197146458488453908368969957358859997019982836777099188"": 1, ""-0.22936115021837592161365254601339294314036664219690464493252280938515534725065677964960878687866192712410243921110906923738691545639306929027024361070917650758495532228562530759998666382984655855"": 1, ""-0.22938258327430997241781346756934910922962722825032313990809868725607586236548225810524221569395830464400538248762713886669585662108746934442378784065298036509519629200845906308690261098557645316"": 1, ""-0.22940636191224643255902651669871403996552123794639750183439460137652192674279485296378162285120149600799269428239407598721653284458191614562747391173332429630257928072806937324456554058887651193"": 1, ""-0.22946051995365997974418764027816934385802453800988499294115292689868673521570755712732861898449009780541947138376612337812682078027988703635427664863160259320386283770470895901203344875918841575"": 2, ""-0.229533678756476683937823834196891191709844559585492227979274611398963730569948186528497409326424870466321243523316062176165803108808290155440414507772020725388601036269430051813471502590673575130"": 3, ""-0.229697446904933566793696570192604799670408898959728087341641775672056854464929446904933566793696570192604799670408898959728087341641775672056854464929446904933566793696570192604799670408898959728"": 1, ""-0.229750837645880521822437998281797303573676086028920202556461298776799907895999783061548263741775470752973991437163015262370355582721495635528898485367160372435815444082226177231082825987402056222"": 1, ""-0.22992988239996802669510912144088404330550105849656678589683773550863667753525816880326130186517859124714680511363602943191009507878890396297164378357750385758480750401825623700020311469150760479"": 1, ""-0.23015037346597407096778596476939613475727647900593693584008150947536466573473042413997181957038378009368376646043589527752773121017066491024590889672303191417994022632265368312901110689842183078"": 1, ""-0.230525083722808700962129468008068396631908216446502022516422445142149535387927887543327717246675514971694212967292370719609336581789574635479474511939153801811584505076272564602049273844338430380"": 1, ""-0.230549136376509338785200534482005465820981617637321708050956549793164614446397003313786873777460827806215997382615793352096712335155100764348432923687372360935802912402317362344849594072899160091"": 1, ""-0.2308635286847255124111648985477392110413018848491090740550005149860953754248635286847255124111648985477392110413018848491090740550005149860953754248635286847255124111648985477392110413018848491091"": 1, ""-0.2309782684407607839413181826111766044072947817750208660955952039705173066680872727626559508427820290283248886333791706395339652257999556280593709794079720727195151218751661736418322039984310391"": 1, ""-0.2310117097360115427636828998890130861507866932714207400789872753038539084735611919827390377051566032126026835016707922500697210691412548560890795454992238434767336421467320732675898718391534628"": 1, ""-0.231061642337880705529676679268276727427683395368175726840837260007016312996197855609072535956519064055666718846301473384854195812300847829879819740601348178422893206417652214367084574303254815370"": 1, ""-0.231297265366919867818605878652553207078489769434358641486110592094358500989741287907042306336384888160262492632268750234277046781801280803322975535349868712204589913633274266188062250773192194911"": 1, ""-0.2313389456826879284451992771876910202228929786754914473804310914112596241114162109244882063952303586175873131702405544239343566948419810856149742404274451310319165240459546683872776771953265335169"": 1, ""-0.231388900493834351223884418488899916234899873608871443124834405560863845006158835068499520925704464615479402584059737113224508882560964611796170606683588587884239314904863444817595220408580985271"": 1, ""-0.23257150247245116783436607197365864942569883473394182080727234254426238378065294490069775717255454643554812899308866471393362384449568913884349997077654180403395393930907271464760507658397244826"": 1, ""-0.23320814495706838018018336854446292399081798845363084578528288274614963096229206532585316868781288520180302928109132922439291489171303895000433490330755601094435444692157790128063300816752146061"": 1, ""-0.2334786448090375907250538904819838167708879906748810204583032241934922947942130810861165088432509427473554582762096784128662101660108440498923076398730452347643100245797330559595844764198272010"": 1, ""-0.23350630096367679762787249814677538917716827279466271312083024462564862861378799110452186805040770941438102297998517420311341734618235730170496664195700518902891030392883617494440326167531504818"": 1, ""-0.233696816466644971348612148466885902935130931292011846932897461876218452130572817682523670094460836751913055675034234282905668298922619889161912414036665480351684564523518071983039896685783151362"": 3, ""-0.2341650671785028790786948176583493282149712092130518234165067178502879078694817658349328214971209213051823416506717850287907869481765834932821497120921305182341650671785028790786948176583493282"": 1, ""-0.234409535393913364128026021378678417643014144936075516668535757941911353672734533216463644872970635346396723452613049865699390594129073925397792407180374640783441512075295197498567361875153259029"": 1, ""-0.23441015036964847240842306017536779085688686643714050817546857462490906573379075709384491714122625568918512387221916732042311358994174770805829812560236196115325944707101001972510768276098985268"": 4, ""-0.23442762899946582262444850760354556758537009166277970371564793403024512415440628864766135172486183470015203531309749934315265110946584183409230193890505813249282643251525647198395486994764198415"": 1, ""-0.23463421381715150025271890732885314253767825963394649383914522630781347028163704096240650373434030659370964660170987771456761232777150119925549199430358317362320443960824274784998687595512534919"": 1, ""-0.2346535309158020971853254755975461099962935946217295314319916102637700977893417021255119706837817150740552715212890225117034335569366618707492688016577691108465348783897648768631081593444905565"": 1, ""-0.234800595991387108658679795620931316023845153632211725785559197558473457336295366189488988429448282587855981823902149160484672460625301373244169202459284450152050063541886658887349339763323099764"": 1, ""-0.234864144376980431107476894585120457820009565177343334435188375988979823752285296314017894098118451178654897167763107105382673281805236250781020781918422388710593147197727994260531257126410424444"": 1, ""-0.23542058586401504971781779091642031711905401773716742811072292394517602794947594732598763773179252889008331093791991400161246976619188390217683418435904326793872614888470841171728030099435635581833"": 2, ""-0.23659234285128495416449823962030162525094820536838490782662754142391121115587683332802730500298236129461683948899561185580964744444578375709702987934556678986170663386849189474605282647171210745"": 2, ""-0.2367862428037306492007852189830000510785140921628200529612545767043693587514942604039679557712108876437010942386465883313077179634793258021100024455665400302101073507827470395581170299651229632"": 1, ""-0.2371044650437179992440489331214282843412036156230313728009228956009756251442098112202243211565008127970890929787815781203366082973010211681354356737914339042171205795480890582939874218280294512"": 1, ""-0.237117075708647520652934905874567330112976867039906758926331761231600044073600976765393661585000052639014334409966745486881507375762754362769685965761230809760375506298883501843656149051952277049"": 1, ""-0.237168057758608291449703085379879035553383146257779034884109328508507926156210632938710510350681255374736425586058644507787234528552474942348557295033586335318236920589229486356729054890149484966"": 1, ""-0.237273347465614492422057636506880323772360448087026710897511289982164808767116225190636766271993916379214510466695559569055379316011555012784303742812353488012399244058561294573880708832044699146"": 1, ""-0.2375643224699828473413379073756432246998284734133790737564322469982847341337907375643224699828473413379073756432246998284734133790737564322469982847341337907375643224699828473413379073756432246998"": 1, ""-0.23770533558747329094837844600932247250237355920248427494726628500131118789384318042127305532189297896589045890557487312289316125016385729379549597138252181148902811063758683730520071627090222342"": 1, ""-0.23780725805576273957067446618829606667240937645983934276737073268515623183643257348226033325837737491285861035862923561972717486042264037191017311235074183526644705327296449115582972367264201422"": 1, ""-0.237813689480946236733028673234064761251579840860775986456679423378294759310621541084913494036570117479092242553590958789215862436544231419227809020830380586076698216227035813052938305859225273881"": 2, ""-0.23781687046149123802292487199666774734075236446524175028343883914530862352025696041899402484370118653744397646553210726411670582605909749702460675500496106049473252609302528475447669055327576768"": 1, ""-0.2379556107971127774937033515727335064636653055078524355561117615618053092985826774621677898645708766202023613294797782623998140156987383037375992138020934041505349237143944444882512400958709216"": 1, ""-0.23904282956601561808736495010265216705378375783576528785346886020765430527446989378277231096144279160128338060962029986729103020964124194276282467360066055105575769303902547848894355713133283094"": 1, ""-0.239219297774345183684754640020605136582075891704435925403048364955458276682645004231653971776628896133734775658056749879861245983724436076766983455454192784681767617607756219186076551759939882648"": 1, ""-0.239251315658822361235229867937642736570350511369278125310296892066329063648098500645417535497964452388044881342468473835766060967133353192334425578393406811637374640055605203058286168205739251316"": 1, ""-0.2395352249468102136583902162116302755110442199438005195168064310915045034804277112280841473031029539029611686019837366816377745253866491791335901678481613442368286610005158289901819939618278785513"": 1, ""-0.239702833338976291958939127055797895273081690515800681493148116472646175503288611367973275095659125923326992917218554148457369210260788240435637599875149401290921303632668590208730614442889153209"": 2, ""-0.239720505240526740123622682074711099166890620800859983875302338081160978231658156409567320612738511152915882827196990056436441816715936576189196452566514377855415210964794410104810534802472453641"": 1, ""-0.240188654436949056691240505217982504385373076851804411021370570686465834985783270400288668929557228490706481927588295314270029545233481784193018217189257329277521624942318279382642674623001087677"": 1, ""-0.240197811129950132361537922763221460216586963169312096514981816947306893229114365622023266433854029979782673745974498037838531964806790683772112495456405031188910945874773599464494736205439303601"": 1, ""-0.24020980778936868079444817636713781119984810568337393655994678260552620309432218526520067493947145830388997630220102476316628900873172307190786567335524670258967321760783317554199593577126111673"": 2, ""-0.2404571749233584565934395369846485783482738507477932283662788317520035921508167376378928963633575931505184861153800621507910739497432356607253530452095602057367187733322774725845599412715681022"": 3, ""-0.24061696829703045088370608626836454510499026157200730062290223840541730613121111580850367561720619980810829011067654269930932265623765971481493079126209458118624858537768516862871374234716605392"": 1, ""-0.24075505046351152460553818949279897705421919273693701663893332928237485281057260371813547396602958347924265139863755380827625964592834034419554382921112838075140042158702645485110687397267692866"": 1, ""-0.2414486542684567975915626121924164491969399321757062257993685631774807693914402400463229769616919029756549708124428199289000416470417201375338650943657257141544341248698806104537885141438553265"": 1, ""-0.2419431979928288437355350927049843375196317848565415318908418913692421540284347608981973664109880619105460098231842382668936936850921767554751877423925323629182333290263919992399082455553125592"": 1, ""-0.24210324914523361104306863270774367947698868039090693188019910984181078721397941583168244850935593615682936410490643352659322802239087997451460373315282022596877213209726828918668015384477210431"": 1, ""-0.24219580154158779155661651992981694964374191867334018509498284848082718539491152966359815701298358590924931311587962855558406679517066082433681282785675539766671054645107418106723693999873412969"": 1, ""-0.242458470381571365628918756693829612364568268809551785907715687866242977526368356613997190970215191649829435879760870367592960040852584413419263458825325441069321782377244723669170020559344841748"": 1, ""-0.242509699917878819669968206114857658047266063264368802690520724059341752219155343792428312718623864724647924113791845114524390311873762915728172745120055602271044770011845671136160733156857754839"": 1, ""-0.24282992145110303111876118496443331612312733079446723397212329253428377830179823628658591685050010933545377624380851863312944288042798683948356594809472170439216635595813566542298812238077375673"": 1, ""-0.242981583785161294659279516418021601757240519015882947556874851883527772317661613227965127930500961176610499512846016990971679920809672862065127281492576814240548966455205670029179596395542724056"": 1, ""-0.24298761753345558113222269907533845733681869611017908002028793258163942101361632398267722679567710974991221567632944481292185244430572353790332019819749522063126682532870352307752331161484140299"": 1, ""-0.24306076334268030740423735691226843903441099072795010139572003921233428241734734876333435359073489363055550024140532788877599553584171337630278998108702875903074368915933766279594692358790497365"": 1, ""-0.243664793016141520018943574754890674175377283762181805774594294977021650392616793224016856910216339318937885522832267544227844456371827855084346142840377142698973029891194423013516353351676692257"": 1, ""-0.243917429471747209736521465965983703022770877941245889307009613891937138579360823109943861387074591971908057939159962333028553819346511953006187065212107194479538494743641690410465004659437611172"": 2, ""-0.244271557201870642006246069638140624908919076518249054601384841499125942719248975873639639519885057827212817348701517385053767816926176534216343473634981630296322829672367826893410391858646178004"": 1, ""-0.24474912917314575587977583613767286654217202722380944834356310282913248209719792235458631411526575943490479949103810918541091319767294792920660878110269452102255182082943568232257204118054616681"": 9, ""-0.24484080712721032249921829647434534985331476120949476747751098427478479908548804520148853739964219038195090036120028265634898906681839946504357597058055268404764188398923427135019557679033320712"": 1, ""-0.2452393635145505692773845152389388212532151373614312553273077141175702833481645434956079353466513063832427821002786294082887701318806249852923775100754155599824469963689806400918107059510823627804"": 2, ""-0.2454953422020942500240127168576636538600759208331586695171118500076056467675374302730599364183651799819961401351381835655566989967410240734767352948946775474505428837161240801194757482223195997"": 1, ""-0.24549753831773297298393396913963765560198657880797402562914267336836159094953665439307530890757394358924391209707476880574953655748840443210118198403982892139780432865367003844004906759491057356"": 1, ""-0.24561081537401265486671189728939847950691380463909989236405346281210278688477378869577629671231209126143455676402336689382143166857430086939783974123344718991798767833231364817277879423971519915"": 1, ""-0.24578239567080974377161443841913155459295817811482511906096969958508109766238952297474032052121882390283373894723607046928136138663624232426994576557410457702458222910925141070405258482252327878"": 6, ""-0.245809661139149242970439798125450612833453496755587599134823359769286229271809661139149242970439798125450612833453496755587599134823359769286229271809661139149242970439798125450612833453496755588"": 1, ""-0.24615153343257406802038048406765754601811042423826907927163946810400985100823769496118157267121968267485745559649496944622763076073348931160430449154101853786174614924077604645649728427381640496"": 1, ""-0.246494673671378434217926354584277531973506644040727517160799042525686401534854159759868109608019772811805083827800213144080948364171191406705236579756952184313483876492353595600199866493885041953"": 1, ""-0.246698655177453851316606743299634995372662053841816772621584242921165408555854009365200660899031576541538410399974853389163458663460886041611289695459079869634670623530757768033769991116279422968"": 1, ""-0.2469320962221455506587911352256827888136017495613154776279352198978016403392051259504914993577035321051214760959345647544427610853815902117436204518859975692438671515699702863151621016498478103553"": 4, ""-0.24716881417455546041100260635548473765118352092272547895391650682814213352483348993344296702850477051972808642271512981363774411555154518935208232834648038192443254011052854763546950615352578219"": 2, ""-0.24718244314194566288483624563237247100307180553134241567626227036653112533178728406144054168311380995013121907327626373243147261683516838944434423152224645910446281634190614755113342009750991427"": 1, ""-0.2480377308873898113382481010435965008770746153703608822042741141372931669971566540800577337859114456981412963855176590628540059090466963568386036434378514658555043249884636558765285349246002175353"": 8, ""-0.24803773088738981133824810104359650087707461537036088220427411413729316699715665408005773378591144569814129638551765906285400590904669635683860364343785146585550432498846365587652853492460021753534"": 2, ""-0.24831910452582832592126912325704144307352089552803224627041794777674149783185547521634624800454161132283199614210299016912370430486986186533284244749380710128760835090636652249758642514068577734"": 1, ""-0.248420781486398564252860405863972654525343534005971038592440361477413437194038093319716809648133703983306085359414533456866236167042294595249448765132604730553422138853821017524421872106880327904"": 1, ""-0.248421126497108633882084995260812667764637365970734447308718490626107828181396883702667519085127841249326652812327149501027308525866983668044434945925078047749993972871570214669960274966520783538"": 2, ""-0.2484278216063916862114716863410528089553554048903808101338450660114545541560199097567171444685930397082383398857763581460291384257286360466435836300224310957188025987446640150522991871745286128"": 1, ""-0.24866916562846571019284951539190030199728090696844062355028541743321428758580153995105299791430598237775941612304061803609662971966016946837512980807295022244890845587803593799371165138132661010"": 1, ""-0.248957440921892272320411787363151616122776695730223033402544693156157478459023457312055963957467355534234254456741838077701035850693073301646103421251343842354027620597520574292079304705240672658"": 3, ""-0.2489574409218922723204117873631516161227766957302230334025446931561574784590234573120559639574673555342342544567418380777010358506930733016461034212513438423540276205975205742920793047052406726581"": 1, ""-0.249615779254568713593938335322903882181187837543257627138258700912306093817708901188123703745794824063276337447826904480431702386081403605409855166765814453149372735011313478656182467717053021179"": 2, ""-0.25095913187877849550179479983202704432047819634691873160623108806038853451863878247881314488467909326941582489563434188554010530454836866710043555519342195968732599194653085591733844458908763310"": 1, ""-0.25097554634588642846666112843659951322597539851981226278239770960630262217090375346220930396276132294827992863825330060014211591533971810422946265673824005903231875908943371514414600648559963166"": 1, ""-0.2509923396462968515582382395981678380995139691820970998319637249797626253193605583902761264315274363355118124119573667195629270005152639083325725683407942905958962432433462884783991688628460683845"": 2, ""-0.2511486880687930135825529819930109015453561900303489024542587012513043614962895092076914630262350017158079090726445143506188605609960204646531220763589407552789835038047842427366764100896900216"": 1, ""-0.251276574011136100712180134808674356740757289678088182742969272555254106945383391770853224160998453390014538713711906960580335179635949782381089006767320114811040851183242656138905232071304393271"": 1, ""-0.2515758783733148692304237928454262678695681347023366365548531633260872045939112241982023958038157936364481692884636703724805036631737249516372120097415500003480427114145477769534345279949898958898"": 1, ""-0.251575878373314869230423792845426267869568134702336636554853163326087204593911224198202395803815793636448169288463670372480503663173724951637212009741550000348042711414547776953434527994989895890"": 2, ""-0.25175067385444743935309973045822102425876010781671159029649595687331536388140161725067385444743935309973045822102425876010781671159029649595687331536388140161725067385444743935309973045822102426"": 1, ""-0.2518224993114494539300851890358946243611608508123068601936086016983117824432886185549737510176373320015754731748953247184392696928009673914116930115264532503327233926344618551235967332349977777935"": 1, ""-0.2520365920146655052958238741219414608906236926489963626015988547129789216746093625767811330710268032924517293434782797115219096303104130804039427716187114483250148513698663261381222193994562476"": 1, ""-0.25231566693159068093064425174349319399442247855183780444425788503462558317616309143207536773537758085407528220825633896163577848272439101623784518613237285403184869059600562493498213493532245157"": 1, ""-0.2526952620947894054883616400800650904019594545220916765750857157420288081447372623390963714169364037964177487498925951179499154299094831852806105131996607248028270521813358397734606271198865528"": 1, ""-0.25270130516685382203655307326664739131296926259685311376369694156650148748403296583203607849375177656673378633637766018225087393199295974347690134444153982941267333758731818722339503050338935040"": 1, ""-0.25270781845690014749423756318716817981130883957058448127120332971917199964397159949930683304510103736239253569095509347708071117619467007447208583579066732282580030702990082039205454208800619974"": 1, ""-0.2527609370272706620340386252749605464405439140977814395820729671597898278329481940667662385454174047999159477709622104073221876880791701675598203663124025992231704592061714495911368481980723669013"": 1, ""-0.25299305445070930016840145945401533337919692880914445195135624391624248332305664193430047870096364448059231889957290047109709245099420359363057348214534064094460590745031497346168251611357495641"": 1, ""-0.253482134459240276437330898584505263874286337400609023952079080072029468219959489330428034573767192997497150403055061063866353102584163325507202279756426962511251166870160707458826103010744349136"": 1, ""-0.25381780077474925102224984141447015813726910767196136630344118596316479339860247504441422462928951815229830578941530780048906287257281336387300784949690398513275248701382630944890301516898850904"": 1, ""-0.25409558773147515633244758996251124769454470058672778637995119870413122082288595084667917257484337699244245840031372210982905987477327988725584955762532239225935649731260064202936606274518185692"": 1, ""-0.254145077720207253886010362694300518134715025906735751295336787564766839378238341968911917098445595854922279792746113989637305699481865284974093264248704663212435233160621761658031088082901554404"": 1, ""-0.2548868602846830615093788482239501740690436024695496635561918839991439787599929563187897991311835511805763616507523741760558681322558757896981041609584617720474524624547412879562885054013097859"": 1, ""-0.254961698231484257791191197990839190497569845910485499159818624898813126596802791951380632157637181677559062059786833597814635002576319541662862841703971452979481216216731442391995844314230341922"": 2, ""-0.254967418234125625079350904647012578016922696268550983766946295940162672432474317624451772506421091764962895979362530829666849097566583458321160815117679766271828455681823081286737067439757180514"": 1, ""-0.2551778321176503332732586570559918940244532938469781153939812054542366539793912741242531314096075838047288770079242400893731249868078999580180468294427588705808881429192399593131089260987262667"": 1, ""-0.255232264334766521116303187124854393782194920625632268801130389609402174197839364775160238813046562535745998105680094048971226261687417093013606709924144599068312156329266338390347425210201875450"": 1, ""-0.25572209023354005494609369636725760348698540782908665433376145249056628706456453749835427362301034228182950194715301609362630901263588797655423849561272478631582677959820759871502538128437038796"": 1, ""-0.25580200071922734484107493889642294773268707369257602679551156917723674594652186733621187196329001176823981971623479890791917509154052255191596120786809678623764126562506736769263467729666123206"": 2, ""-0.256111648985477392110413018848491090740550005149860953754248635286847255124111648985477392110413018848491090740550005149860953754248635286847255124111648985477392110413018848491090740550005149861"": 1, ""-0.256203536417232981968259229883912741924166614703250169364302655762613382464088065026759674966567104371153967227744103204421482452432085856885254156329300067893106734448562750898063969395890398189"": 1, ""-0.256837625110270075808381252758789290249194293231775622641087812250097760932299092690341154718219732038039057086443359879407911019040907934821513397064617058245616323401316273642336748672085883556"": 1, ""-0.257222651513905345738166145684783969311626575782108110499167999878471245584317178111544064218980887504377279541959126614248287789377850210325866314876333851422542012647610793645533206219180307860"": 1, ""-0.257289879931389365351629502572898799313893653516295025728987993138936535162950257289879931389365351629502572898799313893653516295025728987993138936535162950257289879931389365351629502572898799314"": 1, ""-0.25745159992289557094431710514392508702199492746427742026075217842642961445341757125137801184682382025517475829908987001912080166725960647762231298460633211792357314188814272375653277095794043800"": 1, ""-0.257879391866574346152118964227131339347840673511683182774265816630436022969556120991011979019078968182240846442318351862402518315868624758186060048707750001740213557072738884767172639974949479449"": 2, ""-0.2582441536606382517614063463006688988899955356752389347747119631639344445913517730427077506815190530455874073125418354437739183363676486421711981434776270162865864113341895260916231745023027431"": 1, ""-0.25858477134732699992566375287746390995474110590020456799248950886549639493310833369582056109787741047248653297697264533737286258237983240233906144833136704180758710177170897351086662304021322725"": 1, ""-0.2587969348766259798351636296528953234346944131912708571086296796039290649828581661240505325466943840262994044137630116650413920016118294184905536488903112016172805782070594763365134552306202515006"": 2, ""-0.258987774960994338505187465220591573102309962747558028574632727900419463438973485513937676925092517736680097347336656912627526732792698157824786983737785098485899734986220338568972620357405586907"": 2, ""-0.25898930603753262438823422199927643926434332194344646082495564227574501107401254760921572977923043354466997794683450358223569659780573844339219877090815029686295164839210755230810151496439598529"": 1, ""-0.25910885698744514897342601989165993498072580349734127534640689116749418634214774170047412836833908477828254317825502950280173950533823056219224332883359656336732052576474967077001534692402512956"": 2, ""-0.259112496557247269650425945179473121805804254061534300968043008491558912216443092774868755088186660007877365874476623592196348464004836957058465057632266251663616963172309275617983666174988888967"": 1, ""-0.259711012915728067085027092749950037256589782232725860996098066460755990104490213540155949948392967591670046529989826656952389966017835280738320563645674590332665260281287352365169317866788305580"": 2, ""-0.2599046767947572237116473041406017277330950253202263926124515936848376526660708966338993148644623175454274649985105749180816204944891271969019958296097706285373845695561513255883229073577599047"": 2, ""-0.260137108127915590145899126261952789943977412250714251754603396273109616943739065059563841351869591745707159770967149133434910938952826568142973951496212534460148319373246057045157418531245775062"": 1, ""-0.260172819482141615435602939346657942273778512085574170561274416208299354738322846988479738474598269150319533841985820314303859891085078429019233233622744071756772798840445190657327970569988222065"": 1, ""-0.2604942477687889505219627562901951957518021982527568641052934437260276248732498953088217230423890084654496226420000447434697567360622717561765171955601142040277139812648457232968551777104905334"": 1, ""-0.260755793593572973529714697703162014625605108662066124214646204552477083118755793593572973529714697703162014625605108662066124214646204552477083118755793593572973529714697703162014625605108662066"": 1, ""-0.261590642546293125185152110843029348706152957959952295456208023860379569009106741123720802514982547451580090618512571935889314560988694736082708568607919454634266396590920523002386490692766754532"": 1, ""-0.26196817572752846386922576194694106266075686807156276636538570587851416740822717478039676733256531916213910501393147041443850659403124926461887550377077799912234981844903200459053529755411813902"": 2, ""-0.262054799364051344075533533611642152081463852366275213608520931684288556825718856072724435254184386094963130584058366821427178026608403885919394483242947992665132066638055479692559790878233389255"": 1, ""-0.26228385424368209441634389975765898630187176451698856111732456851716151632687089460075828116926410025174740348553358270403252856667980605565628538836532013615129035695951356841095729227483921103"": 1, ""-0.26281969984441491507232147016357798343662981571756813434891867531237506783532868341570411117286894971975594975442049914524808765979425719900207989205374403553957098792078004514272618750224257486"": 1, ""-0.2632211139270532582757052506257088457490828831811651118924067854539338658109032780051863799847120647356733582068499022461228897759750895161084290251432398362998044994177623656247329133026915155692"": 4, ""-0.263335957977134617365331136059326398187248944278504480379029766196312699557111957977134617365331136059326398187248944278504480379029766196312699557111957977134617365331136059326398187248944278504"": 1, ""-0.263984102866608048712429948793022770794428758507440452607363469634103900655374350735808223161020549823407749840949409120440910374272796227877065244094592037819547444009198650725803762868920677127"": 1, ""-0.26399668327787218272387567230101968824074080388142348483023625353575888296229118912056897940757427681463389193831845004524287428585895401781365883524220571811713398436019417294862457143668022563"": 5, ""-0.2640249960855946500385311513863073609680740320223804633426200767123291664442980619453012684954193130972800397228070960411750118176531083441693284132633582526801999671313082864857108380885798832"": 2, ""-0.2641045742766107542705609264299893273893765518330614767557827527424823097266560238727127957327880690597394072376777249818643481725525059149730620895564633332979537676660258987817385833189499923"": 1, ""-0.264182905359833823073814135608836410826113212321029728993678469934784841345201017783821562234342142728033523596173033352324532968563524564734908087673950003132384402730929992580910751954909063008"": 2, ""-0.26432330453778174957799622678979247343858603912223215172276834475225896137424287558335815708469863965842518121338496673617317048952437692384073081124019461821070400158872008737960480587826432330"": 1, ""-0.2643599078616773543867360077384940166827418200405661676438769360155007716181066679628316608321267599828180788667102691394383833606696860227274409891568579746825663183615375669094647058032577636990"": 1, ""-0.26440480552767805709279220689777864838244609477630447575188093438511741117478334629906922474801424911845378084160021290475569926833789102492575576714687462029834843003250606341139507970468398418"": 1, ""-0.2645078728687062315000622546148302700190899711159949449414556981697337776961666860256823907945839667999795915683608849439631549345137100010503318111418069472657565303476536351606233210775863949"": 1, ""-0.26536668809884089074331709381914507198657613200608884522996028502793845600608799049150531764013691522259825132759136569264760014817295674842597325533533400798485818254482841272825966487895900697"": 1, ""-0.265568929368404897218369035156754755669204756264424809307492234444447686993772118038076903236003037499651886685576773537724136203651796512139997047764855099642934811558140228994952552031383815260"": 1, ""-0.26608941588616704838708530051173900288286210942669945579170030637195823204178197124244822719847538973181240140567704878271801853104645251689852604195291370815728388073394516418825460856959726761"": 1, ""-0.26618585085963819787499963254007458603818218695642318213758560319934808847294784897896506867433301149716511340919730969552433149521567648261426167551287409368286649239245621752495414827408733367"": 1, ""-0.26695936579285524777344461347946460967618737405727183058624590091625826819283676096559058005717642376143187515609926132344520233993776382652259285653572483704922008206708873206442357996774588264"": 2, ""-0.2669930875576036866359447004608294930875576036866359447004608294930875576036866359447004608294930875576036866359447004608294930875576036866359447004608294930875576036866359447004608294930875576037"": 1, ""-0.2670900611656628623655409997422136814229804785451477584307843734620702584893721731386656042745658644043964284877317147477209345925804410489559654097630709381078484216446767125213845468819573012116"": 1, ""-0.26737697714571394846888598431157635633656945380997382358789448034416286421964424728823271272972343635504196958202076274866513689327658601305733303918029846268020959814344588230165599333919861481"": 1, ""-0.2675557444024003495550995464824195261843458657920040625799467096986307080153462285817808139484496177291104568036141473388802668992439449321621396309666023013326859529977708496745664984666692330"": 1, ""-0.26762219318623364412449773381256944885188938407884205276038710087780197923021848327666663760185158869971208934070436360653591831136274624753539584714287020420100847764261065434759610555374950069"": 1, ""-0.26778913653758568903985543753820404457859573509828947608621828225192482228324218489764127904607172351746263404811088478687133896839621712299484808548902620638330480919093367745553543906530670338"": 3, ""-0.2677891365375856890398554375382040445785957350982894760862182822519248222832421848976412790460717235174626340481108847868713389683962171229948480854890262063833048091909336774555354390653067034"": 1, ""-0.268210051297528010544167284158784883093962518877734925754129182039772241902974639598332272467582987539491260935709271638561018364740238035041948420714762453336809433955288883687257852711856775"": 1, ""-0.268830553925209630336236744611785484597114970188376419748460658896452676174098027162235802923742747995346118621327160438747900861290803119196759632197782328085472335715439701593191637948653032292"": 2, ""-0.26883097142614254197064561154988116168941754856737910812323580985869489243048551625796254109879756443923137247104696101338448796477020302123535385241157647384509787257961859050446092804924648358"": 1, ""-0.26915254237288135593220338983050847457627118644067796610169491525423728813559322033898305084745762711864406779661016949152542372881355932203389830508474576271186440677966101694915254237288135593"": 2, ""-0.2694711317819149340987197550256188366728864447501285553753182553063680525194880819164228512695640560750112259517367908400907314335740701867963771548183849727161716753222265002692946934004576884"": 1, ""-0.26972900103046801168236499323619214395331680385617896660693517836193804204005307836189503019682550560900013041489660663145482438547643125183981632558622755993441308278567982548035562550381279794"": 1, ""-0.27010879472192336283127931423557676199834080132805213782845323073719035002165141500992435145993537629593943872211493057181017060262853605935986567086078169739029320759651360796745853802059813963"": 1, ""-0.27035535270800462297053899344800380525507235684859119422386317672651019598840179823286030299342379356581699332688000659446904459182587573986296611646674685229168753635297488717816454981063931224"": 1, ""-0.2707325095134374281455950746010757779173441830596936291562501479143377771637152262807677163077953599128534685627316140508373903054450468128604875669034223151287328351978458260754313056381043852"": 1, ""-0.27073981661682893805231704206319241659098463907762957554850901429841750553764894056422010069601461721232517590522266068574421293066048502913744611582088381258522559328682765819343989445148393391"": 1, ""-0.27078246753246753246753246753246753246753246753246753246753246753246753246753246753246753246753246753246753246753246753246753246753246753246753246753246753246753246753246753246753246753246753247"": 1, ""-0.27111851981836965265163632719441495847810591716058453919476593283684067106109918825156422140120798050891267486664503633348794705213446682602210824574180887466120628283098151563679836941281387050"": 1, ""-0.27125493567154741596769215547020648211969959596176885072026189507106090124409062896763038530129324831402769937402013311327047836396801340460286691542923905492601314458530615946175422040410691063"": 1, ""-0.271276894744534825693768187141548150831957871653299284527681212879673518322092961662674692951153458931821784294698460436091594802124510274038284272016490327337128846441682909104175249598531750846"": 2, ""-0.271491292669897553094309560031313844930611580155129677982766978767769628898465020206912267155109233663163973247735555997881114787129520819969127040686226750796261446157233299728090767135945546279"": 9, ""-0.272219112437712704908395193110493240315544646104874105936297491992629927919490692341711793859085625997446607022445588765955835683262567966427710023455025207126815184364040270538055209944478972378"": 1, ""-0.2722708733233614594834063212801273491738245731121719154777806711010524388238615769061903652546971389451916406186123427483320915224124053046931079834210532917575609460566551359257666098721790565834"": 1, ""-0.27338043414632858906323503041111234998034251063931546012226731523717921643352727985549257869569780825090672844660042225208216730833125018164082308477982729076064536512870387375320238876140385122"": 1, ""-0.273455363639224297507822340996001214626884803919404824011323677731814358765866000736397083061657961734714666085025731856021491630034466836521873983041638302430178424978292747187744354238422035576"": 2, ""-0.273692491048842901091107457466630116695091060559989182516911822078053171762752041214658763229285316020481151273639221339710506006412576088352009149843892254325404104248004116606757532054971111315"": 1, ""-0.2737427164581495035844239795822042537077426431894545594104111215937223061902092380756162884587419446998656519289941850461867191632268771288786172374088471151823085059671415200140596922273703843"": 1, ""-0.274376782755883265552877930135539280437566144421411692638711364669596678721620186247376060621393778625588822553303146004912083493893257864791197244969153763681288832587678224491564953470268138782"": 1, ""-0.2745263379491325901646254985782438003293912097912203341926155471878323484544190651108002557255383523747979958436981448503081925577600951004133304837775234143249981918614710644009880824899562350614"": 1, ""-0.274576271186440677966101694915254237288135593220338983050847457627118644067796610169491525423728813559322033898305084745762711864406779661016949152542372881355932203389830508474576271186440677966"": 1, ""-0.27469836224190538799388090806526576242242415415492683956360449907877343498721454732507154510435540218299968281727242349150545436575542837662159705653755221183306984764550507012515822376684866748"": 1, ""-0.2750856271743956883308437682587571230060970942983488412304735032796179191269824408223109475851456160121380066937040364326174467293967210156808558216566831182235356445835999557926765911411777957"": 1, ""-0.275339426523844685272921334298626043917274979232672598646186203161825076724118894465934614764108338649611649170699258581787801069637874265927463380583838224229219113018617037069113233404681173942"": 1, ""-0.27592968492322423320340892486682177896084659404051977488218134471594181275731879656624197774569619123969324604757312802378482533885156439793632350195590243466729329463507350806441977469814046147"": 4, ""-0.276849041892047574277621457034434198034420091668803852546600222149554155102308808683954916411142748238682684865833310906224981667813420331619327668150348060519536194706789966427435121760237561490"": 1, ""-0.27764087156236613336011305577501062995163427131098695325250295355160512313777250509362445332989802131872646002921508724074938135248499789588315098761369041456632034659678114016055967691273876481"": 1, ""-0.27811768633880306672832724038504327564931900148001877853535476539269609556672552957326324649357208270165999894414746974597055300876933930809462106809585537626182057601249609512765855285387231007"": 1, ""-0.27837806781485640489701179405925497584732650279930069194748820923700033055200732574045246188750039479260750807475059115161130531822065772077264474320923107320281629724162626382742111788964207787"": 1, ""-0.27839688206818415902770625193119785765784323823256772067154186836955402204140488206818415902770625193119785765784323823256772067154186836955402204140488206818415902770625193119785765784323823257"": 1, ""-0.278768796683246758870973245596174516844659559875742116980010188684420583216841303017496477446297972511710470807554486909690966401271333113780738612090378989272492528290331710391126388362302728847"": 1, ""-0.2789312253846467664634107187972364067792599229283401645583686952595753363920010131438578085868911286642933779216497629116848613544235412825572600439351360856372276969459792937914423923622285879637"": 2, ""-0.27916418400590465922101655514695911366450302376984756744603639654830649187359228920408444961448458484824340064362618512364117558192486236924137272798206442896231590377231742227074279036198169657"": 2, ""-0.279521374784707705752119213326246904853244071761230925483844104219178104154436393406991569767248062220350402184754390282264625649970920958929313062729484703897410998192221955756714096094871893576"": 1, ""-0.27952137478470770575211921332624690485324407176123092548384410421917810415443639340699156976724806222035040218475439028226462564997092095892931306272948470389741099819222195575671409609487189358"": 1, ""-0.2796775999809975342409333138902467355701490564389071400229625124239070996032102154299422333023574159069277963911321067517727587832021765779001213159258630012587068854758395610054884370911636656"": 1, ""-0.27969178676739157367774478423050432798035427009819604580906284510020659065192742036318876674393868330544585045727185630678805769953707903527381936420121712315545024118593675145102024384815249341"": 1, ""-0.27979189613554873333177099200862412411239483489958051135431557732417801317053736729863373251154179653628928311968315717934897236999367251763492770265519908134330107098497808816292095334067633756"": 1, ""-0.28007889586981151508909259449994850139046245751364713152744875888351014522607889586981151508909259449994850139046245751364713152744875888351014522607889586981151508909259449994850139046245751365"": 1, ""-0.28067796610169491525423728813559322033898305084745762711864406779661016949152542372881355932203389830508474576271186440677966101694915254237288135593220338983050847457627118644067796610169491525"": 3, ""-0.28077407230458090419063745770583883850530036766720314666808402735110887839364512491015355361259460456510940880198062104025791495545269114646661522449410236671055922871704474434033811738447369419"": 1, ""-0.28081723600814299024737199442099440622249415337806557979888606785067464052481897864003068784377614221084945688384391519990937104098239123822774977064026967835809277463262640765022565995838948221"": 1, ""-0.28139889128715175883832594537647838652434949108402857374166687258125412811967394925673325194760726150679945929156141998592138848779425222588148292988974563399269505250304828724757834484775539921"": 1, ""-0.28146031548279562550255572943107966077384374303415623052399320762103025873900401162152789254066691451143167453596269525455671095125502856936735182907863851972158021931821284814933476045179547659"": 1, ""-0.28180251102594581113794245825502510336103298147412767583494270824450691949132369172352310184507146453292964412826055425308189504471893694124656421311463524675811887038305809392219667134515529042654"": 1, ""-0.28191642239555409289109118806786049407721177631183971294030548505002033814541848484067485832280770506759936652822239413066184912814892391972965112674771988654487382019123835937294345863549316106"": 4, ""-0.2821412935925881038055329037919517730539683925169521038560612649013223489001132378417056462429058416961109400246530560992757927186847905305168285299028971186113111428246546423558390596096297522"": 1, ""-0.282591088569874451489734260198916599349807258034973412753464068911674941863421477417004741283683390847782825431782550295028017395053382305621922433288335965633673205257647496707700153469240251296"": 50, ""-0.28309344583961225383889964975395162526093082874906936765191642984783129647213570816225031188013166636541155505773707782209057692664822398438145220457255000730889693970550331602212508789478781369"": 1, ""-0.2832530623311455481939465425087824166802585447560277322463988373096403966039884245483707706701655456555537208111142345398275769275490005738814129472155601700094747835357999740235061956024523135040"": 2, ""-0.2835"": 1, ""-0.2836026711070967754977150492554857093868488064558198984250956753372106948296615581368512052742758810931918191519321909191189682740817356442085676562278543955752366217027685978970372939441895541"": 1, ""-0.28377689127687503997599545870736518381125207078328520075625469900673857079014464140580015770888444008563165072533281578859502216341046537790878752709846045483990040408459595438984700973977208242"": 1, ""-0.28430243571256701055048476035565774180610021957910452014995843415253346483942060610570432179440079454612980108334900254160762906656023577035555736301144368536297742105017500757683063124351623926"": 1, ""-0.28446708080967699075071529651484795780885202004524371934012955427827416623364161702364841508452653891362187386165273196495499634611165740775456372214708001865508933181976084470409070053145841969"": 1, ""-0.28457897698520268055851807615793054068634649397645016333035030363840857515880895488795364699196994017312687357359979219237922438394641898616537434551330214862013130268868452937990626158455322864"": 1, ""-0.28478898889791450789193858167935217058721327901312499152278363581835440598880081674077458182833588421295800919866784447047592761199990613164864042673069234583253584705314735630337820570646376176"": 1, ""-0.284855362055943234412193556382230226640645408447884141302549211630125431271213435652901075844063060303868253709869002910453475714945913064305976056461046330258005894061176129372275715687453458805"": 1, ""-0.284870693049874646035746412719269590894186513004566036786559075752141149434027093712101760353401136031327757484663778510516990038378891083099459745876784952265217680242935261967465762028201988340"": 1, ""-0.2849948100223928645215983082235783847722012002241481623416484196350852324788770276611890226682462542860467887145337524090831346322865774169437277116579899833550466919663740202599504511228338982"": 1, ""-0.28505970836428185785801232920017661907547724660119956786191560061984774747983323087900432485181335796044200828128086372935715732097182651317245687368114978872651485358123746354212892256355077448"": 1, ""-0.285334168101424323055251213022382219439661918923149162623258725935201126936922836124589137580215996243543590546251369541399280012521521364845828768195335733291594928783847237439348880889028016904"": 1, ""-0.2855158648144619205865016153075629020652954751664146346877084456386192475995127632858626918285779705593513963836685718836716532184066504686240619897155878648584292556127635872039839395255900203726"": 1, ""-0.2855200180042446398193180826666634862363734414967896683411336857993325918685160969019043339255474039646911059469859156726447065168623761721903377822692712046298840595431901723378169360061406767"": 1, ""-0.285991343209204860246435518896859545040198371078868875399485799128075388869114702684709478013373240625224338446065321187700094732823690906165006258139284491623406395535584505164120346480377849240"": 1, ""-0.28617462484825982741389979708255001391454294226325381515013107736900478005726856018071395637114871516596022030830347794824578731003745007943143734972214751679462203286056731591391627871315526598664"": 1, ""-0.2862064424997014446217178623389061023166601294087960735223242804688223627268937303219386950961499255121069860560859214640368955430896288108703753213819478024041260308370127247010844359283664429916"": 1, ""-0.28656458297240904437363823331447348820537858626920556221186037943072129317429402554964144269080873353418665500153682237428478662190756483786112709627544167406521875839961989013044157885776451680"": 1, ""-0.287117986340505909830047229581307715174041595434663249787856747401212109265701143057455652864355210503355880453514475344357018597753152094080147320772231470283479515434587902922276436377625518622"": 1, ""-0.287234061369817257203235814306753967052372566564951948693974536413823781778067944872797927946897921397634041467323114359473247177150850980214087975427107885772524270678650616512732132870372481699"": 2, ""-0.287289556405018960337864071874915246614827570204370432329130937066060518092553445823471782172311897121006890547082257355094999244636133013855166818784754764617968518206469808930131371807684442085"": 1, ""-0.287376201676017301798978077772426684356597519233043503043888826854084714297749396600714691828042202039919101500733766698154009977909006927076716028884928060167995540959667178327370889507092069831"": 1, ""-0.28739451740033321652536412795632069326416383356499264823975581516589384687736789623259587870854381894121854784613349289196020308055036039453007981826180887005110327814997223122725006893869526494"": 1, ""-0.2874927714720744992560142113697265042381225624575989876389950565859034004400058230756455954775643231777586439828373289468698632038520340438332104092101564289914521899981144052073569139183524201"": 1, ""-0.28754286518075207762647442471927299726530924912053457763660627424529756653615703771908255488826338812648063374403111983882062523663635998068904130371927764471448221053485773408319428677049380498"": 1, ""-0.287862686568576283682942177432623869680952384199616064934126435896124742552346404011914976083818105664752600156827806002326776391844174778058988168669599151217452604909952843180214977959600697318"": 1, ""-0.2881427004072322776867873382134457596902919514246028033352698355377225631736632636433267258687059954277428528727473875024681658224762536780291181223404743647587606908326838743282738581000732067"": 1, ""-0.288272485540438532531788969753787111584377867058444064065780635664547431309060989654448771370383972033084936672801819087224663548820315219645553242055518256987191245323698957595531397934953333663"": 1, ""-0.2884478251402133911729454123896224842522986663781365225361803100487049704633775166953286244296697551127469261845673202904488463326974309656497431329633905791241412061839148563052413888858115002839"": 1, ""-0.28881355932203389830508474576271186440677966101694915254237288135593220338983050847457627118644067796610169491525423728813559322033898305084745762711864406779661016949152542372881355932203389831"": 1, ""-0.28884988611667816794831020660593286760761809755653411805256250092222082537792002152812334599377964983263649372098321946640608770754014688750583229137901810840319927138387629456112336738507143631"": 1, ""-0.28886154905560642620463437032086306754355972754024123094098832668243015052028645361292559626417444433345112730860621881703048858654827353087398656888063942611701485513622521806584843130386418065"": 1, ""-0.28899728015681746011268671680924652780998039731371687459488633813052795541427935632267285064203512058790738505924899094841179690660843373744090069083173861010181617657447628484931447064147221372"": 1, ""-0.28907708700232455421812239502759306508066622605117824178473125357435169434475201039971321921059674752644248310583159527104836273686785742373646279353636272004627488097696067277306577488811065211"": 1, ""-0.2894254275944149911779146096117413963816563318478098184545169952883470065719662774185790715596493751407770545436856659246186627549135091501792689431123077842459737375265658656490002110951030291"": 1, ""-0.28950159687354771512572981769124563801739949948641670691426169555925554479468810771221822617520613889216843851544902819574796061295256485181627637897622091611698065075241684802604332914001016821"": 1, ""-0.2898515043244489717260430922576795825703964605523577642593237451147467344072156899147719516907799772893259989378658244915195725699809672249378241534405094772608428271777100832437154718234787874"": 2, ""-0.28986410091437526123987747913793709253273742730785282206904305976442149979430466899083539427734348022325527713021282507468131308843445529691864308313764150892548213001600052525887118987915652026"": 1, ""-0.290143328977935046618674660071885417327783407611826307914058065131670296884532772491499995640277738304956813401105654540980387746704411937130309377071430530630151271646391598152139415833062425104"": 1, ""-0.290316995012393334227226490959093273259936024556367437309492757518794900571975249774457072376005469184473997150108050470707047099977574963655929536550754552233358106804501735625911897284045891145"": 1, ""-0.2903235715991768730220037897897452314021185622324213722307209842332620468528634900971217457599560606212041596191680914409816945791756049606980995604950070460265541937515210110451782586703426456"": 1, ""-0.2903735999909988320088631486848537168490179741026402242214032953586928366541522073089200052484850917453868509221152084613660436341483994316368995707017245795435979983832924236341787333589722627"": 1, ""-0.29058929668223248674592410470755712340376276092660197494526459818226053169870214707126167149918765484666788287525821451310745295840801398957229524488173875835123502482524018066415610550928601927"": 1, ""-0.290726545490232658413242077687833494162885430436577626549157928254958893230824349034178182863959324869575762092290791571652115130232950000063716582704284937140585734468768132484168160190608235426"": 2, ""-0.29077645156445495970491479312130532903170187439976213364725187878578749794458116328845124386064567418821431634077651317040393810472715437310435683006579624051499969708071514323910775118983532998"": 1, ""-0.291813471502590673575129533678756476683937823834196891191709844559585492227979274611398963730569948186528497409326424870466321243523316062176165803108808290155440414507772020725388601036269430052"": 4, ""-0.29196499803929522805024813056941570997795897394290968588157343177423498708639270888266872202615174502724703527916379322001811961651319081037956539964572093086149311048909442483739672494692575014"": 1, ""-0.2920232436620454052292732245656838770800435525992413002800874869977255584195061614115940512905150076807411486857344978632901761769428845629717408636044444107731701545108674115447692639484524176"": 1, ""-0.29215754696004510289732953375285620439716045261725527003645704417975991717772317181782275060865680195239916406119702169315483105730237555852092476267913995337799857009415438517418735591658990283"": 1, ""-0.29229190926488420976455512872818828404406647337831592942714490024292460450026870154161864146180170873918184019991760891180406125988563125031061834068338906856035545553524464586031978092921514770"": 1, ""-0.2927137083851173451327335476989080807118362847682720701326856479785964466105364646611851584993209385812871091308833039079967825525869243399891502656078098592778015797897714170841942125088236972819"": 1, ""-0.29284934618253911258599830372987552601205506923589725086045491141834778996587369496073401155045506251056996033840141398147664123774250758112712339760338890078511138058014481090993711004837674515"": 1, ""-0.2929355713787756173204890613623712532249137714109324194547045214591859351857169003630052330027534862335700756560046378169995802910890274475662688473328492578623787899010936466285940771276280626"": 1, ""-0.2929797919667780671573512733837509721438490861004582253901116294203794362573970664991963419474769256449986504630372195907268115927988047429926881003708158702676231191434096702630158193289718997"": 1, ""-0.29311731568242625553955233407779028667104878971695496144601341268933630820014028704859719631550951237954792135154228104807435659859433726524940988241088729549030070778177368250785314611942515156"": 2, ""-0.29331046312178387650085763293310463121783876500857632933104631217838765008576329331046312178387650085763293310463121783876500857632933104631217838765008576329331046312178387650085763293310463122"": 1, ""-0.2935026792309598491044722456474472652553832745974371787134997975156319869755509544753566512939300116711085486295113054310376564947964423894834721730932399070531086033142848038980339962749765706"": 1, ""-0.29354835107801182016082791719820957605830133680521650510735742628816993536939254075366432900427652046556783077555938752690488094503997872691888867355977476003564871238206272203370140030791210159"": 1, ""-0.29383419689119170984455958549222797927461139896373056994818652849740932642487046632124352331606217616580310880829015544041450777202072538860103626943005181347150259067357512953367875647668393782"": 1, ""-0.29385727303953576111586817976854307392524751632005423230513187223089031576971305404905910005964409260878791830754442625195600738953831250055752009866249319998012517660172115923647140166782205998"": 1, ""-0.293984674383129899175818148264476617173472065956354285543148398019645324914290830620252662733471920131497022068815058325206960008059147092452768244451556008086402891035297381682567276153101257503"": 4, ""-0.2940087526088913946054071963196031224665089140342919594464698357877644398432068428787679305893698223306888424478442789829530461698501319754733847090377299974098888094496752436207881864398105501570"": 4, ""-0.29449067875167370480997013080646822535791533628592028015243588423112575960449067875167370480997013080646822535791533628592028015243588423112575960449067875167370480997013080646822535791533628592"": 1, ""-0.2951192988640174422813925420125194529723043974372351528037945973129680650851296825479418910907661155719794910924761217036332504842656574581339328201538698536711270527239110041274282564618438259"": 1, ""-0.295562482786236348252129725897365609029021270307671504840215042457794561082215463874343775440933300039386829372383117960981742320024184785292325288161331258318084815861546378089918330874944444837"": 3, ""-0.2956521739130434782608695652173913043478260869565217391304347826086956521739130434782608695652173913043478260869565217391304347826086956521739130434782608695652173913043478260869565217391304347826"": 1, ""-0.29589101314650343201671194571078837021617931288867776993439688339042906168740980900290675824063686952773942766311050431696932646468470820959559968738307765636803461170402723269369928976601805255"": 1, ""-0.29594921430049841062193672340754065450504013944052993775841573386043812715775259041103587785226228077037611455738849011812948233094498905920372816409336210360122505510043329154594224660368690536"": 1, ""-0.296279052642270868974832030210985485780575834661517080723859589106066437795704737328791468602301501749461670790519365754971857451020440876614892294500283076130166680567161539342858006312842606080"": 1, ""-0.296347918544986910440388920055864590960881695039606569883781503596488313281840032078091926907234016842609995691033076902242624341053353158436332450198030829480284525914395590119610248411515224194"": 1, ""-0.29658913548677723926963825171387557245241741092616527943267866285563436328115149547530930052295219522631850697128744647829532479396099998147592070328333988470419747144976041361401017589661697940"": 1, ""-0.29674811350492903426648117585344799245574716194196264357464734001930447003767879953075085612238485688351540149397557401544321114208587289208119419059089576918586439742226364076143743267405191333"": 1, ""-0.29678031255257470209699276219886631439991772391182754896997117391132669334275785035198369892554703991460707049702555508004840654639634999728342723973409196390273965953757630341858113187609977156"": 2, ""-0.297003879967151527867987282445943063218906425305747521076208289623736700887662137516971325087449545889859169645516738045809756124749505166291269098048022240908417908004738268454464293262743101936"": 1, ""-0.29707410779619594459410563927825810076539709766393681177895486088697180298493141060926758151505288800520722816936209494479902565150145702085225980007948002143943102313614306033156692449137758681"": 1, ""-0.297108321189873245113766050586752038472394881449407846539517259608649427014433733032103066922243800256326284579500196943418912294898935655922893317175595154994159445664255951443555487373077690165"": 1, ""-0.29741001007071416438819678703892076234059510838285643653466935573357078651804274750003493933569318746919192808133673781811733583355682057786818688604657078840324613591745918936462014394519950167"": 1, ""-0.29834951934380000806681413864920063875191590282908470209145811400495960439505865876432816875690085168394707842124201353684406347165634219957022957980391298082925324312513040206604719704677849652"": 1, ""-0.2984067371244735398476005138810936494648355675575922997489161541868408644751800266764343121394795002744508827958930907826807994750781818904228224508745409238482793113255229211067993195736195376"": 1, ""-0.2985414139479377963003034949825291663455432215034963737590608817692004553191577308973794035024196395933025910474059492217387121221547631850406908094746088752697694976142871190127804024931321040"": 1, ""-0.29855506457864033542513546374975018628294891116362930498049033230377995052245106770077974974196483795835023264994913328476194983008917640369160281822837295166332630140643676182584658933394152790"": 1, ""-0.2989992602999582762309786876023723967048682675138059518901802356225280202859264003611964852068846624670004143176458874237479287921478017768896697030526970184109596135311899166610560885710222729"": 1, ""-0.29921509235495592453529924041743860035082984614814435288170964565491726679886266163202309351436457827925651855420706362514160236361867854273544145737514058634220172999538546235061141396984008701413"": 1, ""-0.2995939138661019022282502537074818244479596694428214434352986061522343031237989025912801465945155289013628665812885796575646966644132225179190569878507107210917654195648241110790414366948678498"": 1, ""-0.299877013308416232946682464108970927459310321523138249575948168111780900002482626917569293718419212547139260493416663352932927108539555792927630018137617769552037138365037518690620227625020692157"": 5, ""-0.30002142298626747281446353179070061400640913577301798356531329852241951920253984535843552973807939623520022442062991080546429670017620596057918841827464483847099598723273252448793409901840998506"": 1, ""-0.300171526586620926243567753001715265866209262435677530017152658662092624356775300171526586620926243567753001715265866209262435677530017152658662092624356775300171526586620926243567753001715265866"": 1, ""-0.30025824570907439088739582409764876249400741921348516198986301427614611373959766514481305424268001555077040702683880671086095512018169668102126484000251623226814827170810257193651561166971205405"": 2, ""-0.30043794586581219306397104361234604236741644989863474210777347291171395834101380408506264199639162805099727418247801967170623595402074997484266809861622916680722737088896787790840259593536451101"": 1, ""-0.3004816817532474008253034382896332744825708293616194570314184444571387393431905333937316355959570461757085849980685572175424947906465723677440921269388301054242104014337644734383222225563878696586"": 1, ""-0.3006303513493259476921695171381705071478272538809346546219412653304348818375644896792809583215263174545792677153854681489922014652694899806548848038966200001392170845658191107813738111979959583559"": 5, ""-0.300911683348036010107784167034505238699892572430903416352145041633346368124306545692045487295762630938405207611525781317254388135872121057976201786275282274432748843120175503152311566489611451141"": 1, ""-0.3011467720486534963856611806951253548116452516413896462445538959689446503043778669815144067722703544657423737303716273238607381665520316698681154044642747979016843687021496053802591328724319506072"": 2, ""-0.30119896661994637455681812613115733241549178304293205949797114217413377205504431656859978226227062088639732518954329025647163359572764120575525801121571455227416798109189653669174639524123289010"": 1, ""-0.301618865794623545164280564424760531465650427438459161602636728808322175301266865794623545164280564424760531465650427438459161602636728808322175301266865794623545164280564424760531465650427438459"": 1, ""-0.30164354369700642035492056515583316120717297006130305021255978321596938402363713214411837956661177839899002495525105986654895889840911392949161954529573492673237047356975863444248737728504363102"": 1, ""-0.30200295814773683505052016966345500935192684012297500102500886714572711808393833748335479704313135211687080159481647535702930159619753274330489074274479248877270624677737956963173730625378136753"": 1, ""-0.302629227841961199238140151594048152069383968745121197105001136307893452369668311425807681622594397175402257812585480091486824521597398327398695359187486511673275464262819190682643713774776170857"": 2, ""-0.30288423520340655405213777075755892590822932642856167089500256285462307582755008382515060217273390618255853917539984708131859019677600762073213292306627307991008604928016791030180325995051816235"": 1, ""-0.30290149254861026946353741946099095744761907359692851947301148716899794041877123209531980867054484531802080125462244801861421113475339822447190534935679320973962083927962274544171982367680557854"": 1, ""-0.302904261220420440481591677803545537119641114690913724256477667598338547971320459836550234906033004470354688254462271729404885506467369975975080619320942877230878061894301728406309388771423543350"": 1, ""-0.302909312485169691644855998359641247694177296691636691889594640950626173314164450557550427109306101427963477862487044944275198972205373325339930957965482192173051234372390540604298859510590231519"": 6, ""-0.30344217419411112469675292218701553393437465447584419295759678097302813289761373172695437240731884829652821437551817496844265042621592790237554305850193193901184086103500810744553862940170130972"": 1, ""-0.303540301203247562571559105330827512515476663073416162095320018101568570530475759062246447287966521666533870353994401818002646570058674303082755000390135435929273747074774582248908534699089933114"": 1, ""-0.3037486241400043463025047494950824438251847456551955562813881193282507893070961029943382071135897019861898071458191325159820896053984829616677836498034148983050143905845648551899206530731134164992"": 1, ""-0.30374862414000434630250474949508244382518474565519555628138811932825078930709610299433820711358970198618980714581913251598208960539848296166778364980341489830501439058456485518992065307311341649922"": 2, ""-0.30392883617494440326167531504818383988139362490733876945885841363973313565604151223128243143068939955522609340252038547071905114899925871015567086730911786508524833209785025945144551519644180875"": 1, ""-0.3042029706291907887106200444776607398913974029371271468832594537782632484780077978383078260872628995891349744910659236464417004203684670557088452578655855779068849699909409589569188229154044887"": 1, ""-0.30445439471595123711406841419227345597089952321603660171648146721534307445446984241418572579484725793212522474889243003748695297971170475761703160634354188072562530132701802901457464490467790123"": 1, ""-0.30458521858867665664639405231318162855506190945955416952345698204405585115409795814979696646399359490831402930904239762431551036139361206274771593225502947788721083198216790736523901897150913662"": 1, ""-0.3046981231635396654646769037739074725051851352122127988584106381911875444015879419974558807351654197881826673152456470127495736663543947953507439787761534557486366787949537109025881862345875058"": 1, ""-0.3048842863108514965483118339703171350525136645303481450944547994290632373346531578030003523983934553502248001986855217477648902622529888339801670412167814478904153730829594814465712177752496983"": 1, ""-0.3052468116885160212505587386425715153304917717085289160008088341237010256261332857668855059329755686953367618632161237040015351164310333454658481416458313073164413160698780533705531681598872882554"": 1, ""-0.305845787878588582037585529944294638994172016834374596121009938411403217649962805932682489560591540888136068836384689421718432671853399692710510187780024691947724845386160153214667227131412712447"": 1, ""-0.30623835123502831015705436930732459260535416991075409503860162818923607074762794107168962946306083313968580079695385693272705524538364527091149580522387074503654900727325442479073271927253780939"": 1, ""-0.306646941332220699492765002729930578796487133701492050404806283267413874291370676298572938850257665786677715137223664633278101123941380717057858748071920490958923027498397777628162361893927278"": 1, ""-0.3066940283167641425130579157213358312290234029991954815859365965865558380278171490432434597084411350538260630493320439765980321016439833084166248957631354183565096274510678534953177617156761351"": 1, ""-0.306933864842585424613864688519875578626099792690281200841353918634783700213209386472090541536789492000371944869240149638914216117964389787203732842862820001531387930224010218595111923177955541915"": 1, ""-0.306981493576738388318148991108738331730554187425191688943350756721032936334914108529051118213114090022834619792977361402797975997826774353446662174208126512323557118696560923800536944546567953137"": 1, ""-0.30698149357673838831814899110873833173055418742519168894335075672103293633491410852905111821311409002283461979297736140279797599782677435344666217420812651232355711869656092380053694454656795314"": 1, ""-0.30769230769230769230769230769230769230769230769230769230769230769230769230769230769230769230769230769230769230769230769230769230769230769230769230769230769230769230769230769230769230769230769230769"": 2, ""-0.307692307692307692307692307692307692307692307692307692307692307692307692307692307692307692307692307692307692307692307692307692307692307692307692307692307692307692307692307692307692307692307692308"": 2, ""-0.30779199316015248278089745441619120265856862804506894563417220179383793394970823898178485545889342547744446789819642292170755134084748103035067675397532967962811971806224714639109635066578842025"": 1, ""-0.30811826178167328751471177628200793009870497817035736280366044416762894827538912792073925738767868820441491451224023284356554440913843659018669549499609377268467902880844680774815896972146625679"": 1, ""-0.3083505061516950932537397194854075914512346191503749094859663626865839445128265186149358820086226109610025007197846465435631655533961058446402202957558780466107644851591007722471382097768337599"": 1, ""-0.3084392990734207296321406083887100085288578119105592360951219168620333114931071798339771372056763712905163900009823737398688862951755513043663677543454810223667164933189382576712792518426425336"": 1, ""-0.31007069645713755919190587454574055370145498489844979439477084248874391355017748048418021749161928170803001105913950000769646886862966796381539513012370803949556394171923281347126600776528308081"": 1, ""-0.310142477277831979692811238184522603918308076806126386389083856044288820628524412314133783582031956051990614771545715708495899862431923916585869380372957260979871956937241219078692196754926667185"": 1, ""-0.31045634108349171790344121502649789905593505958927571266737762692598865272323883592077936722705225383712250265478484325835155495169540781125043624614292990690783820051217210805934834144928111641"": 2, ""-0.31061030046474489003298218701293834604020597134398488504848826260592165238937569931343073232714449284923850361307482858936389401688188840393366240079639769463889063573284763738889757298492132702"": 1, ""-0.311634049042583845851023891809344959198795958988409351302515759647081062647698802105514651455853170253301034835707260269479941456959685224404623021266904196262915898009284921823275891312901813924"": 1, ""-0.311653215498873680502032511299940044707907738679271033195317679752907188125388256248187139938071561110004055835987791988342867959221402336885984676374809508399198312337544822838203181440145966696"": 1, ""-0.311666605301470613826481441589364657380396740870436205927163527630071402101275308761502762491580381268904320332694393955315822532823246474536697388626014356133097272032328849311907855954352671788"": 1, ""-0.31184091428342827479590175204694697570768710453400386646892782104347754581692754471337650926945653123692364467863243389495010631978372049057445068462266021067773917419258220282772793228164374925"": 1, ""-0.3121141020578750539196695530197984412609086687377432531495512777902499257449800939599549365398438535156434866589239206385247806190813418158677967161261913617376133875812783207977102783397383433969"": 1, ""-0.31215461236646214764474950207094778688338206020195729947961968116134581958841506863476326329030735749882807375488999343288771598048312210259836948485686531654205828468918609808670907236322546774"": 1, ""-0.312186225409811003394841845880087552557004394014618191890974211381973551691404834123005876112604283024819252925295985639478312921658528646976511738601974138083323150413950405948964544287123101401"": 1, ""-0.31233445678598047981258129964814553941096246919333842563599444289911508887098977817734432431824275989188724161448079756359682213641016424497143168926092783495016568699651282917898223354505518149955"": 1, ""-0.3123652653787081528369254660830712400507237075924572681392727014446406605113644427012806375594355337367551710560665696323543727818943372337422694257897082637692425139032451482797184070004060063"": 1, ""-0.31251482872455059525228426632349826072404130318362178393788025413657975508362234929828652507219709652026856404301705842206885069958624488003279535423944091384916556249969660751730513525062767063"": 1, ""-0.31266140356817149430462239006103047655875463700842822624366438392259132108724854071550815890167500971923150439177425419428809695011356042563829052500157264516759266981756410746032225729357003378"": 1, ""-0.31270904150989166975685323912398052436841322048287532416616133888409551682693293516264517663424395271155685493428392183118231287082043621433543533943443336190629194970910443173968977982860130375"": 3, ""-0.312820815083069525819159313504190443435162858357165682069678652963267053128895172124707689182175335420266084711670339523079294276694477783930926657755629573895325902612293223755533323816171839116"": 1, ""-0.313113518940970137111781806338184861505384423077189975238298928171973218094857236181758371955392593665396619331659636808383582791943701718457185179866087884264892041920068992581959470059164507913"": 1, ""-0.31316312699557111957977134617365331136059326398187248944278504480379029766196312699557111957977134617365331136059326398187248944278504480379029766196312699557111957977134617365331136059326398187"": 1, ""-0.313389456826879284451992771876910202228929786754914473804310914112596241114162109244882063952303586175873131702405544239343566948419810856149742404274451310319165240459546683872776771953265335169"": 1, ""-0.31388900493834351223884418488899916234899873608871443124834405560863845006158835068499520925704464615479402584059737113224508882560964611796170606683588587884239314904863444817595220408580985271"": 1, ""-0.31410577283004957378638646729960740757599782519806768643015758532014401445163849754840588168738210462035390440505733155708842882848218730950660112688303852947495841281383448122272589726899340641"": 2, ""-0.31415853318520327637865940248742579395811306990809768006735160557951061973756421903640588176526125505661373513562400391104756398722829123602572177418855247051367215245100042738675005771079150738"": 5, ""-0.3142131238696080829833631599051555096616728821185792905923287800914234088047952967642291116013336248945434033168227163550118476811412982386228425282525912117124436158883617744613016596820633513"": 1, ""-0.3147792706333973128598848368522072936660268714011516314779270633397312859884836852207293666026871401151631477927063339731285988483685220729366602687140115163147792706333973128598848368522072937"": 1, ""-0.31534198815059344726944939127685681247024633006747617358241809227557678950056464687301281283749641902443043681001582328850667501234135681544692904268124064364913630806776601448978681716530671298"": 1, ""-0.31562971637001829967857356990400215759263780029860655984380812406388023348980308794646303826361824355478370159749970403980141980673331031794714794793862141337288672026659803571799639618265192664"": 1, ""-0.316213070166505204264142405193594205373934104873995358599916169477549638613348841906929063125279264271932907951790967064728062244370630061269522962144782600165603543878270103030316630666253642848"": 1, ""-0.31624403794001883397752058114535725657580056450584741055268185042242008699741644630879889749222204194015583096521624090258905495672675950056039581581479789265506235919978103915632282998349147149660"": 1, ""-0.316244037940018833977520581145357256575800564505847410552681850422420086997416446308798897492222041940155830965216240902589054956726759500560395815814797892655062359199781039156322829983491471497"": 1, ""-0.31638739636130328759360166675807554669100531337513289176842655839552600424949744985985872413296917235718457885814710801602890403270431513773969627305723859727578461160189736413036984816613813708"": 1, ""-0.31654597233105575389411740496757855080162591140658468470240933857839403475864799462143580995014880757460289824605940403469838310273032803560469004504377587348518263028208880213408743886292812571"": 1, ""-0.3171144234089078297688020764872033094872019443550455341174129247241504021066750460016730564268847820876144533741129010554411272581754922901567091291758401348889873736813022548155582375897004091764"": 1, ""-0.317194663481536177091210964464529401649094412139712931227400760473950119348629391391453845188612971232729232043309957793892134997214471080331609703130415015467674175806737613218620585296170715021"": 1, ""-0.31802844696357688175474465929543687220364079274998975443975269099735422961892758801640813228137060149168646613416983943538451970661480800176873956921958673390559035174417630581689342294804407047"": 3, ""-0.31847373152283920353937642030031767238855095695637919103719698302613832077940914208392471171910270544856346545519032781385360614270505746950633708515534859713997188043459947733083666915147822633"": 2, ""-0.31853702626615895853617851546425594810631642155190752379439855306062200310769855959790371173310834295085169716678855552619136769377046832591288752215771447960832242161620319930545415756670586731"": 1, ""-0.31858659616882206771821054670222744237573457763857123280233360891045094945743703853683781758163829608259047513675908284327700145514526011048164185619361682885604525218022914672695625985759841438"": 5, ""-0.31860085486540855935810646506436758019114175582228100121864606612452111606764189347670207629977171843497918917866810869018367252580247130420958556536136065752186850342052047658555095397552411822"": 2, ""-0.3186028485330164874419353184988169443626222688276068735353196154608410151229387438967409759518868328825591422196829707202974142695862529120432445792967950643694270346538192045336331154427859002864"": 1, ""-0.31860284853301648744193531849881694436262226882760687353531961546084101512293874389674097595188683288255914221968297072029741426958625291204324457929679506436942703465381920453363311544278590029"": 1, ""-0.31951711437205266690309876994487102097084563154927265477926060946060542696110637986716241667758447107368386063140689161006576980262711502155092949524633595013195689784202683391526836026928026241"": 1, ""-0.31965469850232474053416467837326234809197477900825760272650748629940612747899196349666378689892404988211180955928853217296060679653231818660674463166864910555441543539379740513101222015144668135"": 1, ""-0.31971192216047258522573041159889219351867577024568206432676898597521435295784744982174439692212975291605179273931397641662018703813747156820264922491584815584229169223073356170347993659446445519"": 1, ""-0.319791046001476164805254138786739778416125755942461891861509099137076622968398072301021112403621146212060850160906546280910293895481215592310343181995516107240578975943079355567685697590495424143"": 1, ""-0.319895964122730148746212588686688759535594403452321857227310538055964672733373613967231477786053367860616477719778457830636682340986548321899732173602468673949760506534476165868770580776404819282"": 1, ""-0.31992051433304024356214974396511385397214379253720226303681734817051950327687175367904111580510274911703874920474704560220455187136398113938532622047296018909773722004599325362901881434460338563"": 5, ""-0.32018175397930545092191334533524178695482152142747875392087953514651547974803385021033703243624554433357610422774794765062712551025815777693730745053515801308598483317215867146456539665971232234"": 1, ""-0.320365078870698906375638932357769915193460935758539057630998301905257564684751002905381973135166728627857918633990673813639177737813757142341837957269659629930395054829553212037333690112948869147"": 1, ""-0.32038959018428452570131767641518984123498258720832237825489640023735448487167301788169821925475698910496499035614634676053932392874308972894596644296471043554366553492019341445339734237839511806"": 1, ""-0.320645116470685479907823053568055248343878971316253664310686990993215529717054333782817495761367988985883300891446080218342349602150992178900436195930895131841408006196919127153474612569864401796"": 1, ""-0.320677966101694915254237288135593220338983050847457627118644067796610169491525423728813559322033898305084745762711864406779661016949152542372881355932203389830508474576271186440677966101694915254"": 1, ""-0.3212010483331493229046282277417753426176642519927856107416662710267572588472990271039878389920836891019630815055874225939182743581135481522733617302271184440049763180650099573311163383341304223"": 1, ""-0.3213335420253560807638128032555955548599154797307872906558146814838002817342307090311472843950539990608858976365628423853498200031303803412114571920488339333228987321959618093598372202222570042260"": 4, ""-0.321450777202072538860103626943005181347150259067357512953367875647668393782383419689119170984455958549222797927461139896373056994818652849740932642487046632124352331606217616580310880829015544041"": 1, ""-0.32206027847900426234678273308155963570381159802857748961981283388030607253887269452592567490507033841390776621849703601968845219123514704346625838676907697385578515284092788064851508607750644537"": 1, ""-0.32206285813401559875552450280518054398150990126889039605558856009431208531946110151829530987664817252277256513625586475932993665838783909202241822513055729238160022699852870724801905303355528791"": 1, ""-0.322307692307692307692307692307692307692307692307692307692307692307692307692307692307692307692307692307692307692307692307692307692307692307692307692307692307692307692307692307692307692307692307692"": 1, ""-0.32245681381957773512476007677543186180422264875239923224568138195777351247600767754318618042226487523992322456813819577735124760076775431861804222648752399232245681381957773512476007677543186180"": 1, ""-0.3226192807502104509247043960931001278388813805637009261935155814114010331732949175856155262314504518461643589806542393910828409916243494258894840290147403638905144279358571475302080812511861292"": 1, ""-0.3226816363725581646033105194219583735407213576091444066372894820637397233077060872585445457159898312173939405230726978929130287825582375000159291456760712342851464336171920331210420400476520588566"": 2, ""-0.322681636372558164603310519421958373540721357609144406637289482063739723307706087258544545715989831217393940523072697892913028782558237500015929145676071234285146433617192033121042040047652058857"": 1, ""-0.3229533678756476683937823834196891191709844559585492227979274611398963730569948186528497409326424870466321243523316062176165803108808290155440414507772020725388601036269430051813471502590673575130"": 2, ""-0.3236717202936511177982201190445782055822481677519650667942670403462535123463209555493612204742303001895654312952314976322275721279990729759793281867114203638124542538445289896514972753894247684"": 1, ""-0.32377754419498336797671995157688961153265536891340269204187179148122173888891501590373364963866306315614694665757134616952875858685061615105763479917992644448019419563927067398612350497433833978"": 1, ""-0.324069763160567717243708007552746371445143958665379270180964897276516609448926184332197867150575375437365417697629841438742964362755110219153723073625070769032541670141790384835714501578210651520"": 2, ""-0.32424700014720971595462357046231316342190240055088270951527645405170543457715043976598500431383221508700001863069951523306497491221091875026283090365517536570491615468366854649719366078625897113"": 1, ""-0.3242509699917878819669968206114857658047266063264368802690520724059341752219155343792428312718623864724647924113791845114524390311873762915728172745120055602271044770011845671136160733156857754839"": 5, ""-0.324250969991787881966996820611485765804726606326436880269052072405934175221915534379242831271862386472464792411379184511452439031187376291572817274512005560227104477001184567113616073315685775484"": 1, ""-0.32456344362565688912816994758956710606278401703304372196515616581005657496852748264406520227614669873839977436485049879905130324492554280624851267810778503328836879774771979519074318256502696864"": 1, ""-0.32468225171055359734605017623885548413850300642753472942152187435206303130831432718225171055359734605017623885548413850300642753472942152187435206303130831432718225171055359734605017623885548414"": 1, ""-0.32488075880037667955041162290714513151601129011694821105363700844840173994832892617597794984444083880311661930432481805178109913453519001120791631629595785310124718399562078312645659966982942993"": 1, ""-0.325091892058571095438777618649240059308074704373266825739261620827770634168185171101790850379360955423882921172483924178559464492139066671434682636263465554598743627434379469102855310493598631704"": 1, ""-0.32530623311455481939465425087824166802585447560277322463988373096403966039884245483707706701655456555537208111142345398275769275490005738814129472155601700094747835357999740235061956024523135040"": 1, ""-0.32540326281718802116334941567039487337782102094487011839281555659875520882336494267627146433993473514617454933258571345696417967746437748582165627768098042171626773022680552425783204063016770772"": 1, ""-0.325508015096010338325677778954435469309296227590929289600086228935932890171375867667680101219239759248389814139975288985355600540221388017346794848091682158145684787565897908967114254574481600229"": 3, ""-0.3255466340483611779909567991406868901499816153512162586037655920349662565898551095503485048550726199380987735107309833861068549307150976602210162658894136959429548400085695291138327277548103638072"": 2, ""-0.32583160653325230989410650913479719420804763760813245690848454831922900004720602046770758887366032813759132394085835874369621983795115218328785633997691719572450962340966868079411470252313926063"": 1, ""-0.32584440532236385537895020266499079306091740911832083949959187854783015534014407685051929118257901563774997633080419410868026007604908920685027695976142000570790046719858354203632625911783429259"": 3, ""-0.326267467527142737873142604207752613826347733664502937610352925975374671492313209406814008160511947003612403876568318533064499632988060907056861684588154334362513150562925982765219802522399510116"": 1, ""-0.32640249960855946500385311513863073609680740320223804633426200767123291664442980619453012684954193130972800397228070960411750118176531083441693284132633582526801999671313082864857108380885798832"": 1, ""-0.3265092733219153503570194485221200993836666943412024511224218358507553300369263200520653762846562099189413503886837091335241093988338971561057189597081741451698128219859144170134546332794902303"": 4, ""-0.3266617353330551748731912506824826446991217834253730126012015708168534685728426690746432347125644164466694287843059161583195252809853451792644646870179801227397307568745994444070405904734818196"": 1, ""-0.32765257511618622250824554675323458651005149283599622126212206565148041309734392482835768308178612321230962590326870714734097350422047210098341560019909942365972265893321190934722439324623033175"": 1, ""-0.3278124115963720673132686394540446889041418101439800381681525944835734356264691174567778402709887429654659607401322843612728983588566131291310446781208116364642595736254451369437127287939570105"": 1, ""-0.327916418400590465922101655514695911366450302376984756744603639654830649187359228920408444961448458484824340064362618512364117558192486236924137272798206442896231590377231742227074279036198169657"": 1, ""-0.3280852991704086290326934770567945843007792527301522980368405472437446494591474803872519555076883582885816956892405179896929182964206692597077431179619355372877109943703812834202951626763247014"": 1, ""-0.328161667069191659097924722501664727232566707000443620526297550893091283552471996503798759878909460529623296233138370200516635937529260231034909994889736037765897876899569078090214413619803968467"": 3, ""-0.32843296164996111000513903790806005188339296856892251970456056521129369843500035344974998356805415312860478359444332911030658388115111481993097470805349371569969132623374746312651710682766812477"": 1, ""-0.3284660353502669737859662341259436120935729440685409754627611419236303201913753483345825821967786588920153536460820509626185867506277293190252435506783750196954859315997226563694480842890566375"": 1, ""-0.3284956133095314285498570979760915584765310909306723761239751559710854242551369647357665403486890489349150819392657340435438070447061969494274641040672951572509600149764881831222787612147604714"": 1, ""-0.328575605812143101402238432720270616994377217863365320390283926089736432500705850925654526166231420258532236314551228340205694485126361272472854464769738244984817010370392163842254045978380495240"": 1, ""-0.32859167526249332920258149618678345815675979171066954287601812740871589486315589457331549759136876073417061393863550239440909891497595605359649999491048002840028525142709859940025748439117550461"": 1, ""-0.328659564895171245623901806112370042631342192054303356214398723367581868713138879679824146144026363749073445103733617525441264485561588542273648773009269579084645168656471460800266488658513389271"": 1, ""-0.329747273042641326876757796347102900357753150403737853290414541848190208965283077755821234960751691257245816179717775150695888936759766983825314889814268229394145526772259134124369698692494864336"": 1, ""-0.3301874827898936485970014089199826926048514269051002731927482391389670809652007038948098239902599637385087562423546968552707705181877747457011741807583402787186139067513366702100498608523569970"": 1, ""-0.3302649020872339335463581208454738131265126641885013055347084267297799802585555455866312131879493089054272776888600119427900992524970621391664300985281222714990590462452990926584507126705297495"": 1, ""-0.330625"": 1, ""-0.33084745762711864406779661016949152542372881355932203389830508474576271186440677966101694915254237288135593220338983050847457627118644067796610169491525423728813559322033898305084745762711864407"": 2, ""-0.331301008068194213581258688028856375559497420754757607716448727921976376743347159570618136885960627493921426064486542705321020167425432873041787205876131955306897593716130375685656664087892110"": 1, ""-0.33146149854911761926174221155832379652349783130738086559509756825350235441177761070777426123255562335014051941469382556322255017732389011858760009826809869917593459395385103467095784735762809183"": 1, ""-0.331753034779236580137403894267051897374728236423514751566610044754185239973849014807051908541351926687289473952872796108036872891776365772955847897307454572350733794983853151895062230375864019670"": 1, ""-0.33214791881562333230064537404669586453918994792766738571900453185217897371578897364332887439784219018354265348465887559860227472874398901339912499872762000710007131285677464985006437109779387615"": 1, ""-0.332821039006091618125251113763871842908250450057676836184344934549741458423611868250831604994393098751035116597102539307242269848108538140546473555687752604199163646681751304874909956956070694905"": 2, ""-0.333273771996350380699550507049219852424393874876403659993362119799967460031597222787127934439058061776857197918832162317666221213800757627433615766082991629056311761324752830626974082294329661704"": 1, ""-0.3333333333333333333333333333333333333333333333333333333333333333333333333333333333333333333333333333333333333333333333333333333333333333333333333333333333333333333333333333333333333333333333333"": 1, ""-0.33479682896427623886722306739732304838093687028635915293122950458129134096418380482795290028588211880715937578049630661722601169968881913261296428267862418524610041033544366032211789983872941318"": 2, ""-0.334965437788018433179723502304147465437788018433179723502304147465437788018433179723502304147465437788018433179723502304147465437788018433179723502304147465437788018433179723502304147465437788018"": 1, ""-0.33558847968696136069451351463378091863370629140915586508523988492022198183156918142479375133636808745625678445150525769744829011359357852856676572827926070726464309457785659658385032157028903498"": 3, ""-0.33560833845170849381476458219685999092175595509908092164112347915172158145939433529992211336628757226177834534178716677278347804725707319513373778094481142056390967825177875097660618257100014233"": 1, ""-0.335819291743143596899053166921756744855722668926539467273577059616826773693006539139093433883355938431874199719979730022491846860633970548678131018136157245353502895606410141489204408556717815719"": 1, ""-0.336038192406512037920295930764731855746393712735470524685575823620565845217622533952794753654678434994182648276658950548434876076613503898995949540247227910106840419644299626991489547435816290365"": 1, ""-0.3361588699980543128711929141525352187519828719230145660765525060032197216287794144151880328092645336157957170817109576304568485861726257434780083760186423924648390388967389767909144037790678127984"": 1, ""-0.33678113028463102666567551670503285213272988141200272757323319345153995193244144444927760748130503213963315377302630193783163816776506443203118748597775156055743449469028945298014488830720284303007"": 2, ""-0.3367811302846310266656755167050328521327298814120027275732331934515399519324414444492776074813050321396331537730263019378316381677650644320311874859777515605574344946902894529801448883072028430301"": 5, ""-0.33696816466644971348612148466885902935130931292011846932897461876218452130572817682523670094460836751913055675034234282905668298922619889161912414036665480351684564523518071983039896685783151362"": 1, ""-0.3370466321243523316062176165803108808290155440414507772020725388601036269430051813471502590673575129533678756476683937823834196891191709844559585492227979274611398963730569948186528497409326425"": 1, ""-0.337077922077922077922077922077922077922077922077922077922077922077922077922077922077922077922077922077922077922077922077922077922077922077922077922077922077922077922077922077922077922077922077922"": 1, ""-0.33720649418675024382388564719540795303055493215399596726444018911346006647468435772477970132552058154170492532153197006970255888253882494379073354426179874166378332134826715690827977722054608558"": 1, ""-0.337376172600391167225427454557419944266627108967600065324930739542571037638649269490438640223073178757082643123721926438388064485863466550100528482307340847451295152610836967092858776580207484929"": 1, ""-0.33760533120144517839114476398098677986989548550978108392294800799647260177243950351811086058650120265179504034847698353878401840681114883996310295693302930344787391277866908338040312417305124970"": 1, ""-0.33788290496835312990209340792404684556597371733238379336637372969517044905073541412550168019189210428334052194510767518791092756750065395225978406648646705483735926872334881831495020840684295711"": 1, ""-0.3381109659311682206224886690628472442594469203942102638019355043890098961510924163833331880092579434985604467035218180326795915568137312376769792357143510210050423882130532717379805277687475035"": 1, ""-0.33904036449492143469652101077298236713091744058359174295034101035604460705950271133737476114947713287558320990183386746590093556810936403660827269497964026163059169891592416895484641747337791764"": 1, ""-0.33943295698166104096125120402985659111608812626519409706505463499380206759157489701795895549059372492447746231081200420376355154569962165565548336403730959056425411283656922566838576051628974566"": 1, ""-0.3396428057965808381909845967490513556578267798383265434742368813698636975358604310813284222984055736790920680253071519705122077377309480393899749077135010077148424437123654406067798102266930500"": 1, ""-0.33967543386235414533791752360246701542746518537338588268043600723908059270488476171025232789995400286983555020903771025488052720170763388401968325245957743394655859759982578297645239030980873687"": 2, ""-0.339753468012360307322814351719807972721445845139651653777038222114196662741615269432483612639094122226113137370630334768220700257224755742511881168778963423486704011242320705462696183305938051431"": 3, ""-0.339948634560162261960177314483077902806897171127300767838489788254696134131587845121959732240682207484419466777247613929998011934876697235597256259327489536720537248490421260423704381396234215971"": 1, ""-0.34019994466578735981187080121362519155410093986409651398392011566788029751482049873332606120019314202180199189337327793038973699651488903547337215976263211812785963361669339834554546422926232299"": 1, ""-0.34028792023679324516414309869356861301610662121711150918305665513801029961437385373464856403027567952112303122512560903559907581882776621981303117909654173133562926420891044142354013249355564682"": 1, ""-0.3404688617941191476563462613352650081231699255425027736926765078320354607572737920748062869609727006347631604626093212159723749177691251098028180003298645061739761064883774899153820585267399165"": 1, ""-0.340478394950835972068961928871992542143275509274355737797938280402930937416555843632650038994945555631810750552567600033690791681920625798704395117763437653787296946960133004779387783301876453065"": 1, ""-0.34052279299263741559885331713645419147332083101944812469686028266125368389921284883203350477289352867934408022227121995785793794636466981987730449392923611184733722264520238888907211198698244536"": 1, ""-0.34074135967116539860716898607466219919465992580647696665783496324607173366180453698664111603757144615890147114985264603864047373658477929579576568979139135382609679492605039027174508845765254779"": 1, ""-0.34074476460383237330865499210225379164675799223213187975687788321145096030599384430329442744432564445537835657232482796648341397137300857332364953844955721489884680544018889908952866744433293265"": 1, ""-0.341110921899931847123274634073698032537949165226787506208407916273064318487290404203285871998774358397226276441752943441632193706612615529474072088309285774364625153803657836507515990536388107744"": 1, ""-0.34118237942763917941316896486246798692309316064853564025057448899189803420644118603380739949978669915669243510458261838126538941173014877907758170638626037118129196538311518095353030519060325775"": 1, ""-0.34123486554004780932755224444590688207703220220715111909526931261075868237805713293772027824948672184808787860401045767580298565938331257834562014783756388135515829643021340708912718380424758149137"": 1, ""-0.3412348655400478093275522444459068820770322022071511190952693126107586823780571329377202782494867218480878786040104576758029856593833125783456201478375638813551582964302134070891271838042475814914"": 1, ""-0.34143227710768532144088799210026325315785978824078774598319378131352401515687017913638398546859704702356854756656834835954083851164504306513212995152628997260367868977468185780902257893846216459"": 1, ""-0.341926330500850111726129545540933593071468255580737882802446777554755894402346456706660518928109349764590779088331588367254696454032401482720163861480086980166277946730589897059770535978898298417"": 1, ""-0.34194148058731905518550122933374308972326820723160011226853292906874050787625087460598796974788880685180493858775306972850965865510307069466158302641599402905851693519951371902365182908257970080"": 1, ""-0.34212421700564919980242305749717103775162942706145607288534429638588679595331285969286364111387165138194788451968646098010233234022986464609370966530722623007162529450580181520555465742860800841"": 1, ""-0.34228846817815659537604152974406618974403888710091068234825849448300804213350092003346112853769564175228906748225802110882254516350984580313418258351680269777974747362604509631116475179400818353"": 1, ""-0.34300248276519499496133467915153373907485187007755946815337778833648520554668346773650740666000849758324228962464060552424054848328379909778987397606323720925413196786170881571289688037065279802"": 1, ""-0.343757117675329726437366818659139540964052469020631764845063866765682166876886160471106757648464960170526962984934746296831459367043264468403918590122874822308841131183362892818913335939825383337"": 1, ""-0.34386068271836084950895296050102151888978528248207484772427166028431406237544032331059627448174773861062357196376889596609783659407233311950603265097962801274018313851573279564945227417512874047"": 2, ""-0.344152769626048151681183723058927422985574850941882098742303294482263380870490135811179014618713739976730593106635802193739504306454015595983798160988911640427361678577198507965958189743265161458"": 3, ""-0.34419657383676647022164563487587932485619200290549343620036193530247410323443148221515362774802746470214592183438194723793331750192439194074551962166696042653049635937405871411026966085383985833"": 1, ""-0.34423375466056106194601929290172726406526562914448631194170831807368019494828181950666426493888447231583982177949735171971042973282319059902352390470288733500214218107942753757747912579413275538"": 8, ""-0.34466804049213560746029917755883260731609876953202999275887730901492671556102612148919487056068980887688020005758277172348505324427168846757121762366047024372886115881272806177977105678214670079"": 1, ""-0.3448610397647824848805145561621704017013869567535798042111171193471886896468207387634772445768882566233036292555756491571144523156774411511932080857384960743027515101092193019946206145413227325208"": 4, ""-0.34501161344577774882525251866728761720984532508774682024597212275519784762080981855509678910751910610267190597886928157687600321811538297131926800168872170044450351517445833231539102504528873448"": 1, ""-0.34543318858471317963936171996889661297430989559095321087028038629274778802670222932184147027845897591992397258595229102751854702266769931898902421587214865956293095244198209447398483214477739895"": 1, ""-0.345454752760972092686099274602615098686043206759041010135287934766262205394477345317177952015466473882241920995583907888349696677328323020872762696967240438657004578228381157717252108205437789971"": 1, ""-0.345787625584213051443194202012102594947862324669753033774633667713224303081891831314991575870013272457541319450938556079414004872684361953219211767908730702717376757614408846903073910766507645570"": 1, ""-0.3459913337199378763423443168792431046796817345159508489385319188791100832370220397033396328075092167773634773109312882725935301491459722084440650908189912127776414933541676385417763126375030990"": 1, ""-0.346526478293638994540586989573787869082202205135615784079180679377437221999073144145868541987281250748518636187119728902260078756907364069697756881035171705049986740317454472273912604926345723784"": 1, ""-0.34656587656004145014759392857103193985855410883721283479925222265385915378430273333252537658359525654646505625589976056072533549495640082295382541565801135180162446789276465082410834026818583935"": 1, ""-0.34660481110727753293955676128413944068008747806577388139676099489008201696025629752457496788517660525607380479672823772213805426907951058718102259429987846219335757849851431575810508249239051777"": 1, ""-0.34668638765157890033680113108970006234617893415316667350005911430484745389292224988903198028754234744580534396544316904686201064131688495536593828496528325848470831184919713087824870835854245018"": 1, ""-0.34676078627959646708418596148407779459343532203142035295189279089766320962865440889494026375697156358558283555563675766204543035996072993841157090108197793454133290013743613888454207835556661533"": 1, ""-0.3468065847628916701808078231198080918703359246955436856964814917585512805786365079172708710379822987253584822833276323982222736894381148322339384680478893286101063783991583529549604825758533179"": 1, ""-0.346897092642855487247470585795543923031704682780765560748365888277732472984430462651306317966131025533759378455981093752405146521446771238692310978163658762342363731787260254209770627426650962754"": 1, ""-0.34703831200269096103201435553054656526154859442544138274486938780950377852500191923053512625000808179661152918032839023102974266450630391643759175977715876504791297044347313164084366131143632702"": 1, ""-0.347083350740751526835826627733349874352349810413307164687251608341295767509238252602749281388556696923219103876089605669836763323841446917694255910025382881826358972357295167226392830612871477907"": 1, ""-0.347408829174664107485604606525911708253358925143953934740882917466410748560460652591170825335892514395393474088291746641074856046065259117082533589251439539347408829174664107485604606525911708253"": 1, ""-0.347929699136133452487339886803693774203157581173666964551683050342567768841227286267500744712540959189752755436401549002085195114685731307715221924337205838546321120047661602621388144176347929699"": 1, ""-0.34839260959540315482981790705287075414420948857993269512079273813582542308106858255191796157968054851235567005540519064053374904126409011295256683513012992648722450260587736331311946134332840411"": 1, ""-0.34872405917982325489027901896534604309403237017178035944791976963558732995730314765167312084202164631119054711548009135140502432727633800019859001092245060073478304041306722271869724952834872406"": 1, ""-0.34877407418050147970255621635214516519376723245651086617637501282788335935013003576778144552489429039136279393272295628614265140196615635548863212130687421022118572513080971845911673826320481718"": 1, ""-0.34878394971257586884488872140200180316543122142529080941682253420769613276704370327349909451518352653626773439827145790083536609155817020504860460792019460794865669504145984897656256604900214194"": 1, ""-0.348846153846153846153846153846153846153846153846153846153846153846153846153846153846153846153846153846153846153846153846153846153846153846153846153846153846153846153846153846153846153846153846154"": 1, ""-0.34885725370867675175154910796048797413854825210091273121090851381639357567097941735104663575883181965332219348963299707090043576674353370826524995616481270605093090896360907197140761487595867240"": 1, ""-0.3488897495637333354895555481024030395195900266736222320628248498908550154517071094529273260534694567407438076645278889862766942131484695984248318582967192673510578812152440818564349926543933961"": 1, ""-0.348904017353182343519379431073636796051712767823703544798166270082557976816863840708279579885616340177933749241690909840280573249071122243166246149598493960487691765494656237179336880660299921845"": 2, ""-0.348960374941283919750577967270794610414521110480335706950139301150684937496664470929179519027431289696459200595842106440617625177264796625162539926198950373790202999506969624297285662571328698248"": 1, ""-0.34932821497120921305182341650671785028790786948176583493282149712092130518234165067178502879078694817658349328214971209213051823416506717850287907869481765834932821497120921305182341650671785029"": 1, ""-0.35021881522228486513517990799007806166272285085729898616174589469411099608017107196919826473424555826722106119610697457382615424625329938683461772594324993524722023624188109051970466099526375393"": 1, ""-0.35042092620159463338994578907682651671697340066185855353233185584447180835621581933661547964227689631904848776804158179507675211314858142112306803205838482739373930344660012904582578964949001377"": 2, ""-0.350696472242579912094396324213673700775754562591011869858897935058473772969954039088996170278310413738643469764605125498252547353923738417258056561259996215972930217133614003074189569046002602148"": 1, ""-0.351446286950252343186733958183129055515501081470800288392213410237923576063446286950252343186733958183129055515501081470800288392213410237923576063446286950252343186733958183129055515501081470800"": 1, ""-0.35171346173653311360593263981872489442785044803790297661963126995571119579771346173653311360593263981872489442785044803790297661963126995571119579771346173653311360593263981872489442785044803790298"": 3, ""-0.35184058591605017755183341438696194904068201227297027658856687232217584290356229918240390838012734623290954852806390611101840566632368667542878054210105695789958628146738924300358513143095019907"": 1, ""-0.35187739506503919340654518611581293738777652765083428434518718415716259931432664496202130186777536105197617655052046660165568006447317673962214595561244806469122312828237905346053820922481006002"": 1, ""-0.35226734684558426544207151535312299022475598914829367279903076534396091652335773766956327558274904495927853793661265383904413253629452729297164678173059537074788293751009738894042683205071403255"": 2, ""-0.35239203237224957358373450441798605766876709953480019579497778384477856859067728298545841084065665192777576493297713669225510071121369248243021314729698958097030004414150056175695020734207330765"": 2, ""-0.352392032372249573583734504417986057668767099534800195794977783844778568590677282985458410840656651927775764932977136692255100711213692482430213147296989580970300044141500561756950207342073307653"": 1, ""-0.352444048360176749635193146133352715557512989977952622109783519348865431821908188436420422619314547438385490596644722316604977286204973774489868425338872531070585217105637444390106558306612270968"": 1, ""-0.3524440483601767496351931461333527155575129899779526221097835193488654318219081884364204226193145474383854905966447223166049772862049737744898684253388725310705852171056374443901065583066122709681"": 1, ""-0.35280519480519480519480519480519480519480519480519480519480519480519480519480519480519480519480519480519480519480519480519480519480519480519480519480519480519480519480519480519480519480519480519"": 1, ""-0.35282677555649532006630251164211735961382049316763632021108003241957577637415877628405899918575718761628259932991293640479745559730139749279521149994131999944640560461918048054730723673086842290"": 1, ""-0.35292453647244546015068285360471998939863369467779054251731381598733678378669684179323964867761335841408776814704148531496966148845584710639910101928063184023426586669602193097678664851152806775"": 1, ""-0.3529515130723955884137828764178303140250628272663069834718573902523664750887280215790099022802814843182333245057822114081453216297314373285673900869454978176033988665538393372661498364698398621"": 2, ""-0.353112089986380190098350399067746531263880103461101962535867542022538051401455900906316229664851735310570019571976703413197940103208380204346058632130496747253873272277172837536400826453474689589"": 1, ""-0.35336185526657345404099538784436766229622016682984957941105854238308530426222248247331388822037364647497677503119066801688773717398049791993440954614942138201979979435689436679737598909032946293"": 1, ""-0.3536020808801654194783937638537855161954304947798916472326367979646731813495047697419547815979855608299914741553592889030322597251377046060134506149160893939098131998881814502228513210613403213"": 1, ""-0.35370644272938595838011126820690278643696929641016203798611932143122881304068364581792110837326977047858407555075599570095305703351623402157860253957851156367843170997905515706642343171646422919"": 3, ""-0.3542058586401504971781779091642031711905401773716742811072292394517602794947594732598763773179252889008331093791991400161246976619188390217683418435904326793872614888470841171728030099435635581833"": 1, ""-0.35425579476389827298834323701972483732986599836747678622933715389851664506737773246718184340883942470691191491934608240258259207158601123333445985202514100315735881041942821219182952097994545984"": 1, ""-0.3544663341595556151484327306062182173290683037578291539661838345863267047983499849638048250670312789649331433405366980471364733318383309103953024367169701488905404536334490417274598189363927430"": 1, ""-0.354475356587443623047355944211438820348131076592372467139159447985201474334034374657339423833145540196878076144009690258212937089883355478655604527758154007847700339732356816335462010250725046820"": 1, ""-0.35485085714071400762115789254401278972595666050062862481461983222826019920336957316879047744011549803461591688621790677651572467479723795991354751683374394751038047580554581515099493651404101492"": 1, ""-0.3550753000388560682955800575506111498966265798938100642914064877246574172259226528346664108962939805574663861981983997375160811399921669783114834548572577969688746032549737582588457288729956061"": 1, ""-0.35512492498357131135808842137658446531210035894614943868603649621717855646658367131359307698533070653803287967179989924801166343241930123624553648312973788032178016520839277616581946109959951856"": 1, ""-0.35587329957303147651673120842021646311190547115480091351405024327276338000198590010922450600734783040413067222718697249528348724059179823254890279018965346043094032370171780359447919769635587330"": 2, ""-0.355988337818596503075610412812619817904358911868879218908442020639131377456862651953169104054500015818503043296161947415425913920060154816221405637017890001322562303375281552423051206380961604381"": 4, ""-0.356103691689284969261361763607994765364267107251344502336764649724979612842993708193087843084758961490191720305191492188582315934651047057411539940173646443054063679304267114394396782341992933239"": 1, ""-0.356445974852611258934627223874367402306046851359106798142640997547868732717691866228413418897062659779829916001460844159232013356289455835550686075024782177701257369437053268638806281629884697657"": 1, ""-0.356862976239994343273474769150263280273948068155479639229754264030733628863272778683599997609898785909615241250100847870590048564531071246535414502989599085919955101997635994636584306447660818148"": 1, ""-0.35730073322931823601383324058824419493949323399348807619902060773445190250392929470383380513358004729781359292623108510034007128744719508753276528996742692929573262662992090285059365428641489842"": 2, ""-0.3573322000923215810936142600660095160242201852501630851342358880473310298983011212519614108577172061196226172088460184734057767596282167645646449149377812330667493320412592920215256544408750014893"": 1, ""-0.3573718897754893565676700560778065086869134199064012848874985896600776487485307935303791208397479751740713507886629101203330363136901046119301381912924739581567577068576048320776721131193451369"": 2, ""-0.357467911992417186659728616935229964929109169884019093012632354160779663527090111144943252369135224977432076411184113564821467174355451024218312401844260923902041462832026170861014218150419901210"": 1, ""-0.357714928573676233756146125068286668635409488793818076008897175360711281887466143435740565262731255648704380495377360744016886280741366800124329558104144380480854476768658587076084849758760170810"": 2, ""-0.35789452992928754278290883905070527041623024059129028028261513548120985478567722247371572840759428357411855714610603842377479147492889490579747071461928643633213083922296110020035698285043143395"": 1, ""-0.35791043495852049480512704636414353757875728813817256560081834112043945362908169964102700346451808277354028351171980723803342279014108658999422098174090913772856800624529781617097960597451915361"": 1, ""-0.3587017354494165813516700944098680617098607414935435307217440289563223708195390468410093115998160114793422008361508410195221088068305355360787330098383097357862343903993031319058095612392349475"": 1, ""-0.358828946661517775527131960030907704873113837556653888104572547433187415023967506347480957664943344200602163487085124819791868975586654115150475183181289177022651426411634328779114827639909823973"": 1, ""-0.3588957475208506754416998269325519790766617502548502699494858186429365794571743526271231169440052242440467980744042092420197383716212723998816073533137457841228839324455369313209134297564386320375"": 2, ""-0.359071164690989105780867831915308109915263515598154114502155540988913135484718169387986509944902881528738810221021434477743490433732748145119164886410777739706920873589206990641569094596880033097"": 2, ""-0.35912251856891274202089440932737427951001503726645975689131107186716591675496319343383856176184962773208842636691779705052174374807592439881713886531616307470821818607440979257706991993125874730"": 1, ""-0.359417588190165594500911092222939887165102616995696256387993412028342524471465438657455314127079316522005307725850280547098125546871916701239720733147681648109519734555952036023999314635327276070"": 1, ""-0.3598188598124716093377115726678338105365752517731776221700770557871261329899334869676474369796062767278866370773791990342922666128122911705052989437543247742108798419983012955158862075573175929"": 1, ""-0.3601670506912442396313364055299539170506912442396313364055299539170506912442396313364055299539170506912442396313364055299539170506912442396313364055299539170506912442396313364055299539170506912"": 1, ""-0.3603353130137205687298281091843663127644171136956718802757719740600576312203080340937420289663325843402176297781352300618238945213083460577099515618585408945285886473706609122387886919174556148"": 1, ""-0.36038192406512037920295930764731855746393712735470524685575823620565845217622533952794753654678434994182648276658950548434876076613503898995949540247227910106840419644299626991489547435816290365"": 2, ""-0.360509528107162470019989028326181392775180405272188432391997062160012409309346345753572234778820096925272826530717243123034455779329013506611285721503135619318210795296003138274289272798792825445"": 1, ""-0.3606857623850376848901593054769728675224107761216898425494182476280053882262251064568393445450363897257777291730700932261866109246148534910880295678143403086050781599984162088768399119073521533"": 3, ""-0.36071599250720824344860247391265062758193939508676923928634378766388936519636214071779732150131281480420869065846312909841875516090721359427619814145485060165590513479107257216633623815015911339"": 2, ""-0.3609971029059886330172471648879160902778292766687638356563533180421015291309815912133158705799982980259690415530900229693591016955512795278826404672780564998735704727130977297598330869975714534"": 1, ""-0.36117865022098988346687069727855270749107276513843066005646629668682494866198818730085629309944332735156362232676645003113244640019864836362488966178581979448718404237916801741228849833788242608"": 3, ""-0.361236824638460994545526420110602238487879621938026888387476371541416695083006997950346153616336421722078388581740466141402889285051064542936097548364384527492303375192080384099671567927659694053"": 1, ""-0.361894099786443559685926376378833966796153072359568363210162829689016895723968088028726150374007860562674081219813447197562865199757375884895005794702943567291937774962423784701903576952499333869"": 1, ""-0.361988390226530070792412746708418459907482106873506237310355971690359505197953360275883022873478978217551964330314074663841486382839361093292169387581635667728348594876311066304121022847927395039"": 1, ""-0.362055670041011300621691598129902717276341564127669166063239775751243892963418843457432905880057484073073350004798564310290421103689307372297601468638372520310738429901060671814980921398512225066"": 2, ""-0.362291851311855979997305584194324889382631450678225765127854673943480195832507548745978687269763190364295720450016628905347928572755054622770253675984090002714733149033472660236789318360921187941"": 1, ""-0.362692637384323594829876787205201732014582914194766196738838199414884151850482714348893331452587591138115127327398950565346551983201911937651461472130761098949799628104646216713531104182603805846"": 2, ""-0.3630639004974027661291973678852355053397867962722635094003056605326174965052390905248943233889391753513141242266346072907289920381399934134221583627113696781747758487099513117337916508690818654"": 1, ""-0.36443392950063962383330422137985675998266553243958474630211427508841757998699478267340185300935766174009927981523987321187181561723859914877101708605989746160775021281112066304501786221895808242"": 2, ""-0.36505436956772598314468971559578339141191454921967827430833342465518428378881395130687918814141974288159959101071791070107358461472471706511653816479958051272461533782072736563175088186579762058"": 1, ""-0.36510552340059331633786591385418867962863774508750337115811415672313167319115251700689822931127375035259148040646950074253154676593755538345195652081171049399976481362116913928836837326121191639"": 1, ""-0.365135935958571383331192022285699267313442243803776976334961454680314530566049838050860485853987290242749532504905224271162396412512712757849154432085161988896125677799730545186807511301599814182"": 1, ""-0.366253228071363429886092447801220609531175092740168564524873287678451826421744970814310163178033500194384630087835485083885761939002271208512765810500031452903351853396351282149206445145871400676"": 5, ""-0.366316195734097486351467473934469672705505512839039460197951698443593054997682860364671354968203126871296590467799322255650196892268410174244392202587929262624966850793636180684781512315864309459"": 1, ""-0.36690413226705812761470516472532213273339109452666174393928482507166803160599226977068472235222682245328716265796180481714163562595061524839961691923690705354536279690762037775461633662939408693"": 1, ""-0.36698714670998963788130519206089041881862373926299995930936145192810114874624392035571799277601224422219844415360565345828445253759954943191347404830732325999617206585510731025621538739102605643"": 1, ""-0.36700434190127467452455884192658027042409587436475902518502212333534886982730789565964636111480178850420152402830611376702649947823477317771295308496702536774527224632520649389815758955437902763"": 1, ""-0.36720095694061452305802532257819851644512554365992799829713856222365404246704433200825144348987207432101345540219234593821116192990220518981604085954961908512094484321399435773796607105918257041"": 4, ""-0.3672958753862596038379484912439991475451826606141141805324444410686457106754771697651128949716913195660355428321979615068968830382736169534962865243426069839595003513225220457092557283105641072"": 1, ""-0.36732543119943437815487100397974804490849337980810204362514910050385887254194894703358228915964444165046727421732730301287463328517867134812859076372416290490807253011925190083648191461167301144886"": 1, ""-0.36745047601573084677690023180498527791991519233988378124597028695475213006099655343973704350787156421967190343539557215943451136320854538181522500095667940894590087983104018967761439747228745684"": 1, ""-0.36889588793902564630754969615820372849933051807601194767741270985683386548563188793902564630754969615820372849933051807601194767741270985683386548563188793902564630754969615820372849933051807601"": 1, ""-0.36906949638284473954514210647343114651443075518450642963370905080373397491243559391929062323748429000356380762826407731900949358620748229225518069088810100590606047965379560876293742747973578735"": 1, ""-0.369091282545702524381796037354827807620001971594101568722223733602374770758047673319092811094206180724747831640570570442498935669350231812107695257809010029038152955173255150837405727249091992107"": 1, ""-0.36916234247590808005930318754633061527057079318013343217197924388435878428465530022238695329873980726464047442550037064492216456634544106745737583395107487027427724240177909562638991845811712380"": 2, ""-0.36923963133640552995391705069124423963133640552995391705069124423963133640552995391705069124423963133640552995391705069124423963133640552995391705069124423963133640552995391705069124423963133641"": 1, ""-0.36982424784033363121834971700923443550789395293416741137920762585641942210306821566875186178135239797438188859100387250521298778671432826928805481084301459636580280011915400655347036044086982425"": 1, ""-0.3701290628868759838582656130894610503534499251288393172447171656501668580794912355520773304561270079599169804502006053552007106888865322163000869786835925255091840430816088351427914840366023766"": 1, ""-0.370145827030275493787181670332807285873918854637085861094306228797197704439309254223549847272232063998879303612829472097629169174388935567464271550832034656308939456082285994548491309307631558684"": 1, ""-0.370173509488325132341371135862666813331534153629485409504966534886856138356781142016877553545853974611747705059868417755380889817509784623946775380255342281003665739824647569323233730853923306537"": 1, ""-0.3703357199843143618244019850445553256798236717915432774870525874541938798966911416710613497762092139602179762822333103457601449569321055264830365231971657674468919448839127553986991737995754060011"": 8, ""-0.37068072477186390297676480465938577427636081140704829052562286776715769855850552550086141044748601224839960390849619727392485489828585871257693148400412913579272157203348582448708494005131629878"": 1, ""-0.37076938922649088474611185497991554228035843032238129570501596456895663817076938922649088474611185497991554228035843032238129570501596456895663817076938922649088474611185497991554228035843032238"": 2, ""-0.371004484943880159410724556752553596347879715620399082550037890039560511895500301259708306794386348097287023322425985273988992840901040448512030299442182251292287966546213796550538490830375324182"": 1, ""-0.37134023567805261511788039588139502182116262695360833572502069000669660886252278746116119310063982160603187038790510916640170372446090973437807839973784914046964790914721899580738704792548985756"": 1, ""-0.37136520355081156478216685196408485695402806491156714244084633774707640864971772337192099388657771427745686898874086694361558576740796128096798006465855992015589328211294165867818127584135833132"": 1, ""-0.372615039281705948372615039281705948372615039281705948372615039281705948372615039281705948372615039281705948372615039281705948372615039281705948372615039281705948372615039281705948372615039281706"": 1, ""-0.372631689745662950823127492891219001646956048956101670963077735939161742272095325554001278627691761873989979218490724251540962788800475502066652418887617071624990959307355322004940412449781175307"": 1, ""-0.372801531631242798222327020386112354828562593738616126578335984718418055529226059993551257119386926742605268229366120213469257217060596097263622504770801860570976083279911444926168665474477731999"": 1, ""-0.37288135593220338983050847457627118644067796610169491525423728813559322033898305084745762711864406779661016949152542372881355932203389830508474576271186440677966101694915254237288135593220338983"": 1, ""-0.37344493429815713573946819814818252825275181152415399872838625304052711245625359632631046926572833962458852454592607811933386052304784549875681303132061811070567286081728484369686600341060425250"": 1, ""-0.3741006770891637011014705752661202795072299595396384652519147859952711090049275711404340612473294004057822981203246109304302705233605532876216798238416308503652776409079690429714689699390854353060"": 1, ""-0.374162501438600595664808998111214341111208425538530647842122673804651742462258532673916577849834055712995964621155904573578218118760466590679072893095307251185611952618976437534085696222035106431"": 1, ""-0.37416631151161264913472911572504260864443869308565106699401156936986311452718526064118857029509337655706321003000879175039669048395740985690275542434899795880175049170065534233764198661736642051"": 1, ""-0.37422041502386887576588200185743138057048309202668727925023486789487455539002329525420276843592353691497759687404526682863803734697927806176205288398824867851220694937273404712753946809692305767"": 1, ""-0.3742802303262955854126679462571976967370441458733205374280230326295585412667946257197696737044145873320537428023032629558541266794625719769673704414587332053742802303262955854126679462571976967"": 2, ""-0.37428023032629558541266794625719769673704414587332053742802303262955854126679462571976967370441458733205374280230326295585412667946257197696737044145873320537428023032629558541266794625719769674"": 1, ""-0.374643317726187622415264284813611485519645951745622164388461638495067068714542020579405023066446192035710725297627360284623446370155260871998374927932940340875063566381135382801525953326616296653"": 1, ""-0.3746926031049453402090681828673355352729210868665778450997199972772551005581780993091991980739377551017114481344059819743042113559975438471569603561452604741118339671658577477442235791764151927"": 1, ""-0.3749255201771397766304966544087734099350907130954270233810918964491947562077686761225334884345375454473020193087855537092352674577458710772411818394619328688694771131695226681222837108594508971"": 1, ""-0.37554703805571216283794976997519515415680712714324746540436473673527749020042767992299566183561389566805265299026743643456538561563324846708654431485812483811805059060470272629926165248815938482"": 1, ""-0.375813713137735531658924709133175592581682969177014249804709282061445468683058499186232130126918244384341218962624396096039655235944833721605765943906239341915923604620509227271151082059038120038"": 1, ""-0.37606734123276073642615076578684355047884816707088926760933606306701058007124055887840469580565307601953299032037624009894988546260164763830802928825439388278371899952879091133661408876860257123"": 1, ""-0.376139604185045012634730208793131548374865715538629270440181302041682960155383182115056859119703288673006509514407226646567985169840151322470252232844102843040936053900219378940389458112014313926"": 13, ""-0.37613960418504501263473020879313154837486571553862927044018130204168296015538318211505685911970328867300650951440722664656798516984015132247025223284410284304093605390021937894038945811201431392601"": 6, ""-0.37619961612284069097888675623800383877159309021113243761996161228406909788867562380038387715930902111324376199616122840690978886756238003838771593090211132437619961612284069097888675623800383877"": 2, ""-0.3768143727492169237721554120471267325566425684128687664220065441095892707054713856185482293848661050309360228406140802236756317951505372978973638376264309952911149811005022647292837319009334328"": 1, ""-0.37694915254237288135593220338983050847457627118644067796610169491525423728813559322033898305084745762711864406779661016949152542372881355932203389830508474576271186440677966101694915254237288136"": 1, ""-0.377115384615384615384615384615384615384615384615384615384615384615384615384615384615384615384615384615384615384615384615384615384615384615384615384615384615384615384615384615384615384615384615385"": 1, ""-0.37748310935732554328986975597051152548322332252181720493489249806675265637738576624193041345922212851034567809559723976218068248914931222570083310285323057387295000121138404095802410701838001090"": 1, ""-0.378022585938765886988378731688280809823235692148041880687870078337683470368154525696646618402208191819182519517797781503964866181322999196592360806503936417581648439870792945817119591155522436396"": 1, ""-0.378119001919385796545105566218809980806142034548944337811900191938579654510556621880998080614203454894433781190019193857965451055662188099808061420345489443378119001919385796545105566218809980806"": 1, ""-0.3781368948094623673302867323406476125157984086077598645667942337829475931062154108491349403657011747909224255359095878921586243654423141922780902083038058607669821622703581305293830585922527388"": 2, ""-0.378391597409544722518997113847431521236720238089983144027500360205834871288531716074107201721169335641449903349348205936052193958655133745838836815958264448759004746375853814598807717436167800684"": 3, ""-0.378509630239983520444947986404367082088783602842723246472345246678339684828509630239983520444947986404367082088783602842723246472345246678339684828509630239983520444947986404367082088783602842723"": 1, ""-0.378541919968869005939086626440563500031725950768233057224840096051515546060470630643008524948232537852731473307375322087309577378762011895648134016298278279437424622347823628654630460465085004774"": 1, ""-0.37860529400425819256517221344694865738528665803570208861875320356827884478443760478143825271591738272819817396924980885164823774597000952591516615383284134988760756160020988787725407493814770294"": 1, ""-0.37880731559799397768012024097156495451619258109460828233099363388860924320189957699037230699516710312733465205659069105142960323421035268140741255895658571027821164332721818643036684647623472384"": 1, ""-0.379139515195104687566125753872510481680768913557125819805788579950135560360395264687043143755350909804135746649468775691389040914638819548600967345931399805226523713068185901072280889533130983761"": 1, ""-0.379202554543516823763532939590626951866109568107431632585361335695046616154922233068175659651281521911760356558570667840450521682829881693257675382824401665748550303633924668847979373842898444"": 1, ""-0.379605578062361098429487969278871166757021084973278271637767405555187935299248038744942956293900552914651876480136471903146750219068231441928157325326000140013464452662491044071835648867444382038"": 2, ""-0.3810630426910500069663967327770116558008729980615427419218411482603845733278481245064222771807291594726201407234723420019915016823582521412511638155503371069046795234670933473402365650634441738737"": 1, ""-0.38153022726824309584567442374662937736887037877342841272272361425657239712416313348535601511330966998306154881865551198866473511670149308598647922505055556882380902118860344733001261045678603006"": 1, ""-0.38180818429176541568498430766686591692491235036452691268157790888316753547578006641904464273314536745552069541117045625672396162343101090374684599709564323018002088718019950644661771644659395658"": 1, ""-0.3818256509140504876359207470965561524000394318820313744444746720474954151609534663818562218841236144949566328114114088499787133870046362421539051561802005807630591034651030167481145449818398421"": 2, ""-0.38195262810992619734951584657642183276836012828677873076470291876223958665583154805666826992829768999087292895077980096807656441346554959133295568456533090704831151153610204153648802278099353002"": 1, ""-0.382224990947075080113562426935634041710039477707741532101173204994422593270253431823856187578385333935131618319931933022902269347119899624388383878828876729403814519871573494412720498229607999548"": 1, ""-0.382470544652221661741070186535796648860096149443282648216091434618755337011977425700321857310189134022879764814164590302479921560239625597066903117418985443771520612523122910417507245781468071154"": 1, ""-0.3826573402835438990720899888789985321937405197278046428594536422216283123738640274532058392641161846993309722166283041700241784187188468856072359972604747323744912342280791928734202925910317418328"": 1, ""-0.382829078174889277989494283654341332784014831599546812236069626120094757441549078174889277989494283654341332784014831599546812236069626120094757441549078174889277989494283654341332784014831599547"": 1, ""-0.3829931823036268979261501034653230216851182775097100650873281518356169684548056772323874339276691381366392527320264199946598281879345013268847834686071080804329654563668117503097811375625897949"": 1, ""-0.383011745564462801562634716417156052178504093675422530707435476783142431141407138667492284700985725120785448832663180210919287717987110706132927778164560153082763285129847433611046788497559816007"": 2, ""-0.38332477177389818566174673946044820416643481042957650533405432166264275761848865161726934922659079479643551066907789885373427788129293814318497028861952891633018121310631623935447374495872790250"": 3, ""-0.38354860813077913464164488314931138074987320042136475361866489797510826733252701806406304865202294096991923842222308922788810424876126565487105458234169560298076547930240724123132144668565409075"": 1, ""-0.3836133761256538048433971116447416289168638917469576872991201667409248303198795115148820522024624939074004748241382066973150318691612584731193721666699994881913666144225870743539844379219574053"": 1, ""-0.383816915424768378243922903243498492907936512266154753245501914528166323403128538682553301445090807553003466875770408003102368522458899704078650891559465534956603473213270457573619970612800929757"": 1, ""-0.38394966173176388458602239186123276891329144969861410716251888271741239048245405684720364332434245909809438951941198166084281136976662088916302082803175002958363047023656104104193487957414115063"": 1, ""-0.383982382439999884843034238545416316797852984227795939761720066458982441440854133220372145810149466072453355467031479962958827231850541565434211281671321426281047179853859569566419119676799527009"": 1, ""-0.38426610682346489595027817051725696609242324102540509496529830357807203260170911454480277093317442619646018887688998925238264258379058505394650634894627890919607927494763789266605857929116057298"": 3, ""-0.384548887459125226407893815252878813528372437000139112459837318462498633155064046458724008373697682860154573512851115064723804676643194590662824005385955974402084512680533788557688364561935650896"": 1, ""-0.384615384615384615384615384615384615384615384615384615384615384615384615384615384615384615384615384615384615384615384615384615384615384615384615384615384615384615384615384615384615384615384615385"": 2, ""-0.38491306201718503929037716894593072937657763580882881105804292589358426424400697203344324334671593489618568073085335105167225732991373261934957077505695210421376874915627609006944799747475899109"": 1, ""-0.38525643766540511371257187913818393537379143984766343396163171837514664139844863903551173207732959805705858562966503981911186652856136190223227009559692558736842448510197441046350512300812882533"": 5, ""-0.3852564376654051137125718791381839353737914398476634339616317183751466413984486390355117320773295980570585856296650398191118665285613619022322700955969255873684244851019744104635051230081288253341"": 3, ""-0.38528335699850751858704890112612888081668076694566461184089678093370205778230902374387305268009349618325406705574300544769824561830243538040666642015349444471512179068533825325798824757460864238"": 1, ""-0.3856481674897239187064740308148331937248331226814524052080573426014397416769313917808325348761741076924656709734328951887075148042682743529936176778059809798070655248414390746959920340143016421184"": 1, ""-0.38576273950727218767192696006852725236999917524852713149505030787035245693702768818631217376391236549075294128861881679761150637806093082636251509942163949358896165397728334278793031278614055778"": 1, ""-0.38580931263858093126385809312638580931263858093126385809312638580931263858093126385809312638580931263858093126385809312638580931263858093126385809312638580931263858093126385809312638580931263858"": 1, ""-0.38593656922545889190899242114750667914738017690088616154693102443793726188522092948836989555798980678560601266779549780421112592426228555452171263696118583304616329446734227957506334997890458368"": 1, ""-0.38656471395793874767596109229122688464370474159596858437979041215845666531444356495069119282312336030274526480680610126283859591050557008707261293386336468708340103446967346413767040352059085999"": 1, ""-0.38677790698439428839630974934271695759822549710521275266539752652468987063170657937965928315405107976382979988848388395554244994077557780065519449770545980947650001427191345530051632177586969171"": 1, ""-0.38703160847792223265097572785608818803258695315762010194408217105260717333971124736866584438673047381886330008459392215824888283307170790931917792642546977605584457938585358230230546831386873002"": 1, ""-0.3870337842842779523287767110124728537002796382220494769530297729464596428550977038498024899698842144246236427064975729258883311677210277742329776082760635478181578387979831792710505711041219667"": 1, ""-0.3873154285328521371808420657922302150672198890113152466631569801086835856606523170382285939220789646230865039519223219772830441463502832784438553030073910551868485644998246727179088572527382686"": 1, ""-0.3874660570777058316831999333379888076690824792191101943644428997391100557824350243312305141795111402523238733410243660060780301138360339813718445117458160043155664644885927805902460700268468536"": 2, ""-0.38780202370876018687731712237508409747027041121726752816789020067004981563220278508086729685695447207750971992180669962781174874937830414548635778443043463302352850423337585811000476215802883531"": 1, ""-0.388033674096127570671195663126146121337357872052948684282586548467557744668497265546929238371382151705523879021443326543606140169051886513689845442564670786191499144275728010323666063171959201101"": 1, ""-0.38849234389904238722408593291151368333288644656602826156148939988162165844045973828645602074949155224685326296032318403028224100309563126365659088523056433359780041003963619058779671926000255492"": 2, ""-0.388498084554096426650808267280525634123678102592043641171731095224639230919063111188441719700880514234130460368420831005306210684241030912498999775644024968918951915044631247682318212915245488481"": 1, ""-0.38915254237288135593220338983050847457627118644067796610169491525423728813559322033898305084745762711864406779661016949152542372881355932203389830508474576271186440677966101694915254237288135593"": 1, ""-0.38947523897423913740821278512713864903680176745477790196248052282890300799077802618424756112972346324675694670504177070905306173903456747535318190391308398636960698566187707255527559766723058513"": 1, ""-0.38976802699606171029225365655983073823480063492697580818690682912841684832778226151112197905270411079914617446454435455651532630972665904562371122562145947679753950883439921139921366084173113172"": 2, ""-0.389954565154128226950391891934052926838483230333042995450787892601170910112993614849766653848890238363123669396840367323332580816828908519261271489198254855178432344646987869821773168692766656581"": 1, ""-0.3903684462449888878743590375423096933405616867978622617310213924444150348239398430995954365035120442331721501184109177522517400175254585153542525860260800112010771562129992835257468519093955505631"": 8, ""-0.3903744020349639866662309491734276787240283322222300146165046486201828619559588389411453439129694713057983663318646284518537716730176300501145434729783818848591256586248233879472811465250608825"": 1, ""-0.39040419754288675010542423469359424275611007774086631057089444475275653841735909523751812613113946896176075446849982897194666821068314344496701815404143667985830319135197475058864881447727559954"": 1, ""-0.3909768122670877556047862027481473660041945925933229356873974423514305507529287464449231749373827373774876970307394838400985908216280160994672426369855207742013866984495434493346267742376055044"": 1, ""-0.39098722463814047613448635997524644373792603927593528210610923919527862886561259360423042146706887484230885984468389664031485492181110913829431537435776548902245011868632919074489217205840164906"": 1, ""-0.39133664767166575221204094331123686527018810927365848971034050324017385467404449547207312672589331963569237414635728873388578061683581406961483442907725000436195608253688530648889454406324125351"": 1, ""-0.39153192981665683547494202534267197346203035484288850928963306739191609050523748187457874181280928069016317353947255761030657097822524047186991552619046025867133890147687550905178424898583123311"": 1, ""-0.391559555916580315677543267174086823488531160524999660911345432734176239552032669630983273133435368518320367946713778819037104479996245265945617069227693833301433882125894252135128228258550470"": 1, ""-0.3915595559165803156775432671740868234885311605249996609113454327341762395520326696309832731334353685183203679467137788190371044799962452659456170692276938333014338821258942521351282282585504703"": 1, ""-0.39160706090194359764186372873327987261224542166256130635944650741142354895134702925040202937311368303511613322730893967639966507789081371720370354004476094735628547120081181417772838767970822645"": 1, ""-0.39173529908452146520516127070142801639299365687119398741511759816188620861213896835910035423590157140770557975897771769931744270811530759172850896933010554815309978712630551270170901553419027235"": 1, ""-0.391907714491708723864455659697188175919250180245133381398702235039653929343907714491708723864455659697188175919250180245133381398702235039653929343907714491708723864455659697188175919250180245133"": 1, ""-0.39201692958271009121771289508000795932336403581951074471736129194381577742649134855663689782841857118407447753866327142177075572015077533154331924896381583073484755912854094599536041311701119103646"": 3, ""-0.3920169295827100912177128950800079593233640358195107447173612919438157774264913485566368978284185711840744775386632714217707557201507753315433192489638158307348475591285409459953604131170111910365"": 4, ""-0.39203389242752197728538573271117300454103342439578504198677355003721761158799317334104035561237397303597565268759669786083258176738994087806722320301676564788772413051229121063944405192301669442"": 1, ""-0.39221670936023570569701551295596389116635394102321231978660817848272289857883423981927219653186419702197634073501764331975463232848824330387220136086588785435138529140332305247619745817322594102"": 1, ""-0.392336286089298091372802633880004248272742792392649878084368306339270021415082179962149531107978886700343470769317879369332807121649403273253298004212595086835423669527971627717744292185535242248"": 1, ""-0.3923471491428335975540408016037104468175578957820852469199620424844377701328563519638485749261703903411487291795948425499094341637709298230445867562581707087077534355115362626889354780136616066"": 1, ""-0.392456929649006744266968838870724153112743070363817201492956654232557499483775113146749106667748002695912380033834045278362786739254729015555438677974715976497049607358658695832758672652544232700"": 1, ""-0.3926041217056388998404457870504593963446287724717486806486589422143559872577295479779971468103640738253374681991950009271231013280212864856630314431064854922777135112415907033945362228042435576069"": 1, ""-0.39266113646787149293490481290358849216396264016764847221720025361511870144589394491771431920287333422573894092231508311085610439169981993488404432256018126758616284504531222650238636604124762064"": 1, ""-0.39285327323581538238869960705162729182111738372123117832550047763316422853924697373703910581142037939145460981514377989604264060581953750090796130353606035425334671617994588789939628271616735483"": 2, ""-0.39330227984216751866407609965463846297562872571570821943870791619228684320212028498320845722915706692812779467151079280307345785951594242538278650065494224183478575571068513113587114570780709035"": 1, ""-0.3935704383816126193192716282114830165768379543197307804831709525433016923242743302076718463187221940494226802216207625621349961650563604518102673405205197059488980104235094532524778453733136164"": 1, ""-0.393993393414999956816137839454531118799194869085423477410645024922118415540320299957639554678806049777170008300136804986109560211943953087037829230626745534855392692445197338587407169878799822628"": 1, ""-0.39416809257993969757957540635111392812843696071071184405816606267221406715328772315004485321176287088323865376831649567073227549544263143617325715480354261584941996099630861445620154200979339023"": 1, ""-0.39422048784247946996415106063233400097861522243399672174071628629410855548716656748269548825191928719986789840022488686758553878352804131946173219952033224068218441457759812969244608337656657229"": 2, ""-0.39437327114576521479041354948323632237271716415669759748308213470861032264151409595596660503495590744111066174492285299165574788728257248199428795834974833169591291630372944198662078790424333674"": 1, ""-0.395038736856361158633109373614647314374101112882022774298479452141421917060939649771721958136402002332615561054025821006629143268027254502153189726000377434840222240756215385790477341750456808107"": 2, ""-0.39509189949293473124452365179255484140211555785059507773007159351190652445654558500349591749493973879917269891845598201899819054505501434956404365984322585717292261926255082493546558750866060446"": 13, ""-0.39534282844338829147311772832938981454207422942535624511773205153613671707646247965580325317295610960853047406560990240099138089862084304014414859765598354789809011551273068177877705147595300095"": 3, ""-0.3953488372093023255813953488372093023255813953488372093023255813953488372093023255813953488372093023255813953488372093023255813953488372093023255813953488372093023255813953488372093023255813953488"": 1, ""-0.3954822935785899224763291730439186213930667231634866818394264904206693423251634784773358470838984607968549929994932505622961715158492637169532754534039311338375723901602535372301102139179453930"": 2, ""-0.39568246541381969236764675620947318850203238925823085587801167322299254344830999327679476243768600946825362280757425504337297887841291004450586255630471984185647828785261100266760929857866015714"": 1, ""-0.39583765630390894857041406084033473652466105514090383928819829357420357858484713938020749686683736996162777596437221550031485312877927088259919244784935305683324695682284713276579881334936262625"": 1, ""-0.39598400078511848509132570913233687158347946960470778408147442160909565107813567875192002300710514713066676603039741457634653286512490000140176481949426861709288615831289891465169952419338117938"": 1, ""-0.3960597915174181230025891308064005392246378727237591443398717027960240396464972079250175175621269107037139501775468794807455808365043727750112543396197832514973219063392448571542940917449523274"": 1, ""-0.39706187503805337546146874882847157872329015657004976890931644252296723194224503956249940955306167291409019479838038741198695514972654415242295937495248451070582138128671562312879916236425597147"": 1, ""-0.3973028192374613963739871505405830821513227520443591255409169857546943872338547564470922169075151345921672444792950680005170614204098166173464418152599109224927672455355450762622699951021334882929"": 2, ""-0.39730769318242502801469208166617184020157834690368710818607236931444732295673152502913613020862536970788602554496176734039064398676290010976571670935663989107948238281103133976670954978685943329"": 1, ""-0.3973369239103459478210132277349761828209777569905855466113150974977920440738687478129485357659240013335749164105774623249535446423246784125093200876064851548641367700286484160554909346321996533"": 2, ""-0.39751937126311071946882781942827314360175811703721111231467539116773408238629199670931585492578341471004982325184541562057841803197163635016430596602424718887577997923618939171928012792481234866"": 1, ""-0.3975552657353723821216813476763874017730730380926324120365778029655590940950727243739155368076509777572615627302888945652934533765812922924002684694629365218976568255818932952773735342024714191"": 1, ""-0.39770587188499572837775218759487885869785000799850324528354061747800979281531548733996493790264485350397520931735989592044860489087171971616567895797811456344492709876806591881441120167563427197"": 1, ""-0.39786079999799974044641403304107860374422621646725338316031184341304285258981160162420444561077446483230818909380337965808134302981075542925264434904482768434302177741850942747426194074643828059"": 3, ""-0.398736901197686907105667996208650134211709892776587557846974792500886262545117506962134015268102272999461322249861719600821846820693586934435547956740062438199995178297256171735968219973216626830"": 1, ""-0.399380780718920589144093109486043876815325986198372643938613657431249356267380780718920589144093109486043876815325986198372643938613657431249356267380780718920589144093109486043876815325986198373"": 1, ""-0.399510312506342229243578124804745263120548359428341628151552740420494538657040839927083234925510278819015032466396731235331159191621090692070493229158747418450970230214452603854799860394042661912"": 1, ""-0.39978972759319375948627740784862916001453364806033418977200571517708149074258894611972555199079340115746517173788272579257829568914344279920102151376196748538073829093289515112259237562770076242"": 1, ""-0.39994560504118849914940906314666577614618456361910110713551743202381312572318450713253321349915327311011350966515605638834051782472146532821329457903539593729636753667209324825458874208171938947"": 1, ""-0.400139380071464658189050084150834395594380576606937738686210059710518445860968086610848202649531845475046988365789307636055085720844053527778097615534683239596768219968868093322947670711091105324"": 1, ""-0.400240232922802381447679952377693613846514956088427425191145784724948690081432456419708243941905845995558761186029628535266981148705340161212030295544311377939257097787496989373985070550227759163"": 1, ""-0.40033213969799612772409844442438803639259870458739059417169665352539918390169456364997612861302305700264927147277699005478322016879272371044821072194985102305273304841061516966382643641407455724"": 2, ""-0.400856054674238215204478151615947355069637616087538761442551151553406691058925406700606214172421569931337481485275080119885140335216404605491240904246946039244588754837388625343226962621006687645"": 1, ""-0.40113947258034915296788154277162298728984123430070968793817891936948007433672027387850263812503939289058117404747031211722786496701146458731195320087433016383615604362671003359029246354011112544"": 1, ""-0.40189989977213155268804729819174920147661657156885139270419967215353982842354825618804285566054447732390798371403910271783128927473526076674598220910561648598729547411580173140702219550018620135"": 1, ""-0.40205199092723489465369709419614766275975563723451739202330782496431997639157769594812918279789921263870960339512577317576755787322700932885269848591830943404302322635400116079706054826625783823"": 1, ""-0.40216347007979404209109030504700258578182220779157611563987487306940698838736777141773412087557731776566642157097966191082997326823210941507371243721632265623410819361718443488699049018074106232"": 1, ""-0.4022454558837246904965779132937560311082036413716609955934223095609584961559130887816818573984746826090910784609046839369543173837356250023893718514106851427719650425788049681563060071478088285"": 3, ""-0.40242570356023470033525647273445196655997626538056003919495844372554262258318956169426318413384390725424958587423315586303283869151807993006031708938440450847077709156650218025571526594812449096"": 1, ""-0.40278588897031964837758529685469480310301825036404747943559174023389509187981615635598468111324165495457387905842050199301018941569495366903222624503998486389172086853445601229675827618401040859"": 2, ""-0.40282882892142838635487645480513336628226372465181490318847867823765035231565842838988380576631164190215717842915773565475525805118837037301926813125748086366596868190798859394603072805199923984"": 1, ""-0.40284626184601371024637687000611264713257531761572631617379492516030797156531874958362260464737147576279402144769774156589941423494339473967917569367824419302132876947054938839288567025044907254"": 1, ""-0.4028726880221588804005466052027969869741626553700711642697121512532148623678635684926278735987962737680308536593293446649646108904201093836633225021836781321463234459584453444843293193848203687"": 1, ""-0.402937788018433179723502304147465437788018433179723502304147465437788018433179723502304147465437788018433179723502304147465437788018433179723502304147465437788018433179723502304147465437788018433"": 1, ""-0.403277071357523438195645173632333843160445823810463136079181834714675638434687583024744709817240921597870676864375996985495421431338977578182115946580865846986984966556343389642133487684499961501"": 1, ""-0.40338591654201824354257901600159186467280716390214894347225838876315548529826971132737956568371423681489550773265428435415114403015506630866384979276316614696951182570818919907208262340223820729"": 1, ""-0.40349010462612531586825521982828870937164288846573176100453255104207400388457955287642147799258221682516273786018066616419962924600378306175630582110257107602340134750548447350973645280035784815"": 5, ""-0.403490104626125315868255219828288709371642888465731761004532551042074003884579552876421477992582216825162737860180666164199629246003783061756305821102571076023401347505484473509736452800357848150"": 1, ""-0.4037782500518349574953348538254198631557122123159859008915612689197594857972216462782500518349574953348538254198631557122123159859008915612689197594857972216462782500518349574953348538254198631557"": 1, ""-0.40398764607260215101582885139367809344184456236713396275586841429031058810420923798351210860056782306750366702237513667034362170049663640287647480728354661171092009462434848589558034111286950317"": 1, ""-0.40412079191428121308638931815299990621812651443685691511496814589631870421377520499860661157779026551371577037306864885264329204378500024825757565343853507537759272265237575904270255779715628740"": 1, ""-0.40475360629185596958328534109193559420475927002157873099205293616418262834769356890913653522181074830181052515115477577414826476621318222737444626210873438978826054188341116217189902405313508958"": 1, ""-0.4047536062918559695832853410919355942047592700215787309920529361641826283476935689091365352218107483018105251511547757741482647662131822273744462621087343897882605418834111621718990240531350896"": 1, ""-0.404809143498467169131868790739692971566965477014955864567325576635040071843016334752757857927267151863010369722307601243015821478994864713214507060904191204114734375466645549451691198825431362044"": 2, ""-0.404990403071017274472168905950095969289827255278310940499040307101727447216890595009596928982725527831094049904030710172744721689059500959692898272552783109404990403071017274472168905950095969290"": 1, ""-0.40499816552000579507000633266010992510024632754026074170851749243766771907612813732578427615145293598158640952775884335464278614053131061555704486640455319774001918744608647358656087076415122199895"": 1, ""-0.40501697120383518342470100340111501038862873404208413582810851878572233329504454920584904264698753976685932053936651844235377911592539098563808240016924512254386276583837811717682897254697218627"": 1, ""-0.405042810794607581537356137105364057182618031047477236975530122643479054700515917434247666572210539636634141723083745191937611722155919845239078431172960001113736676526552886250990489583967666847"": 2, ""-0.40522246963877526244195277016621139763591625133946245683504692653296835034393554114392369372646004605045879889810356116636288148780601532946069741210136816633436010389948742852199186586700701384"": 1, ""-0.40563241244377468798933057865657756443768996032273106656283549163100314666692495868411926378959673255060452520606894011627890276832726465964715835989235855867627547670457566793487858254516927983"": 2, ""-0.40600156866428091301766469880707737679194358006422012617026107600542417165484834168878832210177997404790219752234517188197492491219563659220770183667461041079285482218305473720833481953728779199"": 1, ""-0.4061393537952128930699800307804431471528634365154036638784993216619956849111925772175677529864311360755352494884535232378848967014225803865406242661297288143287790605117912108455853372774371416"": 1, ""-0.406237610472161080167950645040445646887131447334798982796152469554658562130165214537660813357117349111750578611532991443678070534526484718304703873795440341632853264496478147535278983236564292173"": 1, ""-0.4065117741082976518312850414389366197697733447952803483532866105439664945846904464432962237408852404406237552574622727127887578013970978564931120429450924643983325492501610787826535018882068816611"": 1, ""-0.4066327913931935242433178135978020850323180945034665307998546637050495754985530685463463337706932069442151013892793174784471159436250717351766184019450212511843479419749967529382744503065391880"": 1, ""-0.4068538469461324544237305592748995777114017921516119064785250798228447831908538469461324544237305592748995777114017921516119064785250798228447831908538469461324544237305592748995777114017921516119"": 4, ""-0.40685384694613245442373055927489957771140179215161190647852507982284478319085384694613245442373055927489957771140179215161190647852507982284478319085384694613245442373055927489957771140179215161191"": 2, ""-0.40716488214214353421236504477779168629662721910599401843593955431326162152857559847356154534958240560030107976224884983453805295808469103888663344095807937009709612928668811282100610801828759146"": 1, ""-0.40719696969696969696969696969696969696969696969696969696969696969696969696969696969696969696969696969696969696969696969696969696969696969696969696969696969696969696969696969696969696969696969696970"": 2, ""-0.407373471870124292313148433152573946637788745343444753571829090987552432929871685689242209615636564717085012168417082114078440841599087269728098372967223137310737466873277542321121577544675698363"": 1, ""-0.4073734718701242923131484331525739466377887453434447535718290909875524329298716856892422096156365647170850121684170821140784408415990872697280983729672231373107374668732775423211215775446756983633"": 2, ""-0.40769922320294367721904785568031976825479712303960520279790822186897035732699502407857754065727672716561775618824071364366495839383681938451423982461241267643033205029683506820072009438402814539"": 1, ""-0.4077443924081362069660932253331827641271716888174921095007884320172841345206470574031407600754905245834823024001831208063521039954453132948238812894810682153519763210614235379488452344572998146252"": 5, ""-0.40823984576467768033908234404039585690003058195673668336832678042183926729665055631412022795076236835290599117655273693039641118741669567621923458192552807453003995011945554768566824463950222574"": 1, ""-0.40824915824915824915824915824915824915824915824915824915824915824915824915824915824915824915824915824915824915824915824915824915824915824915824915824915824915824915824915824915824915824915824916"": 1, ""-0.40836223864715679801591307446019929584900173625758424199308056451926421600539846663551733520364801975798997746760023993762586467373818258583640370015581301855286778944087831811719436442056292157"": 2, ""-0.4084003574620196604110813226094727435210008936550491510277033065236818588025022341376228775692582663092046470062555853440571939231456657730116175156389633601429848078641644325290437890974084004"": 1, ""-0.40875931171047650361001556426282247288879208417287674304063809412590338726818142074083274902237421843808462463581713849163144399763827132836628187587844797027806742798764452635664548385116384170"": 1, ""-0.40921711470903388775845053211121293882851189927976666917407059995646232636378786854848012883743834275549180374720595608185262168740609422489315215156328092759481462561290635488199212316327787403"": 1, ""-0.40952777597354011781895302970639569612925235403498478270734380517518323255292048616177725837350557668491513639111897876348789412824073367706957520419110172828063544762109713349053883413720318987"": 1, ""-0.409735620819931321559412648005439040345432307036600581396609250315485681869206087682655754151926502114499633733812316891284271816148032414575767598141167429353198949469328170320312606531610006625"": 1, ""-0.4098445595854922279792746113989637305699481865284974093264248704663212435233160621761658031088082901554404145077720207253886010362694300518134715025906735751295336787564766839378238341968911917098"": 1, ""-0.409844559585492227979274611398963730569948186528497409326424870466321243523316062176165803108808290155440414507772020725388601036269430051813471502590673575129533678756476683937823834196891191710"": 1, ""-0.40987876683071394015957725737130191853431846326421807944257038278407432411285725432351876617570855845121529491160864582096007548743813036224077461286272200563891831853320478959255692966793670749"": 1, ""-0.40999627580224136516303404978973244238294299256710592019969390297451941821882756649497140075160424775916590032693668426687858845613231372529284791025045371432730513236422506627910948422703052385"": 2, ""-0.41067139247218865072120595825324594240458024728380665715658937153591859892061885048067599685320615865157461208163955284883923678967957083135392599668046644970359475245016564832944073001884813537"": 1, ""-0.410847457627118644067796610169491525423728813559322033898305084745762711864406779661016949152542372881355932203389830508474576271186440677966101694915254237288135593220338983050847457627118644068"": 6, ""-0.411346324287867058459051308487069128660890569856823783194942775947827873076160814227057249787473714182426818876938426681859626374850819651787926470139160002505907522184743994064728601563927250407"": 1, ""-0.4115264476595463605940938742734432543470828030345108766798406356912399382459272980842069124807801446524658372430675857639451238884022430982529232359215846647247759453376016273805808949704460129"": 1, ""-0.41169606533389719203978150698527041576829229590058179212664801945174546582449526577043539951145431256976955959794776184287847335838083849567712689996479199966784336277150828832838434203852105374"": 1, ""-0.412368155014572666414682977707142761447067871874343790933640965200325208381403270406741440385500270932363030992927192706778869432433673722711811891263811301405706859849363019431329140609343150406"": 1, ""-0.41243174919268409077342594693036094686411830615846152228447406032140072721441611662899541615250086854373651776445130053354487170008544698569981843506030836104619585393157778042032645935721257131"": 1, ""-0.41271995925793179537086695524796546120881176115299813488315590037827074283766672308845535299186858673063713768085408082472404579431425307516103798771369001385209991429900152274669421420059785641"": 1, ""-0.412955442849372257448671300994582996749036290174867063767320344558374709317107387085023706418416954238914127158912751475140086975266911528109612166441679828168366026288237483538500767346201256478"": 1, ""-0.41295544284937225744867130099458299674903629017486706376732034455837470931710738708502370641841695423891412715891275147514008697526691152810961216644167982816836602628823748353850076734620125648"": 1, ""-0.413166517724158474828716115579386356866249627643729520405123622281799225498957402442657134346142389037831397080726839439976169198689305927911826035150431933273756330056598153112898421209413167"": 1, ""-0.41329135270314286951614114031158393705825103172663265735602241510572528307705086663849225038185553952576303577661987120132012608279693285031762494659883377639948356223872976286047805439706600346"": 1, ""-0.41389452738483634980511338730023266844126989106077966232327201707391271913597819484936296661854428685953986907135969203567723800827734659690448525293385365200093994195261026209662966204721069221"": 1, ""-0.41440770529242379108330850958196802700824148545328169993049349617714228974282593585542647204845596266507794657928706186078840234336212888491708867043987687419322808062754443451494389832191440771"": 1, ""-0.414489415775889377032317233496455332360064412745126553783465971836401198300350440066034321226170669691899245537685792055779646854461287097322512611672948567846445498397443045718367317063300453347"": 1, ""-0.41482577091754383352044507282761114574787718564064815194447728572491525216273458327168443349307908191433630220302398280381222813406493608631441015831404625471372683991622062826569372686585691677"": 1, ""-0.41499743153216945569852402183813446124993044312887295160021629649879282728554659548518080476797723843893065320072336965612028336438788144295549108658585867489905436393189487180634212348761837075"": 2, ""-0.41520816771071039503155587661952821912450600453479906775865983745267131151341158723056984722040791000433453937155557031815209432539991241092693079868459809150455476970006159739296097445262976247"": 4, ""-0.416026298757614522656563892204839803635313062572096045230431168187176823029514835313539506242991373438793895746378174134052837310135672675683091944609690755248954558352189131093637446195088368631"": 2, ""-0.416119242720681871676874753539319141539269996781639228226865290069414475840301656060230031367852155154120321468064437995880581294317722445641528650330244856003545452526881173360096553229214730351"": 1, ""-0.41613736069126953406399255459252582668409483294747489174151537268817214366276152393503418190636618490262508118183770217901689513137779736557961792321522944355895024483111968991543935612315848344"": 2, ""-0.41620734834013473537764723434755575858072711531106224472303169917577446851997919282448442052128076157188402152039310799544477776735297181170129314390586184745544610812151051088754024526651591148"": 1, ""-0.41636544537768159254687047617886409821122855217912970123328451936590889313523785962181922624182750792494425506028718298563691891550597149584112170277837519159837649128398356676352988817489597284"": 1, ""-0.41683200224463509196154076758892540048437916955234552598563951822264025145055717163465250274543503152053629402807660435055537517648202649625077471316466921440157031413325942308091919588900976715"": 3, ""-0.4168538961038961038961038961038961038961038961038961038961038961038961038961038961038961038961038961038961038961038961038961038961038961038961038961038961038961038961038961038961038961038961038961"": 2, ""-0.41687502747290507624835686375580326993440514522760455856565986529954089481263751492210886791644011049536961193565163654399923034216570381354984310485620765531032135505839248136774452152151004607"": 1, ""-0.41694915254237288135593220338983050847457627118644067796610169491525423728813559322033898305084745762711864406779661016949152542372881355932203389830508474576271186440677966101694915254237288136"": 1, ""-0.4169546682672430950363291490234965847973139348781817367699872776521109718241777540202373983629635456900711988010079319164646355805363975218644449220331732079190446472499436609729914696096986271"": 1, ""-0.417259706770870474975856704957024312787409060117255246695178675948731935910370772229487891721688744999064622192356105163043614186701574428622424331794389602765735301141472893078818602501160089616"": 1, ""-0.41727416643714981797669506301196487478705361693743562006453620056610392748109620618499125033921244400052515772496510823947975656426698913047056433717548441677757446421148728504119891107833259259783"": 2, ""-0.4174935793200202827450221643103847378508621463909125959798112235318370167664484806402449665300852759355524333471559517412497514918595871544496570324159361920900671560613026575529630476745292769963"": 1, ""-0.41749357932002028274502216431038473785086214639091259597981122353183701676644848064024496653008527593555243334715595174124975149185958715444965703241593619209006715606130265755296304767452927699634"": 1, ""-0.41765884959589984982155807688607917292779276317850394806500330185305819846214023362031597092336079982006416387395215658819268830083490296566850594479181759985115839466537076646210527732893894398"": 1, ""-0.41819204549030371884777926245001518283606004899256030014154597164767948457332500920496353827072452168393332606282164820026864537543083545652342478802047878037723031222865933984680442798027544470"": 1, ""-0.41851044232665023217047998932742827514777221063526726835527217780085343877930849384396999920882715278814662994686862644774944144377172513080228392035886691777164831631361045976275066589866350942"": 1, ""-0.418526618638145398916548480569331937835013200480011233965745811567042095543727223180936828249024149122239276530541312954211964956054633038982183278292819995774975288773437880146837127362735212506"": 2, ""-0.41870388299515913070347100628283036358018333504995365125141621176228241837470388299515913070347100628283036358018333504995365125141621176228241837470388299515913070347100628283036358018333504995"": 1, ""-0.418748237525191751459730694248597429775923542926249235982827691004372994104188142747509074737191374949614480825097192214979678317687421555041679403381237191187266140319060376032265605431242747664"": 1, ""-0.41887804424693770183821253664990105861081742654413024008980214077268082631675229204854117568701500674215164684749867188139675198297105498136762903225140329401822953660133390318233341028105534317"": 1, ""-0.41947498532688667302613070150606936137403473169538777773614593006807408556688224446012222631368473195811506759194444394873110775161722807277083668978004095276925102143895731433872474153787729063"": 1, ""-0.419662591653664779501729155073530524367436654249186009524877575966806487812991161837979225641697505912226699115778885637542508910930899385941595661245928366161966578328740112856324206785801862302"": 1, ""-0.41997529558110990712817714306990423775525244806855310930282697441189169946793863528101642395518326898375435520805263062976495487712679327341720748212047623941237804529612895250888302708579328102"": 1, ""-0.420112272794186234524828895664687801555410182068583049779671115478047924807795654439084092869923734130454553923045234196847715869186781250119468592570534257138598252128940248407815300357390441424"": 1, ""-0.4202519311978576578432382325677206715418683695540220414048820681841590277062519311978576578432382325677206715418683695540220414048820681841590277062519311978576578432382325677206715418683695540220"": 1, ""-0.42056256272062133871817034407624243630902749170745052924438139850459500532129087074311908046089368269395317008157508881434451871721545903455424231425808888365300168254738006749645032351163849206"": 1, ""-0.42103382273568959390512121275238521655507174996096957684000909046314761895734649140646145298075517740321806250068384073189459617277918661918956287349989209338620371410255352546114971019820936685"": 3, ""-0.42104743633546440838646301753742643988800202452665818784442947282191792701717867342872712737738724564644081181753511107224956601575179973239037520294584908017235949022156421522949897433135251525"": 1, ""-0.421347402597402597402597402597402597402597402597402597402597402597402597402597402597402597402597402597402597402597402597402597402597402597402597402597402597402597402597402597402597402597402597403"": 1, ""-0.42146812427388424906328135521950510263532374331745067810312576534222610062016140427145525126571720570055560322944644522333186876432524209557098111335444888788002705375311511494407137328584693284"": 2, ""-0.42167763656883778587614194670504259143659122501032135265765808746601363607724000694652455146776611800006063203067205153699966199883946250036637035054963838855836797319541676178396692109599735370"": 1, ""-0.42184442092148301684879070230081025516070882912438132964528323305185748025043735537086183972110144709146266278320802188155694466262458703027252421572593718639672635754688423851772846778540600906"": 1, ""-0.421926910299003322259136212624584717607973421926910299003322259136212624584717607973421926910299003322259136212624584717607973421926910299003322259136212624584717607973421926910299003322259136213"": 1, ""-0.42214123584073166274467776166300570416500206461721790429641540290049980575008629087737457054117842349800367509837056836095363262563080113210083010708663666637013781297174377220710888866950061385"": 2, ""-0.422284284510815268907462557754831976131265114497195197054908444349922079898913360753423161059207356947848995199301542922193112725071661274697896022681592995550866009837030617279859160392695795002"": 1, ""-0.42245030369348993616675840665833140447006206127539874465324867863830532148579300902063647830891730796795560201509827051353880870914223323383288533632400832166656984302849871272531924883292642267"": 1, ""-0.422850850871428530301083656623362970284947494367069978486328595163922300514590761864418623503624809311590484095368385701056724011375193416226504029168329080814659707090664131988006828455999831075"": 1, ""-0.42324300034348933722745499774539738131777226795205965553564505945397934734668435945396501006560850186966671013829886887715160812849214375061327210852874251997813769426189327516011854183460426598"": 1, ""-0.42348166996192406149848937487345668407027782185684861245986968833603607565382619671661616145024307577067922307867248222818642617880786648773709961556423115802499352881236366933865375999638615674"": 1, ""-0.4240730374792375683027983977034977467718482153682913686454324973308766426398302307805705979530285419991488690074818629219852785610875226554759033411516750690422717281213467568460184033148263241261"": 1, ""-0.42418426103646833013435700575815738963531669865642994241842610364683301343570057581573896353166986564299424184261036468330134357005758157389635316698656429942418426103646833013435700575815738964"": 1, ""-0.4244361608931888057977177334478421825427726932620672763043144074614685549626934556768392681017310341435542009434926029147118685793817007980990700216409952669619511874305193157594301130014811773"": 1, ""-0.424663299663299663299663299663299663299663299663299663299663299663299663299663299663299663299663299663299663299663299663299663299663299663299663299663299663299663299663299663299663299663299663300"": 1, ""-0.4248421126497108633882084995260812667764637365970734447308718490626107828181396883702667519085127841249326652812327149501027308525866983668044434945925078047749993972871570214669960274966520783538"": 18, ""-0.4251131421746148950909737780995420146390916597442241995487287343872750255747062981553115382547027795498705497235664195272626003565459580886424877935279460747430730376728723456897044111348937246474"": 1, ""-0.425433773720812830853427839656667033328835384073713523762416337217140345891952855042193883864634936529369262649671044388452224543774461559866938450638355702509164349561618923308084327134808266343"": 1, ""-0.42586785740247439977677023204111468820572632790440468455215218039986079414962787041345097196814740342077741947831406191504618602761477162743677400063026188404811561635017157438063634221005982098"": 1, ""-0.4260285595339852767590160375718313221438137048145281375749090690498351002076713300739465740129148471582186236259443011284774312326907871540461570454917010141130559630726258859340625785902773827"": 1, ""-0.4261769492223709959831084560716860644762591410031929137913276341538778452981769492223709959831084560716860644762591410031929137913276341538778452981769492223709959831084560716860644762591410031929"": 1, ""-0.42660992072107656333515319074020583023168245927478705096010492265347015098438042503471803152085072316458244290618826895471477251895692934928140496512390849061376996836574156908483579145257672057"": 1, ""-0.426898219711978499213953914014882816781882553921373899269812167625327044204646149589080379041844198462122982601701712198217804775792615106076385407882129625286142441913324576375170525852916075838"": 1, ""-0.42694711317819149340987197550256188366728864447501285553753182553063680525194880819164228512695640560750112259517367908400907314335740701867963771548183849727161716753222265002692946934004576884"": 1, ""-0.42719685291317246007344911170743232165839950980163116764306829493981123330242446021889091941549429355491119139271076103098511886216033812683738185235037184652168800296112372593225399418721998182"": 1, ""-0.42758956254642278678701849380026492861321586990179935179287340092977162121974984631850648727772003694066301242192129559403573598145773976975868531052172468308977228037185619531319338384532616172"": 1, ""-0.427685489736825256953152792652954694143485041799003968683812639702762172280818570253327091044922648110732079732801934150206577868561298696487252130722945424598492849727210497042600045687432981663"": 5, ""-0.427763346837416659057692781567322700054212650983966962982660443333112761179548823246965773776340331748791125888081883141888050131440938865156894395195600084008078671597494626443101389320466629223"": 1, ""-0.427837806781485640489701179405925497584732650279930069194748820923700033055200732574045246188750039479260750807475059115161130531822065772077264474320923107320281629724162626382742111788964207787"": 3, ""-0.42808766233766233766233766233766233766233766233766233766233766233766233766233766233766233766233766233766233766233766233766233766233766233766233766233766233766233766233766233766233766233766233766"": 1, ""-0.42819550909797383059919637410011111816302301452614728441661936140448316676834957324266662016296254191953934294512698177045746929818039399605663335542859232672161356422817704695615376888599920111"": 2, ""-0.4284447227004747743517504043407940731465539729743830542077529086450670423123076120415297125267386654145145301820837898471330933375071737882819429227317785777638649762612824124797829602963426723014"": 2, ""-0.428793074567363888197148415117487636032158696863095100319588639302460311095291762147767582410698592500179470756852256950160075786258952724932005006511427593298725116428467604131296277184302279392"": 5, ""-0.4297714558801153318951776395826024100413110303213883078285815006026222298431417942514847571440210050368673390505354100655747000825745154175084191702632776096264944821566571611546613798104025458143"": 4, ""-0.43"": 1, ""-0.43103545193056115914531757211398366131738068742793561191731151760997623180264615159625590128994569446866371461040190624112447970343806778481374901963965830240310729536269632606180942973317188205"": 2, ""-0.431210579468293361560815919735225372735214906722015761566832422885153082817842019346160099272783329338377475868198908091715308979345440891201436657014774367482236531556650620252613154854369803686"": 1, ""-0.431270904150989166975685323912398052436841322048287532416616133888409551682693293516264517663424395271155685493428392183118231287082043621433543533943443336190629194970910443173968977982860130375"": 1, ""-0.43127090415098916697568532391239805243684132204828753241661613388840955168269329351626451766342439527115568549342839218311823128708204362143354353394344333619062919497091044317396897798286013038"": 1, ""-0.431332095336576268089020518971451793056489112490826173622157042588772758494397288981140800000032180897921556694470771229501700100646670723626921391735024504009629268539544955277201707040364443"": 1, ""-0.43138936535162950257289879931389365351629502572898799313893653516295025728987993138936535162950257289879931389365351629502572898799313893653516295025728987993138936535162950257289879931389365352"": 1, ""-0.4314573984946216328016513195287382531397238386424061489181314185269316155213260706736480248082410464329095073673881787001702702638191325666063908067943992721886749967697939994299311841664844194"": 2, ""-0.43168628637785695983982227197396521776801634993346140426416224847945423728992889029666287459113040143657765422438931636970242185061961070220794292979906440962523569655345538734663038662919924828"": 4, ""-0.43176780558698451094377901759587998907572860988646560805274862471226249463540244235496078966876048534977176075845655651359681635519488119854863251531348757364129374585462916000156061019858764777"": 1, ""-0.43186180422264875239923224568138195777351247600767754318618042226487523992322456813819577735124760076775431861804222648752399232245681381957773512476007677543186180422264875239923224568138195777"": 1, ""-0.431951711437205266690309876994487102097084563154927265477926060946060542696110637986716241667758447107368386063140689161006576980262711502155092949524633595013195689784202683391526836026928026241"": 1, ""-0.43212530969244468841253540344064464719461100708833631331988240331187073297345465268119538382384255529707330376266910454116876462201570977069334937385331731212602724034096543479747627555720757591"": 1, ""-0.432246998284734133790737564322469982847341337907375643224699828473413379073756432246998284734133790737564322469982847341337907375643224699828473413379073756432246998284734133790737564322469982847"": 1, ""-0.43296329569257014817799033396223946507679317773944169058393689284104410689977781433856505563084081608612586689427775127468007653978621739717255129677944435152221213068391474675662141684654518604"": 4, ""-0.4329997699562916954221302047389003910743041177823786519438693351736829997699562916954221302047389003910743041177823786519438693351736829997699562916954221302047389003910743041177823786519438693"": 1, ""-0.43305322898752528213906767746897205993535642149248104783456650454557521977784904251010222581953095864111569930062985108065581813550921172067213452978865282963952070041728056727958088506948904189"": 2, ""-0.43309765568352446652148869312276948377463651959158129026578489407265975644721366755412552785000948423986945888824640331999434392133840070054541115168764011030398482102397845411900335872926187095"": 1, ""-0.433234791318331182856560035631922666438052944301271595259837798182403165758717539379719722912799541117682284893756835576225551852790480996729733157290633205126844375679462534568528407050728845858"": 1, ""-0.4334807900608504265234293178711315084611485665332638457249420152277377744218041525588425252257183552978055981986102622938288661229698328329963341448681817683478157577131899988278077846391918283"": 1, ""-0.43378639161352223716642821440571708732781211992342861225335645907033094618737510489964980964805073312618103581306999246528691546883752069261309736435212513291302494713850891819009249234187144069"": 1, ""-0.4339715514605189935282993781217108451858996364462473852286167527118000342941380741316814071480945226659030257274093452950861503715853193787878862661847492433192251697049572251959762091468114561644"": 1, ""-0.4341007049684564994707913373966173616522521813783937825264539779541307073076532491465868008636394063163615641235007725762495507611354100892287494863869201406241089203740646021274788862922482458"": 1, ""-0.434242518525732050063254540816156545653666046644519786342536666851653923050415457142510875678683681377056452681099897383168000926409886066980210892424862007914981914811184850353189288686365359722"": 1, ""-0.43432985141279993920752848248598096500864106453178647928079123761780439578415111769399403305162045789738693740396026462630656479239620796871715887477505127641288741272992351543077982088639661361"": 1, ""-0.434551159239733166990060785285547878608222766429294021487006159553602484797530702600183130072053214326566854977920107484538544299071333820586979097056165256078071035804875815303254200240230714801"": 6, ""-0.4351870208290780902421000433256180536553208402846892977023046416641754381835549602231446756443093781001430771458791585997598953980128601020440845015023317792475265958809181406946790120328515925"": 1, ""-0.43524378124485794082917310512253163823008101699375998089287521426461334160462986156498595964173316255116434370516169201811088046281261489682989305997418079975641846603243941144081518416158210608"": 1, ""-0.435315786646071102108527840123630819492455350226615552418290189732749660095870025389923830659773376802408653948340499279167475902346616460601900732725156708090605705646537315116459310559639295891"": 1, ""-0.43537712549957542843339906578621683175368938078487862819323061801365125966265965714497004661484330756613865449354903312247735346503250668694657465634573207463779069322624086142454875140181669323"": 2, ""-0.435582990083402701766799307730207916306647001019401079797943274571746317828697410508492467776020896976187192297616836968078953486485089599526429413254983136491535729782147725283653719025754528150"": 1, ""-0.43596959140511401927986926906070474317746569731259213192640875786357372755845442287936908226331284455817346283282950959630639802110928633222021814577999798410180473814931348010074470475384343464"": 1, ""-0.43656037826090496614583199401388941457398072509420996807259338916522314657874040139829558264852641236559752749235715264154768498563041887798331862600396000807459090481750842531968104948376558464"": 1, ""-0.436699188489708584241872804728290939642601327497539868160127828743511017439063957557676736873701334448912208535424444359295763918514031255303038719426492430024256686402068150784159403340719387571"": 1, ""-0.43679604981754550572585653492518810328640199486925326451809271702822730727325585745921794476131154985656528434874583087818779425156913133540472137002244880237968200744201856455925013409695483251"": 1, ""-0.437110244315447026399563956369571327133891944186804418389659423112344720884287466631145926808630287188304812852502824269185601598379694146074520604739639979490049271440324800597208889045903739430"": 1, ""-0.437222201767156871275493813863121552460132246956812068642387842543357134033758436253834254163860127089634773444231464651771940844274415491512232462875338118711032424010776283103969285318117557263"": 2, ""-0.437408841618551775476362699634324630757080366674583287110432400482843645284533727442184117395600277653879189688260841876064184333574680606639047878425400394126312990258029355422575375223084527168"": 1, ""-0.43740884161855177547636269963432463075708036667458328711043240048284364528453372744218411739560027765387918968826084187606418433357468060663904787842540039412631299025802935542257537522308452717"": 1, ""-0.43755219315010494450702728405372140080814017541635186824114402117513618535914553576218789555868546741173254585994230999739320309738487867485621541641012092262438997299244852241744291507790692467"": 1, ""-0.43770102201162557472773045410346160357202234007727620855189473148172729954747027177983786741015565649116160968646821516429888879455580165322101478290281131963606068603520115556951661773414434458"": 11, ""-0.43789097408400357462019660411081322609472743521000893655049151027703306523681858802502234137622877569258266309204647006255585344057193923145665773011617515638963360142984807864164432529043789097"": 3, ""-0.43797593892650546475513386003671755398027096840867242492641462377514561674261595741379156706432795886890743559777713882653073156852853712420560644933416100249640548106343587555434324589090177539"": 1, ""-0.4380765139816172900333076293418114595260348437633164178173457663754133576133407785914243976884443536401864120631373479184255817683068188141791998210352944095123572288756867771856622248793728720879"": 1, ""-0.43823139008641252868561400767370891210510485868947157286427914695139943646735143744293512236290725363048012123623378312082359979677132147229544695124196745714592861108609481976909987319888192779"": 1, ""-0.438639872228412646174681828145280731931328992011137132605010910180357869219479231601452673511528846609557120233150799790380780326005318711418916111669561424519459779292544227120462266379839041467"": 1, ""-0.43884800359854685719852913076593938932331579002550008045815369656420736177343070804273799369213700879194979260703323682598919467281198789846972951656866842458101555300599593104849434868018443163"": 1, ""-0.4390406839015346585642187660933154804820269852713976722628489030796168503450406839015346585642187660933154804820269852713976722628489030796168503450406839015346585642187660933154804820269852714"": 1, ""-0.4390705625776760176991003215483621210677544271524081051990284719678946699158046969917777377489814078719306636963249558619951738288803865099837253984117147889167023696846571256262913187632355459229"": 1, ""-0.439161923264490800200033131912657765630414909634401249759691962073642137099326593257206715903341713117743585285119161184631354142227441546257617117198004952082942974818992006984581449136495177905"": 1, ""-0.43919940823996662098478295008189791736389461401104476151214418849802241622874112028895718816550772997360033145411670993899834303371824142151173576244215761472876769082495193332884487085681781835"": 1, ""-0.4395750334740961994026161293645071583067257184056030487176846225151920898135750334740961994026161293645071583067257184056030487176846225151920898135750334740961994026161293645071583067257184056030"": 1, ""-0.440648222115659206554843789475818559318524325622976439885726083521284193430008865008755825135297375812567056814435425477242536851205986222376025384432440749325742348277318820675120933169500144683"": 1, ""-0.44087074285528547327167017353814441776249577243387814150600385459782550597625363007961841378143343163000046130138885253964696138482427289859174118125591142117566307903147303979752894497883554627"": 3, ""-0.44087771973697093762088472128739025831920655462712484882226740139784061066563884539844179238177079083558814263961461056563448257145635006232331001768562523497524219146648717033937519001616657738"": 1, ""-0.44098445595854922279792746113989637305699481865284974093264248704663212435233160621761658031088082901554404145077720207253886010362694300518134715025906735751295336787564766839378238341968911917098"": 3, ""-0.4409844559585492227979274611398963730569948186528497409326424870466321243523316062176165803108808290155440414507772020725388601036269430051813471502590673575129533678756476683937823834196891191710"": 9, ""-0.441013128913337091908110794479404683699763371051437939169704753681646659764810264318151895884054733496033263671766418474429569254775197963210077063556594996114833214174512865431182279659715825236"": 2, ""-0.44112308167679472654238335564939746626841075290967143887115047893706869914512308167679472654238335564939746626841075290967143887115047893706869914512308167679472654238335564939746626841075290967144"": 1, ""-0.44122607138259149833496158431753574523716448015969671951872205463813418276485574929386021360507531387030261657084044679645010248555053229903354685248179995095892583015639390632744728152528913948"": 1, ""-0.44129328748993063728411420679618202179610693952750437645771085982827211586712753009201810347866301481879493557620955804926199919965207595861900210467120741889430555247162401485570306743352250470"": 1, ""-0.441293287489930637284114206796182021796106939527504376457710859828272115867127530092018103478663014818794935576209558049261999199652075958619002104671207418894305552471624014855703067433522504704"": 1, ""-0.44173928313622604534449001976273862519692583631789376743551349793409718508781770578595445910601596648851093673319754837810889082575295364923857614080596108543362508669139407080747410173073478464"": 4, ""-0.4418118757996203674784164354430476740679545538958167834817854195688646938334156914182920593154711659983289169441632865463445145260210311018395369973756313480779809498381861209015553453414081371"": 1, ""-0.44194504068390153465856421876609331548048202698527139767226284890307961685034504068390153465856421876609331548048202698527139767226284890307961685034504068390153465856421876609331548048202698527"": 1, ""-0.441974493508128170004469909140572122643934173668231328006470672989608205009066286135084047463804549562694094905728989632012280931448266763726785133166650458531530528559024426964425345279098306043"": 1, ""-0.4419744935081281700044699091405721226439341736682313280064706729896082050090662861350840474638045495626940949057289896320122809314482667637267851331666504585315305285590244269644253452790983060433"": 1, ""-0.44241991036489274833715209765406013483408479656523868350828845856574646682891819101825134048922185804092555920340032396841785342052930435907635866588804482500518900098261418143400640610153209217"": 1, ""-0.4424844069200492580950538276109343633520937840922163045223986857201756121470891672691663472873499558434844809859501685144636821945161402322348813644387021807901630932917350254857674014952853869911"": 1, ""-0.44272262458898743825404577089556227290164777336234994865097510805479456247665129650425663319201902787521440417089474508432337624085357637613777948339265261653142099654878737008099963799930088774"": 1, ""-0.4427378452887412752947025540445268334135946254160027909148734268534243458153491233850258377266863778410365580742525758244199117892398562888535035937543461216530603380380512035579444031987561737"": 1, ""-0.442827964849998841073229410056880746122193277946535892523856121794412731089101323855914422576291717873631564919186765626683602565012739867084617684714561133639654612251082177946839439198655673928"": 1, ""-0.44286397002883297379440989565060251032775758034707695714537515065555746078544856287118928600525125921683476263385251639367502064362885437710479256581940240662362053916429028866534495260063645358"": 1, ""-0.442973835420524397206513889178176557587741218732111056051670833128942658688783808561294832616179456309808278646146760335451689912523793867128549650354117209468676702297003699169693617174179293141"": 1, ""-0.443127090415098916697568532391239805243684132204828753241661613388840955168269329351626451766342439527115568549342839218311823128708204362143354353394344333619062919497091044317396897798286013038"": 2, ""-0.44332457171410164633389829403494023904702859633367686787036000258923028668576562774499291731600663566380540155776370976458854777276987990102724630791836353125433640681815889659701205897429804599"": 1, ""-0.444028639811772341892823820534663908157884061498519329844631049450326558760293700052736197314510567522615715386799724149121739483185266317796438278365989209362703338606953064784390085594904872013"": 2, ""-0.4443230749833714060896240189493569237137854265922472812380378103087447271934134892314378984827956204351113409738032712985236110002731128250100492309941278802190687090550413144977437319953958144"": 1, ""-0.44444444444444444444444444444444444444444444444444444444444444444444444444444444444444444444444444444444444444444444444444444444444444444444444444444444444444444444444444444444444444444444444444"": 1, ""-0.4444879987473902880123299684436183555097836902471617482696384245479453332621753798224964059185341801911296127112982707331760037816489946701341850922442746408576639894820186516754274681883455626"": 1, ""-0.44534404997280290107034955348104048862162701561203472318562120595431148260987585479758297246445933983619944505619463016299030441343419034838364258254587939858928109200883119238475268571170439767"": 1, ""-0.44590617888842295789127366794790325069318578255741434456634070279166022680340965196690930417844282843323976136682596153120642330499902926795206030799356867048321396032579867519881597572506798870"": 1, ""-0.44627752599240951522032238734259609254657320657023228516558676988236239358130746909865843641264967840702613349752191068983334745277743096261842473671375935514284800542705834520104806333493322518"": 1, ""-0.446289664988867376244991357913266868847770581041058856509425852918884355009414242499867381183461427792495952626538833637684556493292909502490059566388061239181850268947862053687924646744858651339"": 1, ""-0.44628966498886737624499135791326686884777058104105885650942585291888435500941424249986738118346142779249595262653883363768455649329290950249005956638806123918185026894786205368792464674485865134"": 1, ""-0.446894279820818709980228520087080946825606104511878859171899720736658533780999129929961531969005767070109816116441728833690276606216597493622360669095777720424766130643603132050058294394049803903"": 1, ""-0.44701433486292830457211394550632596348375348660168575799993069339374687749939358671443528753985595001256852568592580676196321656261118887793265798058099694351041193221836249674281477175525508018"": 1, ""-0.44701763920033831522386890419116224946097537754034907527598881167104727949469715946226123970687258754186173575876865710572708401502850309740627613997887519980070601766290497299703060522311263224"": 1, ""-0.44728402509567212897192049064601222451822765430405921184742005523855865225578320169370270347533944793460444872646098663277923643261791941764716644701896441351081764505501352260054449148591868686"": 1, ""-0.44754329018416577961867184624939645996607998423789657213280570642753836644608676277835506377193947209872965229344034902219423408219395652846609538899107035418399927175960958774539528272652740839"": 1, ""-0.4475683718285657616020720605326936082917909293466896210107920139053270900724945292582526175704054020234875986888253085854722640088843136730183993256029712388139853064398262360595906137206311690"": 1, ""-0.4480187470641959875288983635397305207260555240167853475069650575342468748332235464589759513715644848229600297921053220308812588632398312581269963099475186895101499753484812148642831285664349124"": 1, ""-0.4485144201122076215877369332691202122791702307965220365266659222490165715729927592085763019365064244790292180088052003778481197349080831249205923466191367220159464915160061399284506740851048380"": 1, ""-0.448855292186680483382531309523677313286184702945737611599750740884619717928100911110841792194531752182155018751966586853575111831652133607651275138552670450600541489297588216941369446756061946451"": 1, ""-0.448949825834629151175955167227534573308434405444761889668712620565826496419439584470917262823053151886980959898207621837082182639534589585841321756220538904204510364165887136464514408236109233361"": 1, ""-0.449013945155902746073719923197177916892552712433195679094418513887969838248120096862357390734751382286629691200341179757866875547670578604820393313315000350033661131656227610179589122168610955096"": 1, ""-0.4490415070461747022209006889400438028436398418826703034309775912687199359099219259323701433084067095195108716973684025837755175570200859093749166479703354140765793262537192706401931844096037907068"": 2, ""-0.44957525964939041067363111098348305322984892280343466172909248966831859567189875037512242559176263518850711888140941315710918014569954337948725659404416847304651864803313866911298446496221519704"": 1, ""-0.449815519962624349420023696163456391188965482284707374363922252167671350003723940376353940577628818820708890740124995029399390662809333689391445027206426654328055707547556278035930341437531038235"": 2, ""-0.4499844563658089727461190845287022912515041541319657170471458426666018091244749352947386684429642232979999346850078857379096600333893810747074329070705537256486341625882927102042274785237638338406"": 1, ""-0.45025234448884230971787197351570710490767805089461067234450920931860084528882770359873768673442034455646368117399262974287386308100940412043603815252174707136234163351433300791334829166624871390"": 1, ""-0.450267348377792411209529889354324664572605435555583251869476448469506319572923044734896310088258288910604509942316344401003585925026606591177412218057757975829736148967406776661030942968624808875"": 4, ""-0.45037614261214810043253359363859636960562877119510414829936454427310121297573510293834492729472774912807568659711366301936450982599979661857205425791650008263716100194848593865731944569733815047"": 1, ""-0.45038496001770958625218445691701597467854001246385046976091402672088863581658419727740907292394144803293202988373806324476936572634671298387602538977183087634425874819851783505141109848950496243"": 1, ""-0.45083498741758027388708985213218368382037376614256174164098162381491163044750497444500799812726776169482267566618547852210214193749756154656470680035894034567515898716398111661659708946197963404"": 1, ""-0.451614956159655735649002276769834904881595257027739173529190924774842179353355775732540151643044378158750238927326632613143631508786907138332444420625511109679467617690708334924604733620410260978"": 1, ""-0.45164205713771361829077894210563069534229598520150869955508759734782447808808697560509714585627719528307820052692297626363773921951337110379251404040098547402491314193330995636238784763369843581"": 3, ""-0.4517173714101404655419578758785099916432272803054061734057305571630377131489783292515981059849932830976968852214739982780352322032562464552565086447701979485892720919276940102985564540207527283"": 1, ""-0.45179055950749691806664943033394621614016927976979637543816181220378507426653419042921253055137926636510179634120909766510143533024465992025319370509864730192491140121208215564841604200785551801"": 2, ""-0.45182106242287605266762717828442950491888431066655344431064789114048481439023373480666230741624961469087575757320066238457299527266952099211401939738021556549055087553900684520481809126845362232"": 1, ""-0.45191467518755339381285363029909222262636818530525176388784494463480652285304201270671095548784250655360351940789782390712055312994708533782723773908542003355131738036240569831108849871702596378"": 1, ""-0.45193329420503112806968187068285163033075928452103407396305581351486422817835265189365927016982595188830684691185185052994962067097927486072223117274677587405133605717055283823659931076767277500"": 1, ""-0.45200801216584191685379975230388951465807148588459632839984779773474148711503169275620787362501440366578359488484363982560707825609599110843954304566667108526508340489099216135838644351876180601"": 1, ""-0.452341247927879984980413742743136801051779308535387939918411453797248310937833649181326230190333484227754259297670181297303249108033466643254796549723296075686251727771411461817722176195982687688"": 1, ""-0.452393635145505692773845152389388212532151373614312553273077141175702833481645434956079353466513063832427821002786294082887701318806249852923775100754155599824469963689806400918107059510823627804"": 1, ""-0.452485487783162588490515933385523074884352633591882796637944964612949381497441700344853778591848722771939955412892593329801857978549201366615211734477044584660435743595388832880151278559909243799"": 1, ""-0.45255369304810733569010711896374846276113492977476362138712171813674117063658223494529440734798752111031255080855132777673362186497942384970666996226542782544458668547942070451629501809220522071"": 1, ""-0.4525704380836628594179176785034997789427267840297341570567106296127512313610415546395727272905056258537586015936618151526591883889217862994642854688194041062471828462520285748863703148075826774"": 1, ""-0.4527968205733216097424859897586045541588857517014880905214726939268207801310748701471616446322041099646815499681898818240881820748545592455754130488189184075639094888018397301451607525737841354253"": 14, ""-0.452799336655574436544775134460203937648148160776284696966047250707151776592458237824113795881514855362926778387663690009048574857171790803562731767048441143623426796872038834589724914287336045125"": 1, ""-0.45279933665557443654477513446020393764814816077628469696604725070715177659245823782411379588151485536292677838766369000904857485717179080356273176704844114362342679687203883458972491428733604513"": 1, ""-0.4535022223078699038072329714403163355624013399885480884094093187810250430541016259328063899071494875108102130227344645317226161180360941165517233433518678815538644998711957398550160788021794147"": 2, ""-0.45378117248435391843249440619488993521726875378543481670217940089631571978195613111280925258644207158153774559964794744828842128845240458255805573642711817488538872943060875247277987562791192155"": 1, ""-0.453964699928814519895308792126277988932051024119856121070054276563005631907989362676242050124669286854224693739937815732520955066585791961631668598234314522430645924987474594900634525650833111290"": 1, ""-0.454097283770618659999101861398108296460877150226075255042618224647826731944169182915326229089921063454765240150005542968449309524251684874256751225328030000904911049677824220078929772786973729314"": 1, ""-0.45412301939721573042547591649424998222081296310694341831144214494281963846006926217395035542498466092358633229236425046895571185106258150445945155650532788390925585222829081982360899279477758533"": 1, ""-0.4541589186815210075361751646693017828107662782402845763672388225064737330500372841855618437009372284735187036614055730132852247590638483733340819362011445998054687134064886777216562230502082110"": 1, ""-0.454395379247216640796155457328897180184323013345487674141045507332583388010465999039683630839557127945889828019478402682419370446899192141533440943665040285627467483431481729906544723689586539358"": 1, ""-0.454521165928519929961891028942218560098877330312081573797507467298382943660521165928519929961891028942218560098877330312081573797507467298382943660521165928519929961891028942218560098877330312082"": 1, ""-0.45587027708535470512016762735991417594286854729401627187817054973197284894659466442917542749628546136796454097595436091603664361697514530801113003166843072844590859453295737818490567836188929794"": 1, ""-0.456529951004286241067471320836400257556380380966409777384023030904568652462349590284190273719880329497651759957864296207934713118926335734582087526082044052715653912695127824461932094509180354119"": 2, ""-0.456608082613444543739449905669744811835964650978055803793069208618806474034356071889583953927117465991460629530334624168404329262238109423096018270281004865455267600039718002184490120146956608083"": 1, ""-0.456830079522575849441458222959123019295641538147939408494030511020449673937446389761270143290051805359108520481388499382788129999027319850449280155632732248821095149746200429283627768341204785777"": 1, ""-0.45766372523330513726329877552609594467557293762827348575103330236078173107393564104725381866514169237542175627860280383287617809770853890359021176530185484425200402360689886970854625138311035657"": 1, ""-0.45792570520073348679333619445203074402091217666107448012172759548983652608169794389606336077406265849947329405797666887753111466583434122741992118918497132378760095197222113846513986968904841793"": 1, ""-0.45821426335143679118745735034703033691868416769231377418060840903948626221366875895042825937954690474849592383443833327867262105967617023025624675874733438786547675911296654884985667764030540274"": 1, ""-0.458258230238282879333326395819185581476999317930421093076014008778999812338674631023123408723561407554834117734964026731802197251713209877495163894342646130655440764122923809240149714383627809259"": 1, ""-0.458366441458097673910531596746273487006442977633624229399131899974223368751698476883225738846122961713471275707941296530162409099855324163009344441371376407651639333349485120546106988093578400145"": 1, ""-0.45886219896456319037918789161655835675411859848402522358342976390424974168731539106759648640408499241354216634187188065705204801151160344354864810935634710294641982906380436692045800449631171163"": 1, ""-0.45892103990731995948837528055633868771604907601976998588230585379737347043141511425465723796898019561083894276753224675625364156055977407270855329726320518640772567540941791802406689751837683151"": 2, ""-0.458983050847457627118644067796610169491525423728813559322033898305084745762711864406779661016949152542372881355932203389830508474576271186440677966101694915254237288135593220338983050847457627119"": 1, ""-0.45906339814999158896150479202915320341459868319087761982479597462830492010105022843515144836333347618504230250954649654505086375253809362255279751351534256077197552244349452268550367456451018101"": 1, ""-0.45916103645244184776328991865683717516107444084060573497829749935558421879246192208064347115307404283678189269853241325406022749638310407523361103428441019129098333373712801365267470233946000363"": 1, ""-0.4593848979000677822179272390551423592418294861186784861506771716233397917072462592802029657523218059384103330164473083972704320603152792054684791059035900957488828103245876295806278493312123197970"": 1, ""-0.45989418254976949747146259260058663033915132394984134425773752922665731123189915520065274871116615982630312289196122721886836016977547500130618994543784121138200755660974671592544728390746882624"": 4, ""-0.460108695899380986178065153514352911361315619777128965356933495675822069531250213595190645493741952308750398523576151639675616778867776117977267765687746056174636325577030596021026611896286361581"": 1, ""-0.460400797263878136920797032779813367939149689035421801262030877952175550319814079708135812305184238000557917303860224458371324176946584680805599264294230002297081895336015327892667884766933312873"": 1, ""-0.4604258688523724838676452863697715326547611370839235844283540860203848973401013891926550371350180554569140764443634938254703048592756159749629092583562162165879442574224358727674258916750094918"": 1, ""-0.46048435850241411623951792089681024504876458295538928804966797878348323342952527545852310390127025579165988753254648514842546356252939216672632054216574615597661169588201828625158301463053168812"": 1, ""-0.46054374383428553332476808914279706925376897521510790533984581872125812226419935220344194341594916097099813001962089708464958565005085103139661772834064795558450271119892218074723004520639925673"": 1, ""-0.4607070946857367456904423187338851278096668150139916806751211843249372804804906122725155595894618122639009551291584965460671218146996141585001734841788306798936520392908541183004098521350120229"": 1, ""-0.46082389922243770503986290955844463192511149032542075629493830688356466911965069897552090853504142242332492244577950346983646721131447700311721636633184483005680043433480620462882260337553044697"": 1, ""-0.46101694915254237288135593220338983050847457627118644067796610169491525423728813559322033898305084745762711864406779661016949152542372881355932203389830508474576271186440677966101694915254237288"": 1, ""-0.4613742428755833581570846986396584251812133849667361731704895243769238407308112401946182107040015887200873796048058782643233045377817495779962267897924734385860391222321517227683447522589613742"": 1, ""-0.4613994085385425742135677876349514178195081356081658907762273241788019513447433673044250883442089243667725686060391121700174706524045200358805912830820573362695152537835419690656959920211986367"": 1, ""-0.4614765445130573700077596656281886054818357957043377687482834627090040337450511872475555987767777669572418527613991801489509725560575766732566400222786648175671652234792121759962950174594454020"": 5, ""-0.4615384615384615384615384615384615384615384615384615384615384615384615384615384615384615384615384615384615384615384615384615384615384615384615384615384615384615384615384615384615384615384615384615"": 1, ""-0.4615448214354743693215648843885282396249688304615502517157942974996667689147522576728966680739272862067137436703057634257536826859664438119064108130235115422090153349000566929723778450771048141"": 1, ""-0.46182133369593858094466481833242863171998692545618565040696398500632457503682707704665223792838205373903009981079926976826827573976863697135707404419685752155466746975015127381808776748518486548"": 1, ""-0.4618880482596544771731265031618961104141521453754288086912496417867654061869791901450288090268531776915303216036469935369405662943635696693916563330403881096337617538650775962397627116137099938"": 1, ""-0.46224341880598636164064870017083001047758040241596941936524174899408446297319257398344698376036353344851951462753653168597166386953476546840297265646569579281633269928748144334086391898665592168"": 1, ""-0.46254526720878446257470355314238110676296462349503453575477697702075837478860813720271343212052874093392056806650458675201667226086558535671780096500070872292781893229900361210778238436475368110"": 1, ""-0.46263297549906612241029615866089978937176959345715628009695584777868124124073969672185047733131292001852200869953975765375703194161397326811361077769741621028037430892841819973435437934358946807"": 1, ""-0.4626778913653758568903985543753820404457859573509828947608621828225192482228324218489764127904607172351746263404811088478687133896839621712299484808548902620638330480919093367745553543906530670338"": 2, ""-0.46300873752719840898708872150417497049154009442382255442253064174845419783308530891073993969390941776263862303814274122987095681188383360398979224815607328176903608536620400058358827847561143334"": 1, ""-0.46340524522781483738733144551559313684803475480039784328450463931162649886430524892284803466904560593100723607443489961239813082636040383422196509154437514829350913618904913083206907983559731194"": 1, ""-0.463468065847628916701808078231198080918703359246955436856964814917585512805786365079172708710379822987253584822833276323982222736894381148322339384680478893286101063783991583529549604825758533179"": 1, ""-0.463549692760042749699786660772343977836174749175966968693843555467784788477562406413892935269263974308716924113637146999179318958995114040790903449632907781582947009134385573188440648936074666788"": 2, ""-0.46442154753062784700996946824744487402307035200392079696841388719492244881535912080787237787035653637048857384259190165688296712330879057589771413769802291992495961823952043828873384227568924970"": 1, ""-0.465012912285453719544369791204882438124700370960674258099493150713807305686979883257240652712134000777538520351341940335543047756009084834051063242000125811613407413585405128596825780583485602702"": 1, ""-0.465280499921711893000770623027726147219361480640447609266852401534246583328885961238906025369908386261945600794456141920823500236353062166883386568265267165053603999342626165729714216761771597664"": 4, ""-0.465901957294998576125917395864959619565950002666167748427846872492669930938438495779988312634214951167991736439119965306816201630290573238721892985992704854481642366256021972938137067225211423990"": 1, ""-0.46596710374790911846776890342125513253883184339113637320204992455366085776252238478573273948686006530738130695701698585748573536622953225752561919924285704743521338862262538091651930297528337135"": 1, ""-0.46621354967896162374683083516831109407717386729740340263116349053125406874860337850602541352864804660629331848230800902538001671848324767387138204307599475669844141796193117050087662354618911173"": 3, ""-0.4668618832730635196269955131620081653581481299226118222231655236923478645156573890024039376711874839532693459207767386735699395225557848238865307464074407190575388341683614610748293727592773650"": 1, ""-0.466968379132306386909263408265445372370911092651264532129943291699400068199216795080830768679207412132988132596177118739366934284122554903046634116074522865981528100460992921839211763026383265726"": 1, ""-0.467393632933289942697224296933771805870261862584023693865794923752436904261145635365047340188921673503826111350068468565811336597845239778323824828073330960703369129047036143966079793371566302724"": 1, ""-0.46741002704781151034160044880445010983669640857033460632645365178943171125849646192452374746416984253358393795087630739229379051116828548148318728285164394451609717316729649772238757712581922840"": 1, ""-0.467919250180245133381398702235039653929343907714491708723864455659697188175919250180245133381398702235039653929343907714491708723864455659697188175919250180245133381398702235039653929343907714492"": 1, ""-0.46807794572720235075430785092241477196534341914094269916965665568696723845696488536234349872484228509456091326163056009115775824910491791072755882083496001503544513310846396438837160938356350244"": 21, ""-0.4683736672799682217591509618175406440986990545999471315213087971444640895063944939974845512999301940045677365286686356564526496240141217836360845296495168692834198418252969831009488091464083413"": 1, ""-0.4684406802170285594333095570106950611651254897172759617094104971393442447376143566148514194036212838785822457272234610186119340003555738340498360290542378617588909523595322704674510711126247989187"": 1, ""-0.46858975118203914852541360448622452069495307359251210279099988717280621189988246348243032966717983801392570806309303280962664290509520836895441105530339791665254061654860838656621376904954761095"": 1, ""-0.4686724123391619786812030497173858789814590279560585049114070332582216289369786371506300923368699024358475707296276365170659640204280562289214507842998819050939488426005932737300169077060832629041"": 1, ""-0.468766607909102695020522576871325595582789094381474117971815689119925056046067707765915767846418240397896246964847741359273405189767617092942476710286707918720629306094513416577464450526259227787"": 1, ""-0.46937917934071396286350670449339931673683783078149933111767947203679005903953748063568619450345475309598530014864182775329528348929526831737805662897138328439507870066171343610585360337959867394"": 1, ""-0.46964182449601064275085917305281807203401750892251414109128500808370048577714368901080651363965204616825123485469104699240998045769314772054760148703002234699877888428544491502962241627405034573"": 1, ""-0.469728288753960862214953789170240915640019130354686668870376751977959647504570592628035788196236902357309794335526214210765346563610472501562041563836844777421186294395455988521062514252820848887"": 1, ""-0.46978257000976682226560591067672621692683698608142503691743271676655792996964419234334868355325271947121273008589526753209267024887374677713403093165824947360081753892546100431412835401864839641"": 1, ""-0.470043763044456973027035981598015612332544570171459797232349178938822199216034214393839652946849111653444212239221394914765230849250659877366923545188649987049444047248376218103940932199052750785"": 1, ""-0.4700437630444569730270359815980156123325445701714597972323491789388221992160342143938396529468491116534442122392213949147652308492506598773669235451886499870494440472483762181039409321990527507852"": 1, ""-0.4705469606849850437213400972847303893639224859367507192193674065170670692216002248376390819935946256404533764440354379667910060333390492965298965678681829262427761478053816493798506747302866355"": 1, ""-0.4715744806183511346727595712948329641775512783127249719068069467861440919091041433537399897217370981312696454155393839701587800087546228268936600209321737022533004318138963754712657134508009547"": 1, ""-0.471966515085574481196270263059073158883629872050856262402210930946522593769803036381060810276234562694693668883019342194425298272818733196488029675918153322818681294806493553893750449931529398255"": 1, ""-0.473179894778583210684008188352055936918343516885444449359400888639079782589985310562618354227905157647886630169582649151510369344832247654558725202801352916813003025997866631382484923894981743934"": 1, ""-0.4732865018697824106236251158330435212745195071866422314668135258289344230968476813810944624365494344401282970746175067834843417691034693625211865048719716362126181772675366419154657473892704883447"": 1, ""-0.473539493420664984283226672747613905253266085244920111052382257222370763985703758133745688379224403887040493310327274945259709625967893135170898419922479440667201759438422844057859920186352724380"": 1, ""-0.4742089300874359984880978662428565686824072312460627456018457912019512502884196224404486423130016255941781859575631562406732165946020423362708713475828678084342411590961781165879748436560589024"": 3, ""-0.47464143080153509719993013131165622395839727785500339112507426021220219196878747841616444722245838817623827155657569570849235748137263795705044100654375390785860051074668959130804286932549939781"": 1, ""-0.47474720484135086177706259296829057599124753952798240964724159857769999877601340413029381576091665832945841829978414985424921459909831229092550199340528729028109883555057017067675929885085558089"": 1, ""-0.47490372540259661279406467168554386471678528785882523005753286759186911653728828736747426862116181792089871603433082902400541581160720023306416788133722920311244561380088556376724851864986653894"": 1, ""-0.475128644939965694682675814751286449399656946826758147512864493996569468267581475128644939965694682675814751286449399656946826758147512864493996569468267581475128644939965694682675814751286449400"": 1, ""-0.47555555555555555555555555555555555555555555555555555555555555555555555555555555555555555555555555555555555555555555555555555555555555555555555555555555555555555555555555555555555555555555555556"": 2, ""-0.4764670837056896038129282097110515341078343759308906761989871909442955019362526064938933571641346440274054215072981829014000595770032767351802204349121239201668156091748585046172177539469764671"": 1, ""-0.4766493699036323202372127501853224610822831727205337286879169755374351371386212008895478131949592290585618977020014825796886582653817642698295033358042994810971089696071163825055596738324684952"": 1, ""-0.476909777491825045281578763050575762705674487400027822491967463692499726631012809291744801674739536572030914702570223012944760935328638918132564801077191194880416902536106757711537672912387130179"": 1, ""-0.47694629597547470610990065183508754507144763223929383307720922616064114948826135604412572683627442980816591555692161988825314366391783541143211297446705926583575000746632879122705918120690179271"": 1, ""-0.4769577080804330456898329951375833565242382371054230252502184622816746334287809336345232606185811919432670338471724632470763121833957501323857289162035791946577033881009455265231937978552587766444"": 2, ""-0.47704267044536532263211698894315530830546118912498463165962903649603134442839138202461219842205590223752969920125475915307677955992221200265310935382938010085838552761626445872534013442206610571"": 1, ""-0.477186350043115725228197602143357741911080201335108143694943116799772533024155962020669929060219110131067221927398412322514141834818603233712463283781471976910650849746160410206603924385291467945"": 1, ""-0.477375"": 1, ""-0.478072555054757440676077632782349414204080000757267697928986899858166981029599012873746232190866457770777735834585665204956378406198760972222290773360201397092897388962107897629781917179105014840"": 2, ""-0.478080839508577350021084846938718848551222015548173262114178888950551307683471819047503625226227893792352150893699965794389333642136628688993403630808287335971660638270394950117729762895455119907"": 3, ""-0.47813194959229058561897702001482579688658265381764269829503335804299481097108969607116382505559673832468495181616011860637509266123054114158636026686434395848776871756856931060044477390659747961"": 1, ""-0.47871802546313431839520126158691501904661603157345761509256881145041059591565618929943284981652287455976403976306211149351322627997181332625035626767139164463158855828552834929781434442276071094"": 1, ""-0.4790704498936204273167804324232605510220884398876010390336128621830090069608554224561682946062059078059223372039674733632755490507732983582671803356963226884736573220010316579803639879236557571026"": 2, ""-0.479405666677952583917878254111595790546163381031601362986296232945292351006577222735946550191318251846653985834437108296914738420521576480871275199750298802581842607265337180417461228885778306418"": 3, ""-0.4795466240761375487248939427150935773104429973370457108683369700601192897398264105338175578371762822031857067443835999301269267753351062371396387038898538081731532597641814090401540887932796804889"": 1, ""-0.47976928622927180966113914924297043979812545061283345349675558759913482335976928622927180966113914924297043979812545061283345349675558759913482335976928622927180966113914924297043979812545061283"": 1, ""-0.479771144280960472804903629054373116134920640332693441556877393160207904253910673353191626806363509441254333594713010003877960653073624630098313614449331918695754341516588071967024963266001162197"": 2, ""-0.479803221293465972714691942574353483934896514437021199321517068978849440003972203068110869949470740075422816789466661364692683373663289268684208029020188431283259421384060029904992364200033107450"": 2, ""-0.47987000318937384465373776295074071828640366364152668863676366035431368694819962278563619715647737301136823185538364934803538767630357314398913375171230692405093388086027531785303244514500746393"": 1, ""-0.48"": 1, ""-0.48019193106472310789964045979780997223597232305090063572950545752699245133512405619120396539418945924923046239984912033498075198076531624966773817275447921780802374118454660820261994669767653781"": 1, ""-0.4803332091934080455054344683263244147460980997522368640066564634324839806072942522164990466917201415919721966775645561422292862818710771241764282636750151238109101710788075022093036494742343507951"": 4, ""-0.4809143498467169131868790739692971566965477014955864567325576635040071843016334752757857927267151863010369722307601243015821478994864713214507060904191204114734375466645549451691198825431362044"": 2, ""-0.481108190571367215444632764678313413015676198777892289290120000863076762228588542581664305772002211887935133852587903254862849257589959967009082102639454510418112135606052965532337352991432681997"": 1, ""-0.48115912535046685779860181428092778687066527994946730952181655143704339741664211259003998443550322686120358918002204046460474234815871425448793064457014996421783497046276571588505400140033133058"": 1, ""-0.4811917098445595854922279792746113989637305699481865284974093264248704663212435233160621761658031088082901554404145077720207253886010362694300518134715025906735751295336787564766839378238341969"": 1, ""-0.481556842489695831376845620076172588302812125006521625710857202483435070694422705692074920436166327542129702092137528042990556685970678770803986017634475922157875515208431157718996191370584859394"": 1, ""-0.48155757051592533787024153968506530634234040598482298320929569062865180640063403856148044326536423442207682508840858709658783159437522885068144505419134968487695688815402734600147340557704243288"": 1, ""-0.482364039193341340626584236507775059839795706389207202242788472916487521320285786636982132023676566147142574504825508773141337715803465139450806735915647870394517910399834294313494715818315721941"": 1, ""-0.48270867496715890838896485727967125483261423496756808745567085157045989995831033541325646057649180633176846616945136104405850973985916919574128535201425826445386339207139971711928795212030872908"": 3, ""-0.4830128850473327624660156381329084259071011255363528737234990409688528011490009396006578021710286231183685185362907788818264646933092711361124939700788822915465952406631712858128170369211546931"": 1, ""-0.48380544404635077814528732415239643574270392115449447884223332087323135566566583910066933352022357051816978149299775023192313058911352830557891421686967885434007889784859616795679429349673249060"": 1, ""-0.48388068571257120609692631403521023178076532840050289985169586578260815936269565853503238195209239842769273350897432542121257973983779036793083801346699515800830438064443665212079594921123281194"": 1, ""-0.4839497388163692192939812457932561624364294958220618197002033062902827479953748042929880657179685587601466418782657475453551715715535752804548950795853135573885898615991922665271883550727495982"": 1, ""-0.48395599998499805334810524780808952808169662350440037370233882559782139442358701218153334208080848624231141820352534743561007272358066571939483261783620763257266333063882070605696455559828710446"": 1, ""-0.484022454558837246904965779132937560311082036413716609955934223095609584961559130887816818573984746826090910784609046839369543173837356250023893718514106851427719650425788049681563060071478088285"": 1, ""-0.48421126497108633882084995260812667764637365970734447308718490626107828181396883702667519085127841249326652812327149501027308525866983668044434945925078047749993972871570214669960274966520783538"": 1, ""-0.484374896210338471516833651626842998947615496271029290920257642180228051108348522813484587960251368312750731337809745839919513417535232741881915465372423574379491698486182150624305574586997940480"": 1, ""-0.48461561131230214436436948512814283257637214376787426155225898972245028984667137909353076688663150156519956353375275464230947070752085833794819499331672218042149442695921991781664999286212887934"": 1, ""-0.484654899976271506631769597375425996310683674706618707023351425521001877302663120892080683374889762284741564579979271910840318355528597320543889532744771507476881974995824864966878175216944370430"": 1, ""-0.48469420856771695262072831615589724980432341609916191114745414646068418970998809402130528353510668796690187475965145263886429946533808602226336470033848144697001741823688449497814982821589506931"": 1, ""-0.485587508337669849573519884159745983997821620594785701564453955702809376381010187367286972913101735638219585977595263723492939571500239465831468672490429222920840656631667891884537781654099288040"": 1, ""-0.48562880792186764152049995637333193394400431425858745407009882175170634042214708263683790692724085774446408661667380289596367086741944551576374862419847933003714898619900367582863945184270189773"": 1, ""-0.485712975133497390386260484324121386421339420586552317784761862428586045432909341273920326316476001776469506862642033842727730965747008112233234465317318221693465137235512747484299757251395633680"": 1, ""-0.485975235066911162264445398150676914673637392220358160040575865163278842027232647965354453591354219499824431352658889625843704888611447075806640396394990441262533650657407046155046623229682805977"": 1, ""-0.48597523506691116226444539815067691467363739222035816004057586516327884202723264796535445359135421949982443135265888962584370488861144707580664039639499044126253365065740704615504662322968280598"": 1, ""-0.48610397647824848805145561621704017013869567535798042111171193471886896468207387634772445768882566233036292555756491571144523156774411511932080857384960743027515101092193019946206145413227325208"": 1, ""-0.48668262380818908061018988765901573252331347424248188267326109479218725461040675125068117704462041895695159724727623405841808296693992885257002659782948653479061910536781723973702265102504054870"": 1, ""-0.48715318210814034960759188121364714007344412229719321571190816707154100750044783590269773576966951456530306699986268151967343543314271875051769723447231511426725909255874107643386630154869191284"": 1, ""-0.48732958603228304003788714950978134835075456752436361154918858995404330078523358644803371382043267863787577104566453508845568891274365571016869228568075428539794605978238884602703270670335338451"": 2, ""-0.487680430869241513738521587328197141938517330838870265593357811699735045288864249737553824291910880160028989969269295478994425357078961409501118410512778218583696412403437809926658912155863958399"": 3, ""-0.48812712250620596369941238925878636143516933098744960038195942374898540255518784957143481790245853243197245045758364013536323797454110230389463253726752301447394095403676120079151177706880596111"": 1, ""-0.488129644423131841310968757895163711863704865124595287977145216704256838686001773001751165027059475162513411362887085095448507370241197244475205076886488149865148469655463764135024186633900028937"": 1, ""-0.488226385324338868029488606261579005262447692222165293225644684823759001982939924480346402715468674188847778313105954377124035454280178141031621860627108795133025949930781935259171209547601305212"": 1, ""-0.48838900813678030693171284375321866309609640539705427953445256978061592337006900813678030693171284375321866309609640539705427953445256978061592337006900813678030693171284375321866309609640539705"": 1, ""-0.48854756905774825505894051080890536668271892508320055818297468537068486916306982467700516754533727556820731161485051516488398235784797125777070071875086922433061206760761024071158888063975123474"": 4, ""-0.4885994628152874423382397614404368668081326871359651872072810233174029293293909295179642891350247485055427693958355759025312802079579577185798438715664305366280265232327317874921752882534951289"": 1, ""-0.48866343902860918314129617648443478339855059355815846417306804924458349578965055762897521398472368139127711361667845969796144332864800522858713485555039321908366444804899505744189488633009312067"": 1, ""-0.489068809994560580214069910696208097724325403122406944637124241190862296521975170959516594492891867967239889011238926032598060882686838069676728516509175879717856218401766238476950537142340879535"": 1, ""-0.489344968107528990562848369381513392589472098228534802510214080067944076182041477820457754984737831963710345929526569090930037315467863681667775054977662894409386625777199308926533515981922211799"": 1, ""-0.48934860849710650104126999313541195700507721214024689532622644089234644151136204511617766005239520994946128247909682675211680823808445760330861187461173470383958741737385201035017935413871971719"": 1, ""-0.48940120129071410680971390631162892073952160049675440641552938896306200723846981411022101224076792050541860581485247779959674944948209136058529252688223150154376972584438897414782970378359926517"": 4, ""-0.489638847446672666340867593264965618627207313814329966993217832937122206981089863774823150696185210249939883493876204350175712116101236972194565651062086422767158525936075057147717661819229366324"": 2, ""-0.48969120830810084990040139879542200770650576350821451446462008776691794599747118978351781604895745565965716826362572424296320524770676123264198549714112704237090186298538837550886093774018921259"": 1, ""-0.489895172648849080704342369207730245234379990869929179261910883022427083693083136047538905104364788502316474958371650257356170831034863489965867449077265653838939311774967145695909327861828261779"": 1, ""-0.49001026061878655344239671839550093671088377612469830559472622371995843926043143089121629739066542564518477364349951649122426203811649374065623433591117578188369111029415044506074416064337855065"": 1, ""-0.490404325870143857826554267056078728823529914210980271878638400274196769812915521304603328872672197395305435958280835898917887477965963143272389941878730277162944670969312626267760007217977984626"": 1, ""-0.490738449389001294072069272475162590261808049705838075589230666965998217879522255038918476956252484375443679814174095324594734857952203580827121187028592681702721301950679699145046680153720241527"": 1, ""-0.491179831140221661427742224249204635084422028414973370350794085740790254661901252711248562793074801295680164436775758315086569875322631045056966139974159813555733919812807614685953306728784241460"": 1, ""-0.49156479134161948754322887683826310918591635622965023812193939917016219532477904594948064104243764780566747789447214093856272277327248464853989153114820915404916445821850282140810516964504655756"": 2, ""-0.49163822110165718446706104837972060627303944686398734842664700980857121826859445887983014314766801462589503891034550903989258347966620930806568259952390150839766638694320293252968608843540898332"": 1, ""-0.49208035899410562483338763662213796984686472557092503184147388999141020704363022422321613696276769053049376499511270400758271378217469861674713426734990077308136607327981991054767335090785225556"": 1, ""-0.493167370480997013080646822535791533628592028015243588423112575960449067875167370480997013080646822535791533628592028015243588423112575960449067875167370480997013080646822535791533628592028015244"": 1, ""-0.493257048093653490934967876351457705378306880110897813852292464386735968084636891117730542268787836480418111198237670001292653551024541543366104538149777306231918113838862690655674987755333720732"": 2, ""-0.49339731035490770263321348659926999074532410768363354524316848584233081711170801873040132179806315308307682079994970677832691732692177208322257939091815973926934124706151553606753998223255884594"": 1, ""-0.4938641924442911013175822704513655776272034991226309552558704397956032806784102519009829987154070642102429521918691295088855221707631804234872409037719951384877343031399405726303242032996956207107"": 2, ""-0.49417853555423536434139716041173726817759278678169530639716506442017089634557809956975406646619513701066309258201237800123922612327605380018018574706997943487261264439091335222347131434494125119"": 1, ""-0.49433762834911092082200521271096947530236704184545095790783301365628426704966697986688593405700954103945617284543025962727548823110309037870416465669296076384886508022105709527093901230705156437"": 1, ""-0.49465199999499935111603508260269650936056554116813345790077960853260713147452900406051111402693616208077047273450844914520335757452688857313161087261206921085755444354627356868565485186609570149"": 1, ""-0.49474557270149669467688717802162472151434838647682975717392908973153227564052276241923630480537021669332746995908071244314411591919410966929094453735808700038317768871669433050270143305444867033"": 1, ""-0.495192020274783459585077804505103689393396758904388805625328855268323833838503601637341935889926866096848179089319296172084806387020644515980688981031326821358592395807889032498076975779378912098"": 2, ""-0.49564420485175202156334231805929919137466307277628032345013477088948787061994609164420485175202156334231805929919137466307277628032345013477088948787061994609164420485175202156334231805929919137"": 1, ""-0.496026962863531515501951191555492945863099260640122215263866629578762132903754676256263783637826237405293798747539141526323731273843941879314360542262268038803976487916307900295573605081324355989"": 1, ""-0.4960754617747796226764962020871930017541492307407217644085482282745863339943133081601154675718228913962825927710353181257080118180933927136772072868757029317110086499769273117530570698492004350707"": 2, ""-0.496111055141170194633768363063836771503667383062581535650704827077442355101099280105924589649336020500969960817185760830504809922833660140527696419065141859911905075590746752133509662925685683631"": 1, ""-0.496402708356654804405882301064481118028919838158553861007659143981084436019710284561736244989317601623129192481298443721721082093442213150486719295366523401461110563631876171885875879756341741224"": 5, ""-0.496650005754402382659235992444857364444833702154122591368490695218606969849034130695666311399336222851983858484623618294312872475041866362716291572381229004742447810475905750136342784888140425725"": 1, ""-0.49671443391823262911974566267598506503573485466350467889921479505366617195665977501602797845408290016176501179728150518409646833664651587107921153037467194017450659500794653931221417211385023640"": 1, ""-0.496735751295336787564766839378238341968911917098445595854922279792746113989637305699481865284974093264248704663212435233160621761658031088082901554404145077720207253886010362694300518134715025907"": 1, ""-0.49759186993436644581839627526347250040775634268083196739196511928921189811965273645112312010496636966661162433342703619482730782647001721644238841646680510028424350607399922070518586807356940512"": 2, ""-0.497677801627356061386342568750643732619219281079410855906890513956123184674013801627356061386342568750643732619219281079410855906890513956123184674013801627356061386342568750643732619219281079411"": 1, ""-0.49910344398776341443258294857841195958164892807095270593230218736047723867530088434530899388557210362857316309927150017607189246495954391074507536568544868544223361141285440758324812776488391068"": 1, ""-0.499231558509137427187876670645807764362375675086515254276517401824612187635417802376247407491589648126552674895653808960863404772162807210819710333531628906298745470022626957312364935434106042358"": 2, ""-0.49953369097426918238357253586106873754512462395897151141437527999805427373424805884216005328892669893999804055023657213728980100168143224122298721211661176945902487764878130612682435571291501522"": 1, ""-0.501016949152542372881355932203389830508474576271186440677966101694915254237288135593220338983050847457627118644067796610169491525423728813559322033898305084745762711864406779661016949152542372881"": 5, ""-0.50104535053598493641787563113125796695785432455203304014657544782888834395726064958136151987148884106285241274341980727041314290633040145833573211651012429697576164976651069992210753033318328993"": 1, ""-0.501108647450110864745011086474501108647450110864745011086474501108647450110864745011086474501108647450110864745011086474501108647450110864745011086474501108647450110864745011086474501108647450111"": 1, ""-0.50204770076721588981635317292609970038915895177183330846683199840050625756714906243960544002978526035801016031609234378006272099519972465283601191841003088110877181802256557848990940340562703449"": 1, ""-0.50290147028614304452909412480538815996012132058333931919911531601272883280987456830456900912627805954901043816163379785856189164056889696859618021173121238477560458237711290207870773047139352323"": 1, ""-0.503151756746629738460847585690852535739136269404673273109706326652174409187822448396404791607631587272896338576927340744961007326347449903274424019483100000696085422829095553906869055989979791780"": 2, ""-0.504431907325348426779821089993745504149503591241625371641003583586059271918308394977495702200561853115300113988188561876199176116501509800615098065720829014959913866713157230367917954831148965333"": 1, ""-0.50477017063180408227680190363972312769526814086238314763560242748550056110136300848867799744631134163951383629457272738190888811942894048209473274931188967551048196409547174927302520517992886568"": 1, ""-0.505041354010818637861649143530478324530446016402744307445439218471559516524642755372929002102939842740208729854005324978773345110153317533708782723828216525706034510457486697301544956289576350509"": 2, ""-0.50542331427742749613514385117018278694036575393576401594986335128260610358636234958598984610177992573384821196004257286919413540921598677833238373175714326370680450644811048525051375452095859103"": 1, ""-0.5059861089014186003368029189080306667583938576182889039027124878324849666461132838686009574019272889611846377991458009421941849019884071872611469642906812818892118149006299469233650322271499128"": 1, ""-0.50863723608445297504798464491362763915547024952015355086372360844529750479846449136276391554702495201535508637236084452975047984644913627639155470249520153550863723608445297504798464491362763916"": 1, ""-0.509661551138119270779688948398393243382428674425790503656401277165516531053661551138119270779688948398393243382428674425790503656401277165516531053661551138119270779688948398393243382428674425791"": 1, ""-0.51078795185920522218529307146703588024988340286416953032112607028520279306415740532834760728457163273310538170618528172137515555108463186814883912322488859613239636657616946636516357508622511468"": 1, ""-0.51247600767754318618042226487523992322456813819577735124760076775431861804222648752399232245681381957773512476007677543186180422264875239923224568138195777351247600767754318618042226487523992322"": 1, ""-0.51303983498292387944639856243826651111697092633260805681319218062643894586797563803892289513216147796307485126036840734332774497406472982142609873468177617189345165802088769740163224303339450928"": 1, ""-0.51331606217616580310880829015544041450777202072538860103626943005181347150259067357512953367875647668393782383419689119170984455958549222797927461139896373056994818652849740932642487046632124352"": 1, ""-0.51352481827758770427425591687587640880502938174337268736807443929182626999357238538121854925852047210074337376673879011219203117708733824963078584103057659646039293295182686125277389294786772714"": 1, ""-0.513707650859888124155590179607951490137984047030037301710187833894862144738982080039325189512233002234852347684997884306190951785952063118718568400819723640854779155283134806731097283761856132109"": 1, ""-0.51525742566357226065741522758889100864989597266130618443851140814584354509227577479381759154351793954656661982966609673411560972926215715351429057167819673464496829280162715656167667461576188666"": 1, ""-0.5153754308138110223990169784215550736301441423211134478405846542731839607671708451857231797328807626549346031289900457732821926241011231469526780353562578560239302214064504388816920883003407888"": 1, ""-0.51708308327857103786029473792194821770700119648716479562012165405726185488861223771197692328443568846010959890599966416003887810806433745415178827709912626773926721736130925388606487033199839521"": 2, ""-0.51739264326552047002622704973945229643884003165252832225171959303761631495562860845993267447827255921981991033474737084380848965252921728799866977647601624087190766221598789069502116798942798659"": 5, ""-0.51797554992198867701037493044118314620461992549511605714926545580083892687794697102787535385018503547336019469467331382525505346558539631564957396747557019697179946997244067713794524071481117381"": 2, ""-0.5182177139748902979468520397833198699614516069946825506928137823349883726842954834009482567366781695565650863565100590056034790106764611243844866576671931267346410515294993415400306938480502591"": 1, ""-0.521511587187145947059429395406324029251210217324132248429292409104954166237511587187145947059429395406324029251210217324132248429292409104954166237511587187145947059429395406324029251210217324132"": 1, ""-0.5238804488134246847383576606096713335319233442557839340681163737464005560520305828616820573925131565882236123522986793764273657035051136927812531029689206632906364809850064541753549796445238804"": 1, ""-0.5255193437377332557634247371883318035103399995110104049085007688995906822561053953809295445107594753086921059381034907730908451522119848090323926339383803033639341137456406586435040233921772201"": 1, ""-0.52691341179331259212666085659176864527346237814325482354089582319088099798591453557216628844295739527391119665152837130644915467146368564311932621929406659484586981750418138594831012255654463006"": 1, ""-0.5280499921711893000770623027726147219361480640447609266852401534246583328885961238906025369908386261945600794456141920823500236353062166883386568265267165053603999342626165729714216761771597664"": 1, ""-0.5298296505014243401492280797677392864376483529021077410058837246089874067778177597176665544338365753741267388852147830208432064064308156249322050452344753860762421226960823967574435767669623588"": 1, ""-0.52989637305699481865284974093264248704663212435233160621761658031088082901554404145077720207253886010362694300518134715025906735751295336787564766839378238341968911917098445595854922279792746114"": 1, ""-0.53190675854528842398977373276267689376256267770547635449021470192058364292514551547331238771602676799707593230077938830524098060068285494311133047437862461904527693133562198623503921167160090109"": 1, ""-0.5320411738010409106126691531901858781060842659716204653734590726406834664255381518205666449906400773902503391013417599755133863615022224125999656886272255985359336162656477610441003433270632186"": 1, ""-0.532632412500509955030424180455091610162973747585527674073491297968099216370016463587689389536980840794767391226808647314878997009382545841555475713945961391604950075372163524110938875886214554410"": 1, ""-0.535637573106385811894537714229965228768047384147836936300190943703215877506738253825893668177895418899034521444979217261611393816731640504306199504761528080060541859621607912750135945526887135159"": 5, ""-0.5368243897351843782698399455955367396016273384330436724715790690989930716395003616117215795698128126842389318182606069808492149525815227589177515998697870906407245586013151683569601254842053170"": 1, ""-0.5374165941530565968929547361211705582263413460437547075831958420348042405890587500832489140927372050982803619540320564802999194287488157827648872494631600303493244353485661503394908411631189216"": 1, ""-0.5377372571247119311924701568726416196797663922386556900971145795326030199218623861624260423263112166930814296366449440411664689132832813939347023091923654222545546951536212349450904624855472597"": 1, ""-0.5382502483950938065157977720683860179969103531291759899704742314520549582421622053975735200831219183698848162863509093768817548452377744211094246494379768835988819865238363974591414436163177521"": 1, ""-0.54250841750841750841750841750841750841750841750841750841750841750841750841750841750841750841750841750841750841750841750841750841750841750841750841750841750841750841750841750841750841750841750842"": 1, ""-0.5459741987445239412448428929338934341395759201791207152107732506498685632390082413373151267277338341819830834170424061186019486478496983492251229312734149429962481103678119428949169376548329647"": 1, ""-0.54727635119944607691271378536278803608704404107009909664559489978261613781733672594607187411447380909344507865391011117441510989521174854911636029224650001044128134243643330860303583984969687669"": 1, ""-0.5505411577797636778870022837851256081819084500049647502730612650183695760103266805679674312382087181014794955813722569754741336510773508092542945089861979942408896832489325786912918280210505412"": 1, ""-0.5510674753881033466264217239975869243884798220917781134147670943579252445401924369513236286905020859997569897284548907401549679666251240646590154460059579003756094090651251099734575142564894292"": 1, ""-0.5519054471516470938451695267675934112586928223009093742807601482327328452061867135835727871296321398596850447417814088267066753033165444353909273338719003345092393688700908392897641458065928423"": 1, ""-0.5555555555555555555555555555555555555555555555555555555555555555555555555555555555555555555555555555555555555555555555555555555555555555555555555555555555555555555555555555555555555555555555556"": 2, ""-0.55829900834027017667993077302079163066470010194010797979432745717463178286974105084924677760208969761871922976168369680789534864850895995264294132549831364915357297821477252836537190257545281501"": 1, ""-0.5586949537362737610791207589798152784066675521169134067268546331068215141385207898928775151795312049849705410867072765022519512696622019691632068471838440995611601506867422502053439707155285409"": 2, ""-0.5696349945198325100539436119408303053553036448313326486796681073972608330220172867234217758935870383361920556119299344576450165447143516818370597785687015537522799539838316010799951733240118365"": 1, ""-0.5700511999719963662497964625751004524191670305415473642443658077825999362573624227388622385508425076523146473132473152131388024173505760095370208866275875808023048838591319846396671704501359283"": 1, ""-0.5701265142444232135009753963479797487200983256454448380950087675978131713182537763853631986795585954669333320077983372275362954010934513610010154909968000553666638338535160385758357768371902208"": 1, ""-0.57110486619426312980085490109531781218559557166043420293493697680835795261709830388194336058729689662623376999247945914555691186270492690698959248140368140173758871354272377234741077622818692920"": 1, ""-0.5720476027330639103960847678064072013842108800317889018229439628734996345967830958776051134605020447193113149216922358500928653478539856972806525898987677877030368093752559972320117737273126818"": 1, ""-0.5757486760167454931020831909656886335708743862868050043264320927475398185659729527243274846342511675380600853225070921816937734013224943600094627570111844265218140075231969824113679762315418627"": 1, ""-0.5757561108131146827733093205239522717340439671158557226720497073527719577196864062097190724692387308942499436205271997630470047049458820273516846893291951707875914495637281004950887617454174167"": 2, ""-0.58502766133574708053606621174185494177656077851831678915487059523132050771948960513000532027092056439526917093599416555711421345708725802709897747389423951046350932116071267360285730925657910604"": 1, ""-0.58638581508415571619080269995184015920937767309739152739499944168676242867974456940643222645237981835927191350660390028338608980118106234369044425996435254151195986863700460494633800556382862848"": 1, ""-0.59079400911658749259686695708641917180280350320257193930694182234027894528319934152983710962873793000550564492610535204615736460475162529558921376726282627746908574428370974301944360986781201326"": 1, ""-0.59106375527860747759810485116901843650221444021011432691317334431970336800906375527860747759810485116901843650221444021011432691317334431970336800906375527860747759810485116901843650221444021011"": 1, ""-0.59417121340523262277201083322726738125581013174196812221375484748253134047492842562145249668510334583031918064454802209823694220721366623542130201729385209519190955769692419479831089300013050140"": 1, ""-0.59549309006690274238968885815219439650081151410955316133778660423786866122699841218350201679016409543252733678093213138419378430900535378270894030560461856958281325821181008089044944713469723390"": 1, ""-0.60308312890012797978544767900737574953245141210831319525999030731953300016631881767857412565479887120064733187346715556962143267408343741180271105554153150632031485573917231355464623910893817720"": 7, ""-0.62674510896056484661761681796878546421204335419280405360547273394195679903909328358558781732910800095222603431545197969666747153592241792688836170221396667141268468422859109729533409129743436088"": 1, ""-0.62784839164175453998293536656405763275666585429542984580974626830870790693921447539119835270850020564053956285010531640053688096078201261087827328123257001719330994387866018149966568295250085696"": 1, ""-0.629136082076044816870667654654055812950340030204375881206606691263635587044759423357331635948132780063186017497134834621697629383584380856067117473143619925338895094328462213899612564338970841"": 1, ""-0.634754399938992083615628007752897414198899602251228186389511224097807003989253849538235591128621177385399767361003079571480962409228040592205652645867244372462164211264537537964989192766367558"": 1, ""-0.6402708356654804405882301064481118028919838158553861007659143981084436019710284561736244989317601623129192481298443721721082093442213150486719295366523401461110563631876171885875879756341741224"": 1, ""-0.66297117516629711751662971175166297117516629711751662971175166297117516629711751662971175166297117516629711751662971175166297117516629711751662971175166297117516629711751662971175166297117516630"": 1, ""-0.673103238675453049636627817968641264923522356301059018450391820940859720827909350788382385175544793871176961589282868969941774358358214268885145241232414613167744372253795278710071628652044571003"": 1, ""-0.6748970250208105300397923190623748919941003058203239393829823715238953486092231525477403328062690928561576892850510904236860459455268798579288239764949409474607189346443175850961157077263584450"": 1, ""-0.6871401151631477927063339731285988483685220729366602687140115163147792706333973128598848368522072936660268714011516314779270633397312859884836852207293666026871401151631477927063339731285988484"": 1, ""-0.69422938218865346722884306481730609667092541603362747167233515337136670409854950111409527891049054025968167325349655137968979334056192935846478798356004594938156836903862358079728299308987035250"": 1, ""-0.72505543237250554323725055432372505543237250554323725055432372505543237250554323725055432372505543237250554323725055432372505543237250554323725055432372505543237250554323725055432372505543237251"": 1, ""-0.7377249332095963204185240737318065113723720587993251168479685203654013062552497219969735526781516286004821749034658369728408876305201707635858634964963401559938266713036341573610341018898661258"": 1, ""-0.749724828000869260500949899016488765036949131039111256277623865650157861419220598867641422717940397237961429163826503196417921079696592333556729960682979661002878116912971037984130614622683299843"": 1, ""-0.792928692413262555570661226587035089362385693767542994940245503120904869877199656946330912234237338686017042080673488424441995336516762419698474067001088009944006187629467507154755592627333408"": 1, ""-0.8310940499040307101727447216890595009596928982725527831094049904030710172744721689059500959692898272552783109404990403071017274472168905950095969289827255278310940499040307101727447216890595010"": 1, ""-0.8960374941283919750577967270794610414521110480335706950139301150684937496664470929179519027431289696459200595842106440617625177264796625162539926198950373790202999506969624297285662571328698248"": 1, ""-0.9156479134161948754322887683826310918591635622965023812193939917016219532477904594948064104243764780566747789447214093856272277327248464853989153114820915404916445821850282140810516964504655756"": 1, ""-0.92904656319290465631929046563192904656319290465631929046563192904656319290465631929046563192904656319290465631929046563192904656319290465631929046563192904656319290465631929046563192904656319290"": 1, ""-0.944006891478662951176836124813199710699023503784804201767487300457985447753544841094375521099084615914633272885903870108427938272644961204732961536701469743071121464836072269407901383042569310"": 1, ""-0.97117516629711751662971175166297117516629711751662971175166297117516629711751662971175166297117516629711751662971175166297117516629711751662971175166297117516629711751662971175166297117516629712"": 1, ""0"": 8788, ""0.00005771820526887965199292675603617631399441291753648113524150563911936075625575233061025211461015176043536278221681180269384663356505870888872812230886962692196622968681539853224372806485912484"": 1, ""0.00011543641053775930398585351207235262798882583507296227048301127823872151251150466122050422922030352087072556443362360538769326713011741777745624461773925384393245937363079706448745612971824967"": 1, ""0.00031087268382054507761830942595417496991691736068565905708314666796381751050129410522663114071553404000130629984228524180679933221237850585134185858892548702731674823414579591545042952472332319"": 1, ""0.00062174536764109015523661885190834993983383472137131811416629333592763502100258821045326228143106808000261259968457048361359866442475701170268371717785097405463349646829159183090085904944664638"": 1, ""0.000744663557523630259167386464854313561477914260171615498768262979782566892994554351764278845460183429423093671132524349693870219973465606254727263848643539699901128915361295870997141053021339695"": 1, ""0.001224218734144426891054687988136842198629101429145929621118148948763653357397900182291912686224302952462418834008171911672102020947273269823766927103131453872574424463868490363000349014893345221"": 2, ""0.00122986691583767053317535891029072540689678476861750424051831888219099997517373082430706281580787452860739506583336647067072891460444207072369981862382230447962861634962481309379772374979307843"": 1, ""0.00122986691583767053317535891029072540689678476861750424051831888219099997517373082430706281580787452860739506583336647067072891460444207072369981862382230447962861634962481309379772374979307843461"": 1, ""0.001229866915837670533175358910290725406896784768617504240518318882190999975173730824307062815807874528607395065833366470670728914604442070723699818623822304479628616349624813093797723749793078435"": 2, ""0.0012862309798855473673749299628289792701350310798503512567795243560625482464692878157605460088045143636684118267628437458049737245066153427483638885100743446346210479397921466654228024080133655207"": 1, ""0.001305448534963394290834600075104399248441297241349240574319692480642828734949692350393784190061732352032811648905299932236773312657762770669097446302203474657802215947064899040749658052037657327"": 1, ""0.001625"": 1, ""0.00224119396556223210497450232394474256863880596262367163944273629767800289085936637820500266061118490289067181052934644116839426017351751288954340334159053161652219879151130333655143314575229688"": 1, ""0.00229325299412819390421267899820721368356734863545254591643292974062714208655298105937238816293018266218469298081893994896254616419834562639790754454623861398827976116600362360315257245348677152"": 1, ""0.00244843746828885378210937597627368439725820285829185924223629789752730671479580036458382537244860590492483766801634382334420404189454653964753385420626290774514884892773698072600069802978669044"": 5, ""0.00274877851993232263497691464151032233911162718097496068184363000825293268039345917138102113343825791611401435821634875964629183047393115202403178965492587783026518326451907198915221888126843257"": 1, ""0.0030171318839298882271296779583023853228608639408250055084125043036562985086497848934911104440829394118533753632617301926449839424815623880469603676629375883768032870674501501121903739181462624"": 1, ""0.003073765963450291248493317416768942550497299653938982893930392701551249458328790495010370033641407493789300417384764156546380911348771156721158665873484374805018119909492170750540258263575830569"": 1, ""0.003766173685519169332002031405455875968155538852111827602889272638167224277907678206418094266026387870928479036816141677800238092120519822622260169802869835559181495316095828983118143065954039532"": 1, ""0.00398821014160159130264604123894930394256767568431130061054641580144039468970877590511537099398836832798591412658208388628737412649482523848823052666391437060100961233739383962940184528611320440"": 1, ""0.004170236312430910718352850547393535508893217079107866389821227375370086163906170751776144170130577863062982173032647689195856597227706793415586314994624630583889517609917702831682781179037309368"": 2, ""0.0044447717254900595920989781900551606378840486910069017217945193062858554598650199386519333782379665658436248922965655716489464916093521358042805939945901006234812158275794703364914349101190838"": 1, ""0.00453192687704230532086494655184923525442420609785784739652107785151136070562825924132168709793280990173209809163629467443591244719175699344653418415050191374704136409014456766366718716819966364"": 1, ""0.004644396745287877227314862498712534761561437841178288186218972087753630651972396745287877227314862498712534761561437841178288186218972087753630651972396745287877227314862498712534761561437841178"": 1, ""0.00489687493657770756421875195254736879451640571658371848447259579505461342959160072916765074489721180984967533603268764668840808378909307929506770841252581549029769785547396145200139605957338088"": 1, ""0.00495405934196406058235313769719603125770150684335122563213118144606874954853732407574883109482361568006334716540550494971781347547423309057194696798940564843081232102260886890385420353920147092"": 1, ""0.00542822060769673444223527475005333045023113184367086009014664196087103357825045593603048588218340103760536155794034615251951169213415442361152168611158854319426870191234203359241057463925261419"": 1, ""0.00579262296005246676082591302187904739066126585974088054284662210370456641806277731862728927602194673485039156250131590599437406231887895703718883211360174704372300442250196688623561081572991214"": 1, ""0.00598231521240238695396906185842395591385151352646695091581962370216059203456316385767305649098255249197887118987312582943106118974223785773234578999587155590151441850609075944410276792916980660"": 2, ""0.00601266227237935844568423071490969589799382527183987132104072988663397805598627391709723744454555761883593888841527349261279924915013333400431710514845737128716254996163477465102775362809621890"": 1, ""0.006180862481973116959726997480460902044190648945676251803902528104801209900781814506111206920019611933304968929431253586070916338092380430238329178713479069248043045141114799767738293051760740075"": 1, ""0.006699988491195234681528015110285271110332595691754817263018609562786060301931738608667377201327554296032283030752763411374255049916267274567416855237541990515104379048188499727314430223719148551"": 3, ""0.006947408912178350391598034059424881811618376628046838229314575245814763288433297486134066910118467202325445003378845397419473963142958697511636532023528088158950628629256561311880533186664515730"": 1, ""0.00734531240486656134632812792882105319177460857487557772670889369258192014438740109375147611734581771477451300404903147003261212568363961894260156261878872323544654678321094217800209408936007133"": 2, ""0.008125372399114301116847516727956132950324546434522864883094540517754026218961156619387332557827312272763489903456072231453823662711270644613794090802690335655652614434152386659388581445702745514"": 2, ""0.00869381477443784658069621028553505498012139729781958665218123336815858870119636098411901765968383759809657497360789629340268392970880945236319192248895113829093863554416630501760493230818276214"": 1, ""0.0088764117976181879556038570092877521782910366132972720071302880434910148166173906749875767737238363919812989909031179413095065878945381206674070230622897792892042196850057250389751230238733898"": 1, ""0.009021114429910392419404676073746008857760840457307652693377278813472036255021114429910392419404676073746008857760840457307652693377278813472036255021114429910392419404676073746008857760840457308"": 1, ""0.00906385375408461064172989310369847050884841219571569479304215570302272141125651848264337419586561980346419618327258934887182489438351398689306836830100382749408272818028913532733437433639932728"": 1, ""0.009723684643454537580637456165355676417476616173961036227985735841811183496422175775504931575182838483605340869423718326432647038220133640706965943073469415018510460393535605452423056292776179614"": 1, ""0.00975877782068520394056699974243579272405135369455093246189543805677154146693744710432535279213879832831530427429062650173442520344454904041270680682259019147790477990304726017404310300075146689"": 1, ""0.00979374987315541512843750390509473758903281143316743696894519159010922685918320145833530148979442361969935067206537529337681616757818615859013541682505163098059539571094792290400279211914676177"": 1, ""0.01040559794454961125784464009357740047501077510221308654002286869223041947345129378186912398268855212100091584549382859255457760643911890088424956285765946977771927139856775857701741333502116042"": 1, ""0.0104476999261917597372930606630110791937122028769054069245450431461688515800963849489443798189426893969574919546726859544853052259392203844828409002241946379710512028460322216157151204752287929"": 1, ""0.010762868182627789444871068263438526583540601824583990093253986889227099524691804354652480209611491318520273638274445849104989798457227073426095260700079871187612703550508239453911203041951168525"": 1, ""0.01101796860729984201949219189323157978766191286231336659006334053887288021658110164062721417601872657216176950607354720504891818852545942841390234392818308485316982017481641326700314113404010699"": 1, ""0.01111934766493699036323202372127501853224610822831727205337286879169755374351371386212008895478131949592290585618977020014825796886582653817642698295033358042994810971089696071163825055596738325"": 1, ""0.011540984216077375699592467593209942551354038770178602558280220082982851134905857028733145427452874233101770209946779961017998305959908979202273877795138510078197373907857781041939033013024706193"": 1, ""0.0123265993819846338592824140096013639277077430174173111480888942901668629192365283758193680452938886943431314684832615889649871387622128744059415610518288256647994378839647268651908347030974284"": 1, ""0.01263098802313092894332003791349865788290107223412442153025207499113737454882493037865984731897727000538677750138280399178153179306413065564452043259937561800004821702743828264031780026783373170"": 1, ""0.01270358690143437430927079990963212880069087071637200967775975145267735667446093373440782721918432717359055675458327226283756591101928475422926035252578444360154779217171304460695226615105103852"": 1, ""0.0129258711454122808323977746358619442712606140717967592402776135713754237391863270836415778325346045904283184889848800859809388593296753195684279492084297687264313658004188968586715313656707154162"": 7, ""0.01305448534963394290834600075104399248441297241349240574319692480642828734949692350393784190061732352032811648905299932236773312657762770669097446302203474657802215947064899040749658052037657327"": 1, ""0.013056994818652849740932642487046632124352331606217616580310880829015544041450777202072538860103626943005181347150259067357512953367875647668393782383419689119170984455958549222797927461139896373"": 1, ""0.01309815092023334507689704755018985842495882751564172821482734744912723760293718854740739019610672315165382318603865870358091812913222593319438185814643655673587201093110806101235659210620443879"": 1, ""0.01346640607558869580160156786950526418492011572060522583229963843640018693137690200521103954846733247708660717408989102839312223042000596806143619813444599259831866910255339399300383916382679743"": 1, ""0.0137816447799000350423907616131037920207508499305022055280732554502318459367896311302212363874368543176344356461599521324119390758348918816409760545214573389846690165550083306318249793183914205180"": 1, ""0.0146282667946345405571041616359396732127120772319500913679330785002822688603610317127897410164656150160422012941232717610146468538852445487515917419577541143156864634056716197957749826212978646"": 1, ""0.01503789830347280982355763656246690006875953608671621663489211498750698756351293532011803715949919911125570130557815228311035989980574326823752907793363110668149429471998164252435484812239459651"": 1, ""0.01532923343411828886853374815236408005095870030419735985026536462736700585100123771099219591898127241087437549117919780615101753385188202308656610381957209603763317312029839242188119749446675268"": 1, ""0.01552106430155210643015521064301552106430155210643015521064301552106430155210643015521064301552106430155210643015521064301552106430155210643015521064301552106430155210643015521064301552106430155"": 1, ""0.015555779435319221464926547744652913985330467749673857397180691690230579595602879576301641402655917996120156731256956677980760308665359437889214323739432560352379697637012991465961348297257265478"": 2, ""0.0156981529008815092940151916512279929834030770371129423658070869016546640227467673595381297127084344148696289158587274971679527276264291452911708524971882731559654000922907529877717206031982597173"": 3, ""0.016250744798228602233695033455912265900649092869045729766189081035508052437922313238774665115654624545526979806912144462907647325422541289227588181605380671311305228868304773318777162891405491029"": 1, ""0.0163083765752409191994069681245366938472942920681986656782802075611564121571534469977761304670126019273535952557449962935507783543365455893254262416604892512972572275759822090437361008154188287620"": 5, ""0.016820900428567154552997307288420388415032526213311583592638266582884320334942479601371205066683495240323339012747522364219534381732622372888991962203721304200211350537154475307073331127840060253"": 1, ""0.0168704173167610249135422463234737816281672875406995237561212016596756093504419081010387179151247043886650442110557181228745544534550307029202169377035816919016710835629943571837896607099068849"": 1, ""0.0169987793415621301003470533604959394985791410979785904404856826621336606175785433699918575414013620147717738998668622687116548618256527595233738706227980043758619136096057437425309761855204186"": 2, ""0.01699877934156213010034705336049593949857914109797859044048568266213366061757854336999185754140136201477177389986686226871165486182565275952337387062279800437586191360960574374253097618552041861"": 1, ""0.017228563681981162642374202438523083238190186707805874275208138832517223772081028161404605308841180411123954322200358221206961507156995982830109369491078809933676515249400181835456630782833805472"": 1, ""0.01753690550971369385326986738421888188689642513186528697002483548260358536542878151703064644139465108916771265764839032690162453862126599627343259932406999283032014486031579475924872330320814467"": 1, ""0.01792274848575116671631416939727931685036242676993347234634097904875384768146162248038923642140800317744017475920961175652864660907556349915599245357958494687717207824446430344553668950451792275"": 1, ""0.017999686961965878854280795116606667710126780403819064016277977774299577398653936453279073407419001408671153545155736421975269995304429488182814211926749100015651901706057285960244169666614493661"": 2, ""0.01812770750816922128345978620739694101769682439143138958608431140604544282251303696528674839173123960692839236654517869774364978876702797378613673660200765498816545636057827065466874867279865457"": 1, ""0.0181587671702202571032797290367125079324320751908275416364554731641713855240998014371294942760335989579388496688990625899609438454377913114654986639522960985590483368268136447663164235026564705"": 1, ""0.0183935620363053394639372982370443138375235727417378182569553794476793572085623151301293328102745525125450927356546365501932035012444206222829442621494817087400721904253275686912441850594452738778"": 1, ""0.01847337084009112033582897643907920767245008857355024288183066011988250105159416573340058560326448564196516616485621601179619314452499646551996786104600498252292482900122409767123243391971076428"": 2, ""0.01853631023442496532629059140140300200133994228101846965058354958545476052522527832534186813790531047330905954573835378154893443190085062617071214400182065974929715161516725908142360932170041234"": 2, ""0.01857758698115150890925944999485013904624575136471315274487588835101452260788958698115150890925944999485013904624575136471315274487588835101452260788958698115150890925944999485013904624575136471"": 1, ""0.018886628058642458392027964731048155684248969583137684562007617258830281212500652162571085720248343507069442270569207492043616632754212970209213752804299055668597067877080398601763447592215787552"": 1, ""0.0189709839402672973286364368237478719937981541605719575439046790128003247992510055531066492102393321833282741778115760019704677746660811830451562198867513834531108109307549569852412882330504333"": 1, ""0.01916985907650595558198622119912394312720316234659393138044817462560128180156148135259713383186580960978256605263194832448964885959828181250166704059329171846841347492561458719613631180792418586"": 1, ""0.0195669140079364206395234511769767765709957230549838040651449879564885574616791592084178457310423550589313669973682858582242545998360417655924351436400336933669640741078468515511688385887753941"": 1, ""0.01964722638035001761534557132528478763743824127346259232224102117369085640440578282111108529416008472748073477905798805537137719369833889979157278721965483510380801639666209151853488815930665819"": 1, ""0.0199556541019955654101995565410199556541019955654101995565410199556541019955654101995565410199556541019955654101995565410199556541019955654101995565410199556541019955654101995565410199556541019956"": 4, ""0.020022021950000143946207201818229604002683769715255075297849916926271948198932333474534817737313167409433305666210650046301465960186823043207235897910848217148691025182675538041976100404000591239"": 1, ""0.020760856973568748400408509767617896933477455444131133352771341691295469447090762945901215061118267945908754328593851333585073880500119561531873270925105071909830186216809640756512158931742962423"": 2, ""0.02081171216445286255189573688079187876855187794728755279874209046224605998361466234404266145843319718888088074345002187064268108363893176667764188029172272095655488679075237664190649767486343177"": 1, ""0.02084730766198357968574868657697132167944678221950710080333880181914839516170719732260029888718557342978916517537865725804925966616756082027193888386071800992407729331198336305639174953172239192"": 1, ""0.02085118156215455359176425273696767754446608539553933194910613687685043081953085375888072085065288931531491086516323844597928298613853396707793157497312315291944758804958851415841390589518654684"": 1, ""0.02108808290155440414507772020725388601036269430051813471502590673575129533678756476683937823834196891191709844559585492227979274611398963730569948186528497409326424870466321243523316062176165803"": 2, ""0.02114495849806044877827254819346841333564990090358335254835709214506334642538481538757761452243866245062851248301955253358789741280021276826308169941043068277958541334619932571234273373201547335"": 1, ""0.0215225723136038605139550933296228507516914617302076129512568774989730190293977394640758415251804103476351288906188108945197666335657242849670825476333378437585124877430267625971744396892362456"": 1, ""0.02179132523880672456546918130619150230627750563213135060298574237852466727947210189459744510625872848028943743088723350720898273494398572012732486192207150199379545807795794661983103184887422189"": 1, ""0.02186238001087883957186017860758380455134919375518611072575151761827540695604965808096681101421626406552022197752214793480387823462632386064654296698164824056428756319646752304609892571531824093"": 1, ""0.021862380010878839571860178607583804551349193755186110725751517618275406956049658080966811014216264065520221977522147934803878234626323860646542966981648240564287563196467523046098925715318240931"": 1, ""0.022037029118882967149701457137857974225349139599563896855528614691624303596003726500852166288771449450183075262541210718923238558415606561577344194605332608093566259859429614754987408908762783792"": 1, ""0.02209572720047526883709702225177458345606659675858968969702057680873847731559188415488853607216975067616128667047554391955387859562062063193513313105480740344585944801927119319955032683582114957"": 1, ""0.0221420937007483688114410998130739783043769552669786623837083380344664078375048973548987362638675067494197621640377902995988898789543663179602328726956917534728108076438079838930744262896021828769"": 2, ""0.022191248873007853735766647966481245423470982976236058069731097842107012030895980753144843855659589894434002585380153858654425395367988104938200529881181502311829284451362645928233850953090865483"": 4, ""0.022379829107818698214048587470469431529801079753717002661667995572698712486460996071798860055796190682068048345981360717619631680655591386333272341887191720612620667905344804123954336665972858606"": 1, ""0.02255787533272445474672485213216387431771370727809766061587729347945202085223466473464939217788935838673119662356139683650012399549948579074560708487261454852218300279383879564871457876247070993"": 1, ""0.02265963438521152660432473275924617627212103048928923698260538925755680352814129620660843548966404950866049045818147337217956223595878496723267092075250956873520682045072283831833593584099831821"": 1, ""0.02267312194278163371740764703113043320289881288368307165386390151083300842069888474204957203055263721744577276664308060407711334270398954282573028889921356183267110390200988511621022733981375866"": 1, ""0.02283510493305269431589720326066763639260519582341852730555181649809997724177716371659189691256054780342927033639202946613921466481702530289106963795485702080911827195736421273321934546447397804"": 1, ""0.02308196843215475139918493518641988510270807754035720511656044016596570226981171405746629085490574846620354041989355992203599661191981795840454775559027702015639474781571556208387806602604941239"": 1, ""0.02322198372643938613657431249356267380780718920589144093109486043876815325986198372643938613657431249356267380780718920589144093109486043876815325986198372643938613657431249356267380780718920589"": 1, ""0.023238752659489317080489189418486224447789002809974024159678445424774825978614438595792634844852304851941569900813165918111273730667541043320491607591932788158566949974208550490900301908606072434"": 3, ""0.023547229351322263941022787476841989475104615555669413548710630352481996034120151039307194569062651622304443373788091245751929091439643717936756278745782409733948100138436129481657580904797389576"": 2, ""0.0237631892091290964437899593419787986485508446393343975734241785205711983067709494021116474872664110348392002567363031089871923706638368499363453376601956850248443109968287175979520645550211693734"": 2, ""0.02378244801782445115669064669055693980787412467567102786492470134192872043574127693012050919308002787876076884290734143174363555601743130720336034514617167815430021633036508711762091729882286135"": 1, ""0.02412827200906774943350318653235092997193071246387526569819669386895227372965997568716406986281858699978778789264781962050118300406188124871770377307626564004571209381604133375611577616400926205"": 1, ""0.02493856593343934891935056921869194938541240964721943478692101913078883790865937123933308800190655360431468109060653242412769867860259806526255452929666657321058309408319892098830845916561849906"": 1, ""0.02514489663802493451603805175678211770570394031861864823659512351069289292665504661092792775547344183969053211524441491387957111681044563441738204157174649297705208473953984988425333754206834819"": 1, ""0.0258517422908245616647955492717238885425212281435935184805552271427508474783726541672831556650692091808566369779697601719618777186593506391368558984168595374528627316008377937173430627313414308323"": 3, ""0.02608144432331353974208863085660516494036419189345875995654370010447576610358908295235705297905151279428972492082368888020805178912642835708957576746685341487281590663249891505281479692454828641"": 1, ""0.026105211452023956282540503317431132564753843820485886883897056561724520273022181408132736640410511125471343031370995349280884031893111432368895537852445366575004218989900849731027807523435451523"": 2, ""0.02643119812257556097284068524183551666956237612947919068544636518132918303173101923447201815304832806328564060377444066698487176600026596032885212426303835347448176668274915714042841716501934169"": 1, ""0.02644766059820516494014045986290437138440321630184397302203636868593630636029018199247026165247409474040781678053078877142136308594956548812851806183588561942203156543809424460634997032095915055"": 1, ""0.026971807625386036260128494594169178486772479556408744590830142453056127661452435529077830924848654078327555207049319994829385795901833826535581847400890775072327544644549237377300048978665117071"": 2, ""0.027067669172932330827067669172932330827067669172932330827067669172932330827067669172932330827067669172932330827067669172932330827067669172932330827067669172932330827067669172932330827067669172932"": 1, ""0.02715412006703548707359347606293965010277416803579860214074314810428631378026209939709760839416577521747805352441801719060363891831546188424748896137668683402136240310019277628832175634168642685"": 1, ""0.02725899955837085213612928861306050973429279834735187145417063784488369626854868070204498705850335473899994410790145430080507526336724374921150728903447390288525153594899436050841901764122308660"": 2, ""0.027790710518296848268875977341760885664568124003862189457105308170450171653221447003406398548273873687903746907110475683771106911734669342538830779124787692902374989574628845492856495265368045440"": 1, ""0.02779661016949152542372881355932203389830508474576271186440677966101694915254237288135593220338983050847457627118644067796610169491525423728813559322033898305084745762711864406779661016949152542"": 1, ""0.028050854219366564120749265911196394378120858693358574127205748484542599220245237165796219131667595952210647028175150207342152651703989127178645317030918073240723756754657061250899091871734073597"": 1, ""0.0280779374757149573152624640308680313146083875663687098178709451720891142337983419783334931898162621515835086261260001640524492875048956385553228407142138768944533729656414010882214194543777462"": 1, ""0.02818869389547147920737134709573065526347968097483709177131968044848301686080904140589128756929945735580579807285754262752147070215344845269001004156639386468217224756227814580450814451850684791"": 1, ""0.0283442167061489339787825728705324956226181893088886600061798331445050983623442167061489339787825728705324956226181893088886600061798331445050983623442167061489339787825728705324956226181893088887"": 1, ""0.028344216706148933978782572870532495622618189308888660006179833144505098362344216706148933978782572870532495622618189308888660006179833144505098362344216706148933978782572870532495622618189308889"": 2, ""0.02841878021969401661575274348675345001242699546917168334589052020676744396441694748401931449455427725306594181231357814103868207883691441807715179583359243887491517726017208546639924721930231745"": 2, ""0.02861992006059655570836208000750870241044143829756424196381109014231631898235437286494792629038793427062824608224474781907395426736069984737032478325922579734178992228602834308090898169836155384"": 1, ""0.02882436333302240348744233965341529961547384128909017433215760983284940753799303320948544565634573860860602221552827164095702139301992499945840904701357803430502125701547087388457063837982999888"": 1, ""0.0288574574564285734849458171688318514857526252816465010756835702418038849742704619067790688248187595344204757952315807149471637994312403291886747985415835459592670146454667934005996585772000084463"": 4, ""0.029225547321896866638553537415041535265037312602435650514428148065931589755370907936661833031696141610197132141733378940814221810484495081342128492255616885371119148972806733176360316139393173457"": 1, ""0.02927633346205561182170099922730737817215406108365279738568631417031462440081234131297605837641639498494591282287187950520327561033364712123812042046777057443371433970914178052212930900225440068"": 1, ""0.02938124961946624538531251171528421276709843429950231090683557477032768057754960437500590446938327085909805201619612588013044850273455847577040625047515489294178618713284376871200837635744028531"": 1, ""0.02983050847457627118644067796610169491525423728813559322033898305084745762711864406779661016949152542372881355932203389830508474576271186440677966101694915254237288135593220338983050847457627119"": 1, ""0.03003303292500021591931080272734440600402565457288261294677487538940792229839850021180222660596975111414995849931597506945219894028023456481085384686627232572303653777401330706296415060600088686"": 1, ""0.03014393249623264769666021014762902484344150275055837940885014209130122211671857510264981287192100018075306696535775330674565384401106560937112867725646999561466183617669801038672494726312731179"": 1, ""0.03066256296590279380068128867937121345424117025865116732845793643855358330718346402568507155493287645811627444560155768011029810808874880807777933185854937194704282884526526636652736375611590812"": 1, ""0.0311398963730569948186528497409326424870466321243523316062176165803108808290155440414507772020725388601036269430051813471502590673575129533678756476683937823834196891191709844559585492227979274611"": 1, ""0.03149831482102928028112805052778169088355629620999236154600833565132736669351533273398351352263586016216913757827880365460476679538475363254285246610860824757475146950523075623152664968241722775067"": 1, ""0.03163520623068701980810257543780004262274086696929429097337777794656771446622614151174435525141543402169822285839010192465515584808631915232518567378286965080202498243387389771453721358447179464"": 1, ""0.03172348813929613724605462586294464678096944268500493177564754496057952493939781468925180968552966931212468664145406272105138713034229895412573928905351339622928954863101197364567031017739764550"": 1, ""0.031874033260444000288767468367148151367169538437619965493864179321643700328757612640455449312138413960706897138897883464755672955250620787544890309578504553405864478992931341222920944428026922903"": 1, ""0.03223862857485758780614737192957953643846934319899420029660826843478368127460868292993523609581520314461453298205134915757484052032441926413832397306600968398339123871112669575840810157753437612"": 1, ""0.032568990234246362419548154804440057315196524747005416506080434610232308071363168439288430273211658590591297596330179209878611652723044108335336666902007613402869675789914346589712568996584530630"": 1, ""0.032616753150481838398813936249073387694588584136397331356560415122312824314306893995552260934025203854707190511489992587101556708673091178650852483320978502594514455151964418087472201630837657524"": 1, ""0.03266277709535593235789092822293214679899439349069311692274788526065864769292292616792878376436581023282084569501135592491882779762940491633839317098555034080286670151373470429068085605827271799"": 1, ""0.03286617304319265510829612712748630712113531745263081017984313112844343453849017910182078165741696473028448012303376112721712745873162376136285241494723375361386088087105543974820415356999337546"": 1, ""0.0333159499293520202744396092691438302644022794244404953897561234962130427287359247796379150065331256051800999866276343963021381284810442689746617838735715332947736606286945187801180312655574584772"": 2, ""0.033875232975299433796858912613853508147892916601784918099227967436215278585047441178566207410738783337206283984060922861345458895092327094581770083895522585099269019854534911504185345614549243812"": 1, ""0.0339975586831242602006941067209918789971582821959571808809713653242673212351570867399837150828027240295435477997337245374233097236513055190467477412455960087517238272192114874850619523710408372"": 3, ""0.0340993328391401037805782060785767234988880652335063009636767976278724981467753891771682727946627131208302446256486286137879911045218680504077094143810229799851742031134173461823573017049666420"": 1, ""0.0345489443378119001919385796545105566218809980806142034548944337811900191938579654510556621880998080614203454894433781190019193857965451055662188099808061420345489443378119001919385796545105566"": 1, ""0.03477525909775138632278484114214021992048558919127834660872493347263435480478544393647607063873535039238629989443158517361073571883523780945276768995580455316375454217666522007041972923273104855"": 1, ""0.03527192161331731874683152698444988032040858722158559551442305416702495735942842672603573595264686770571485099034898245371732456839306972109838652816870425921096417920033141137301056836336855612"": 1, ""0.0353541779110640863441161526745427654698168755529309947665378851054087314375913717417960827726349867877441145736455896314932208856281895614811926254181953436954473835471583893003791055253673029"": 1, ""0.0355284879904574953940237495800635170686028085940845579609663400554799701772882735858418801066189582128719146005260762003642314499465287028529292685292732078635782439922960272967992720619474792524"": 1, ""0.035780996478899241587364317104412822870350287688918327374626217281932312140692079023773605290812851394250166178651731398672887080757740837868842474954117620993803380696949611892718945742303078335"": 1, ""0.035862074630393160820631680595442127975039936316187594095935356190787575112759206735449124724985275841319541578668030568379952044368696911651752831318042848292763665614762289764592658685079876459372"": 1, ""0.035999373923931757708561590233213335420253560807638128032555955548599154797307872906558146814838002817342307090311472843950539990608858976365628423853498200031303803412114571920488339333228987322"": 1, ""0.036069823701854652950351262446618393536428364443999663903901316527181197889575530330181349288972812383768009736774706926888695999264611815780299702834190746568959669823013806049725183570908067314"": 1, ""0.0362554150163384425669195724147938820353936487828627791721686228120908856450260739305734967834624792138567847330903573954872995775340559475722734732040153099763309127211565413093374973455973091"": 1, ""0.03643545672650504795123583738559860091017504478816861570269559168919363011315863431946847698564645967056966211404400559952852204466648758196668626706641516706217179049594678645916197463221951487"": 1, ""0.03644744598949212461835538152933409632171404155990492562826279539565004049236347189545939608718417472654574411921243479666766849670596541591997671622266999700683268183488911820046305924308689535"": 1, ""0.0371275821306341078661090261140004555119569298781235551558690056464520081045204328639107437650187103619519724736665627157325815016157130798917753975842582053088353471170320275068732906995266041"": 1, ""0.03735190710339711908913075242868877068359782009639695239930525358689392342078143265588491213866815588928248582203401595449859500393613767351312025712783882063648239287203328892024043101225303023"": 1, ""0.03768174929906628440279637143814442625866944010106538095636689712591320516671577481992003112899354627759282163995591907079051530368257149102413871085970007156433005907446856822989199719933733884"": 1, ""0.03771535175496627866515580564637923443628464818091399253521672883721250258112443426625446666125998652043809983082977360818606630372635492222280661012642011751475196320670652083620663673727883650"": 1, ""0.0379507807584772336226953276322421081575021443035238182546626174116732540793349056510492932729533915263349838542533292618351626493654713645367747401970750700498071583799232012530108194616937019"": 1, ""0.038098732977340292303305375135676302876428211769193819240635033523770545512241756602879129822730661929414648366287909752726050758007978367378041425820484742150759634038632673375200647329611643520"": 1, ""0.03838269651942456869378293177568508470588034315607891248544639890321292074833791478158668450931121041877825616687665640432845008813614742691044023248507889134822131612274949492895997112808806150"": 1, ""0.03859447004608294930875576036866359447004608294930875576036866359447004608294930875576036866359447004608294930875576036866359447004608294930875576036866359447004608294930875576036866359447004608"": 1, ""0.038742635425262392203986859249802321221812440198866186805834155637834462413413632431645249582813122024048482643350770687340374434794196129939427782765484265904390568889100102929328492743746147839"": 11, ""0.0387776134362368424971933239075858328137818422153902777208328407141262712175589812509247334976038137712849554669546402579428165779890259587052838476252893061792940974012566905760145940970121462485"": 2, ""0.038868468431428645458049418077946653487094510139274038724608528704939859073736628644046477693475343239137128628336905738097896779524651850792292747497007654533612527236804562421587708779200304066"": 1, ""0.039245382252203773235037979128069982458507692592782355914517717254136660056866918398845324281771086037174072289646818742919881819066072863227927131242970682889913500230726882469429301507995649293"": 2, ""0.03927338749522943364795585435010116566086768805394781376648603908661065130485658342056297040774962148902465997754664405275930736137395753277544190604854741929886601835080192226054152541852880071"": 1, ""0.0398172971899513454473239996028199781550987985304339191738655545626055009433025518816403534902194419620693079138119352596564392811041604607288253400853937046966537583159567073776189057690398173"": 1, ""0.0399113082039911308203991130820399113082039911308203991130820399113082039911308203991130820399113082039911308203991130820399113082039911308203991130820399113082039911308203991130820399113082039911"": 1, ""0.0399153520864495439114355245999602033831798209024462764131935402809211128675432572168155108579071440796276123066836428911462213992461233422834037551809208463257622043572952700231979344149440448177"": 1, ""0.039915352086449543911435524599960203383179820902446276413193540280921112867543257216815510857907144079627612306683642891146221399246123342283403755180920846325762204357295270023197934414944044818"": 2, ""0.040265381516860255491180619452769111452781852686241681570812702574596247004366237317718140015742033848931768508279590149216145590362071958537381461025492074369451178974512288388123115829462847687"": 2, ""0.040457711438079054390192741891253767730158719334613116886245213679584191492178653293616746387272981117491332810573979992244078693852750739803372771101336162608491316966823856065950073467997675607"": 1, ""0.04045771143807905439019274189125376773015871933461311688624521367958419149217865329361674638727298111749133281057397999224407869385275073980337277110133616260849131696682385606595007346799767561"": 1, ""0.040626861995571505584237583639780664751622732172614324415472702588770131094805783096936662789136561363817449517280361157269118313556353223068970454013451678278263072170761933296942907228513727572"": 1, ""0.040747283020117674831804443367119900987504261002532200024516601175349807023190193970501598589642954933539343661950987444297446383946324248504404659745081336413872480469353647745777627878266928793"": 1, ""0.040906751847724902550212114569812845379114005325908578263326059879761420520347178932364884325647435593628586511232800139746146449329787525720722592220292383653693480471637181919691822413440639022"": 2, ""0.04108799214377717813460731343876109830467290656679065905026168622075911992304989927871624039097738967812297090173188477305618688231290726312228850392365774959450390053359201921678281438846581496"": 1, ""0.04179957070759089504583376248841281285405294057060459367597074878978267586775157070759089504583376248841281285405294057060459367597074878978267586775157070759089504583376248841281285405294057060"": 1, ""0.0418591002127591453664391351534788979558231202247979219327742756339819860782891550876634107875881843881553255920650532734489018984534032834656393286073546230526853559979366840392720241526884857947"": 2, ""0.042033898305084745762711864406779661016949152542372881355932203389830508474576271186440677966101694915254237288135593220338983050847457627118644067796610169491525423728813559322033898305084745763"": 1, ""0.0421834649107957126423844402484742380860311340747892943439083904019352169728187864821122960274581247570192123902056436451427975762471609893590427368749606838708101832545608973134919435676607491555"": 1, ""0.04225352112676056338028169014084507042253521126760563380281690140845070422535211267605633802816901408450704225352112676056338028169014084507042253521126760563380281690140845070422535211267605634"": 1, ""0.042630848710962195561430778198353389267407665191813455676074562071036858766554185605586227272766251964814432427337747954856310194111728258472189409242544075902510897830351902239672957751716295945"": 1, ""0.0427086857675783438205404054055486288145443755510348629431201719239297131428766138694101276557946155392175334293813848239756464200420160634831184147342338385752055016354273965785925786841800956"": 1, ""0.042750959482751601540050552911039167799986580369251471847675448699998858868008368688268979302447349272338421273067116286589683149400865222468824755188869998399003527493080226014201171223046478907"": 1, ""0.0430099428572857328252561404970658140182695559666247583456920111847826533864420284554139681706589667976922722075854728815656183550135174693390968322110837368326413016129636123232670042323972656718"": 2, ""0.043009942857285732825256140497065814018269555966624758345692011184782653386442028455413968170658966797692272207585472881565618355013517469339096832211083736832641301612963612323267004232397265672"": 1, ""0.04316946125555752942794239989598696648464048342743811123603852111275871720183245575238688900192656172120321064937836889607781396298780653435486995093948978220880920768158694635809383574627393614"": 2, ""0.043724760021757679143720357215167609102698387510372221451503035236550813912099316161933622028432528131040443955044295869607756469252647721293085933963296481128575126392935046092197851430636481861"": 1, ""0.0438393058727062592248227570545281579314892870518582080733491966976809273254463716688168045753463928826500303323636063887770700371551102733501540160602415804923293802137505128265247735880031262"": 1, ""0.04385488989048511864784473443530117159183999848546460414202620028366603794080197425250753561826708445844452833082866959008724318760247805555541845327959720581420522207578420474043616564178997032"": 1, ""0.04419145440095053767419404450354916691213319351717937939404115361747695463118376830977707214433950135232257334095108783910775719124124126387026626210961480689171889603854238639910065367164229914"": 9, ""0.044196891191709844559585492227979274611398963730569948186528497409326424870466321243523316062176165803108808290155440414507772020725388601036269430051813471502590673575129533678756476683937823834"": 1, ""0.044284187401496737622882199626147956608753910533957324767416676068932815675009794709797472527735013498839524328075580599197779757908732635920465745391383506945621615287615967786148852579204365754"": 1, ""0.0443393485020876537488516598185137270041205438265974355326403274136216732782172868229646530088317131762300456527243650213555738846809265805408687570278641465218008740971467469312848531328003733"": 1, ""0.045260255091801400800991293690993376849288636027393270101660608579699860984946483011731073584286716639475690366396289954599554224362075495795179116666870439168558450893207366235162853047936922000"": 1, ""0.045645883753227455405957538968928420419389285023740180463730355177265567572922104866797259240480023963884167057556994917233655238732143441226054617222862858358530037273818691537997767819641484173"": 1, ""0.045952793247392046821249160317393992480034176221240864274011973913756604303777508315329848138618921881624755332004769428287584973035362308820730223495069491917323526038237535503050914451466248735"": 1, ""0.04647750531897863416097837883697244889557800561994804831935689084954965195722887719158526968970460970388313980162633183622254746133508208664098321518386557631713389994841710098180060381721214487"": 1, ""0.04679471088015376085761972146550736261828066705506690598815945141656130741832813642353291995248573672027308173525400538268253986906827706339166153397294160365886554835169826958350856561297077200"": 1, ""0.046981720311799461950519694699829629826901580651602824587421304046432368855026866897622098183171600458010665305061154687361450325873916791830336859739566731433677165676830211922809196580766540359"": 1, ""0.047342393272374982584008168057470860497817504846143145195397129349038566680379688733944307048177101318449648191319144995021245794104369646872090461124157232738301191332266631649408587341389565316"": 1, ""0.04744417836803426215857692062039156542274033034450545252264931228034396710696901119569074100571327064767316828688311598367245274855462087869608885642569288948182462258400221849082014316835637947"": 1, ""0.047526378418258192887579918683957597297101689278668795146848357041142396613541898804223294974532822069678400513472606217974384741327673699872690675320391370049688621993657435195904129110042338747"": 2, ""0.0481577687750555606282048122884515332971915660106886913448930377779248258803007845020228174824397788341392494079454112387412999123727074232287370698695999439946142189350035823712657404530222471847"": 1, ""0.04861842321727268790318728082677838208738308086980518113992867920905591748211087887752465787591419241802670434711859163216323519110066820353482971536734707509255230196767802726211528146388089807"": 1, ""0.0486567297732765106935937705383900715383941669348633976477612258275487936799748619949808307193456537371566398776612968336766182254735231295298726124724795953330378789560932355533252872308987724707"": 1, ""0.048925129725722757598220904373610081541882876204595997034840622683469236471460340993328391401037805782060785767234988880652335063009636767976278724981467753891771682727946627131208302446256486286"": 1, ""0.0490544729760110784617457242927442392782591191785980180670881020043476772436532654810785625177105238181310984269217977765116978020957650290176727941550699997911743731512713338279392832030060624661"": 2, ""0.05009519117792012648853413949333489174417701366657306251284449395832702998442711251806687637648177205730135808597690132040409380673743567562673448668805710973135681082383681555446970135699106843"": 1, ""0.050360121471417556019117772427503964763443724450161502564823735379045946285700145642470741275815796077437784836862094339174051607514651552990428369530901779802316137889632584609133290588840792042"": 1, ""0.05079272534374238994792668903618314617328813926974843059556202400330773465177829996832790940882461180200333106459782736660733829714156518992092173940175999191965770799707177958439859528804447413"": 1, ""0.05086063238816369721404760635913985491836476996345065470031053334313121634614798028503248340415169111553736578439232416930409627499980725849577272729443465502707769559296808794643330487554881868"": 1, ""0.050978484042230180062283601564555236670916466134270956823660223000718097737789303073790428802865077033740639995378086819077718755641677385823492666566078121380325566063062163449360624872265515885"": 2, ""0.0511268239543239974257900792208887214095365644760340086409014091366762821239046765447808522639248910892133668705816356739312384620157510911492595982081051870624960696010928158749804607839270142"": 1, ""0.051582139825128003023804267514286862635185537507874508796308417596097499423160755119102715373996748811643628084873687518653566810795915327458257304834264383131517681807643766824050312687882195"": 2, ""0.05215121201223828108468561531872379579807771610718545048552855012466109909901183828239214061162272548966063337632806077152739771340295112849758163517150048693369071732953524731929777616717254060"": 1, ""0.052179525369873895343064243868533412769337702313573627246549498560222420812233144672822957005262635289444940919471750570946281402045477112501241187568265316254592394002581670141991857809552179525"": 1, ""0.05242533564441907685643108092928613041560191695386776264146306931583616320910293024700712500509457944374553367965615977082266212179481331855610766161985936562758946602394925934705988060095905877"": 1, ""0.0525244103869265399105903199646002181967201327626771334392187290272375614472488803350508401260401692331493300204840228069775268974624822418180589001819361714166475945740885927985653962936323915"": 1, ""0.0526579614466656604136365455919081959927896434338623849380609040110906397147860645996876962531178160420111688636515388174481342904158362250289728909353129140835581974019465550771011724363844133"": 1, ""0.05297257701069568309863663601725096050255593619649087090303682425667117268088492990643583960035727133555408461712821675523482858926816546176494696190333909048053235598914505903488681984623045543"": 1, ""0.0537377766673824864792844120863435148171110142579232916152666565974377739998003365472497659933075279740901050531411286932667586614504670515607088025396973784553584179293820687893975484332853767"": 1, ""0.0539760843577816865697316306992423372988033800455898927608397646796085831038151321907961852564352183350596853980727763659655945892372340599241849949282393329194412880279304307641890489118308695"": 1, ""0.0540649190704786954718833690323230026957083531224112967910304038386060437615532234776682326240008013082422540933016143203373953108338915711104997631753143688258415440276637148141866615536841950"": 2, ""0.0544879958743851220393069224728657831747583466958729260797064765351065767031278119329492492606656246160902553152815253923009118193891089326893887646404581189058402199579121795459479246507036082167"": 1, ""0.054487995874385122039306922472865783174758346695872926079706476535106576703127811932949249260665624616090255315281525392300911819389108932689388764640458118905840219957912179545947924650703608217"": 1, ""0.05475735674928692960297794677962422807980154145308213572899001290609601979384298690642967546788688484250119498186420253377380546386303455050680593807587566192680565547087489975439821912520499175"": 1, ""0.054807692307692307692307692307692307692307692307692307692307692307692307692307692307692307692307692307692307692307692307692307692307692307692307692307692307692307692307692307692307692307692307692"": 1, ""0.054886001982574216100589554964261491104502530390775812594563572807429436009808525069129232535086346324411749360880680335994156623363071946574842176657797255699900871289194970522251786925444774873"": 1, ""0.054943535153085282529053170779297975441910769629895298280324804155791324079613685758383453994479520452043701205505546240087834546692502008519097983740158956045878900323017635457201022111193909011"": 1, ""0.05495585887861810272037780867818826762447456116165587163443659780136258462194037118754310111537503596743881539637487906775251913967980441169073064092388009726589866259194483255142448980792093831"": 1, ""0.0549732651622207588790470110645675335427394564444416748130523551530493680427076955265103689911741711089395490057683655598996414074973393408822587781942242024170263851032593223338969057031375191125"": 5, ""0.05506091292008471466576246194387772633280604958357678348470520907716485453143016461130797801082267066479557001280671305136529550033801662231214145182239339183623518706527638333814378449576982253"": 1, ""0.05521262395746622791500865337240104616691248725748650252570906785317102714128236864384415279973878779766009627978953789901308141893638000591963233431271079385580337772315343395432851217806839812"": 1, ""0.055212623957466227915008653372401046166912487257486502525709067853171027141282368643844152799738787797660096279789537899013081418936380005919632334312710793855803377723153433954328512178068398124"": 1, ""0.055564834027529198116937931884031064845672495328922957516915106316109216338584142005496154487690864641626372094492634515303935242832120914016407192879516261186864717621255339715496171243874932826"": 1, ""0.0561019284344624085503657498383273225548986251048906681770010364437055244017623747127599888784064107445554079946110844544116608650085844875155806456919659022525318965782030692131293169728769241"": 1, ""0.056727975578336364657603100642246924965741152441289732547199568269146364028725152826875141306990261296899427670112563193206935889882392194476333161309618418185402137914703420037754181772256428071"": 1, ""0.05687760679380010781793261709569293065227182504166005418166178362427818353272809633571132790479118590934442932419250562017676563897889451229655863561883234958956830103906670661572007011991921860"": 1, ""0.057127637825393168671385817132734144961418351662824936072307430589156599822025478052704775840184323401086614796656447100534758417432500176491469879095013280210636043572232318898271528587011646635"": 2, ""0.05714809946601043845495806270351445431464231765379072886095255028565581826836263490431869473409599289412197254943186462908907613701196755106706213873072711322613945105794901006280097099441746528"": 1, ""0.057210864604719044216989390634358648219060700349407376269389666600604453560119755289491154175031411501782076742941425375742240966358580809562521364609444277546496569966690022737517966616252219752"": 1, ""0.0572314510263174743046847207347045305856514958200996031316187360297237827719181429746672908955077351889267920267198065849793422131438701303512747869277054575401507150272789502957399954312567018337"": 1, ""0.0572941905958988896455088291003341065024863443240724739781996277712037711690286888966294624080592656943343307191085092350503146253727968094201794022724204597779203717416085630089230125013372292"": 1, ""0.057554704758107947207353170298541728705604048133053780549505447416877074246279576518998251297180592831179399874265206895731887420630225252016989778797854976880095010625880240837381531076157309595"": 1, ""0.05758157389635316698656429942418426103646833013435700575815738963531669865642994241842610364683301343570057581573896353166986564299424184261036468330134357005758157389635316698656429942418426104"": 1, ""0.0577149149128571469698916343376637029715052505632930021513671404836077699485409238135581376496375190688409515904631614298943275988624806583773495970831670919185340292909335868011993171544000168925"": 7, ""0.05823648161499639509733237202595529920692141312184571016582552271088680605623648161499639509733237202595529920692141312184571016582552271088680605623648161499639509733237202595529920692141312185"": 1, ""0.05855266692411122364340199845461475634430812216730559477137262834062924880162468262595211675283278996989182564574375901040655122066729424247624084093554114886742867941828356104425861800450880137"": 1, ""0.05855522442189793436377081932218069459790011992247137504214958266578835351928895383319581063252439616006943169988744289337731919914029192003355328900474792373876262849483442888503806831922115654"": 1, ""0.05871206342313874933187744740783533581465403258017035923191606187722387921249565997222557478331942146833404567504938483622818198483445652057487602790087320750898402530740674473213136683793862354"": 1, ""0.0587660741344072469362892138533572452516373770944521437010041672356520270318985006647866587875147101023715568375679038037466097072959691166983612763477219074958936599611815692084778195480028291"": 1, ""0.0590812403212602836459850845340659526090922408491528652162774010937811924255277494188334626717604302862812024338655819509151635144357791984674884802142275913055122744903825881531973302858147219"": 1, ""0.05983162951936214664402168436926939331321063973525657858706725766221127665751367226535380814308924147238060489278336728196929915474056743155077278717664606904250427862135994838166968414020399449"": 1, ""0.059912473911086053945928036803968775334910859657080405535301642122355601567931571212320694106301776693111575521557210170469538301498680245266152909622700025901111905503247563792118135601894498430"": 1, ""0.0601231258067719193724555654850561016780855922947075762089166914904180319729917585145467183000695065038228577102571740641445735279515440373349220534207129381392115976566378711150829113295601231"": 1, ""0.06020764856263369332707257265091041894923566546668753586894140971461365889288881932488130641206239891480148171336150675640423644806177283873323942192309698961757186831533364637136745447905253822"": 1, ""0.06077945421534790967751078138754017899330976846165695442028916364163023761487477143385180850837624495642420064631017796221793504534521249941062160998536433144958195616389477452144451823687382231"": 1, ""0.06120526957752091712251185173208491089875884907324515415570795250454717997567025620782092155949171703803524716451669914125731433631235322930922582225134585839003604402263231683192176927479721687"": 1, ""0.06201578929548551708613282981690857032373608897471532126900684823222603673825437785347552329497497084230548682467723741713570914965931872308512842499528206449722199054730767761903322811928989866"": 2, ""0.0620157892954855170861328298169085703237360889747153212690068482322260367382543778534755232949749708423054868246772374171357091496593187230851284249952820644972219905473076776190332281192898987"": 1, ""0.062166149457591591072370539558635810622496658583675629870773918441611319947397178821458837818466563200644400422623053543863227724726362048708043858271580072622359812752685553134617497148111853756"": 1, ""0.0626134514368112060974353692450303841796271500669481923988052322587290143166134514368112060974353692450303841796271500669481923988052322587290143166134514368112060974353692450303841796271500669482"": 1, ""0.0626551753216760426375939005652282420370819440878829901771859334835567421260427256987398153262601951283048585407447269658680719591438875421570984314002361898121023147988134525399661845878334741917"": 1, ""0.06297747529067404376082243215103154519412498484392083896394503736772700304237676907201162865760041201191583389525391909220610014477468282333735322387654903340819580630114540415574235359243146223"": 1, ""0.063270412461374039616205150875600085245481733938588581946755555893135428932452283023488710502830868043396445716780203849310311696172638304650371347565739301604049964867747795429074427168943589278"": 2, ""0.06327811793099065103288821936578977020764729598268958688647151156843889620252635352460576088593021125311777764228658345708453490030834801575017430116347672947632234612032556733544795879314310807"": 1, ""0.0632838205555659328700706648107374762330292541244919040595485553863147539964040602213681422913807373453393746664024883764130957359468479217978093246255466774560963353258101241595995891740104368"": 1, ""0.0638763175361539005454473579889397761512120378061973111612523628458583304916993002049653846383663578277921611418259533858597110714948935457063902451635615472507696624807919615900328432072340305947"": 1, ""0.0641614996395097332372025955299206921413121845710165825522710886806056236481614996395097332372025955299206921413121845710165825522710886806056236481614996395097332372025955299206921413121845710166"": 1, ""0.064302071048997244795511414683609323172502468747564676484774018111765475167338491034001537796857015811919659865357080012398784610058548033367879960919719750776033274260765941552132545015948999972"": 1, ""0.064629355727061404161988873179309721356303070358983796201388067856877118695931635418207889162673022952141592444924400429904694296648376597842139746042148843632156829002094484293357656828353577081"": 6, ""0.06484141092717884150840104454836092301240875987509619529804618811458641509486929319492532059979829225632946356412479469034329985685035352038231150830426635115005665500723998210237341531470463474"": 1, ""0.064889286068910733790090358454969715023334326283387945586337007248535398669446926819580975076953629232449607784728428160063548803495184192235130572932181511269983119849071591698937543441564889286"": 1, ""0.06488928606891073379009035845496971502333432628338794558633700724853539866944692681958097507695362923244960778472842816006354880349518419223513057293218151126998311984907159169893754344156488928607"": 1, ""0.06521273413342011460555140613245638825947627483195261226841015249512619147770872926990531962215665299234777729986306286837732680430952044335235034385333807859326174190592771206784041325686739455"": 1, ""0.06521774351566003540319994491606678861723435301428895334889981305650839284757613813671110575471030235908849228065453396054890292125359760191799387590460998127530212589732959990522239386954360113"": 1, ""0.06528562587392666314339882216125581284743475710622153677711687180924413884971873601750309654229177143660078188667859271741024527548147336874711056876543182669733388798587678059173240045449942271"": 1, ""0.06546609085762492907016102450420952954295624390819047376534001694636916956438258439515623404844083782798061068149898203986418363914194949612353274869847015799678262356981013913192062717155644042"": 1, ""0.065645321066370883560955306685234751191713085326569912916105584916813311451194214630457837953387562054142409324864846291660379408206879345542797904042371135946851947066256245599337562643951551508"": 1, ""0.06565656565656565656565656565656565656565656565656565656565656565656565656565656565656565656565656565656565656565656565656565656565656565656565656565656565656565656565656565656565656565656565657"": 1, ""0.066111087356648901449104371413573922676047418798691690566585844074872910788011179502556498866314348350549225787623632156769715675246819684732032583815997824280698779578288844264962226726288351377"": 1, ""0.066335761939729080477203948139861001563484187492810325126807228539034133191009580019585089919575242860835354577274073170449747930161228722708152495587138005654102986895457359828279291775930371549"": 1, ""0.066426281102245106434323299439221934913130865800935987151125014103399223512514692064696208791602520248259286492113370898796669636863098953880698618087075260418432422931423951679223278868806548631"": 2, ""0.06644524020133591485060103705040797573826753027507293721886889764973387739887029090001591425798462866490048568481533996347785322080485085970119285203343265129817796772625655355744904239061696184"": 1, ""0.066875514368447622491066331025070092457158307814896413043242618419278763824452774911503489441161566995984851084548132059455549182198411331188008666434477393642662805099212559461854599648438129196"": 1, ""0.0670134372346987002645828734075001004805787345319390195196769865396585311995265660729214875952247155210188174574264476578821870959446425911525975141729981335240077971581688295971044023601896921"": 2, ""0.0672016529090557788962105248703795307539114310410101445052065402496267986394903417349077219334377238815742911993152480513770256794528063744851410026523069132241186528936316908655340282520639233656"": 1, ""0.067237923394305216431612287809252656210819362516645394532671446008586390105924414283700491281083903501015676105910574793115936187686321544545437912733432772457419091218770637416279487679448930213"": 1, ""0.0673253067199918675552256777587040098459840279185654611062068267704470351128244812846557077237338753063019212788651915746620708649181148967793995358430269875606195038850989282314351905951480115"": 1, ""0.0681105095033354126242401839306515173972154196338247314124230055799689400308662174977108740993348209179143127759986564432681962616083272426627612867979342990241120524390523087093224969971160650"": 1, ""0.068201595637692914294552016889616944488635511468145337792218237409281515239850769861019253288894518042076483855765800907788100901034761517596065820381587265449395609109236350849622648672550573"": 1, ""0.06846744764669292971179763632593821273066556085424009952311839104291934480613725896744764669292971179763632593821273066556085424009952311839104291934480613725896744764669292971179763632593821273"": 1, ""0.068808290155440414507772020725388601036269430051813471502590673575129533678756476683937823834196891191709844559585492227979274611398963730569948186528497409326424870466321243523316062176165803109"": 1, ""0.06929383573791602786536781630825821392249186171024748679933830617954694366704990604819834599696536378249507750865789645615011178685407733538806145925604839559092127643648681368762464000337744558"": 1, ""0.06934351441080933997054817038904593918478800877004789080408803342570392380469272309502413692698849656776401155313363990442365667987265824713554019470880582611799399485729229190784290497595262180"": 1, ""0.06943900015657621399845875394454770556127703871910478146629519693150683334222807752218794926018322747610879841108771615835299952729387566623322686346946566989279200131474766854057156647645680467"": 1, ""0.0695505181955027726455696822842804398409711783825566932174498669452687096095708878729521412774707007847725997888631703472214714376704756189055353799116091063275090843533304401408394584654620971"": 1, ""0.069683505140311139517946948815328586464272769659856671531401011556379024929684393211327777901662761471179796684494302936951279509287161570080927591269759686369839626036020061279088146536924584234"": 1, ""0.0701531255413864334395426500282897676919321205961916566822094308539180602385589616755378359637868996987200174976947664385728200671386527432083093555868374889021718624005701648043376317133532248"": 1, ""0.0702804952986617767547110920369864617065272521555928367991884826967344231594553470406929109281729156100035113729468222074831259022277710584838671920721001911747493269868518590768990675354063438805"": 1, ""0.070428483452672334274124328520378055504015150633722448081462008393839727507410081384850876768626855429062134050367529014186164759059323312245653204721141914923019047088334538664387049866005153"": 1, ""0.0707594658242408547462482267886632586378140049285952259374321347526298196809525328794706125498698052825489716895643460791611263706839218652854062948845305678878410996597236794850902807273651364"": 1, ""0.07079368503450406839015346585642187660933154804820269852713976722628489030796168503450406839015346585642187660933154804820269852713976722628489030796168503450406839015346585642187660933154804820"": 2, ""0.071488842124370344543724778064037854499802896754562933537794082391933636179533902763438961000860830452873937660396776176219982490539446754693896004857859333705125052864156818233812623699758634280"": 1, ""0.07163973288929032245022849507445142906131511935441801015749043246627893051703384418631487947257241189068081808480678090808810317259182643557914323437721456044247633782972314021029627060558104459"": 1, ""0.0717199729936330402710228760000047706454398377548154974882994713010011121972258546471434991116788940529633410795211264910329402247064357417144933265960931930551739106852147414932745959907889850"": 1, ""0.07175916255138040646762984592583403137583438659273797395971328699280129161534304109583732561912946153767164513283552405646242597865862823503191161097009510096467237579280462652003982992849178941"": 1, ""0.071790837694153458442793802772667379045981278188723218773812189244025377859172082485166243554963563990022003225662943449884625278927206521059277593665796081226085179981741584217220689511680740641"": 1, ""0.0721231203316753241129026754403825483155340440124257883019989811315579416783158696982503522553702027488289529192445513090309033598728666886219261387909621010727507471709668289608873611637697271153"": 2, ""0.07213964740370930590070252489323678707285672888799932780780263305436239577915106066036269857794562476753601947354941385377739199852922363156059940566838149313791933964602761209945036714181613463"": 1, ""0.0722305106654667318264813470068762745585372371340066013564334125755586037820272450353698607629579500120233012247591299648575767797526055610868697875827154465682948127849885704564676361541267351"": 1, ""0.072410208366478720994947956216379539998624092135725666441459312682512725500308300741970985638971090665582230433012812985867087226470173892191082795535639780771661822776490550796149524516592751308"": 3, ""0.072862916148826548672664523010919192881637152317279298673143520214035533894635353388148415006790614187128908691166960920032174474130756600108497343921901407221984202102285829158057874911763027181"": 1, ""0.0734531240486656134632812792882105319177460857487557772670889369258192014438740109375147611734581771477451300404903147003261212568363961894260156261878872323544654678321094217800209408936007133"": 1, ""0.07354243905217526531839396441820963573885284605052459279589368871843465607803391473193752040085305013119679098907693222486504536740668613811747290817546052480538731960400756619775529061508497156"": 1, ""0.0739870172858933335800030759220048348552257998065121522430551524283571187133393635206178472949049083843999547138967446024680945856956958359956508250796118027286571554389627956744240527641822547"": 1, ""0.0745773597185592195463191229402709532256931373670069502336890377828964784876718387785895761083444804316805935440867141472946816202807390644909805338194503622625073342231445243144932267863004657"": 1, ""0.07506425362375639293035130985308363916007790742394159501678209275666155095031107353197059506235040153513367911458765840552541875009872228148055366990324335051001131697851865097029006122267156862"": 1, ""0.07524857143214332063140351242664535045673889916561895864230027961956633466105071138534920426647416994230680518963682203914045887533793673347742080527709342081603254032409030808167510580993164180"": 2, ""0.07556723771453113822146894128674634793729520488843084283951999654769295108564582967334277691199115244825946458964838698054860296964016013196367158944218195832755145757578813787065058803426927201"": 1, ""0.07587918750830584786720713989069201407405852548619355831779561350175004669165235968133174163939190139216528560811034738163511347449443653753765786713068261550313595945435872031924114128911961497"": 1, ""0.0759015615169544672453906552644842163150042886070476365093252348233465081586698113020985865459067830526699677085066585236703252987309427290735494803941501400996143167598464025060216389233874037"": 1, ""0.0760115356885364095169430425378514780100937274693583273251622206200432588320115356885364095169430425378514780100937274693583273251622206200432588320115356885364095169430425378514780100937274693583"": 1, ""0.07604557442894813131907647302182985824627190034875266570574838442942871350035798587016668555879646734518714192854216365575165309761421493910199269935713436726934448953230307467406253139006282455"": 1, ""0.076113367145188322765398609701625100975289112947539880869803896632487587204867783874492888074474913728325761852326174557457973907419926541567116350067496051549490192113528754938449769796139623057"": 6, ""0.07648349722117524576646124616724978871699908061542249640013453988377726197911031606380311728980390508696413604238716990043070024646480384930501551932715725093763985199729449520036799432802541620"": 1, ""0.076923076923076923076923076923076923076923076923076923076923076923076923076923076923076923076923076923076923076923076923076923076923076923076923076923076923076923076923076923076923076923076923077"": 1, ""0.07692307692307692307692307692307692307692307692307692307692307692307692307692307692307692307692307692307692307692307692307692307692307692307692307692307692307692307692307692307692307692307692308"": 1, ""0.07752117383113719643115872075683352335854049174317840000446919014896373411762961748238375998687084039678599488370038527827614319816637589089195799111505918259646697194604749939123046407588963431"": 1, ""0.07782477050217898924659028767947693157377943063298204578772511966520602959886593172233027218523665145067384658836389694039293222664339721501568995383700998405964381721371181553269861782946276825"": 1, ""0.07799118480025626809603286910917893769713444509177817664693241902760217903054689403922153325414289453378846955875667563780423311511379510565276922328823600609810924725283044930584760935495128667"": 1, ""0.07807022256548163152453599793948634179241082955640745969516350445417233173549957683460282233711038662652243419432501201387540162755639232330165445458072153182323823922437808139234482400601173516"": 3, ""0.078667163226367817978262126694702341015607600991052543973374146270064077570822991134003813233119433632111213289741775431082854872515691503294286945299939504756359315684769991162785402103062596820"": 5, ""0.078831175739743568152219779790135814314100006343462179398100959633203430881329923334045780298207582814801378396671181557056713281489505261600764661598521000004150955510673543794681468686308426546"": 1, ""0.0791545511573984808523496768774154871395428371649461578982840668184627959114826254104067650471844970998969115079706915268550747752566909284428394415581901340012648968501942028137978993014475576"": 1, ""0.0796536051464099364676761157862495689654801464428532550766093666087824183990966346267627716793907406512383779273946495683751963283528223011518833596175755325785221992138531764473451650922939984"": 1, ""0.0802086552349568816189378809527217465951055211874011770531495546362075471097952992921152194389713209586983869788702863053275393741690094386085561451314965274485002960522381822379106531975672955"": 1, ""0.081230204199864435564145521889715281516341027762643027698645656753320416585507481439594068495356388123179333967105383205459135879369441589063041788192819808502234379350824740838744301337575360406"": 1, ""0.0812302041998644355641455218897152815163410277626430276986456567533204165855074814395940684953563881231793339671053832054591358793694415890630417881928198085022343793508247408387443013375753604061"": 1, ""0.08133563430821260978171216296470178556726150983490908455887455898671189092515053508527422195698306698179549465284608071338945805733639365162172062657176475855498432490972992671815105668012125352"": 1, ""0.081541882876204595997034840622683469236471460340993328391401037805782060785767234988880652335063009636767976278724981467753891771682727946627131208302446256486286137879911045218680504077094143810"": 1, ""0.08157215312028011694779554756925524665244895206916521989507956438596483016985244100036685160270127021101638114113240085395990134019179688597452222053494440130717216869040235822687842000479176351"": 2, ""0.081731993811577683058960383709298674762137520043809389119559714802659865054691717899423873890998436924135382972922288088451367729083663399034083146960687178358760329936868269318921886976055412325"": 2, ""0.081846804975129861693540131605738224733010660186386824529984716973369125174738045473755283830553041232434293788668269635463550398093000329328892081864431516091261207564502434413310417456545906729"": 4, ""0.08186528497409326424870466321243523316062176165803108808290155440414507772020725388601036269430051813471502590673575129533678756476683937823834196891191709844559585492227979274611398963730569948"": 1, ""0.0820176745109720981034653956905967629828219640552080230364412670042696852348326879157978353688809452884519908648594975672723661999801409989077549399265216959586932777281302750471651275940820177"": 1, ""0.08217598428755435626921462687752219660934581313358131810052337244151823984609979855743248078195477935624594180346376954611237376462581452624457700784731549918900780106718403843356562877693162992"": 1, ""0.08241700568836262076287059348041427861626052382612366068179518184503756523047108528092696045597597493488174437524875561331342486551121740403468156003286080031001286141325893089350794743071368318"": 1, ""0.082530816498454961584648206035024003409819269357543543277870222235725417157298091320939548420113234721735857828671208153972412467846905532186014853902629572064161998594709911817162977086757743571"": 1, ""0.0825308164984549615846482060350240034098192693575435432778702222357254171572980913209395484201132347217358578286712081539724124678469055321860148539026295720641619985947099118171629770867577435711"": 3, ""0.08285939141786533812502060031205758099306182023521047429558885302522425872706920987603372606765142360789107664289358592559452471883848236847306065808988912640529952765306174166163539423807773437"": 1, ""0.082941697562087010612735758576728385429554113842020983711835747548737386243121356589277500816034122005247871639563077288994601814696267445524698916327018420992215492784160302647910211624603398862"": 1, ""0.08334725104129379717540689782604659726850874299338443627537265947416382450787621300824423173153629696243955814173895177295590286424818137102461078931927439178029707643188300957324425686581239924"": 1, ""0.08340472624861821436705701094787071017786434158215732779642454750740172327812341503552288340261155726125964346065295378391713194455413586831172629989249261167779035219835405663365562358074618736"": 2, ""0.0834047262486182143670570109478707101778643415821573277964245475074017232781234150355228834026115572612596434606529537839171319445541358683117262998924926116777903521983540566336556235807461874"": 1, ""0.0837182004255182907328782703069577959116462404495958438655485512679639721565783101753268215751763687763106511841301065468978037969068065669312786572147092461053707119958733680785440483053769715895"": 10, ""0.08406779661016949152542372881355932203389830508474576271186440677966101694915254237288135593220338983050847457627118644067796610169491525423728813559322033898305084745762711864406779661016949153"": 1, ""0.08410450214283577276498653644210194207516263106655791796319133291442160167471239800685602533341747620161669506373761182109767190866311186444495981101860652100105675268577237653536665563920030127"": 4, ""0.08412828399543846616828545906118200305205196944232859200713777296955484797451082851513985540049982599646652374221857843031494687933829702156453799280320998545181466287190292334643672980942235181"": 1, ""0.08420717759394647327461861664923983284381157778970913423465733544543967509678578975700525295136484839160042248144849385742417471592554697616237743772566526012700033857441861295786794348596489357"": 1, ""0.084366929821591425284768880496948476172062268149578588687816780803870433945637572964224592054916249514038424780411287290285595152494321978718085473749921367741620366509121794626983887135321498311"": 6, ""0.08450704225352112676056338028169014084507042253521126760563380281690140845070422535211267605633802816901408450704225352112676056338028169014084507042253521126760563380281690140845070422535211268"": 1, ""0.0847903896742871455222887495069686340838271960259647486757648882955039420922414871182319020738566359566511534811801776032260044041432691153176597849421479876498421932448882068173623697312058786"": 1, ""0.08496259133667007176061389084062493691447080808195445680170856368885398403773997039003807692950783072156834603785172468034560406876394958005141076208889592016772957454659121076064688819050696097"": 1, ""0.08509537603069188143493165176673471197800934457847966671658800395476991069365009118187676547657556831934730015110918403782707336504100344583469966065986822768243809467885155881684814912810781816"": 1, ""0.08534274635977575230163094574977262202514269003989757571904655236909771975554880701963404964759727967414302931438697325351122026802179796505842083652880816111598811093878362622359084057533950532"": 1, ""0.08538920049654937999069078284596263372230317252269596895613780482577297382151691892841733091510480693680747561096156182275635027011555942864642041601999748548352241142869208671894570935346852524"": 1, ""0.08572781364538813260279161854071933886347065585571876553386550427804112416984340243081233567765954410238539033080247034754618105160233137767128809164878878211960861426032656494978396512963328958"": 1, ""0.08582780741425282368525355121048637633958367239673265667128199189021967421672209974330649821607999844896020714190597171060876420697300218022007048231987949315125868136178242045995495109985133702"": 1, ""0.086019885714571465650512280994131628036539111933249516691384022369565306772884056910827936341317933595384544415170945763131236710027034938678193664422167473665282603225927224646534008464794531344"": 4, ""0.08602311187544588513408002106705171685332646288978836703481397978460776866954919321052683709559494781620510265292592084144023982237318537170037460209168103689818999109364542290509488914789937765"": 1, ""0.0863349994402846942588247744524531673059238841947073358161805444539735355269531705183301202563775610448993804488373506786940297573868843883187369112034383649333464728349718747389788858477982106"": 1, ""0.08633499944028469425882477445245316730592388419470733581618054445397353552695317051833012025637756104489938044883735067869402975738688438831873691120343836493334647283497187473897888584779821063"": 4, ""0.086622381442075219453063137840630782227458205387638302663939204458155209551907369935581330485368412980202852055008074390459798929873702086404901506842210684363386148332409745254606155134829068693"": 1, ""0.0867838347731109125211001886605103763280706980438883924138615827623870519312878562208320921457650680170787409393307516631913414755237811538079634594379902690894647999205639956310197597060867838348"": 1, ""0.086783834773110912521100188660510376328070698043888392413861582762387051931287856220832092145765068017078740939330751663191341475523781153807963459437990269089464799920563995631019759706086783835"": 1, ""0.08710471539103093999172110877732776000790906823089506465769493757240015785605655006079192582037311680495908151322958596799092640332896011397059838756824664583294290683588447412292595631373035282"": 1, ""0.0871591777969752409612475485649339839237006284155215750341483462658703066593260913971669558615766924378647110599915821149676128019406748370228113209284414681999656474560239892414187497401924681"": 1, ""0.088382908801901075348388089007098333824266387034358758788082307234953909262367536619554144288679002704645146681902175678215514382482482527740532524219229613783437792077084772798201307343284598282"": 1, ""0.088568374802993475245764399252295913217507821067914649534833352137865631350019589419594945055470026997679048656151161198395559515817465271840931490782767013891243230575231935572297705158408731508"": 2, ""0.08875412757998696109248575151475266852444576303441333115583564201524763207871169101698537865923089404143057856254260245205373118380455111499664905058975530508495682824630543443023804078065975050235"": 1, ""0.089179427128448869453295220835690813974327676716349304723517452571159838353213246806294819663648908308226668124807897203214401672261554395267359112965569790741847655200047513733694802642779435400"": 2, ""0.089354481855288133718525234510325810916581937243696264244619380291522059616222651880375522413455844342215202832620836411424702991709142690668451513330550569205395990142224597309108200964381043614"": 2, ""0.08969895318922550808453730740729253921979298324092246744964160874100161451917880136979665702391182692208955641604440507057803247332328529378988951371261887620584046974100578315004978741061473676"": 2, ""0.089698953189225508084537307407292539219792983240922467449641608741001614519178801369796657023911826922089556416044405070578032473323285293789889513712618876205840469741005783150049787410614736760"": 1, ""0.0897645195487237868162398858933350646806835419754083511530120125292827773785611716220325905634408768321436144009929626299277900781333580930095915943495451437669654771855171364602192141426476419182"": 1, ""0.0899598976613980212324565713865371023177357817036342558836577096685207505907266459665744279075289284134786335213178906332016139896539663359366080622499420316588118872423640671517105947035465574"": 2, ""0.089998434809829394271403975583033338550633902019095320081389888871497886993269682266395367037095007043355767725778682109876349976522147440914071059633745500078259508530286429801220848333072468305"": 1, ""0.0901144048101000104958541376156418214805151964973835335042658150030737858545874379620050080218313766062405349886794716087145577496888728952063934745775418709609704166854092633409803127764533009461"": 1, ""0.09022139291503984219604478399600368050193053140754323456396837117181433153071127985448612174925361960280995373748377125235753850598774060787726737061210457717669274289763132480139909597142188161"": 1, ""0.090422743719769886432089118501912081932262923370565826591953248771760759858572925950810684010224218618289294458336223305207478273638055049124764945180259803376610905237648688943512180553235518772"": 1, ""0.09043179748869794308998063044288707453032450825167513822655042627390366635015572530794943861576300054225920089607325992023696153203319682811338603176940998684398550853009403116017484178938193537"": 1, ""0.09079431369105222677293088648932662203704052019413895300795885898753566368463919234895363114980917522881220247565944390060341500852189857637545933761334506086761297793263177491147761866445207131"": 1, ""0.09108400056343761734051763481924374178297415206728171938741051720899757079817461577088882663801965447066984923695170861481836634348854184957190195528674940870115837678584795454904549846888525244"": 1, ""0.09113782971977634367738261789994781105878737397717643182680335506100731562003937845045328901406022392413322999906124684534272327412105616481464880104860562271975919186646583932559498123082060638"": 1, ""0.09155132678182868505367279724297929680911242563371807654941199821892548600079432907527246367097200911795552135714023495728397354043109856428713751490509016610643990436446668780564294140261608361"": 1, ""0.09199687548930066874518360607671157987899074599720244208217249041095885419446274225683734143807258586283999503464911299485312352279336145697883394834208021841497500410858646418928614523892751460"": 1, ""0.09301005533394831405980806556772240556605392006881401546082646196879757080916557046357721797066853105025206911727095247942781116844275294170931064232377497131627614261659232104640439258701758560"": 1, ""0.093440391419665864108518410311757318200220615785404896754812895580404920921738685395817941739128560742814717871228199366717740831418828077347804809327035648684541919897165650634007266942275634313"": 1, ""0.093522838288724892020850641956319335086468530046087500211462201964039113418354070150454703698698028174387818786178698969131723923447091810606960858969774842977467386260053116226333241516615304957"": 2, ""0.093872188325886639781087616892665713345028001408344838217717523235435100680922576890295901951949165023639917110855284590024216186186399944345960028340275173476172691139790799398980749449498507509"": 1, ""0.094015166294573051457063927655746916199919572575155219659044239625330069856043377341675776998410973148673706283538574242729204771097916466534601062300230858860724380566301212917146214733082462542"": 1, ""0.0945373264875502273385132790368003496031026857613401451895411009917523115988515494568348139007109959878967653331069270745410754117683472836514579578724644975809731128120568537536462948102459970"": 1, ""0.0947324101734819670749002843512399341217580417559331614768905624335303091161869778399488548923295250404008312603710299383614884479809799173339032444953171350003616277057871198023835020087529877"": 2, ""0.09477380940871775778029722526420477312480624754130925434407266409555245526242113876238360991425823880284253149095786155653337070697901117965247708533837020224319198005124982416145620300080180181"": 1, ""0.094860824897471748445771004675243206809146089680827084841900560621890267591452891356417735299856289817316624988003589224273947240776731569255996328404068699223153925247348320462547696503719437335"": 2, ""0.09502902443367482301896813322895385023129473281623440672411007077410123700511659931029244281630255445612008917421481334039628404290159726676957653104591083067912851280922233423969744288018151240"": 3, ""0.095069424135789885358202267644425146588925221184474974531539790268488271239222038630125838380017186922911045477895460051857109455518311929356701438303719971202581198916488971569208364284983275776"": 1, ""0.09526475053389110078518405905291508300961731910107909197459292577745776069007977992818462406498034859331479695046638200609283700060656028776248551324264108177015556259394053824524105761875166533"": 1, ""0.09534099567520492758247303596681512200405699320154057300303473821926301078852435829367550285205833479022739696690146340809596792585584674943453215104568472560509340247526408852038105939146843097"": 2, ""0.09534368070953436807095343680709534368070953436807095343680709534368070953436807095343680709534368070953436807095343680709534368070953436807095343680709534368070953436807095343680709534368070953"": 1, ""0.095438324122928140449960408218003700625573251448088513704921090853219334113220716758772051510635784307329825315205167609894271315119169335299136964379014837992567134932742236962947939286290603964"": 1, ""0.0958492953825297779099311059956197156360158117329696569022408731280064090078074067629856691593290480489128302631597416224482442979914090625083352029664585923420673746280729359806815590396209293"": 1, ""0.096004395625923734462529879577594700067444220059063529237508518413105328005777413251093578579107629258437099009836627462844457333649060426276839163189047914023763839040997506685430688921232405707"": 1, ""0.09600439562592373446252987957759470006744422005906352923750851841310532800577741325109357857910762925843709900983662746284445733364906042627683916318904791402376383904099750668543068892123240571"": 1, ""0.096325202625342167264148989461099983689746292766721304321395228431524075213890541955075195801345213335535026662918552206907686941199311342304463341327795988630259757040031171792565277057223795"": 1, ""0.0967642136855200971243663140944072833950002480180422814014048909353369753004804570531829027399156081641340329270810091420125600924240195198793778809179096102063007549258783596615764903054276253812"": 1, ""0.09683004987606665772773509040906726740063975443632562690507242481205099428024750225542927623994530815526002849891949529292952900022425036344070463449245447766641893195498264374088102715954108855"": 1, ""0.09703720658704921514953270681642820220430046095714463206877300079441598716838252429025456639998460840981063102750707353126928156309660474038183238535261783767237245126315259459615865142510891129"": 1, ""0.0972342320033745852059887755507136312666412999974463424864829568153939831473819644565293985913760314728815357567383958974249511341800802682850336492739866553909960546684352334208620983701234288"": 1, ""0.097264949955891969676647498896484283900322282707289750943564875099960895627080362923863538112712107184784377165422656048236835592383636826071394641174153176701753470639473490543065300531165646578"": 1, ""0.097313459546553021387187541076780143076788333869726795295522451655097587359949723989961661438691307474313279755322593667353236450947046259059745224944959190666075757912186471106650574461797544941"": 1, ""0.09744437741389508392527155841858899793359511112634670933732195028529721296979511847566756687219449685885599614618511203049868721064387252411755019768293202784026411945048782965950995766267318183"": 1, ""0.09776514890137293591981649706646777653922780277528946341012683837252170338545785480579086620497297799824974463711165991560959347830378090333141825155726029463249002228697203927388981433409271826"": 1, ""0.098108945952022156923491448585488478556518238357196036134176204008695354487306530962157125035421047636262196853843595553023395604191530058035345588310139999582348746302542667655878566406012124932"": 3, ""0.09814846350011358812787560987716994577008472462202082298598680621155946918784932632785688000204273600462287259707842759727967715564564078420987985281785704272562474366057027248747334910601982043"": 2, ""0.09818422728548045334578086070499945702430627420642248046590690179401052226959293173095070990885747098157168740794013025308316387493266194333308632091863633807363705695095116504855929568991198925"": 1, ""0.098253353592049239081558843013860872532679842853750019809814685507352723449485545381921092544742738148337490133602496338829635285610851168583265194960542688231580147032273133390324839190106631214"": 1, ""0.099144965020408473545188878980679196004120065484032945334540659160337132788922458534206537327400714388218361557941460026283586645440028479867648332331802813062967794578223528520009510530409573987"": 1, ""0.099181236609346596787497240661772155044250992716960008188767765315165710740872916472148874439257216049500995554930703420809622658794593615644331545725351085818677800271811680811079206787893383111"": 2, ""0.09969533901943028526492489024672012846239378585652395428492501301605305435630576104795877599605037344444878349508714865114536148686077033751939950730974558980464579729466964380082119399742525620"": 1, ""0.0997782705099778270509977827050997782705099778270509977827050997782705099778270509977827050997782705099778270509977827050997782705099778270509977827050997782705099778270509977827050997782705099778"": 1, ""0.100031087268382054507761830942595417496991691736068565905708314666796381751050129410522663114071553404000130629984228524180679933221237850585134185858892548702731674823414579591545042952472332319"": 1, ""0.10010833067552179612188519754104940142799694696539442613603028303807192754316698101196983570293552249052647345384695887663717693641368904667572187357307756329088843261643723512247296237916044673"": 1, ""0.100631687405440574298855837654410938189862586397611584563023855409034625122384762672113276140746518406677565856234186617253505533183082161900220493946958107778631144458471592990231251157247868838"": 1, ""0.1007347830404130672227186972495283487240591798232548902790189653460430940323701717803594479197696355873299573031476516731208420216463111905471154800913514050243272763380001985900109224506007348"": 1, ""0.10083889834696617931986461935070866729181737322077527153286469091928220754798237644877492300271598338231691806509936574507271937715959020692976931239730620438538221148089444441959206577682686337"": 1, ""0.1010374220682315872159911085984287800453920393139305357646626958632910457285408705133036599596094093674485924354187198992220646372945912844882500770448913629355590455283886176397024734716319321"": 1, ""0.10106831211405473467066561534423748412781997368878532075619265712465783673695317558380595848623093786686330019744824042207231143335682222812470311027384029614034286809539304225182137964769940755"": 2, ""0.101551408431364697343696632752514767257734834061360092340671883793814970358954519371212917337925011239965231302205128944892390572825242816590142901651110570946231832077248701702529536829626247773"": 1, ""0.102100348330741697648089665544930853383131189110476220662574758868347007161120831058165474353893696226038080203584756325835634720930820828317356487558922191590979271668225727070971183527781533278"": 1, ""0.10215393089544809934817177222995099567449041230380529641191917295491928067854671428617957294941615739954200405012533591631014639336812763266442569650061476314198764995246542356588363475625706231"": 1, ""0.10215947581360235527720935901061480360437645197905309803207147273489119358089706073670649082868562427627810962957549489196971309335951337439228606594534804363911139990837590741030528109628892311"": 1, ""0.102514489663802493451603805175678211770570394031861864823659512351069289292665504661092792775547344183969053211524441491387957111681044563441738204157174649297705208473953984988425333754206834819"": 1, ""0.10272831875246749327081673106697913500075065865272708205940700778613274041758207190712018060339909197164062481880920975468853656550485792760694953974438134685335697463284475072052053758604734261"": 1, ""0.10355463967190959502646721496077826178926748697864667149408179399004885629264925234053675295954012741541319996161148551767663117048554102161918825089301983751409256079151462548015262881190219947"": 1, ""0.1039625058716080249422032729205389585478889519664293049860698849315062503335529070820480972568710303540799404157893559382374822735203374837460073801049626209797000493030375702714337428671301752"": 4, ""0.10430242402447656216937123063744759159615543221437090097105710024932219819802367656478428122324545097932126675265612154305479542680590225699516327034300097386738143465907049463859555233434508119"": 4, ""0.10434782608695652173913043478260869565217391304347826086956521739130434782608695652173913043478260869565217391304347826086956521739130434782608695652173913043478260869565217391304347826086956522"": 1, ""0.10445595854922279792746113989637305699481865284974093264248704663212435233160621761658031088082901554404145077720207253886010362694300518134715025906735751295336787564766839378238341968911917098"": 1, ""0.1044804769530122180709141708884779391742882276415884816835920006086135657575837189779437086658256782713821468876033687351555292263064313753413853321557653057867665249864553269748206117135071922"": 1, ""0.1053159228933313208272730911838163919855792868677247698761218080221812794295721291993753925062356320840223377273030776348962685808316724500579457818706258281671163948038931101542023448727688265"": 1, ""0.10578857983966957187257510449119106078692631384239444726616141790343623945467150398513887538225694782586192101206275620345282107623200728960729999303791724451026086766274619500115780704392331188"": 2, ""0.105947343069434156214620488076000834233582535367202421515334832229341290872756116734409856163044654303738670273567016312841634156250790488051447780157301694950378396304178320751617527865456435342"": 3, ""0.106120896620651395726104310153140074915666000407678768957760335673415423881319693310348813722932653033158923374194950802375431001264484194415935797677448076532576305329939441931283901156433778489"": 1, ""0.1065854639713724861820712487401905512058084257822536738828990201664399105318648207575256403198568746386157438015782286010926943498395861085587878055878196235907347319768880818903978161858424377571"": 1, ""0.1070099184591173037104434977653329599237615528078460558206598709126431201892182965172843270992059122910730067892567911641628854403840624351850823181206480774813071661969448237491628480578741519"": 1, ""0.107067291102365516406881296001806830473939734190094685990538815792590385752235311162310879094113704998212371197802550323774752054656240462113424526227181415776284147262917544613857186512402224497"": 1, ""0.107131689159317838283883824827442270868745540131309233675452344521815106852571793870857466757180487948534542953419392530983856701835065213884694956802527155797702507274246065962506714323405925412"": 2, ""0.10741677748623602007417233075185666806499533186153494403138204160452640094047687262175565009936501926997735726413258826719519472814503039014737076934580210841297428372227038868661146825768255196"": 2, ""0.1074549154423192967268676565532424638546869304193348786564232463988090364291842184530867086204040328628487791139969056684533573834435218919018488575034634992675928278236066812595377903384634657786"": 2, ""0.10763405618980509773083080703206283325850553931330075294063481285415405691119022817016778744826986412854328279074608240764877749098288160417998005403609991457181574324143995162801454490019380327"": 1, ""0.10771902358636316819445874961376042846843135235348645586569162632608919559171902358636316819445874961376042846843135235348645586569162632608919559171902358636316819445874961376042846843135235349"": 1, ""0.10788402343362128884917088670439876874193228080627544434514943898321914407705292423791083308509581968027008241485453281699930493496177142289742825935855426472048455962665077946579287061860788402"": 2, ""0.107918478693078717999762813635012612989997247604511268321327973913324906226076906763857693066089808317141317680256461733370465359331487008310878090397531059275398861866134732471083825838723009626"": 1, ""0.108078191709238069915596658172407305066578956372507609074405145625118918660867819531836191382511814603318275972225081356254644843309664877915976409971584647092926301308909502054569305723524167491"": 1, ""0.10818764222315408421745266410419349861362843488517131086731859441667954639318069606618139164311434313352047726634807693758715339000194146409587938401286265903357207934840264960236804854986402259"": 1, ""0.1086783834773110912521100188660510376328070698043888392413861582762387051931287856220832092145765068017078740939330751663191341475523781153807963459437990269089464799920563995631019759706086783835"": 1, ""0.10891938250428816466552315608919382504288164665523156089193825042881646655231560891938250428816466552315608919382504288164665523156089193825042881646655231560891938250428816466552315608919382504288"": 1, ""0.10898836009854541639603815266217081034328072408275743677137513112878989733701358744908602473765136233042249106344978586257073162575148450112619270585593327727474627598578519463660712021177069419"": 2, ""0.10905798738168430480633832162788236661392353186948388025594031949632114417848486177555444949389180884731883326549116445823834368135666586732484049553285826291370320643213778051906510646938880013"": 1, ""0.10940499040307101727447216890595009596928982725527831094049904030710172744721689059500959692898272552783109404990403071017274472168905950095969289827255278310940499040307101727447216890595009597"": 1, ""0.10967051500435058933153148188394314287095890768065721579364963359299660117387818128852955255667561064886190299549875959089212526199660915053072382607453116186178469655696743151158686629873512535"": 1, ""0.1100250210607327941194052392904404177028604962990840515391022238763636017690161868150946814638712534126425840122229988616205273112459276927868196030721225778598448278519641976024646931278235875"": 1, ""0.110559037636350943824052609523187820141611744512258642184198488640080708873465545482859942319241894956111734037856278536167102103327181592215794311998929933685476131898216320608884437894797754691"": 1, ""0.1112178614065497919577435484084180120080396536861108179035012975127285631513516699520512088274318628398543572744301226892936065914051037570242728640109239584957829096910035544885416559302024740"": 1, ""0.1112386528198069270313895459427333831997052791847394538953642492776598457949633202693226601655145577809586095800400651022277237489934480523990961757930803008531130346548237136966241714787434847"": 1, ""0.11151833755850849224221880216911264034653505587866295713805090814937080484153977172909348461236122339497985397899501463105870990081095276326281952439332235227115039752066949214654106946389161964"": 1, ""0.11157535819122709660790670340893757129919012865471999441180961190830646401413247087504131532214509894398003529450455102778272309045602641342711415138315298752838620592056233551197292987850670310"": 1, ""0.112157640339888273553644857838709361836630392153440778144922088974320605598859019967630990603190123201942171687521762974056702064228991321256916252874709060643995356083750640119840382400689543751"": 2, ""0.11225696516378122350045276529855552372881255668912434122853032697804743986661660251236093314818382091612613857243952705279196127653538075010688044879650543467009374464530920772872956474116305327"": 1, ""0.11237955872067056150452362998960633012343520697738213725153770199884132458049084552919879126799210449845655149107059022862334823817300656558475694400172269763096399871517860447085201621500039723"": 1, ""0.1123846972036765419933384741316377080947930312473367164365308467249173284773318442817151204623111292719627175873725304163148836463386362371641600357929411180975285542248626445628675550241254255824"": 1, ""0.11266919347459760502739160578581854590023970179717868771216151267076133234262978921633301796541939976110561229514954654873326919062718591849730152267938268035800088584555965421469726795033084620"": 1, ""0.11304524789719885320838911431443327877600832030319614286910069137773961550014732445976009338698063883277846491986775721237154591104771447307241613257910021469299017722340570468967599159801201651"": 1, ""0.113288550806100534008586578017429435482817660776225501413255968244063328563001581375852721455263507201625009761397265458437704697136043427176806251293549748352037788680685307904687601503934239907"": 1, ""0.11364404161087650633432897311772582140282212380265732825213719229580801318364404161087650633432897311772582140282212380265732825213719229580801318364404161087650633432897311772582140282212380266"": 1, ""0.11390815713396674589174791237703114695692913926191621968605582923801603406338305715269872007957382632266431282621362876131648540177393597727072157359950725651722033508468840938260864369247511675"": 1, ""0.11398850775257760074252540213704307135424338897931505409027085548281845908989144516420325181737607793299429934473163796845166863305121820994002944212635015990642069675306762548369312366034767994"": 1, ""0.114"": 1, ""0.11429619893202087690991612540702890862928463530758145772190510057131163653672526980863738946819198578824394509886372925817815227402393510213412427746145422645227890211589802012560194198883493056"": 1, ""0.114344070300002317853541179886238507755613444106928214952287756411174537821797352288171154847416564252736870161626468746632794869974520265830764630570877732720690775497835644106321121602688652144"": 1, ""0.114421686405115654004224580971020768313388943380536674449886751315062236625726268090752470827729815954836435653000691404740935473038934779531467002908340157128596077812093486456893647263397036586"": 1, ""0.114462902052634948609369441469409061171302991640199206263237472059447565543836285949334581791015470377853584053439613169958684426287740260702549573855410915080301430054557900591479990862513403667"": 1, ""0.11474940164699200843779157032169080361851446188795586385947831730964261084743012453855827349803253417711249036550241369518477952212891971928116506429759441807634578718916068313658675104458236988"": 1, ""0.11543743790122654837105055698290349550077241171770600250738144213698626043945944865060661997921952040752879592841227265577956128869055639472264383764050577910027950336904090063521463909592056197"": 2, ""0.115572773360179910196736723817405538054617292770077551596344612692255059466074695292376798900489354812637782086405016164152193495104992870840560600762454239338985689188210259455207895802962350348"": 1, ""0.1165214337275479093110199604745227496061483273642124651289730041318056298243645884280910817879680670229781265336049032437822183484940927015228477183880778291327498266172118583850517965385304307"": 7, ""0.116605405294285936374148254233839960461283530417822116173825586114819577221209885932139433080426029717411385885010717214293690338573955552376878242491022963600837581710413687264763126337600912197"": 1, ""0.11690218928758746655421414966016614106014925040974260205771259226372635902148363174664733212678456644078852856693351576325688724193798032536851396902246754148447659589122693270544126455757269383"": 1, ""0.116902857385745802935438845011883831058245143262089187676419014130510756951448374203745890120243556076862752895303898661551203522979697876464614758842352615490212742038140949553907195075351642"": 1, ""0.1169446074790369663763255388214515402885029811623580251539341103547323825901972837764197076257252004653881378672839561252099138709196880803240367802217671914527664284560298406808362051346967708"": 2, ""0.1169568965294152985200395151072144935876078957105194648620021578116266267268244613534151974304095744924404089844564462487101778011081313836269886204534038299840501080683326473379208189414176036"": 1, ""0.11710533384822244728680399690922951268861624433461118954274525668125849760324936525190423350566557993978365129148751802081310244133458848495248168187108229773485735883656712208851723600901760273"": 1, ""0.11716030481544784510571432489102262050367606249733065572714390887159324226041206045315069713828892624146711353676901392442528069602995854911654695458866416105971568347736363956752516589045171905"": 1, ""0.1171745735364306463103295233513381491243989091813195853647223739801199390388960639400804442421283702302600773886649413816882736261214921513728717284577978729004177772759945412050555043948085223"": 1, ""0.11725"": 1, ""0.11773614675661131970511393738420994737552307777834706774355315176240998017060075519653597284531325811152221686894045622875964545719821858968378139372891204866974050069218064740828790452398694788"": 1, ""0.117753836646410546915233288701205067463178494180657122257699042125862601709753836646410546915233288701205067463178494180657122257699042125862601709753836646410546915233288701205067463178494180657"": 1, ""0.118135776713414596622166091193173652128452245829449614515209499171381959016680846833930336177330442843758475687510568231742737756490457243492584233321498779149266608122147207139443928919754776"": 1, ""0.11825851428942905345665965292371116447500845513224371698799229080434898804749273984076317243713313673999907739722229492070607723035145420281651763748817715764867384193705392040494211004232890747"": 1, ""0.11836538634256875064373261921928107941085590689051395612318467401380162735606138634256875064373261921928107941085590689051395612318467401380162735606138634256875064373261921928107941085590689051"": 3, ""0.1185535683312012538889859287338108000577815585347175123262857497052747333766840577553271566354744608663357339492004226270939479425380028374299430464670084613074992906295977898499404592701397253"": 1, ""0.11857632941475226635361205443468713258332974466455688010506621940512621112449996806901577384245482605422300603534985542406471439290811813191201606860260842834322113695718619381489450116828608024"": 1, ""0.11924434998963300850093302923491602736885755753680281982168774621604810284055567074434998963300850093302923491602736885755753680281982168774621604810284055567074434998963300850093302923491602736886"": 4, ""0.11933478726502566371764844559281313949391579469687403872171992181930203810440050379926152755772022059059572387491916782027348303011143110092222742333616196138686571786942954784349193674998573103"": 1, ""0.119493120197754660624163147595014934596765887321042331857039859923782057884437120197754660624163147595014934596765887321042331857039859923782057884437120197754660624163147595014934596765887321042"": 1, ""0.119542131945367316429689682210076890452673169498465950924199512611305560743516928853481304626599100154685031734234483042403901497166048504170850874125631401722570662161595413368804571254346623885"": 2, ""0.119746056259348631734306573799880610149539462707338829239580620842763338602629771650446532573721432238882836920050928673438664197738370026850211265542762538977286613071885810069593803244832134453"": 3, ""0.11984286784761405651323504028135886048674070777466851540552862570556949322655764171721876453567515283024423219352033410087397293006675240922218367018248207113474399126869908482213114396999732825"": 3, ""0.12014522721621083884576091689569972149140668180808117254758881084264829249146090386522088634001275566099856296981539670315207028929506082505263573199332489239296243219062385729860872263198519895"": 1, ""0.12021546922319906877632841548218991148341614744303936070641945809604961253705392661371570743669905280304611902874265584343399852487008034688911888253010847616312584973178456375154895138994771703"": 1, ""0.12059994577386813849661941706966158266733130695464111992645697182762056640456719712983223716188826287786768025540250754844873055009897187981076558643755166953573560674580127284819641547983663831"": 1, ""0.120931434311322341705376454334122037091585154114928750976453589692772656584707504068839349365408778078293905186878019519801723820275831391971170280468803290420381976897453863644244589704809399809"": 2, ""0.12094226922078528818785963553184837174951028157428584479844426072636603369504197430877478827890780261160634990882727810448199902990315992634557209587092211409596983187984723551536249342826772375"": 1, ""0.12133532202420399048074377820028075763538792039410722492637512567331842571929725943938738339964848661454103055349605626086563189753066912698781295055081970838797489484798869547420290521615604360"": 2, ""0.12165554970520189680011598500978540368071933128954784456958528545209708394362683157967908503070061352621380604208048612242666170205767098843796893459816639734661886372584831275414393663381608656"": 1, ""0.12167027799828278842551281560414352509946625431708033928318606290173004549780517256094474610920810889210604366936819490668349136161295741547155299897859711618816611825144612436932259854678481017"": 1, ""0.121711683650913469724565337114599265758032346629764115224321158108309366398880742310647474898279143961138328352581990278498014244242804345178239049014153158459489648349940906951280580203388147760"": 1, ""0.121962262591947911801892810170224264296100760511852510284513226106117725452180406543187351922302171146626437252580321345493766372326685382892428060614010408527082346891178648253347071034340564584"": 2, ""0.12311619655731988108376961109087156827313357273092554311402170692676092352260360897662228485086882433729245899447959014839133877149596644994268603162923825858235761363460545886349106513990919788"": 1, ""0.12333751447587734272505081497608753394808183986454979301027701077289881441387339735083127179206089803589592693323397678346986582309829699668500613806330301898888244744311853337964621223646975170"": 1, ""0.12336732784279221854514207013997251708336698363313017983096633873360414291532612120052071754010794950996553837755818738479583381716864171294236280030884489330008920150076082288458793049549240364"": 1, ""0.1233976508871074396874730567165687895642991812649154938585129046433715137717185722665015430598028549758429102334673639578161424564025778587734144443670879693834473429740305132777906423004880367987"": 2, ""0.1235114905305547226626426406027482428507290462268543502520544125303560620209591624145858103527088454967322813820639499206556094992271041375011411474888085641061556351349805672824012467057308974233"": 2, ""0.1237962247476824423769723090525360051147289040363153149168053333535881257359471369814093226301698520826037867430068122309586187017703582982790222808539443580962429978920648677257444656301366153567"": 3, ""0.123796224747682442376972309052536005114728904036315314916805333353588125735947136981409322630169852082603786743006812230958618701770358298279022280853944358096242997892064867725744465630136615357"": 3, ""0.123807457342048979430799524090069218076182964784404213091099393128624859724659247877830500638422164590121540926356818154522777970142764879476316812672027581122379508976132062681743698705017783579"": 2, ""0.12380745734204897943079952409006921807618296478440421309109939312862485972465924787783050063842216459012154092635681815452277797014276487947631681267202758112237950897613206268174369870501778358"": 1, ""0.1240315785909710341722656596338171406474721779494306425380136964644520734765087557069510465899499416846109736493544748342714182993186374461702568499905641289944439810946153552380664562385797973"": 2, ""0.12403157859097103417226565963381714064747217794943064253801369646445207347650875570695104658994994168461097364935447483427141829931863744617025684999056412899444398109461535523806645623857979732"": 2, ""0.1241720969609790624867748492254979036638462172885748360388422840099728879279209470625913712489298180391728506701062448617221918170722360902798065308137200389546952573863628197855438220933738032477"": 16, ""0.12455078965086843241860639331998915159967342424631805390415238070966186530921045627681727143051059936726370854168456748034168076168175280245323158113338987919952882463644402670442322881335224121"": 1, ""0.12460439424334237323828181822962185950246998076673641169994524151468350836704640743547925060377040939207159482089262136625555392364347008115195925846828532044494815389851444670692840895632012527"": 1, ""0.1246881767887281245255947934909587424208227467398055300747705625373978228089911253202519604545903648114522797558430012098930936644956068727120446384391413449477648884415790002427333629081295141"": 1, ""0.1251108676370845724422183962018051859967652736474148275682162049355663379767308394636615015391036677622997860906766838837585433296812229352532999426096937444566181457713778890801899097407001617363"": 2, ""0.125440840800714365912886869584442207944352385984213541951659239430351513996548014364383684167931621842398556014031647882939388177818372838358317143121758292411413571173204942623386684510800329404"": 1, ""0.125576331118146929609092497015644176728218243685113559292611948631540859273436648217814444381307763905085493828259643279352446420877894591885217249851278320275940897483029782015726298424420468232"": 2, ""0.12557853446491571131835223037020955490771017653729145442949825223740226032685032191771531983347655769092537898246216709880924546265259941130584531919766642668817665763740809641006970237486063146"": 2, ""0.125578534464915711318352230370209554907710176537291454429498252237402260326850321917715319833476557690925378982462167098809245462652599411305845319197666426688176657637408096410069702374860631464"": 1, ""0.1256971239781579296494231569118580809126597731078868982635404473697462230748534323797372509147376522394705180155343686749363774620279083346498958818035687009924006839676695497885631392114034678886"": 1, ""0.1259932592841171211245122021111267635342251848399694461840333426053094667740613309359340540905434406486765503131152146184190671815390145301714098644344329902990058780209230249261065987296689110027"": 1, ""0.12612723514240099527433795781180229190379569469318610029777775489676790687343296124270601501502784489656083816796062211750067339041132099765446006041713894625676506722854956872154789389270253906"": 1, ""0.126300699743068701407230580011697175059376346887776635817502858586528802434181411722733640497836069015125114480686728574069322200804889862610531195357207433722214908924820969822127176666877645052"": 1, ""0.12675251257297096026502275909189849701226417550123933849975761573468076194451441399954425250183222376824477581566887606144767117324389622089531582009942422690841806144023430788536775305757915790"": 1, ""0.12715109608169493261102995763026795971392827694724606969295511374759386705805330448297398493366665086868649858410560726679961536514895133747757479545520394999206098452513345982397476549891322916"": 1, ""0.1273187483510203966696875507662315886574265486311766805962874906714199491693816189583589193673275070560915587368498788138986101785164200616717604187256712027477401442423229977520362975489079030"": 1, ""0.127526599959915971484908176428406086046428250666219245226496359653818073396142008776127995803932428266997061847496771357679600962295996074422849437133978632769721782031746132994867373919807281015"": 1, ""0.12759206310369137506831325467585138824252698213298132045190564694566779424052949840841363539507800040757955358882963081252165627783588901574324134165483886352944441525316418512044069810471130786"": 1, ""0.12774411481723047004864389438980825074826048953018386065427914714843902256244754530150648132563864398603252976575624060558135017341344235792729631448368879528704232352956807103145759559738431048"": 1, ""0.1277526350723078010908947159778795523024240756123946223225047256917166609833986004099307692767327156555843222836519067717194221429897870914127804903271230945015393249615839231800656864144680611895"": 2, ""0.1278568014985583513102795052174698744836121209826461521427312424672221269607275718564405356997374370391582618683073741803162489678185572811447603717090298796688189730417854855667327523699681773211"": 1, ""0.12810206167299207064973134388116992287785566119147309569534435843136467201557710908445130298945860132747822208539840775847221045601880753115131271940520053738095999547745137899912661388755564569"": 5, ""0.12832299927901946647440519105984138428262436914203316510454217736121124729632299927901946647440519105984138428262436914203316510454217736121124729632299927901946647440519105984138428262436914203"": 1, ""0.12850597574236694841800641670148493874701810137394737516706875096398595999714336102453472753725364100347160440622100860117405920030340181084169365866567688710390247856010393578014446968445208784"": 1, ""0.1288792000270035039734105539454388494529460776920793273357901139239214900375433780732399842545447247638394472336543746159018690975548017050893012878948262613692060048501227290974637999230832120"": 1, ""0.1289567627387289331369878025936395945652533918003192720272535561713594920312848206334942461799233104517600770208909326961577111991510549809036012980587055074532932990486152793856193665063508120"": 1, ""0.12902931150158890761380542326242071933629061290755962663189527239530699314256783079187614701795040276994221069346057623487763076817060844645599553574757871510677314411989388283549559389150584773"": 1, ""0.129029828571857198475768421491197442054808667899874275037076033554347960159326085366241904511976900393076816622756418644696855065040552408017290496633251210497923904838890836969801012697191797016"": 4, ""0.12916445137335775662230638063479253284818075216597065034200473872185401979658575533784928710120389596744873411410947219326655196719739252680966763496547559714385813896012559018675176427758057624"": 1, ""0.129187492806997021675955009443928294443957872307346760789386630976741287688707336630417110750829721435020176894220477132108909406197667046604635534523463744071940236905117812329571518889824467844"": 1, ""0.129258711454122808323977746358619442712606140717967592402776135713754237391863270836415778325346045904283184889848800859809388593296753195684279492084297687264313658004188968586715313656707154162"": 2, ""0.12928542509781371608784829444986433586719803171803901287021689021895358999386199511254551938115362009098199612411400316628262808292019492032246310940901284831995686157892631399055324304563774176"": 1, ""0.129496614554181494492647123669398602463850202301807673740426070023644454975362144297829693763352997971088509398376945347848647383197233561891600880791845748173611795460154785142655150304572823470"": 1, ""0.12977431443271113974047984381684217823662273728293751102038127343613927221455893823699304362316335052315458804173180218838129410440012202885676744525009995041770339883090843680560833258159710972"": 1, ""0.12977857213782146758018071690993943004666865256677589117267401449707079733889385363916195015390725846489921556945685632012709760699036838447026114586436302253996623969814318339787508688312977857"": 1, ""0.130352218459305947787395944654363764297900364689327868922459960983419407028034212252043785544772108584824831871565134744409958059185663787509678858631298066446661657765262496291794125706321564107"": 2, ""0.13042546826684022921110281226491277651895254966390522453682030499025238295541745853981063924431330598469555459972612573675465360861904088670470068770667615718652348381185542413568082651373478911"": 3, ""0.130526057260119781412702516587155662823769219102429434419485282808622601365110907040663683202052555627356715156854976746404420159465557161844477689262226832875021094949504248655139037617177257617"": 1, ""0.1307274246540842360853595563406334956302632231626427056319486555092992040264422255403112901947146337274036928755476339847401473927431630315472047055047130553174475670857574630688359185014283224687"": 1, ""0.131088082901554404145077720207253886010362694300518134715025906735751295336787564766839378238341968911917098445595854922279792746113989637305699481865284974093264248704663212435233160621761658031"": 1, ""0.131279707827361532536339113176696503056611693795398097970862412129037403183227655129051742547051593603614245848624952485145929412595682794927724248566688233403670254134627667581115527482888223243"": 1, ""0.1315819366202151575714235715510973832905145379167664045959320478559034725550650721688533168903909949564872376345128141143607913823085400977929818142495307490230415276353553738888740637575045413"": 4, ""0.131640076109008819808356058554748046196016812626848875269970455994770238388623902929000277812545673439541296872777517621342562438467643487633920661125350696494837929166701042251263441855819557725"": 1, ""0.13180912200138480771821553659302990978238989732475225838601275054345965545665818513482031471381547726638730336522472206396222526197062862720909926938374997389679664390891672849241040037575780826"": 1, ""0.13222217471329780289820874282714784535209483759738338113317168814974582157602235900511299773262869670109845157524726431353943135049363936946406516763199564856139755915657768852992445345257670275"": 1, ""0.13275726839286128188132353551114019242073829304808609812908527930566881753892384337173420508467243616560155386004726561898713369638307190326922255459085309414409067053184936447557343143337259312"": 1, ""0.1328029097686169751274594792707945261929094529848534468721371889507404201277835866152779495526969760744872024150200584422965661657255599870521300435070411311035642901326617896930040495234782352"": 1, ""0.13353041736333763428687992873615466712389411139745680948032440363519366848256492124056055417440091776463543021248632884754889629441903800654053368541873358974631124864107493086294318589854230828"": 1, ""0.133634240884762277228849670725908465961408533452620215052345524528632245406915177808209091867634597692157612575238749570727860935945139364656063206084318069183287751400632879038807567686413439988"": 1, ""0.1337104381425388924397433686019160733080340962074820839414251264445473781162105491514159722377078451838974745855617878671189099386608951962601159489087199607962299532545025076598860183171155730293"": 1, ""0.13423410395359369652152062104993423522357201659870320793447880266449823835941027733993002335553770657093635976705428903015077928654092683958841734369878964649520780746134958087858506111154455096"": 1, ""0.134313407670007777998972192418387989623321406286215496059087886957741260312999929310050003286389169374279043281111334177938683223769777036013805058389301256860061734753250507374696578634466375047"": 1, ""0.134367666586161668180415055499667054553486658599911275894740489821381743289505600699240248024218107894075340753372325959896672812494147953793018001022052792446820424620086184381957117276039206307"": 2, ""0.134502810475787719971584637867663988736934074356727291338108557534467524411074810163974714634675491021593171715751598683658233315442258217373480785739434285951540455163208365479725469972484961615"": 1, ""0.13451021612649993886461185015843009729531405485870113169081448562137340196073820722870532416706518266562303531016821264200807308202832443931005623674130627444671612534246351649507616769234410627"": 2, ""0.13484887397043341048608167629081335450408390778751291387269680462544137169816437242822555747153742778932116131484576021131340779274224931961699660360554937381765138053302840237748191073545067542"": 3, ""0.135031377579582933963703449596649763452769981524685142447771684726918739026434476927862741690471842178676254758840874879821615729363348649665565054723492214491425441370355629463423261876360478227"": 1, ""0.1351576302541661611865528324370828117452232765326872812846699015883298880151661640542837660972908385174616078862317420811861905187873906216308041706422620280869179765941311418787477008211870688"": 1, ""0.13542201764131363396140828783721987239597824348151468416621604896084827648844459273920665673338075325222780583182631321641607632419191366050939356961279442729363674180855235040345390940079506094"": 1, ""0.1357551178233454533218582225533500258153090038082991490418150611985743325473026455701211247242498359968193356342872220503058356793580197407746510778579174434117504660627965018655178164288393649"": 1, ""0.1357960655062313317540426408486970851787001750952724276444535997528066742197960655062313317540426408486970851787001750952724276444535997528066742197960655062313317540426408486970851787001750953"": 1, ""0.1358624853338973203164285237649964061654353192397881660512486800228867707878016950555106672864177743369863060321002467759264752610992230064038331018761493495181294226850282976975604133533709197638"": 1, ""0.13599831586592314748846210805347117496626805586725460136121841372474151746415105157918056485908521951535231587894099137657736561023277236858688323290822051130013741852819910552490573076332613533"": 1, ""0.1362711864406779661016949152542372881355932203389830508474576271186440677966101694915254237288135593220338983050847457627118644067796610169491525423728813559322033898305084745762711864406779661017"": 1, ""0.136291678142509101165246849401756260647319153128218996773189971694803625945189690750437483039377799973742113751744588026012171786650543476471783141225779161121276789425635747940054446083370370108"": 3, ""0.136588024981366413119309024629812241232627156466310205480388997061943779030715527585897297723006807567893086986344170548222450451288502851999781751735051553488401910244101957471243651846137295031"": 1, ""0.13684155127168524588436253554390499176521975521949164518461132030419128863952337222999360686154119063005010390754637874229518605599762248966673790556191464187504520346322338997529793775109412346"": 1, ""0.1371304717664986214438665377380719769083010941600100779502372694021365559745592605693715465910834475575598324105271857901570781521550495688613178630583612429452996930631498986584840243084637482"": 1, ""0.137935575002985553782821376610938976833398705912039264776757195311776372731062696780613049038500744878930139439140785359631044569103711891296246786180521975958739691629872752989155640716335570084"": 1, ""0.13806725008956661348464129832816930500196117736117794330271585935329118193188090341839147115502234636790418317422356078893133707311135673888740358541565927876219074889618258967466922149006710251"": 1, ""0.13807814495384863566088858039979743415918930734479612635386381440649210253042479990042551034140670803344670322023310474134376110270933869020149329143419167843471670052628337287414930159774511923"": 1, ""0.13809898569644223020836766718676263498843636705868412382598142170870709787844868312672287677941903934648512773815597654265754119806413728078843443014981521067549921275510290276939232373012955728"": 7, ""0.13832989876966098134925205610291848170975307616992501810280672746268321109743469627701282359827547780779949985604307069128736688932077883107195594084882439067784710296817984555057235804463324802"": 1, ""0.1383570404495675053930838515652409623450836362947938456428193727401666380882182715569321607099212311117474785604922122540948746903455671843434281115127089639006456919125356456700198257109904531963"": 1, ""0.13835704044956750539308385156524096234508363629479384564281937274016663808821827155693216070992123111174747856049221225409487469034556718434342811151270896390064569191253564567001982571099045319633"": 1, ""0.1384677911078613440536915681081953367036423109636145785619483477986777335846831973757723475115796021266220222910095110288151666905418467915209203181076596842465257035985220444867190753150018511890"": 1, ""0.13854133504904972831052742169654542376595307559983306504819521784500164021392314424953118995156278056781451178457866192233143438802816649120461119353685283071749858478335945373077396252567721893"": 1, ""0.1386249871253476156143784117828818621897208775363065197239674528787722731486249871253476156143784117828818621897208775363065197239674528787722731486249871253476156143784117828818621897208775363065"": 1, ""0.139105665537791784336218783396309129289370109406798360676737988295025822108410263675613135663431632575447449561469540423322987417755699136252903657589389419933998497329578748887538237711896469232"": 2, ""0.13912720452854299972351131949517415373914065324131982762531505859127222127519739632447769147259204472349799637760962794339947339875131611920890534137227677529669336860997262994112448188147287511"": 1, ""0.13936701028062227903589389763065717292854553931971334306280202311275804985936878642265555580332552294235959336898860587390255901857432314016185518253951937273967925207204012255817629307384916847"": 1, ""0.13940827795367324022731242539110441820545609212783898231529871578852148183591620544536110953269409762713734570649108198381116052194736479713043124628195800689852243707574455039315746061051170579"": 1, ""0.1394543417061169941538577641328353794291660820174138678985367689447334048119429851159966896493920824297424786123363501371392099395053729748464273062716820682801649775341082448195725554216933488"": 2, ""0.1397616151521658967993494655330395589246463765981120832866060514522161581816366695884088781757341163400819136846737533575152351467731518650551898204906339804139621981176200625358159531211685243"": 1, ""0.14020014794000834475380426247952552065902634649723880962196395287549439594281471992776070295862306750659991713647082251525041424157043964462206605938946059631780807729376201666778878228579554541"": 1, ""0.14045708823976933620964472083479517991737793935722338434283699879475554031371641149703048571195798992626532189892917986885059983485096916498316165947344478074701103568668567769067724037919490837138"": 1, ""0.1404570882397693362096447208347951799173779393572233843428369987947555403137164114970304857119579899262653218989291798688505998348509691649831616594734447807470110356866856776906772403791949083714"": 1, ""0.141600105187335999629140257875754181406018154148349297269388780289384859660278933502776043738677351199404516627025627867495074728210037235021602759117548923863308310244570495417595059598475388251"": 2, ""0.14165532304996814255163525241809970085112146357580822517029888586705834801883831742874120384057018377597481584541001344748184922637904272651800778074576454747975475947725872405620360695656780776"": 1, ""0.14196386743929076389521471332359103475330071751866503971748404075291595739748708891351573020330037212203389570925766405516430310958734772198845151660084077485579061804885622466019958634871456360"": 1, ""0.14202597037238541926069344330942136487940488676339337380154260261577383339265589194587156595988027812432698466180403643689971580152892728150498122558214652512978081339324648450763896055886645228"": 1, ""0.142027179817124947752024504172412581493452514538429435586191388047115700041139066201832921144531303955348944573957434985063737382313108940616271383372471698214903573996799894948225762024168695947"": 9, ""0.1422055825977262473062187280422154969041026426022086763780222038839250376531936158899885886800078855156325610939078937614074626344037985392850173982979830719767160559159703149232952757450997742"": 1, ""0.14229027801839397041757451112368434119641427582052962519209308037951913788380398296690570487279417764387556333230878508381014225206162344142591526914970555062318749440025340657970561409482365547"": 1, ""0.14255713602997116702620559010434939748967224241965292304285462484934444253921455143712881071399474874078316523736614748360632497935637114562289520743418059759337637946083570971133465504739936354642"": 1, ""0.142557136029971167026205590104349397489672242419652923042854624849344442539214551437128810713994748740783165237366147483606324979356371145622895207434180597593376379460835709711334655047399363546422"": 1, ""0.14290529585384514960486489626952268663029457448523658869509825939632418894555411484317258259493807536973145354972966853426254568406186165071109627037039860996482624011050811104813824992957077829"": 1, ""0.142977684248740689087449556128075708999605793509125867075588164783867272359067805526877922001721660905747875320793552352439964981078893509387792009715718667410250105728313636467625247399517268560"": 1, ""0.14315704528325071035602255450065432070667029133655385594973735779975997591393583741932353052102982563274349265823778073818595195252968781748899812186160245087506931197694253129545683788501098931"": 1, ""0.14360898180405233880160725179977776367395397094770543116676127719103366646330085351466675967407491616092131410974603645908506140363921200788673328914281534655677287154364590608769246222800159778"": 1, ""0.14414507772020725388601036269430051813471502590673575129533678756476683937823834196891191709844559585492227979274611398963730569948186528497409326424870466321243523316062176165803108808290155440"": 2, ""0.1442462406633506482258053508807650966310680880248515766039979622631158833566317393965007045107404054976579058384891026180618067197457333772438522775819242021455014943419336579217747223275394542306"": 5, ""0.144247913362087562825445371930181446669925280613331447673836007237238110765684050591934234473978116937895361620912033238319148207171287586477164057449620497022644619116155770464906417664775772551"": 1, ""0.1442872872821428674247290858441592574287631264082325053784178512090194248713523095338953441240937976721023789761579035747358189971562016459433739927079177297963350732273339670029982928860000422313"": 1, ""0.1443777810347268721584006029527935086044476028689530860994388768522939220386426682154032597453393044694361561662227515569926820703905872618250234114872994113848358978507445436843747622235922890"": 1, ""0.144473306325166681884614436865354599891574698032066074034679113333774477640902353506068452447319336502417748223836233716223899737118122269686211209608799831983842656805010747113797221359066741554"": 1, ""0.1450155699328214064352050753292648456833963993275555129750547410947443025633689170164329319952612371418596338563987427727505961031402677491688168650260300499348599241008779392201486466314983053"": 1, ""0.1452720289995991053848010334541201910570603685442880052710293409949239926398424168962179878090648599498917202804962035836256317517782695524547380708920749509387909561128406441769278944844812689"": 1, ""0.14569461013843861817803058955308274902926193591826203388608385284832034070493029588450192020074436201110086917149009427283585064872610304835903956859934160858760672286953687853947420670133875908"": 1, ""0.14572583229765309734532904602183838576327430463455859734628704042807106778927070677629683001358122837425781738233392184006434894826151320021699468784380281444396840420457165831611574982352605436"": 2, ""0.14579430656572420621655553120007334080763694396923040294617948286439457097355093941358805400554289239258355437001551354564011568348800119318022679248741314709419001444926346425831250081740810693"": 1, ""0.14592551418191429178447577116861465971815525917732263648748796396446378699219377804431264701611537140951991365214295738400840503761154120202189811947729562086544551269033996725934526325566475720"": 1, ""0.145970189319829532080781311615170214615182500804590192943283677482646381039924585984942492158036961211469919632983890501029854676420569388589617837417438785999113636868279706659975861692696317412"": 1, ""0.14608325820052358238444319776541636156473219841573720464873985614046746872639871687632292371063932629560017235867692391029502635786587366254670199207876682078861896342417639521559006353939103223"": 2, ""0.146775389177168272794662713120830244625648628613787991104521868050407709414381022979985174203113417346182357301704966641957005189028910303928836174944403261675315048183839881393624907338769458858"": 1, ""0.1473128823786540846773687796368106245751804496378128265991611553972595212524981532331071088861345948116271251225086239623851027237238907712408159409985696936978230619574838799744350702030269202"": 1, ""0.14777995636441089429261399038109107929778398090793478460213234539536272979404115543071679675006218212272776827486884924344549917531402567324198110511360340575224369109952369502404897749223246048"": 1, ""0.14813249220214699107662509541339479144994714469076302011850857163449331172249073198501854804482823700911426022512895934648119409912623617962678451087977021624364280920594353168320998140682574173"": 1, ""0.14826428519505120044645953591777062358854734419119063089569563920027841170074425917309805606370519315844516104337187616990762794477045674512645199873947623190376876729965685123872731557988035805"": 3, ""0.1484956806672624366994340184688710157879058683348227584152517128388442061364313375037235627047959487637771820077450104259755734286565385761096216860291927316056002383080131069407208817396484957"": 1, ""0.148816053297766753179806594878922918315258363484367789958001272326720784213481903858782867207616858016407546677008325738457979426027750893717409593413996657316623017968018602608716374366671529818"": 2, ""0.14934602751109850157148540397724879166928632245661754535603758602606324082208696665185096115521012835555501602287311239086384980059189462348253186870781996672711678876923252325165912367896595293"": 1, ""0.149536866613681863813871149651301361201115504289632439111148422993074883364767381713584926452924483829184943558348732207672844303455121796752430962773525429193630261880798875013003573012935509685"": 1, ""0.14989784410696416708123771499921298020052908717935617749303576353815383617368700572879398721097001004490597713304124199043436372241839257909082641769164793388380595759241608914800509061053046658"": 1, ""0.15021821592241816889794557769298925509488653404987003211842544975930159127782717295622521344616955225781425772655799104121510866245567654658599924899938862404501452073006991841158376977478239984"": 1, ""0.1503157747005782732235830009478374664470725268058531105382563018747784343637206232594664961829744317501346694375345700997945382948266032663911130108149843904500012054256859570660079450066958432924"": 7, ""0.15049714286428664126280702485329070091347779833123791728460055923913266932210142277069840853294833988461361037927364407828091775067587346695484161055418684163206508064818061616335021161986328359"": 2, ""0.1504971428642866412628070248532907009134777983312379172846005592391326693221014227706984085329483398846136103792736440782809177506758734669548416105541868416320650806481806161633502116198632836"": 5, ""0.150878760798331843908251414953827822460530235329162943103961870717902889484658921656240691093238010128090557044980637473935061066428358653559725945784927018170985999404229967232648197795650878761"": 1, ""0.1511344754290622764429378825734926958745904097768616856790399930953859021712916593466855538239823048965189291792967739610972059392803202639273431788843639166551029151515762757413011760685385440"": 1, ""0.15113447542906227644293788257349269587459040977686168567903999309538590217129165934668555382398230489651892917929677396109720593928032026392734317888436391665510291515157627574130117606853854403"": 1, ""0.15135671045058134476160645267218614238758783781425401153932791049869606561375811058772709740036436260797983190048782590228267638860521045731117958062299487741131934598260576298808912195069820693"": 1, ""0.1517144671903259797925415921002371112258458177947035517735191780497714414779880117580894272209966659377636414917079432091124703807971467544034428936793685219707188909602790955638467458507948416218"": 3, ""0.15211127993374365901299035844884060443899869044791683174845571256127269541237954484934243787285615123614575111335413615691362738009042640486054329133785573526316789193560944491937365991755526011"": 1, ""0.152226734290376645530797219403250201950578225895079761739607793264975174409735567748985776148949827456651523704652349114915947814839853083134232700134992103098980384227057509876899539592279246113"": 7, ""0.1525174275599449468349398397289557115476598883675229537690838218421566687767826954050493765611971081749291094862909881308935316649525491522080737691567446214698177192621785009276717277405633910099"": 1, ""0.1527735464366900236694710693445196972182512713552529821190035387031004663588854256989524501417824752173607368001687328630685945958613578308453047737339176489887745775819643317475568887534859741"": 1, ""0.15315485390168205174084986369621799609975189165021735525844291852604253126768693443955598085122656223093276769373716714357143126414215082134186908643755580702566412682035654358215074875568304206"": 2, ""0.153233044376042891629235023594251699150264217062831610085444820724385296379358724732302169214588808849076043534232549571490689748977725227106721416469066147443188511966344722406078170551203703109"": 1, ""0.153571119579771346173653311360593263981872489442785044803790297661963126995571119579771346173653311360593263981872489442785044803790297661963126995571119579771346173653311360593263981872489442785"": 1, ""0.15357111957977134617365331136059326398187248944278504480379029766196312699557111957977134617365331136059326398187248944278504480379029766196312699557111957977134617365331136059326398187248944279"": 1, ""0.15373542607066899441277632220967072371923972078771265385263284387969026000701547091572071630634540068218118776785845773884248473705854186876713697924869652652658109130804976648798219474192173196"": 1, ""0.153803658539830494202314769691784690817794919447373305025863346198219217023251983220809922570001622538597521313053831876698505389459164494956437657666818966104438767201970647593094530148576756531"": 1, ""0.153846153846153846153846153846153846153846153846153846153846153846153846153846153846153846153846153846153846153846153846153846153846153846153846153846153846153846153846153846153846153846153846154"": 1, ""0.154259203832180770047910199965005819577443977196947277988700302841370125172026085505965164021400146151281526837788475032462669908909245931041409362237328256654963819016007303284911862361339486547"": 1, ""0.15425920383218077004791019996500581957744397719694727798870030284137012517202608550596516402140014615128152683778847503246266990890924593104140936223732825665496381901600730328491186236133948655"": 1, ""0.15427339410841086452157202784092240631810831712404208947528766609641208314780530102411473834688664432518572332497480724613906400131236671275573574558833868435237046237491504769046893674861146915"": 1, ""0.15431313676456189324724648797291677011382796835791928661040702196711931749134481984880034969096205730140148763807778819134969594954878522446218292141018356091002343306686728020893361115840206058"": 1, ""0.15434110525068398619602929808718359992266152622823007248883047937625582257167780644974328663064824795896138407772740661919949964047615231061595898974966974451480553933831153743333232596835029291"": 1, ""0.1543615375762457872831944627007911747007948150532119090202322007355989277155332106622051828616405810996947910023655971854903273115320205595821089888644263069627003368498606538251780330941322421962"": 2, ""0.15443979718230373552912597329831700124394884347572514728203961451016201099759429721103515840055072223932345898737652805512733107599548451296682634440651505017431501613811866535569175813228008779"": 1, ""0.1548661256504807768305405468390562259735881895003969620515629291494755700708800462690817519309157399766065731356068334413895598708226693049694920275513814748552132421220426285965871101665127055600"": 1, ""0.15505958187153698786703685864757717078539832083096693437481665567093956014874183955658340963661453736978956039961582738215044731502752897567164703046519265980998863793904047931736012930853824570"": 1, ""0.1552342222501203410428711524529001695049098665562948062797321607740359891951435800874642315097061065446468792821034438620317054546588961090480667837104764977733733016754286108691959115020975174"": 3, ""0.155699481865284974093264248704663212435233160621761658031088082901554404145077720207253886010362694300518134715025906735751295336787564766839378238341968911917098445595854922279792746113989637306"": 1, ""0.1557175283185366745106444766739885916699958707655641914071691941990003884998274182452508589176431530039926498032588632780927347487383977357983397858267266672597243740565124555857822226609987723"": 1, ""0.1560465717155661170852688227167061018545792577057464375488226794846386328292353752034419674682704389039146952593439009759900861910137915695985585140234401645210190988448726931822122294852404699905"": 10, ""0.1561397531706683334687897673770910376158600340618718246924777378630133751801185698243059725187103563912031678245262522066482404277009822412228439852566798153290380266236402879465742211482502946"": 1, ""0.1561404451309632630490719958789726835848216591128149193903270089083446634709991536692056446742207732530448683886500240277508032551127846466033089091614430636464764784487561627846896480120234703"": 1, ""0.15694682675814751286449399656946826758147512864493996569468267581475128644939965694682675814751286449399656946826758147512864493996569468267581475128644939965694682675814751286449399656946826758"": 1, ""0.1574635432424311265532045824167981785315202863407285347264234428007005738901726864441125381819419840002801740967926319755927077064027661081339321122919913359227651359794285013628771726730921103289"": 1, ""0.1574759813962765593111522204769430469944021997248843001622135702242687527324607262752194338573923495324898966434368882439183417097833368318832605606634535245554454922099961497576347759395880804"": 1, ""0.15821009063697597959902915763026960700799859292109559756267079705593843911496433861439135566231014786948481404628271426615262213197375624951416105687982735430303377467564298980821777854661220487"": 1, ""0.15838983756590056140854484966127590969724816330113267748135421150659161380833387872438193600682040164783686444951963723968241299063424835551894554743544226073651025415854412335151707418922133755"": 1, ""0.15839300510586531618394010207686662352007211714908874233841802840048362574543446354832631831181970302249062839706277303236226097484240953157407028131329029283348060715614515730413580250323701929"": 1, ""0.15861318361038862610817282577226646335025459421599413193282048681868586175142327888875938049440232435588672682683393859059223912395840288299530899132850336198471203597192243187413658690414673864"": 1, ""0.1587878144082726081062160636991751615280639093890895241204727126027395313584046948016656316084830848650759806351315406799271817388941096822174523985341128518184025160234872103382159664318173069"": 1, ""0.1587979494071027095097560666585079463983297714939234560854768854265560361967056298495520042741991982511952455033788575121337834447997613985330430137804838266661898259492401542945426467831493012"": 1, ""0.159661408345798175645742098399840813532719283609785105652774161123684451470173028867262043431628576318510449226734571564584885596984493369133615020723683385303048817429181080092791737659776179271"": 1, ""0.15977545441162753095034220867062439688917963586283390044065776904390415038440869112183181426015253173909089215390953160630456826162643749976106281485893148572280349574211950318436939928521911715"": 1, ""0.160674816692670440996541689852938951265126691501627980950244848066387024374017676324041548716604988175546601768442228724914982178138201228116808677508143267676066843342519774287351586428396275396"": 3, ""0.1606915584415584415584415584415584415584415584415584415584415584415584415584415584415584415584415584415584415584415584415584415584415584415584415584415584415584415584415584415584415584415584416"": 1, ""0.161110241561016330150779986435018521417018834455052955600772160484165492774038712370219648353941670579642093180988156727709083320290081911618928366463191944487921949183492461000678249073929149058"": 1, ""0.16126247272376255516783951416376067223279455563463154562027122538215589889419364832202902664110968628509582924247100620153941291118996106133427759213830377561700824876847118875190978755343663527"": 1, ""0.16126845714671478628191579342077697849327801109886847533368430198913164143393476829617714060779210353769134960480776780227169558536497167215561446969926089448131514355001753272820911427472617314"": 1, ""0.16136814088293360808013589410627522981737683479783392721333296251180619354104557542435110767534666718109206284062342968744196443413165124882378931994146772005319567570613674588874677506478101998"": 1, ""0.16158085811214257978086159080370299711670134244623127185382953061805215163590807506872746948549402015114446005677796775529479675691261428216190314277393442178501056906612428114610777512807937111"": 1, ""0.16183084575231621756077096756501507092063487733845246754498085471833676596871461317446698554909192446996533124229591996897631477541100295921349108440534465043396526786729542426380029387199070243"": 1, ""0.16208456746232835869481376137177794926901968147812010937580396810831598805907606280452006894054328328115928924398051116073497011748516172544697431940413034299513700200466489757063946887213784777"": 1, ""0.162318562725078307622784458795287326744335743158713123357799345589041072929452861438145177061513389496906397715938591977632436820484946270210263616237356900470888501889949773527071626809906656716"": 1, ""0.16231856272507830762278445879528732674433574315871312335779934558904107292945286143814517706151338949690639771593859197763243682048494627021026361623735690047088850188994977352707162680990665672"": 1, ""0.162592234009681738593057987434339272839633329900092697497167576475435163250592234009681738593057987434339272839633329900092697497167576475435163250592234009681738593057987434339272839633329900093"": 1, ""0.16277756260906666612761111297439924012010249333159444198429378752728624613707322263676816848663263581481404808386802775343082644671288260039379203542582018316223552969618897953589125183640165097"": 1, ""0.16294676272370920216690303886133612432997359903997753206850837686591580891254555363812634350195170175552144693891737409157607008789073392203563344341436000845004942245312423970632574527452957499"": 1, ""0.163083765752409191994069681245366938472942920681986656782802075611564121571534469977761304670126019273535952557449962935507783543365455893254262416604892512972572275759822090437361008154188287620"": 3, ""0.16332840308710527491579971722757498441345526646170833162498522142378813652676943752774200492811441313854866400863920773828449733967077876115851542875867918537882292203770071728043782291036438745"": 1, ""0.16373056994818652849740932642487046632124352331606217616580310880829015544041450777202072538860103626943005181347150259067357512953367875647668393782383419689119170984455958549222797927461139896"": 1, ""0.16439627124732572574570800775696113377899138732738548109778474750798871703177652070347072687605414070712081258007885234037242616252800564688092154534958856621737123884460716229965116319603729929"": 1, ""0.16468180178882212132827256431843997262064897937589403539718677901210762440769568289916802562996004792140240242199880133293187885044803501750942720309209717596987841080597458490935902906580655685"": 1, ""0.16468762468602603364162168290571956197864244016662011623044495255639687077433064965705002746499626262998225689236107043141297632084444024335229643095261250701333905277927136910041341731138832953"": 1, ""0.1647553799189108393572313655081244086472579139310172562590768400517589161593702216974759887128827425570960437827139544602321030557466138835531409925595420034971927188297506576995681118792800823214"": 1, ""0.165061632996909923169296412070048006819638538715087086555740444471450834314596182641879096840226469443471715657342416307944824935693811064372029707805259144128323997189419823634325954173515487142"": 1, ""0.1650616329969099231692964120700480068196385387150870865557404444714508343145961826418790968402264694434717156573424163079448249356938110643720297078052591441283239971894198236343259541735154871422"": 1, ""0.16506717850287907869481765834932821497120921305182341650671785028790786948176583493282149712092130518234165067178502879078694817658349328214971209213051823416506717850287907869481765834932821497"": 1, ""0.165147334538658263570163045352596170881122769704018710818099410641866855694399084542083238307740002821708960000813719113247003819649680952958359037863331333597256410383006624899252640503272777827"": 1, ""0.1654516671257003640466098739760702504258927661251287598709275988677921450378075876300174993215751119989496845500697835210404868714660217390588713256490311664448510715770254299176021778433348148043"": 3, ""0.16577844085323733854611850776055010196468297897072052810851467300604468830256217960282958886103663600096186409798073039718860614238020844488694958300661723572546358502279908563651741089233013881"": 1, ""0.165804320272613705129159235533722429296640484055969954635653651016508756938845321737176142130913594995039338698197755672922028283090317341376857553751649850705365157839682227195886632436797277895"": 2, ""0.165999042690422260774356573392231653058655901681234054221187087112228676690285962215373412866542319139458295500385125414433879334032576416538401731008959574359068063906027226021619627442969078604"": 1, ""0.16607015479341523612536535694602602794618028787985464473233950617100456194571980181094462376201962409956676872524218073515261982616937121229186840313006475754442677401284520584191915236385376306"": 1, ""0.1665625014656962067956008735551330176641154600559896018643681660296898868447201974718461348307455239684743691117474405646571706863840950824674600683678997199369488403235161065715753298709418593"": 1, ""0.1666299356165718205317368127063926799037642129139910780809059591017342647869333495008318408083754723711144581141486370290343592274936735052220916090275926050826012293236763705574355989598556512"": 1, ""0.16717939947070363611976998675781140680386739248747701132277850119953074752496435508636245735254528621741252598507187257884202710860364191285673569408983812042104164767368188651678360637398775893"": 1, ""0.167469376688544518060534574912175833197414552439722677536011626903596033960115754516292293298344543444462791888857654601724230724509994261185870527844398299905252164642000259764938043975476864960"": 1, ""0.167947402484770954686872215590320392729373874855807909539137663625646353940970329372920987514017253122412208507243651731894325379728654648633816110780618489502090883295621737812725107609823262737"": 2, ""0.16800714924039320822162645218945487042001787310098302055406613047363717605004468275245755138516532618409294012511170688114387846291331546023235031277926720285969615728328865058087578194816800715"": 1, ""0.168086339802395693400437075157593932116183452676302567026397332713271145724230860319880811245642667730062224564622974202827217246673256484542634217843659801063153379749332713702770301528554522782"": 1, ""0.1681455610857007191203174843405354010196224758928753140919288971233246760445319322534727379141811497596787574859310996217103493077008474766749301790040859344874773242919157992174564471040720218"": 1, ""0.168269326575072180138307398498298770202201080365203731458223714910558722053832132787552688036691044634383940303560234609305064537659785161339770339656224392880469201397370322500641008073540362634"": 1, ""0.16840353799059861154521231872248153191129471432497262501100137276158684567600973763745374984900843970844390920048150744860274900908496324044702576184004734973040770831911441046325379088372727580"": 1, ""0.168826226820982621391925879602465417604430224768653270540113900556520474600951078392913804368674309836637072739704260865193190781315226894467608289268205568529143245671490569033202360507555542468"": 1, ""0.168871534299616076612080461267717462108680800457725861810716126004513611206510902166791704966242991219900368785976627754915418189800671719345777600698350649723728831696771124890342311874981542569"": 2, ""0.1688715342996160766120804612677174621086808004577258618107161260045136112065109021667917049662429912199003687859766277549154181898006717193457776006983506497237288316967711248903423118749815425693"": 1, ""0.16887153429961607661208046126771746210868080045772586181071612600451361120651090216679170496624299121990036878597662775491541818980067171934577760069835064972372883169677112489034231187498154257"": 3, ""0.16895368782161234991423670668953687821612349914236706689536878216123499142367066895368782161234991423670668953687821612349914236706689536878216123499142367066895368782161234991423670668953687822"": 1, ""0.1691302170417204285859991092019333390486763924682101185040550454399208560320615155070069271800114720579428776560791105943612036802379750817566710677341698718288906080134366357867898237317788535"": 1, ""0.169230237303579848885168609772754291404668769370463354398113681454526963427864790015434208898067832158215295421926941184030742091342375702981684294309055634616057615113056172410020357738917868154"": 1, ""0.169376164876497168984294563069267540739464583008924590496139837181076392925237205892831037053693916686031419920304614306727294475461635472908850419477612925496345099272674557520926728072746219061"": 1, ""0.169452874323857277167135628896697405896739724993588442360199333551337534693073573948135250766571755283951945402500067281325054996559739005142016995548955818441391415879630100717694634719287315531"": 1, ""0.16951382216045248046266459368882548164932572674898920203220216802503289121458669835612775467719932846099343514165651159895907392527445348217201901156936561966562393929703519229882748265065933469"": 1, ""0.16958366457857920993688824676094356175098799093040186448268032509465737697317682553886030555918417999133092125688885936369581134920017517814613840263080381699089046059987680521407805109474047506"": 1, ""0.169762880362391931345656705877588346225987633958307566267854834444781950579616594339134829737007023788383392766408891988376376089656127631461763148039489386808357201933547303033023736312979095761"": 1, ""0.17007201945988185369356739710027695162033105743857948391830775350619641176053813754456390076946756177098705181517150589584495324046563210794933769377103796103942707694231660957413001585138388620"": 1, ""0.1702762737583385315606004598266287934930385490845618285310575139499223500771655437442771852483370522947857819399966411081704906540208181066569032169948357475602801310976307717733062424927901625"": 1, ""0.17030794908401210622877332200696341372079578244615028172232998402713032136930837977402504026209319455717972885810076700950549566730792702431254069013138677490992028395540735502261695013650968895"": 1, ""0.1703652081455013089559611079944135409039118304960393430116218496403511686718159967921908073092765983157390004308966923097757375658946646841563667549801969170519715474085604409880389751588484775806"": 3, ""0.17039022937146261543044384867441167709264224009532320524277628835269585939827226690497467977360738754840631516234733392910336610068513553768245457253500148942508191837950551087280309800417039023"": 1, ""0.17043119767857797943034247905623721531754409255525899972128897232883992664375705257193084006914096355521455206131511369008810366075043304113546923583194408123867146246049920525738297272319208027"": 1, ""0.170655373987000423989113297181114475038125910384582533590482177531508456742103652161606269438433304191253451037469989979675601061456496065764612737386695954770318212184969215296548882406075328623"": 9, ""0.17072983877642215097796918300680994497557854732154749327430117850922089866990486650842548399073159217853173403639595043273474443656785023797178405769761948723484627092437386395402742033956979524"": 1, ""0.17136276204357286597712620101346418854108507187090425190281559902091559701505287283856910854831291455991258086687491974806749580243699010288368418056689862552764323718128858701916134546280590394"": 1, ""0.17170921825110722010505716345658667215985168400453187763930373879905242558450921825110722010505716345658667215985168400453187763930373879905242558450921825110722010505716345658667215985168400453"": 1, ""0.171945443293045211672796213729614376180582605449882741044360329139358344944509657311318575923564407273749190421940911800397667580515823883295086799661054959761478858470929772075311396421481744708"": 1, ""0.1719644571567160840498456282153839597721469287626015595321250849239173784848767601751549125539197793761504041357908695118649804363111945258923927244751224727662062564574703953568994105425347702"": 1, ""0.172039771429142931301024561988263256073078223866499033382768044739130613545768113821655872682635867190769088830341891526262473420054069877356387328844334947330565206451854449293068016929589062687"": 1, ""0.172679681909696602234167108163507922817433847408242366023877955918201304250214440954919426839792778563565918074446002468847480003890720598202879377469071004715619401015198282865488926635180856890"": 1, ""0.17277330950253202263926124515936848376526660708966338993148644623175454274649985105749180816204944891271969019958296097706285373845695561513255883229073577599046767947572237116473041406017277331"": 1, ""0.1728942218560098877330312081573797507467298382943660521165928519929961891028942218560098877330312081573797507467298382943660521165928519929961891028942218560098877330312081573797507467298382943661"": 1, ""0.172963936476210928185122411773895528994774600407369236903293333045641079257137152472778564742665929370688288715804032248379050247470013344330305965786848496527295954797982344822554215669522439334"": 2, ""0.1731051578674123676720368972450587016302386653612033647115316609353175659022201402134888942370108282001857997504746558648981026081560166405247236308046289438416016451448450656209920872773642966"": 1, ""0.173144744738571440909674903012991108914515751689879006454101421450823309845622771440674412948912557206522854771389484289682982796587441975132048791249501275755602087872800760403597951463200050678"": 1, ""0.1731993811577683058960383709298674762137520043809389119559714802659865054691717899423873890998436924135382972922288088451367729083663399034083146960687178358760329936868269318921886976055412325"": 1, ""0.1732954335221068337356103901660405029483422302376726334858577797694990307014684698385833919667021214560390297290032027109308390074185659974371909506378618794638947927197119930315391202967671767"": 1, ""0.17356766954622182504220037732102075265614139608777678482772316552477410386257571244166418429153013603415748187866150332638268295104756230761592691887598053817892959984112799126203951941217356766955"": 1, ""0.173567669546221825042200377321020752656141396087776784827723165524774103862575712441664184291530136034157481878661503326382682951047562307615926918875980538178929599841127991262039519412173567670"": 1, ""0.17408114211729396332898130898379798591519420657842644301249326916598802003892682610211963954306512743022669798453687235177255982541384955527373394328017803606714916745414231593518186902355827499"": 1, ""0.17408911430125548510265739801083400650192741965026587246535931088325058136578522582995258716316609152217174568217449704971982604946617694378077566711664034366326794742352503292299846530759748704"": 1, ""0.17432032020714308334403988857150366343278878098111511832519272659842734716975080974569757073006354878625233747547387864418801793743643621075422783957419005551937161100134727406596244349200092909"": 1, ""0.1743908003856555318296120195371720163235552841764059857916864677989536418930543743809295734368570601235822795757772899930997991089544728805161251099790784358460077712018688735253289039493244591"": 2, ""0.174814757307732444785602883186283087626713264340741827611308335817463545701611237149747188748235582117607207002647476666386838213157410830135896931441313371548780497282692238509727571452725713885"": 1, ""0.1748990400870307165748814288606704364107935500414888858060121409462032556483972646477344881137301125241617758201771834784310258770105908851723437358531859245143005055717401843687914057225459274"": 1, ""0.17505637996816670886448120738340799961717834519035323460966918355426186775718364801622963990867728270834687194211626777184325156348512822060222759432281529863733115353530368535090463111164107942"": 1, ""0.1752636899708546671706340445857144771058642562513124181327180695993495832371934591865171192289994581352739380141456145864422611351326525545763762174723773971885862803012739611373417187813136992"": 1, ""0.17548872648811562380973643029481132974615955597173524349580556089755991351288523563322341240368362352555656030956203755499726353650124812518258777323480350592257316477265378069894398840364229230"": 1, ""0.175701238246654441886777730092466154266318130388982091997971206741836057898638367601732277320432289025008778432367055518707814755569427646209667980180250477936873317467129647692247668838515859701"": 1, ""0.1760376687408032601994969326802023441986005855030405560343218042171480159808541887085943973926255824816767226926388945895922608564018771631353780675295290431536132534519908851046654723144111578"": 1, ""0.17612664501043389883087990300546125915628132399992413956960729535444788619306432998041556695613289962435303886943241100848780839670277052520338244839975613978673323610243022779084136871068954355"": 1, ""0.176420986152602229506123504265268599011826370626338997422153358436502954636742804667599232823384942875606012468905565449075422326719714698760008548667429757025005424415586806797035752530131294816"": 1, ""0.1764867728262805583455126467586483433134553613058787802396911707778586542341654314761125496153418783587765871743699761813077149518049890827758053884282799691970378204142519703041961572491622359516"": 1, ""0.17716870037512182843235216784062722038086577381762485822092884173030010231595670085795209761494147560378010975939794420153346811377496811879729210840107161391714524302409825006434588240055075444"": 2, ""0.17730735142426588308189738302586174267821886028635243361011444810434425384767837154588550042505257163514636224612314663628074725029836069642414705972167999498818495563051201187054279687214549919"": 1, ""0.17743643519051602100895593234842413127804187026542641619800355607542856055597651585617261417435953678683052640384151392793788001210586298916157187525123852447023694589633160496077461784017312749"": 1, ""0.1775082551599739221849715030295053370488915260688266623116712840304952641574233820339707573184617880828611571250852049041074623676091022299932981011795106101699136564926108688604760815613195010047"": 1, ""0.17750825515997392218497150302950533704889152606882666231167128403049526415742338203397075731846178808286115712508520490410746236760910222999329810117951061016991365649261086886047608156131950100471"": 2, ""0.178305084745762711864406779661016949152542372881355932203389830508474576271186440677966101694915254237288135593220338983050847457627118644067796610169491525423728813559322033898305084745762711864"": 2, ""0.17835556882693259545328764806446082646210661608452945321916349802520783604737753586894231171411261986362819981954184252544943751160637049861829290362327076888469093413859327825574756126595535408"": 1, ""0.17835885425689773890659044167138162794865535343269860944703490514231967670642649361258963932729781661645333624961579440642880334452310879053471822593113958148369531040009502746738960528555887080"": 1, ""0.17879026362500869195077942457339440408355041540098080607107908654190451683174007108064183067781211594776326310609925779987298076240445099686536736464079149770259040811688366539870420601008244554"": 3, ""0.17889146350617104684665529906350851083130037912124936006757795443765166534943311512746887613054305695538180240945500179677874354965163353572596472300347444405236652282564940185855550541845855300"": 1, ""0.1790674079794312905490836988058427928687318345353828443855403561611985302392210464410176463959631155590972040824460147694975489440051215721994528244667877706757771042075263003481183354907475183"": 1, ""0.1794939752341021493463697448997156949121175180066288744604544425329094618123736095273876179869352924370833222953010603739306570937645106412044874449430925848785202136177565463503773502408912829"": 1, ""0.17949488855808643993206505310780817993963191920576973576120177298663382997254101679606142442926772441714181467835010184590789746422170229465231836152993820712751283586407984514500905242061198348"": 2, ""0.179600886917960088691796008869179600886917960088691796008869179600886917960088691796008869179600886917960088691796008869179600886917960088691796008869179600886917960088691796008869179600886917960"": 1, ""0.17961198291258246490588101893611720190686801705407527611831269899535050134218470581845232266385519299062781191203148227625675447793770455955585943726573846110767102086748739083482745110338499498"": 1, ""0.1798645821672597797058849467759440985540080920723069496170428009457781990144857719131877505341199188435403759350778139139458953278893424756640352316738299269444718184061914057062060121829129388"": 1, ""0.1799197953227960424649131427730742046354715634072685117673154193370415011814532919331488558150578568269572670426357812664032279793079326718732161244998840633176237744847281343034211894070931148"": 2, ""0.18001382132653816365737686573444774258196298333105652733880205141826842941442201988591919074650248690196502596048011785221205865585785346900533019941525366676092840618839582452406500515833346931"": 2, ""0.18009959510922650219162977355061699403029080777800674465685669955769136987790262466675975068369042628354352513235527012522138430829803789467206202594234798418711947633135646974865535038663603132"": 1, ""0.180310880829015544041450777202072538860103626943005181347150259067357512953367875647668393782383419689119170984455958549222797927461139896373056994818652849740932642487046632124352331606217616580"": 2, ""0.180926131149042619676182668765931837819886262103867702614082300716044697962635972944943171285767924829776810336985543621482363616276579484731779796761146513656348056167261908843797902605819160021"": 1, ""0.1810936935160537645009694699135692924512800289197804725755036314042525222649446251930723980413421407210227086003483519011469322028328239508363731966216438266127707121495941371717769233297183608"": 1, ""0.18136286535805345538220515663659859922816537443885406542131592136568878143027904691967385631429702516046320353775885465122089120836648341530965925084011613937949118802780526768859626026368575492"": 1, ""0.181925200987746315899510737888201971168898313555496008480625635790561412918215453819972933310244678842200303624019859537842290261192795828968563731175820351966067279720075430178783472617456660920"": 1, ""0.18213181576898083446490527542894448558722965023209226194593578754670599422489925345314968517892212164686513098483788230297060655221082165315478976887445743741718052891294038292618882123371833835"": 1, ""0.18222222222222222222222222222222222222222222222222222222222222222222222222222222222222222222222222222222222222222222222222222222222222222222222222222222222222222222222222222222222222222222222222"": 1, ""0.1825046257376169492120686761942285580638592160595191398457145123430120295562978754898412177751077329042580674809387274214596159295280699928194432295838770477799246439065837783981779915880257882"": 1, ""0.1826551453678572256376264707102228038484147658609617219625817055861133763507784768674346841016934487233120310772009453123797426739276614380653844510918170618828818134106369872895114686286674518623"": 20, ""0.18273648016416769397778352322201792795327690674340120818727939593207164191115526985692915648287357787829940121959696744496618822325178002658226876496711756602502953292930594811719465266404816066"": 2, ""0.182736480164167693977783523222017927953276906743401208187279395932071641911155269856929156482873577878299401219596967444966188223251780026582268764967117566025029532929305948117194652664048160664"": 1, ""0.183094451703441588968875566546857637787027653980289486809903224780549505192445379180833340599537102825071977664823909098366020422159313438116151038214282448949747880589347336413100973611562624826"": 1, ""0.18314097923716879854835517554218780230097455272069572151594090563036061734232044249852043081147175943207926931618397592379239487262626794007171604987580186221954333591607607973146694749864417269"": 1, ""0.183277588930695554731505802900271860168423141204566580222356976297574528846151217289961286230868279276918172017524287511684716567781217009510550576150817770158322146744238818202749392045706319000"": 1, ""0.1835079224111370782980963340230000711167481475722263267542314202287214461597229513041985783000613563056546708305429981241771525957496739821621937739786884643629765910868367207055640288208896587"": 1, ""0.18355983180937456460020420143677151244543762115357862988492823372596416700949221834860767620442753296124120478297862487553114485260924117180226152810393081845752978330666579123521468353473913289"": 1, ""0.18399375097860133749036721215342315975798149199440488416434498082191770838892548451367468287614517172567999006929822598970624704558672291395766789668416043682995000821717292837857229047785502920"": 1, ""0.18487643805780276236950931092745120106204945043681078397367663906849309378168752617279456923940274788363759433949998881413256081598443206095587070110997144899307150468378856917578620557237736664"": 2, ""0.184965722968021102463525218434511802514005646937321437061349150931722595764065233735109039662032602063573210057258212716641272265261793357964256512125946866384962920156688485738710645367188556234"": 1, ""0.185253056259751415373703133694852106724422509313110492856341818024895134140256628621515580768726870565829975663165835771843118316801825460543803254065553725378525066253444915357756844910648603273"": 3, ""0.18527178425693918242475403091762327189294328973661427015787432561701935249345199205129744188511473665517947288193125547617006226643312853081980046687548510441073736446504983734463093160949937305"": 1, ""0.18552612199030734071707131990605846520816525953461096605169906369669111330460493937926319853467229901050808025679333200635665563861143754009261887794131974761121566152830010081572769859216336116"": 2, ""0.18588372832142471089453558975401628426377058044597621024359234719404020689430283298347549699973988188626415997589780691735268018213253613807670165466101006345579977611562608538018254986706678424"": 1, ""0.186133414879097055022608002148282774625045961621959353490586019912584358525362226124128737862318450154753066223172541534732862673212255849447459335276465760142612899978576177215418180612974090482"": 2, ""0.1862923061077350911525388814502008445771964156967761870429498403543104336182923061077350911525388814502008445771964156967761870429498403543104336182923061077350911525388814502008445771964156967762"": 1, ""0.1864136591318234546592839963864044452409689767137956472100004093865538215005952112628242182550249397811082038815462931006393528064416346635523927622395564461328437098684827471545569010129028642"": 1, ""0.18668248211928644018587346059764357447067672442121487971630029535677139591747305309301129516102211565042795571674799237634882119922783620360220388517899172362125616984977807041167947775160298153"": 1, ""0.18688356517962892568749288474299105785746456799402589231117443190834260303610660224590864883002818227356026777948966132343794424235922482611726408846187772008001013198550489316593737325116314683"": 1, ""0.18716710847065536310165643226747922053892155531269682267251350585215615107595634740870846044678917563031107894600120133039593771676129346277562010250501997508014186271837917013408779555872345429"": 1, ""0.187249641008908347790383715022086869896995963130462770332945157667085753758857235830765029824953369677296860812644422030412704750262216156201900649128359840384650523964760209758107360291113404476"": 1, ""0.18830287287392091079100333100001509684509987244199074503352186806186018504710271176586509364461003515088040919114958045542072338280212756142994982007347468910041822677163753767784187764212137140"": 1, ""0.1883976860674445581977732074535092510535190113419419590376746280582368389072812708786542512002453180275437322184655453073038549242259526185616893202155870189516874794675958241255872516810200701"": 1, ""0.18849944687569660726371411349100500692070200272772920957916003945185919240514511041458205974085655873043356439056229643770828963714917117053609984566235338226836378472044812582911771149479061760"": 1, ""0.188812717706713561030056040965581783364456993194047637914109224292716879475700519411353421471183560141273800127240472703647271700581763017698347804724326369744362044792641079419356989704863458299"": 1, ""0.18905197417573315844944354217876725689472744286046341895240543342764032918556773504625908014236221288099278997028836944085695411978384535440452898126680537502505364144302508943735355279796502651"": 1, ""0.18918014537792983658059526649929887295597649460530185010554044856653898400514209169502516059318362231940530098660896791024637505833012940029537132717553872283168565363853851099778088564170581829"": 1, ""0.1892058927067063843079384286780460041008522244364084343526249345367574283972418305754656960911435593977542698307062750464694258055871745659863108978833820223954087203973847281222639122806891942"": 1, ""0.189369573089499930336032672229883441991270019384572580781588517396154266721518754935777228192708405273798592765276579980084983176417478587488361844496628930953204765329066526597634349365558261263"": 2, ""0.18946614958637956486789188746078962389857605002684555202797900475223926896776802695326181914057090888110095058325911117920439311083248069636534923488274683528575076179244187915520287284342101053"": 1, ""0.18972164979494349689154200935048641361829217936165416968380112124378053518290578271283547059971257963463324997600717844854789448155346313851199265680813739844630785049469664092509539300743887467"": 1, ""0.189914378410784836925287725789271885634763937905045526048939754713041890598968165131504666855578920726731716553832509616124776555688160309521843137654079997772526646946894227498019020832064666305"": 1, ""0.189925880194628751537305533310269767178436872492379761663008164912407058051398929450652772985154251704347418185431816449247215642100104258049193615040883205505731740817676383694916101880306609453"": 1, ""0.1900083559746329846947755987348422596644772739453488097571760530114562214543224047171209607093048550072031081551198691607081066008739667350962588027592180424596161897166604687859755175785577358"": 1, ""0.19001919385796545105566218809980806142034548944337811900191938579654510556621880998080614203454894433781190019193857965451055662188099808061420345489443378119001919385796545105566218809980806142"": 2, ""0.19005804886734964603793626645790770046258946563246881344822014154820247401023319862058488563260510891224017834842962668079256808580319453353915306209182166135825702561844466847939488576036302480"": 1, ""0.19035555554504322147143045689046674793068780651396929437928097721773802766586565902241073359824299116239730994361522198267844241627114331889419918879298409649229727455923994521395516407852814219"": 1, ""0.190381713003065661736262418520614056866069045970088270865348846729919856313967330494484284145465696273979260555384797513968357042010270573570985878191617591770531249066708901096617602349137275911"": 1, ""0.19072963017245447869306676715879891810074126714482551434990647947538232033977377803590054329088988407823935936103712525949878034506509787697083723524788323523080598297512409061406246037059871484"": 2, ""0.1914904180319729917585145467183000695065038228577102571740641445735279515440373349220534207129381392115976566378711150829113295601231258067719193724555654850561016780855922947075762089166914904"": 1, ""0.1916289526084617016363420739668193284536361134185919334837570885375749914750979006148961539150990734833764834254778601575791332144846806371191707354906846417523089874423758847700985296217020917842"": 2, ""0.19205650009728435644035429237323906240085640384927169617237469983901391856102927924059835953677331921021414591445211847715757069136871282609958119906788037675804805516305116045427981104660936008"": 1, ""0.19217707617655070976635032723275350070221001229228493073677664908654942952054313225131706490653724312060396799192963846050922980219720983421298092241229112982173780373350480284695864613524593714"": 1, ""0.1922847780756627941614536788799523383973786118558236520703008638665475126601131963062257968424188263330354483169496574322311587727137324992552874590408102472445635984509979148048853142686922848"": 1, ""0.192631075100222242512819249153806133188766264042754765379572151111699303521203138008091269929759115336556997631781644954965199649490829692914948279478399775978456875740014329485062961812088988739"": 2, ""0.192659712445406019596586863496651764214908339450773838766869297653711163187335805087597803280334518218974390197222732690653271135901732677432439097322705873103761169428593673100003334042538360363"": 1, ""0.193508338224371108991289766164643546208655089434870740754618023310641971477705918513292591228771756013961644136018518683756297416127590642409721103406653015743582992853680895220425086154040903125"": 1, ""0.19360238154686443580347725406209835848728509595511477267490334398498262780423925218024830036528046455008469421562217878316521136688344201799268114667603932841087163422314988894951832625422305227"": 1, ""0.19366009975213331545547018081813453480127950887265125381014484962410198856049500451085855247989061631052005699783899058585905800044850072688140926898490895533283786390996528748176205431908217710"": 1, ""0.193765372334946956432176331239056545473272221650015449582861262745905860541765372334946956432176331239056545473272221650015449582861262745905860541765372334946956432176331239056545473272221650015"": 1, ""0.1938734981630423989673319432032568761791281898520504418627743024525866348922649190745705491013802005759110316751067421308708171978949458842220236322112997716214874391818091549995035249726938735"": 1, ""0.193888067181184212485966619537929164068909211076951388604164203570631356087794906254623667488019068856424777334773201289714082889945129793526419238126446530896470487006283452880072970485060731242"": 1, ""0.1942372818048221119753994483784962979412236380480160651625599060152955961230525278169610736259921339148736848200071086127975243360990878157686904920736052245525001607781192728041993349676734255"": 1, ""0.1945238169395164043654160146334512720980859636219141355350254714211365297287349564192704029724990705821312204901398927954123339327936428648724306409551055510440741775567018194399946483057669628"": 1, ""0.19458997574439195135880121300975693571701367173032666084474121939971383471586145786190657273053791881397227644006592135522848053299495152698568724624232357510529838970858923614306207292856268845"": 1, ""0.19488875482779016785054311683717799586719022225269341867464390057059442593959023695133513374438899371771199229237022406099737442128774504823510039536586405568052823890097565931901991532534636366"": 1, ""0.194945004615376471870941349299175700616594834222426380354451671607814756479824319503283914818241567120884752602769955050011610858698151630853130862201330154221379634110639789452073414723421665956"": 1, ""0.19498380075663876343335395210689364095624602325618053129581356317548071918381615900408067182190603196840009324353947715375273450641464082322249746125629488728125911345679467626280085351015986376"": 1, ""0.19500893757874322680434040147094719080778911442854875719426897242609662925506775886529598138785549454632375768294573355489176790507049547073105817926456805573566274641965727982532595469686589235"": 1, ""0.195313420537645483571943557523946853434957256154083839736327119167782469873313420537645483571943557523946853434957256154083839736327119167782469873313420537645483571943557523946853434957256154084"": 7, ""0.19538437366239666198726322632025450806048067038502761949276584180456827464849222843879081282580889432511131694596550659938514148560363967240996436938313613374392514627101905965222447896920336197"": 1, ""0.19540112890833907138185380141167786841850087492470994566066870818787843741439471912751659008193944697952445853980967296440588283186169248758447142533384131050452733360045929942571642554686787554"": 1, ""0.195462218250422003773210207526561413960877767848277231655247741038625757124416641842915301360341574818786615033263826829510475623076159269188759805381789295998411279912620395194121735676695462218"": 1, ""0.19546221825042200377321020752656141396087776784827723165524774103862575712441664184291530136034157481878661503326382682951047562307615926918875980538178929599841127991262039519412173567669546222"": 1, ""0.195874997463108302568750078101894751780656228663348739378903831802184537183664029166706029795888472393987013441307505867536323351563723171802708336501032619611907914218958458080055842382935235"": 1, ""0.196217891904044313846982897170976957113036476714392072268352408017390708974613061924314250070842095272524393707687191106046791208383060116070691176620279999164697492605085335311757132812024249864"": 7, ""0.19622691126101886617518989564034991229253846296391177957258858627068330028433459199422662140885543018587036144823409371459940909533036431613963565621485341444956750115363441234714650753997824647"": 1, ""0.19624029659603530188226328233659250012371949288340144363362317646787890793396502325706400783392757125037956773980554197434817742108416747703710959673937684152526873072793890541993803159619262908"": 1, ""0.19628336185474269479970405533654150151319092760649045698703523304306883645797763193924355128974395369293831489682502432125790398607430050923210042746826450600034969588255789745904928196944541276"": 1, ""0.19629493290945491051096919721041088960892403431705951288918738394459906691813905370867941162339587063347954846678985766138275442764097437401944770218820343354904209504639100010402858410348407748"": 1, ""0.1964418087472201630837657524091919940696812453669384729429206819866567828020756115641215715344699777613046701260192735359525574499629355077835433654558932542624166048925129725722757598220904374"": 1, ""0.196506707184098478163117686027721745065359685707500039619629371014705446898971090763842185089485476296674980267204992677659270571221702337166530389921085376463160294064546266780649678380213262427"": 1, ""0.196528668583541775254415146758445160632694603713328409534437402654673896525316843040706148843299372926732109870554545159668876822129808605210810824399613254037894932902552373359849337808291224"": 1, ""0.197109909480515595048179370262200353104575023830283257811489333257167563940856799637610186424257722945748490011588656694745031256120565793535447238367019367454737591397413159370066664661672782048"": 1, ""0.19746056259348631734306573799880610149539462707338829239580620842763338602629771650446532573721432238882836920050928673438664197738370026850211265542762538977286613071885810069593803244832134453"": 1, ""0.19752939760565919518415811005713290780620652388477920535726678611058602081822272806423739618124459124150334415691191030394582671067409886822417866453142869934781907478077267917265256622315161569"": 1, ""0.1975421760432919025622838556158086844540704182188517488093903030041491890233761047702525967947878117609716626105276392953071863861336375767573005423442589542297541777089074858929594741517747672122"": 9, ""0.19809037967439810398520346176340721268031436322647376572120881897170773911887330236026231726607825029086758616705247257825619616932480505020252298763860449465797901778501865042552262820918548177"": 2, ""0.198113207547169811320754716981132075471698113207547169811320754716981132075471698113207547169811320754716981132075471698113207547169811320754716981132075471698113207547169811320754716981132075472"": 1, ""0.19845843554993601010727616049631212523377429394584340237000484634023349991684059116071293717260056439967633406326642221518928366295828129409864447222923424683984257213041384322267688044553091140"": 1, ""0.20001834813103653459235321946230059010124811178826755101333392599979536393926922216511543156933597512942690392301152620181176647954188642873471748555754489629148807870282153521980339848046112848"": 2, ""0.2000259740259740259740259740259740259740259740259740259740259740259740259740259740259740259740259740259740259740259740259740259740259740259740259740259740259740259740259740259740259740259740260"": 1, ""0.2001706927140957086521394180271992353611310641723855857159667527773324332576556070943836623700879900932400089029542561523192490241190775337512243322116373742826072089632184147603277228735926573"": 1, ""0.20021666135104359224377039508209880285599389393078885227206056607614385508633396202393967140587104498105294690769391775327435387282737809335144374714615512658177686523287447024494592475832089345"": 1, ""0.20039326619713147400030768679475719549072672900712056607095090581646348641905813143664464727563662400658409127462685142642863110046500354114740463886179639418498069551656978202761355781766459273"": 1, ""0.20073792014950260231990521534617443524413807086117050254431099132931459998510423849458423768948472471716443703950001988240243734876266524243421989117429338268777716980977488785627863424987584706"": 1, ""0.200979374987315541512843750390509473758903281143316743696894519159010922685918320145833530148979442361969935067206537529337681616757818615859013541682505163098059539571094792290400279211914676177"": 3, ""0.20099143613203915298094976184840120128549867932100234154193356676029952620878949977201813796124943413059590509285748601602379571055039060022587586806676879507596330728700235518069639769151302172"": 1, ""0.200991436132039152980949761848401201285498679321002341541933566760299526208789499772018137961249434130595905092857486016023795710550390600225875868066768795075963307287002355180696397691513021724"": 1, ""0.20139896373056994818652849740932642487046632124352331606217616580310880829015544041450777202072538860103626943005181347150259067357512953367875647668393782383419689119170984455958549222797927461"": 1, ""0.20171377018291564929483686342775796863245808754993618359801433802575917031777324285110147384325171050304702831773172437934780856305896463363631373820029831737225727365631191224883846303834679064"": 1, ""0.20173175234149885483874409846478299135141367171990163262489908088412530387465408627265531840457383080456279578296885365184594440686064244930442187414125887552814835779816450743523617429120819716"": 1, ""0.20186047155266696039837913542879514229868141222209166576399345662419943821028100246801310880566243896746263256111593828456618647602127273737677052548181460834316501557285795621053990405639073851"": 1, ""0.2020022021950000143946207201818229604002683769715255075297849916926271948198932333474534817737313167409433305666210650046301465960186823043207235897910848217148691025182675538041976100404000591239"": 1, ""0.202002202195000014394620720181822960400268376971525507529784991692627194819893233347453481773731316740943330566621065004630146596018682304320723589791084821714869102518267553804197610040400059124"": 1, ""0.202721661054994388327721661054994388327721661054994388327721661054994388327721661054994388327721661054994388327721661054994388327721661054994388327721661054994388327721661054994388327721661054994"": 1, ""0.20279791493683027837300333630044034187784408165860714216390733351150628784079176403824822076514459020070833501150874899274647438434593431782920082185758028765262973157624213797391222269047745017"": 1, ""0.203018267349522297976788233239181246239188981988075306667993426563147721395508072657186013580986234836851430880026894019166945537005543689111981601336905902295738215805953889378503320325031014667"": 1, ""0.2032957110644493040445453658831632320600928208761062128193371796934857227117514200655402429008934393009891633071684395321777058602395229509271407683256887997597992622547817014439380776409453143"": 1, ""0.203454894433781190019193857965451055662188099808061420345489443378119001919385796545105566218809980806142034548944337811900191938579654510556621880998080614203454894433781190019193857965451055662"": 1, ""0.2038526462118955416542547909840135041207427266408499652467480885711448714129679277132360242279813325389732896435309303942011716810644424585443352199384370966140403137722172574719491609572038526"": 1, ""0.20391393616892072024913440625822094668366586453708382729464089200287239095115721229516171521146030813496255998151234727631087502256670954329397066626431248552130226425224865379744249948906206354"": 1, ""0.20427840000400051910717193391784279251154756706549323367937631317391429482037679675159110877845107033538362181239324068383731394037848914149471130191034463131395644516298114505147611850712343881"": 1, ""0.2045093128692564074387917045886242598913967135054086073342693065349859441547639854969947656670114938873893662190303670278986377451371689356657659524812890485872460779986612648761613180734800397"": 1, ""0.20457883125327806646987476190529074685526118821704955360099703646152112828759635555663283122187299127137992499213365258569955267339146556939489944578931819759783404280964713223452221297575221420"": 1, ""0.2048330270506401736463680105093719639487979694274169099851280732887477243512259016851299312746752199399501066932043029175338670897930952479084274703275665859173151532848468614773188760152836989771"": 1, ""0.205180813755523274498219546730237107141787605937272639837000811326786289552465989044134140721226378026020757962410452915317432452841866998898056554433965655523668429515264593029937935325220804655"": 1, ""0.2055212623957466227915008653372401046166912487257486502525709067853171027141282368643844152799738787797660096279789537899013081418936380005919632334312710793855803377723153433954328512178068398124"": 1, ""0.20563265239238698474018157086585068761900933196084554580597948411628242006473076114512168992774241317106843822592177840801562281955449013184221698282439725506568810237558497488418360496980809579"": 1, ""0.205855266692411122364340199845461475634430812216730559477137262834062924880162468262595211675283278996989182564574375901040655122066729424247624084093554114886742867941828356104425861800450880137"": 5, ""0.20594861679223491788569857109040720771299207592601404925160140056179715725273699863210882776749660478357543055714491609614277426330234360135525520840061277045577984372201413108417838614907813034"": 1, ""0.20628042051538703566548837279825859853973544182321047058178942596784374679245516325514433325557863954086010190201814162253540289672241878674129186894849036773297638697009210172205356362311333931"": 1, ""0.206327041246137403961620515087560008524548173393858858194675555589313542893245228302348871050283086804339644571678020384931031169617263830465037134756573930160404996486774779542907442716894358928"": 1, ""0.206813938326596493318364394173791108340169825148748147844441817142006779826981233338265245320553673446853095823758081375695021749274805113094847187334876299622901852806702349738744501850731446659"": 2, ""0.2070300863866547512660113196306225796842418826333035448316949657432231158772713732499255287459040810247244563598450997914804885314268692284778075662794161453678879952338397378611855823652070301"": 2, ""0.20710927934381919005293442992155652357853497395729334298816358798009771258529850468107350591908025483082639992322297103535326234097108204323837650178603967502818512158302925096030525762380439895"": 1, ""0.2071634565866721598516840045318776393037387990524255845092182511072201050571634565866721598516840045318776393037387990524255845092182511072201050571634565866721598516840045318776393037387990524256"": 1, ""0.20728764721046136019655968134712792828338427547865654522431300234214002894116573236029375415977249812144709371745906216628124331517786970544637415195738549493521557129233389321504332408804906864"": 1, ""0.20743431339052721711623416305961507537976315771490844458955393254794511463392219090744396141729210627036879096306138565063268481148391785170147778598258599751525450747762736482450078433484807657"": 1, ""0.20745128392049853077855759317349076752166036303691081301896459019564547596439694664853531329697357181589942921148089994302640109430942630579527573697814999060284679180721002225726774413527281098"": 1, ""0.20766325996124808424089848632179465475992553307574597149368422839424233484176576073387377529948114502946130104510594945233703735148066115592995072365729560121313104654932948143494460755285218473"": 1, ""0.2078804169651637539948217383871989215507242545524817113202565944079519207070055841499649648757461785925720996449062410385088383269912544499774913207604334970053561873215102856914118165100953451"": 1, ""0.20831700046972864199537626183364311668383111615731434439888559079452050002668423256656384778054968242832639523326314847505899858188162699869968059040839700967837600394424300562171469942937041402"": 1, ""0.208711504789370686991451230816767947265423833556493974662684107529096714388711504789370686991451230816767947265423833556493974662684107529096714388711504789370686991451230816767947265423833556494"": 1, ""0.209007051969821327316144642089359228062419564836351942285175621444134877320310588416899922468619354149267904490677124952464509384361528790474431441335742766826065730238845869368843109602405529"": 2, ""0.20906893270448800588707371638853067733334980853520708400961350244550529311655431783198351583106196690180870980752369940649527520510758844317915897674415736724898056001270987136945810551730593793"": 4, ""0.209199687548930066874518360607671157987899074599720244208217249041095885419446274225683734143807258586283999503464911299485312352279336145697883394834208021841497500410858646418928614523892751460"": 15, ""0.209411833568856695339034243420485737940268041777716845887151813367086096939569301583228117805831764396670078126904042317792110964941465499409693120272932453174580472271705091345731925469025420476"": 1, ""0.2097433485444349993293674635839813687106353293405617811376408782987095556936519764874967577194995370978844464589476495918155745486600152603560231587470548311578645311026251879211549175284663371"": 1, ""0.20984763921015741412960796945644835271939243217910171744690008595555073121391083825354699452477018820731771761439312410152261886060749683119497924366348241165994883638838493841337559904108056367"": 1, ""0.2099947849788056060823318827807431490793206838273321486169268370488639128186207774338913745019599376815540299959882903188906414385443132806923985351620714599884320981886083556340354093796672375432"": 1, ""0.210841485895985330264133276110959385119581756466778510397565448090203269478366041122078732784518746830010534118840466622449377706683313175451601576216300573524247980960555577230697202606219031641"": 1, ""0.21087615834889455126893418981372620626202739518886094668584643009723655445897164586651321416053586491702409716377116728300910043398483282895639002658426062479444156079207577483123388588728193328"": 2, ""0.210917324553978563211922201242371190430155670373946471719541952009676084864093932410561480137290623785096061951028218225713987881235804946795213684374803419354050916272804486567459717838303745778"": 1, ""0.21091732455397856321192220124237119043015567037394647171954195200967608486409393241056148013729062378509606195102821822571398788123580494679521368437480341935405091627280448656745971783830374578"": 1, ""0.21192264966558391863328792644091873107609307660605427624463310454913111364531841950769402185058696277679921309355145855834681090385567934675361222066997993626705986083826459749555529230607963804"": 1, ""0.21243523316062176165803108808290155440414507772020725388601036269430051813471502590673575129533678756476683937823834196891191709844559585492227979274611398963730569948186528497409326424870466321"": 1, ""0.2124434035597804038571171611519741088883463964167212818743025112334371981223629446424435408365810773425955808300035515223829623192002761846342246247365430395253593568008235713840432458081768803"": 1, ""0.21259060669248336808658524476218846192036540562009730910535200079436004368980240293913216165226889087478899811339489623671929301956111607586138417237612948068712143779167907854234931982921259061"": 1, ""0.21275018532246108228317272053372868791697553743513713862120088954781319495922905856189770200148257968865826538176426982950333580429948109710896960711638250555967383246849518161601186063750926612"": 1, ""0.213257436320285161302258213351064750073639958055153813818212346085243086389355130492933121643301850405696772002285326351732327157372372379161079878632884442067515668811562715919730196101492689742"": 1, ""0.213509896437692548879928636703840124839438372464180769214567599540271320711418630299667675215749872119990499877558582853203634595712705210521764104142403914225005825801410294138415137284892326"": 1, ""0.21383399340440355136167453129099383243096018740574351233050202426838813897474262926715437340628109647963182740907090802978606814147415417930751144194810460481662525093656037592691922520865322567"": 1, ""0.214777995636441089429261399038109107929778398090793478460213234539536272979404115543071679675006218212272776827486884924344549917531402567324198110511360340575224369109952369502404897749223246048"": 1, ""0.2149744000140018168751017687124497737904164847292263178778170961087000318713187886305688807245787461738426763433763423934305987913247119952314895566862062095988475580704340076801664147749320358"": 1, ""0.21503188766875439824539081577102276149849772274889536858609567570928983148351474586230831625825283150026193796457872808220825277698948003943222722559239826028454838523937630471512394837304724912"": 1, ""0.215049714286428664126280702485329070091347779833123791728460055923913266932210142277069840853294833988461361037927364407828091775067587346695484161055418684163206508064818061616335021161986328359"": 5, ""0.21504971428642866412628070248532907009134777983312379172846005592391326693221014227706984085329483398846136103792736440782809177506758734669548416105541868416320650806481806161633502116198632836"": 1, ""0.215109302446913966713622371784838524547399175666510147649606093807064224970000521730056868576198674805655553816455365993634893306203370376167371002243439244534877654301664318881410758073772630041"": 1, ""0.21577446100308829008102795675335342789417983645126995672664113962444902129161948423262264739878923262662044165639455995863508636721467061228465477920712620057862035715639389901840039182932093657"": 1, ""0.21582965245905100645294188545209138693809554516643056622865836559184604106395944432293798514599277781723436942225460246981187805628975361001483629665751351336482229703102565089302964332999620327"": 2, ""0.2159661408345798175645742098399840813532719283609785105652774161123684451470173028867262043431628576318510449226734571564584885596984493369133615020723683385303048817429181080092791737659776179271"": 5, ""0.216369360995025972338708026321147644946602132037277364905996943394673825034947609094751056766110608246486858757733653927092710079618600065865778416372886303218252241512900486882662083491309181346"": 1, ""0.21652635793280178887001807030772449442767553311271381548922271471850939721459472688779484011924103456031717074398613940164108262895047285962564398931387172420208689885113329031805807011683666208"": 1, ""0.21656240691093238010128090557044980637473935061066428358653559725945784927018170985999404229967232648197795650878760798331843908251414953827822460530235329162943103961870717902889484658921656241"": 1, ""0.2165804320272613705129159235533722429296640484055969954635653651016508756938845321737176142130913594995039338698197755672922028283090317341376857553751649850705365157839682227195886632436797277895"": 1, ""0.21702346244587939947288548632468561298745914682723270274192841126052766522138633108168017526489323911725482794029888911866489272636642353065505816542214159973797766610538208244161024936970769973"": 1, ""0.217230625099436162984843868649138619995872276407176999324377938047538176500924902225912956916913271996746691299038438957601261679410521676573248386606919342314985468329471652388448573549778253923"": 1, ""0.2172496101296034779631259457690031119891347022196158978273466086572706382440027540685150082202019683226327668982473947274080427689537364942183581669948331438405052101593120744613980087695610067"": 1, ""0.217391304347826086956521739130434782608695652173913043478260869565217391304347826086956521739130434782608695652173913043478260869565217391304347826086956521739130434782608695652173913043478260870"": 1, ""0.217777777777777777777777777777777777777777777777777777777777777777777777777777777777777777777777777777777777777777777777777777777777777777777777777777777777777777777777777777777777777777777777778"": 1, ""0.217870896371057626743705046902065162183316387448739252848923876058304411923244530376075104482691168868443040566524167282284940598341828538133690302666110113841079198028444919461821640192876208723"": 1, ""0.218109604097133787860729399435087477435133891928451840007960559378886328373048435943116081485917409021108585280161364115001673222033262134671889608021435413774429294835723336271019921950186088001"": 1, ""0.21834649107957126423844402484742380860311340747892943439083904019352169728187864821122960274581247570192123902056436451427975762471609893590427368749606838708101832545608973134919435676607491555"": 1, ""0.21844954995938471448627638244291523235754024444093753814747363881740517305039632466651438177248852104168895860599469988285832574600042240758111807971188444375358868826083689663479807432091307209"": 1, ""0.21862380010878839571860178607583804551349193755186110725751517618275406956049658080966811014216264065520221977522147934803878234626323860646542966981648240564287563196467523046098925715318240931"": 1, ""0.218809980806142034548944337811900191938579654510556621880998080614203454894433781190019193857965451055662188099808061420345489443378119001919385796545105566218809980806142034548944337811900191939"": 1, ""0.21880998080614203454894433781190019193857965451055662188099808061420345489443378119001919385796545105566218809980806142034548944337811900191938579654510556621880998080614203454894433781190019194"": 1, ""0.2191594552748893537057720043416416920457027766142022157003210727606574563917362112921321543273811817412687477212131120872336242562553077560973256262555117488243082892362455480064207145475725926"": 1, ""0.21934773424204568376386411844574143098880161351989984878551217005502918979615107245725380710304531665013112899399251890974009427696772447125619184583883283568455052613227409065295544145599092632"": 1, ""0.21940012684834803301392676425791341032669468771141479211661742665795039731437317154833379635424278906590216145462919603557093739744607247938986776854225116082472988194450173708543906975969926287"": 1, ""0.21948154155357515369319118196002617317866446374327748831617675137510193578503145903456078457620519254904139847404253905708842032674476471294230029913176778472968160347866442802801608829003533380"": 2, ""0.21953977174174585351013188641530343638202140498831920846745455672440559698349038201305864074765096482110682443838195265407534707262572817554589096933041178314329522883669020586134469158595354895"": 7, ""0.21969696969696969696969696969696969696969696969696969696969696969696969696969696969696969696969696969696969696969696969696969696969696969696969696969696969696969696969696969696969696969696969697"": 1, ""0.219714744855312365200826117450503896847728328155641867126121805524375185637549765100112658650390366210891283352690198403688048452296645460330508209684521595655966531046804198005724304150654141508"": 1, ""0.22003532830863544409174399418244746533252300941367388013238964634688895792522704744070863238407195664111245577453533219920621047331015094192378516262343921663491139453450969782719919054264141548"": 1, ""0.220914877393540385372440270476637602003010102528976621743710600882297343380752994736213371360367074366747412910731849326300146357600786938988442446832739509342710254976787695441810271717745465191"": 1, ""0.22146159693927841123071592594666720733981651494554575638200727341411345938235226352667626323265694132600251198901239433565039989213339605072764257701422389521291970987765767070257112087895608497"": 1, ""0.22159470967119163013648946061312377331624840515821725835854572245221207868324679541005149887938815308646034220438404326079573258436928575398016992153570024706243398975051339939854962307867790128"": 2, ""0.22179109346777079866077344618883579113559800543879754725590305128799302976168262324479604581479259255383105524534546002776341597286146420286305130243573987893182475545685912846140621246510154493"": 1, ""0.22193712038313757979155199167708574441242242340575156918343915170211834814275873872420440211385336504005549748112716185807648911357220845770889332959498959791678769621437660909335093895884197166"": 1, ""0.222024224145000158340827922000052564402952146686780582827634908618899143018825566821988299511044484150376636232831715050931612556205505347527959487701933038863560127700943091846173710444400650363"": 1, ""0.2226734290376645530797219403250201950578225895079761739607793264975174409735567748985776148949827456651523704652349114915947814839853083134232700134992103098980384227057509876899539592279246113"": 1, ""0.223003830891807146698383465438948731752643794815912717656537809550721538161873777623116560598238971531739079263158337989387578631517938175002000448711950062162096169910737504635363574169509023038"": 1, ""0.22303667511701698448443760433822528069307011175732591427610181629874160968307954345818696922472244678995970795799002926211741980162190552652563904878664470454230079504133898429308213892778323928"": 1, ""0.223348288243405050691103618241913296450244833693065702775361343434286950584811434013023973107624490731329374870363138121601534260387050079015061644683875744558900418771486316365187655338558429054"": 5, ""0.2240509165642354398859603315543306640490690831228602835718576367255970125958872392193217973069487342197379271744492952079480035621846120204472962574169301734719895804487278216806883872779207221"": 1, ""0.22418737061209928216644653317488250595158065905882562506096311877714649975065579036030163618675735160576529660358935659733596826392069940181040062696882285738655920213752267642376013083841639433"": 1, ""0.22480959258832902254225741454537274854546648762020665727097916894167238867498017455178345868724496331714086831091412752637592827194952940923930646325897740428953367388391183599833435217390523655"": 1, ""0.22482399806788003632996133199200930928367980639787062147377175571316183894813441678176595258123458945780817808093582303752014749985955089103243202452926701872369019088206842516697081462494095136"": 1, ""0.22485410008230963702793733650337307602996105182292295175009774848828266634168714814766067209208545911402303691551833559682432364049360384061445510779018791314951311334656452399463914361296122040"": 1, ""0.22486919413030519957442221409923216225247786321130922139733090297091023147000851623910764998034795206736905086346759510188161435527119296120832690855659528976247758388435169895251695151529552766"": 2, ""0.2253100789464774275854306641490845428516186804448735766063450342411611301836912718892673776164748748542115274341233861870856785457482965936154256421249764103224861099527365383880951661405964494933"": 3, ""0.2257457142964299618942105372799360513702166974968568759269008388586990039831521341560476127994225098269204155689104661174213766260138102004322624158312802624480976209722709242450253174297949254"": 1, ""0.225821346633617775394062690775751271306837267849686833841352646616546931808066000601447806997318748841402674266378532078114541066726466763584187902531321194044378381854662038330901607242544290280"": 1, ""0.22625443205764925459554959285975282930658920741492661436299713613885065392025067781281634166197993642964494258845940578690931998766702088612547173611392956119929098902101183459468753821147339551"": 1, ""0.22627498256433444956841501665932068084259967522937781160141732170171218116101307866872332354294557396359098701549233561630385572380792075535545825905327832157721114523840221691393936109242571431"": 1, ""0.22635654963944523279967977850307953297336099412966086438862942304838031287499878352494535360167381110158059791398224380207569404474804751451245103729472828236680975658995640287832635446284191926"": 1, ""0.22636182440027696154364310731860598195647797946495045167720255010869193109133163702696406294276309545327746067304494441279244505239412572544181985387674999477935932878178334569848208007515156165"": 1, ""0.22639256985323755893769146000201432664969713634061655277799818975099028117046904248430882288064345154218084200715802682569407579313214467035668781160622396285049581424338345981917746903797726613"": 2, ""0.22659719806789658253905504751972822938833075808276091984357485783828304338168733333557301403578689849026339220048492937070715121277580006302482136082471684106610647588755720554405563994317846043"": 2, ""0.22713648804329205298415847963387201355658562185916996418171314317288974464115245571036177366873663008064186567853107099793783095199356214209440291668231433157358564078244674858092197149046613732"": 1, ""0.22728266509363814669536426627628159186897045576130964644170995790265971659205337617379723956269314091827970082706307257370726605378145961503926073070812140333835329115216701622582043308161247894"": 1, ""0.22750508733189032999443027760708387800194529326585458152581963798362425090128300372994224353055545186417071281745745294123366402234842601365042179067262311492940138257459186731864461715387265446"": 1, ""0.228034607065609228550829127613554434030281182408074981975486661860129776496034607065609228550829127613554434030281182408074981975486661860129776496034607065609228550829127613554434030281182408075"": 1, ""0.228340101435564968296195829104875302925867338842619642609411689897462761614603351623478664223424741184977285556978523672373921722259779624701349050202488154648470576340586264815349309388418869170"": 2, ""0.22890151290538304184892112564956389239959329876974206837417302539930588615786872902580250758458805284263297359658001477483857436020388491520856726398664273218590075268267806708371936462902900935"": 1, ""0.228925804105269897218738882938818122342605983280398412526474944118895131087672571898669163582030940755707168106879226339917368852575480521405099147710821830160602860109115801182959981725026807335"": 1, ""0.22948712466918977257485624172363212925241712030467313207673656324970671720310272192897653584534080388588282874066992036177626694287727619553545980880614882526315102979605117907298975398374234933"": 18, ""0.229487124669189772574856241723632129252417120304673132076736563249706717203102721928976535845340803885882828740669920361776266942877276195535459808806148825263151029796051179072989753983742349332"": 5, ""0.229952507574056006769062920605159132027230641064624537870305381318570393123825195895288738805989347982669795076151428097168033379189358694471376873209014246340042681020919593640435934415024444272"": 1, ""0.22999218872325167186295901519177894969747686499300610520543122602739713548615685564209335359518146465709998758662278248713280880698340364244708487085520054603743751027146616047321536309731878650"": 2, ""0.230025975692650013696152993178819139902417228228859466631211202000397029876812118155461607202587402852175973401452610344601509763406310042717590088647919848785458391124509672402417499223160067399"": 2, ""0.23023932339815051335785891167917223037014027477088254939442563784315914764489975010976262584446859685625433597901977213584140510431936551949479810776315360357585385063174161648251703583083613221"": 1, ""0.230769230769230769230769230769230769230769230769230769230769230769230769230769230769230769230769230769230769230769230769230769230769230769230769230769230769230769230769230769230769230769230769231"": 2, ""0.23090222508174954718421236949424237294325512599972177508032536307500273368987190708255198325260463427969085297429776987055239064671361081867435198922808805119583097463893242288462327087612869821"": 1, ""0.23114554672035982039347344763481107610923458554015510319268922538451011893214939058475359780097870962527556417281003232830438699020998574168112120152490847867797137837642051891041579160592470070"": 1, ""0.23149519627925531186223044409538860939888043994497686003244271404485375054649214525504388677147846990649797932868737764878366834195666736637665211213269070491108909844199922995152695518791761609"": 1, ""0.23175756288165452162124321273983503230561278187781790482409454252054790627168093896033312632169661697301519612702630813598543634777882193644349047970682257036368050320469744206764319328636346139"": 2, ""0.23202659002638149788270410865347669284040833698388452213313070515922752810480757601202434492480167236814488904207245681419434631261093508369971669018051284406587788606387906153385982181901137152"": 1, ""0.2322220483122032660301559972870037042834037668910105911201544320968330985548077424740439296707883341159284186361976313455418166640580163823237856732926383888975843898366984922001356498147858298117"": 2, ""0.23266533789353643846533827870031105343475051827429699789661520341304074946697653381977364615802626999907013782689962590271445970508902553199066789284294999617153017443997445351222019205511114521"": 1, ""0.232875"": 1, ""0.2330286738077657363539332850686978041362510383663700676906898419087461637940552767032692617945830675194175414650370709106099465181062867036268309708080887885390443490691481465443383297659413029"": 1, ""0.233976508871074396874730567165687895642991812649154938585129046433715137717185722665015430598028549758429102334673639578161424564025778587734144443670879693834473429740305132777906423004880367987"": 1, ""0.2340332808092150675713203260702042131218890197302568434670845407756295633356616250677151726770356220784552435854271791444844361823341969011007205734670544176575690000955440320914097026140349971"": 1, ""0.234341843650221444021011432691317334431970336800906375527860747759810485116901843650221444021011432691317334431970336800906375527860747759810485116901843650221444021011432691317334431970336800906"": 1, ""0.2344041219124292246073640767316885184866145752231147624034959295269098231309301473207759263423479171507854980076153576681823618865408868227212604869403231374086274818168639380231682018186554765"": 1, ""0.234892300609966298265555701606329397606358520425695272161857605884791421724265685297641462893124648797558328018924777483922618492256164476656871910915410455701602694798885230601424264753057937570"": 1, ""0.23509774529762312476194728605896226594923191119434704869916111217951198270257704712664468248073672470511131206191240751099945270730024962503651755464696070118451463295453075613978879768072845846"": 2, ""0.23532579490055747167301832625918185842271802066306717022915030127799566456619901960692398525078338798510139490535183278558148787095371764273913633706534993339352990649680155482828476816890940322"": 1, ""0.235407409783963908418588527310538403194187529141151461677838195445010579639158020332787847307393148511436110220589833269154004662634923579430637718997959784379264742899763792129373100744135651661"": 1, ""0.236001489679103453934786380084107023046822802973157631920122438810192232712468973402011439699358300896333639869225326293248564617547074509882860835899818514269077947054309973488356206309187790459"": 1, ""0.2360621761658031088082901554404145077720207253886010362694300518134715025906735751295336787564766839378238341968911917098445595854922279792746113989637305699481865284974093264248704663212435233161"": 1, ""0.23607387548406315162347333929103366100685135537682454572535001489425081918379505510872803098004170390229371462615430443848674411677092642240095323205242776288352695859398272266904974679773607388"": 1, ""0.23638363141646916863003138466626816615017529927094617463684418223366492904843986716191071453370926508895860917765908748655207675313797819250630800580871353963995822563960098710676456710681208685"": 1, ""0.2364891210521162495164611148504389667231737814915006047109303944086375573374446184062328304729168366576474294415415577374620697141745997507067599292574990600990312341340513186424992399353336905"": 1, ""0.2365658459834808733518155410416405881938239641762612154326133356626344596339207528620721024695329894994354754457834065602411507035912043020875622982036011810679447575874597884606135474657107660"": 1, ""0.236618890340688317793775113309371527557405530796057897361980644956109901038489075836166668119907420565014395532964781819673204084431862687623230207642856489789949576117869467282620194722312524965"": 1, ""0.23673753699428680005139146514321758447738614870935256796092508767245126641480388677934833950430503417401121988227461749210248609969489381162029362995611226649298373280646691551661972876160445963"": 1, ""0.236938954764524870163261051893857277174324779424747517220815143166672204764503939051625338876255367999041008187037153885739013751998628998970968344623741423987459400762648378772740528018121074031"": 1, ""0.23705572149551962097023380368730044288804202286538263466886394067360181275105572149551962097023380368730044288804202286538263466886394067360181275105572149551962097023380368730044288804202286538"": 1, ""0.237126630827096036578012388296974557035250416212494426694595772053506950095332088249963451875171483360443987888426460029418212265646289662072390587268658095694883138981744380529297419301844706686"": 1, ""0.23741340231912218001764807906520467876457651621510740018270350170533942494569773695252051521008716807845921453446394013948538549563647470709452052445837310459815891523976861957777436479194575593"": 1, ""0.23756476683937823834196891191709844559585492227979274611398963730569948186528497409326424870466321243523316062176165803108808290155440414507772020725388601036269430051813471502590673575129533679"": 6, ""0.237631892091290964437899593419787986485508446393343975734241785205711983067709494021116474872664110348392002567363031089871923706638368499363453376601956850248443109968287175979520645550211693734"": 1, ""0.2378739146178999860672065344459766883982540038769145161563177034792308533443037509871554456385416810547597185530553159960169966352834957174976723688993257861906409530658133053195268698731116522526"": 5, ""0.23796224747682442376972309052536005114728904036315314916805333353588125735947136981409322630169852082603786743006812230958618701770358298279022280853944358096242997892064867725744465630136615357"": 1, ""0.2383557800224466891133557800224466891133557800224466891133557800224466891133557800224466891133557800224466891133557800224466891133557800224466891133557800224466891133557800224466891133557800224467"": 2, ""0.2384886999792660170018660584698320547377151150736056396433754924320962056811113414886999792660170018660584698320547377151150736056396433754924320962056811113414886999792660170018660584698320547377"": 4, ""0.23860395814954987365269791206868451625134284461370729559818697958317039844616817884943140880296711326993490485592773353432014830159848677529747767155897156959063946099780621059610541887985686074"": 2, ""0.238603958149549873652697912068684516251342844613707295598186979583170398446168178849431408802967113269934904855927733534320148301598486775297477671558971569590639460997806210596105418879856860740"": 1, ""0.23892023168662893305044727501563623962624102189593657089749104103485182020422901255626074449859536721174971502952859530950205970874622549846225483569792746260021533321710692408020511292212758667"": 1, ""0.2390842638907346328593793644201537809053463389969319018483990252226111214870338577069626092531982003093700634684689660848078029943320970083417017482512628034451413243231908267376091425086932477708"": 1, ""0.23967625433389200381823793383358542015597500091582420464261386373807680223393420007285302020581488371873241161474094085413146075334514852572040456806158506535613063701292760206129524245355220984"": 1, ""0.24014152870304805942096142199969513704868260011754724418866658415401848306763266575134195065513450493776571754370098118676526431993467740585130082767564525079819412595888582619903726197105889673"": 5, ""0.240303402114332110594986686309062703138006177507022891823274774425759840853650801150534228010537199809903889874530131977529056857054434903457307236118413256513909225611820939629285010443504497522"": 1, ""0.240788843875277803141024061442257666485957830053443456724465188889624129401503922510114087412198894170696247039727056193706499561863537116143685349347999719973071094675017911856328702265111235923"": 1, ""0.2410208366478720994947956216379539998624092135725666441459312682512725500308300741970985638971090665582230433012812985867087226470173892191082795535639780771661822776490550796149524516592751308"": 2, ""0.24126239707978107101452454881362952202423513050143519272019954655108936973161209786252455342318323513193547603303036013941872218357006821914232005697169610817506207942282678889940916784483592956"": 2, ""0.2415025906735751295336787564766839378238341968911917098445595854922279792746113989637305699481865284974093264248704663212435233160621761658031088082901554404145077720207253886010362694300518135"": 1, ""0.2415085369573896591620524977415027782756056104461222795062502558665961384378720070392651364093905873631926274259664331878995955040260216647202454763997227788330273186678017169715980631330642901"": 1, ""0.24157467532467532467532467532467532467532467532467532467532467532467532467532467532467532467532467532467532467532467532467532467532467532467532467532467532467532467532467532467532467532467532468"": 1, ""0.241720969609790624867748492254979036638462172885748360388422840099728879279209470625913712489298180391728506701062448617221918170722360902798065308137200389546952573863628197855438220933738032477"": 1, ""0.242395309360596524428828221651094755328562082970894064981393491855203364764784236093798711872411984587558929133618038511076200147560107425105851566420027866769736043845961091874069104948882354"": 1, ""0.242590673575129533678756476683937823834196891191709844559585492227979274611398963730569948186528497409326424870466321243523316062176165803108808290155440414507772020725388601036269430051813471503"": 1, ""0.24289299486845946642777326321411367246170406663001200718590308681871672119266437498098023299021803484104673338989699855259180911761972146168188261199459781481548086332936439767525191062379267417"": 2, ""0.243478260869565217391304347826086956521739130434782608695652173913043478260869565217391304347826086956521739130434782608695652173913043478260869565217391304347826086956521739130434782608695652174"": 1, ""0.243609022556390977443609022556390977443609022556390977443609022556390977443609022556390977443609022556390977443609022556390977443609022556390977443609022556390977443609022556390977443609022556391"": 1, ""0.243761996161228406909788867562380038387715930902111324376199616122840690978886756238003838771593090211132437619961612284069097888675623800383877159309021113243761996161228406909788867562380038388"": 1, ""0.243821428571428571428571428571428571428571428571428571428571428571428571428571428571428571428571428571428571428571428571428571428571428571428571428571428571428571428571428571428571428571428571429"": 1, ""0.243954828122468226023242536623438380353528615703916238624259843324633059263690948606706763195583616361634960964404436992070267637354001606815278386992127164836703120258414108365760817688955127208"": 1, ""0.24403846153846153846153846153846153846153846153846153846153846153846153846153846153846153846153846153846153846153846153846153846153846153846153846153846153846153846153846153846153846153846153846"": 1, ""0.24405995550151109309658700900226269072580714003648626801805067494101604586078596785430559199745937432953076256538800633538148893783132055985977238449343586607612013841194244866870900093306018700"": 1, ""0.24409326424870466321243523316062176165803108808290155440414507772020725388601036269430051813471502590673575129533678756476683937823834196891191709844559585492227979274611398963730569948186528497"": 1, ""0.244473243823886402690222491558153885142894958752985199148625428731617293689903566837058386662029754673172555776861955548116501135326754307260495998716024388079321728091575374434042122904856296394"": 1, ""0.24448682226660128905357336772919878287957155556914169757827824631136006921549522158708302003163683304770228413139660550283401617176926802823321376997273113712390855891674305866978571102630641901"": 1, ""0.24462564862861378799110452186805040770941438102297998517420311341734618235730170496664195700518902891030392883617494440326167531504818383988139362490733876945885841363973313565604151223128243143"": 1, ""0.2450512494165149095908125179634357929095509325925702100571478813145024435522427267083423868530543486506170130915007263495333543708596563295146229173952375025107388202703604453584128437480751041"": 1, ""0.245272364880055392308728621463721196391295595892990090335440510021738386218266327405392812588552619090655492134608988882558489010478825145088363970775349998955871865756356669139696416015030312331"": 3, ""0.2454242412545353125565701483184060908395168175622226525177729563371042551396689109471554497920545001271361195429786279731957769063712249772645005877076319781883805425209214937737054803193012312"": 1, ""0.245981733545316218641488822129452615972845382544574928797159689438570481058093714642425188248605204635012289805313877726190940657797198704693535172252350669111622644453981506769146736373922203582"": 1, ""0.246068181818181818181818181818181818181818181818181818181818181818181818181818181818181818181818181818181818181818181818181818181818181818181818181818181818181818181818181818181818181818181818182"": 1, ""0.2462754681506593364818672059515726351081800340217161396782660302632660969096406268906342995392786516030794319255088982612054563918069295993383898444983689563833132447342289357214131927629684494"": 1, ""0.2463712545015661524556891759057465348867148631742624671559869117808214585890572287629035412302677899381279543187718395526487364096989254042052723247471380094177700377989954705414325361981331343"": 1, ""0.24665365881702568242433990491558002990980094772528149423819903474937956781235754272476295091434172253198163040871063132371695057637833195960074034975271836027370607709064330460654413408173354838"": 1, ""0.247022981061109445325285281205496485701458092453708700504108825060712124041918324829171620705417690993464562764127899841311218998454208275002282294977617128212311270269961134564802493411461794847"": 1, ""0.2471330698783662590358470482621866129708868708965258843886152600776383742390553325462139830693241138356440656740709316903481545836199208253297114888393130052457890782446259865493521678189201234821"": 1, ""0.247592449495364884753944618105072010229457808072630629833610666707176251471894273962818645260339704165207573486013624461917237403540716596558044561707888716192485995784129735451488931260273230713"": 11, ""0.2476417436202958991162744513950948267302154701618508589017972395988481779366497865157382583656042101082315559527355774004567570251216363816900009929500546122530036739152020653361135934862476417"": 1, ""0.247720791629909974730539582413736903250268568922741459119637395916634079689233635769886281760593422653986980971185546706864029660319697355059495534311794313918127892199561242119221083775971372148"": 6, ""0.24883797616408237488741962559847181622575077743441600811864368233628344896135568724013891119161575816240968259883445326225462001422842121674891387643529721081621628856295744738527178310779541915"": 1, ""0.24897807559503038762532163976304092930612724539898685786494380301222981814958245133597932456876769446205007993234737638159567118716898511717969026227678297615967239751080347936011965476069134954"": 1, ""0.249328691131679452840791879970358424078858470257055936614762727309064167909994595342458852330486829999897313867268618127340115377225621670554148509426112363125407408853064601447605177890703932623"": 1, ""0.2494899578734777471252769805730001741663364731886943005007734433354081207458460478597305784983895069030992835928725092736624576329707138246645023578998634314416135150741593046349809640909954663"": 1, ""0.249963322661609879519291328621944641599198343860954682273332063774005192563239954411962038680866808191211821421920720828300894037745805277829535983440431575607951517654465673296579189110762726630"": 1, ""0.25014898251691728082772175358830722614429939222360296163031007723592205816560703841382779913020075571890077320488917746406344670629249014563681973093832057747846331579427297364148188758893124022"": 1, ""0.2508191837950551087280309800417039022937146261543044384867441167709264224009532320524277628835269585939827226690497467977360738754840631516234733392910336610068513553768245457253500148942508192"": 1, ""0.251598206022447936235710177298978561460848113751840366979984843984175795241799879496116677282245460761085190671029605890404402863639583820595187880223127099483084813381514481379784603667849870327"": 3, ""0.25182806461752762860520732776189114099413967066574076444860192686106133759479937888489415399526954129985415476369907264184092951246344186713080454299427735193646958095728935818575386632189823667"": 1, ""0.2519150884257871104404401004580404751215077044757250420090687550593436701598604024309683921181409161220468970106583201092682498711840229168568579148014273510259391891634278804002077842884829039"": 1, ""0.2521739130434782608695652173913043478260869565217391304347826086956521739130434782608695652173913043478260869565217391304347826086956521739130434782608695652173913043478260869565217391304347826"": 1, ""0.25255006405597612660968386732394282401519057227110376582130851950684915633839152037674274577307082304383118421018417932363293280248288943319269195572781509455962051306530495612192994185978949643"": 1, ""0.252689545218019004842431652739672824731685137197196610032189093613857343276037691683134073779436231557065637865211668636978083297430174762131013832639298827954390854920805649406722725980628851748"": 1, ""0.253100789464774275854306641490845428516186804448735766063450342411611301836912718892673776164748748542115274341233861870856785457482965936154256421249764103224861099527365383880951661405964494933"": 2, ""0.25361219509845033127240558710479124938836548597875204891205232106618215282052089532331531984255044550008256349985944570775903826029497417533641737529979234957363474088900116894222119788964589232"": 1, ""0.253765295082267959261897849438949369315947271824581697308309463416317379703141990523929486648748603702168964896448172326260244940097656236281859136776310343000122195032595128612425468554522783187"": 1, ""0.2539636267187119497396334451809157308664406963487421529778101200165386732588914998416395470441230590100166553229891368330366914857078259496046086970087999595982885399853588979219929764402223707"": 1, ""0.254034003453486386689463115784244400947212727523937265815636550614581105553846777666615027929984260788437463220395055429872322141403518063282687822511714107179006622123342581456667568934334610308"": 1, ""0.25423728813559322033898305084745762711864406779661016949152542372881355932203389830508474576271186440677966101694915254237288135593220338983050847457627118644067796610169491525423728813559322034"": 1, ""0.25426238924090716728639155058531725313933299933997918390367327383601270782277167262709168361571703543365204796270871624336561385560019086564776446564759223014051044432526704218313098173019035109"": 1, ""0.25429157948262584727218091982941219483927715198687468329104329075056421681855124388759084388932892196214027245082089895818607880209435699079430919702417805116043256577071449322377161697977182383"": 1, ""0.254736620508674098353745014217561996706087902087796658073844528121676515455809348891997442744616476252020041563018551496918074422399048995866695162224765856750018081385289355990119175100437649386"": 1, ""0.255053199919831942969816352856812172092856501332438490452992719307636146792284017552255991607864856533994123694993542715359201924591992148845698874267957265539443564063492265989734747839614562030"": 1, ""0.25512192872761616658242703089038228582077391345535116872028492456406217657278765301253116542188656446876345113276337409514412922407616626691483600189880560879226518679725241738333770801495821694"": 1, ""0.25513212192644487232848767070533867425199829091933447939783956776955028344654430326821577261028922308582020883448704357667367947694175791143983701355868997904782877284422382740324141470160826743"": 2, ""0.25564072705860404952054753387299903502268741738053424070505243047024664061505390579493090281624405078254542744625525057008730921860229999961770050377429037715648559318739120509499103885635058744"": 1, ""0.2558814929210293614760097344399442847364517492634247869784709563932895580145605601035417152010700017114786572293571000476047099589445726791967652572532891848560670861002133780324771081809216627448"": 1, ""0.2559351777884340793445156210524181440681475674377023560114273916478715806569991134991244174864702624187432943185564574522757463148794013777623974615567559250674257651722681179324879066830499855317"": 1, ""0.256061568198330041303862207456373797107606901527683165224368502057567144920957464751352866976582918373675786931407001432416064952907966731049309488260935791862807748628618480001264015461047608859"": 1, ""0.256286224159506233629009512939195529426425985079654662059148780877673223231663761652731981938868360459922633028811103728469892779202611408604345510392936623244263021184884962471063334385517087048"": 1, ""0.256679841345957709603683007517272457629625481697873971510195654627654147549993667850888696331930445848166387989688981801969616534852866984017124725405399464767326894087629413803485047736071325227"": 1, ""0.25668362584877302283102488291252089991263602605782662276484334826331608900373778719223890799938337727784776544981201099113160122720015019678419677283748195769539815287684317722125529660193215945"": 1, ""0.25673281205037680683527543203264787334050641080327406440876101729044842447371024002662997254020760387466797909982332464220385979542093745887579073795385895239735853460733493235710188720904078312"": 1, ""0.2571206925432636111802851584882512363967841303136904899680411360697539688904708237852232417589301407499820529243147743049839924213741047275067994993488572406701274883571532395868703722815697720608"": 1, ""0.257206245831165075213240057920127008001089189702607149217773022148595311809494906316356513543449132180890207011202368138253530214249880267084265663754785388539579671684166054057731109172950355980"": 3, ""0.25723176299609506554847347666669736624297378816686548829310351766250111093208232243067414920421155705248895137789623227970026307866862823417057849147417417185879335869595116940323551888343939706"": 1, ""0.257297913546754093757117488457938687140563129888438766182187147906897650786835798815608252297728511260360218802807133456092749045148486888477276051240593103521806655817355979955444867063315291394"": 1, ""0.25730019416319444171517162886482623855743108667810508437308468266618421746353087742564962882989834279774958849128881487179765466445333149721275183144952539016191803478504390553253311337599259760"": 1, ""0.257311786311432257960182796059561143249052095483534408125992345973023144413627075349051903578057929512544654467845424726470482538073461148463314587501771648353981070263778512168237016484464835671"": 1, ""0.2578337143264338551980000416637569952068234504880561285222231876630562151359781097929809286378055373422975791618597712462012311788524787616425971801588649973027709596946295121310962062332207165"": 1, ""0.258059657143714396951536842982394884109617335799748550074152067108695920318652170732483809023953800786153633245512837289393710130081104816034580993266502420995847809677781673939602025394383594031"": 2, ""0.25809802992563999463664105424544036044038385266179537614304345488723059656814850135325756574396718489315601709935169717575771740013455021806442278069547268659985135917298958624452861629572465313"": 1, ""0.2585508116088309916373158574817990187454511319381336157198840589121548991458402325541920871640322177262637497161603117458766749913646053617699986758024245078538593418681659889299248833943732949"": 1, ""0.2587943617409690229966740303650176493979594587953813829609606499419548529539067116005197703651740678374640087876128835720829253882762261865627378034548212318538508757488717719133924570746155974"": 1, ""0.2593285600313712763511960299108893486403526564169134450258948250916122402066177166578773004475815720795640474355333793084797100861357889470339269536056684651062161102321744892026016524008491879978"": 4, ""0.259717117107857161364512354519486663371773627534818509681152132176234964768434157161011619423368835809784282157084226434524474194881162962698073186874251913633403131809201140605396927194800076016"": 1, ""0.2599136985775203642536807489740481841118128480901513816854977370436220583724514235930777214035483917073522104134886835901439482246479185235689878393395313930303686336318710351747803340763452649923"": 1, ""0.259968709872833636493991296684458894475924102963992891701561022293183476911724664603348247011759626089324179975929741913343848631265879684154391210972428759930592589131650133804212456278003425259"": 1, ""0.2600433056117908334789990001004092514314526383393992312333439946169034529141837500546790708338492041811515494865536187989249419052441111641566428556941403267509880005865081157970414103591919179"": 1, ""0.260410848351016659452621368627901703309762919491840673618010420394342923038625037652161865946919156098531700791485301925153447571356728986533782073141451621521065932162131735982804504107701462448"": 1, ""0.260438393058727062592248227570545281579314892870518582080733491966976809273254463716688168045753463928826500303323636063887770700371551102733501540160602415804923293802137505128265247735880031262"": 1, ""0.26064098726843284080239936920654249047669198421327119245371559427479470204217190535028357509173856272011798011846894425324338686001409333687482186616430417768420572085723582535109282778861964453"": 1, ""0.26081539451374843256073512517237744480357543615288306758574164141347100123417198605498763433593911866046833721872304955191212146939326821848814150117415094644710721990399684844677286072506087841"": 1, ""0.26082029397428255359517207498159845466171771420154133569586181457258808522590245829485835768071802301408944025281422275239172128644198559250747484350773568370607652382923305322840743294491787529"": 1, ""0.26154539970227779593885854779702736194566872728519276218508159568797044697528691511645528198634095197542763321051509166131710771779953206518708652537694438641476155227767186063050814717855078513"": 1, ""0.2615855808544799613627736170316940473758311995297759678975300074726118691575979089924619887471810517046429489299201588052360938772844559776348724936429279707053301320634701852592545281317738103"": 1, ""0.262096774193548387096774193548387096774193548387096774193548387096774193548387096774193548387096774193548387096774193548387096774193548387096774193548387096774193548387096774193548387096774193548"": 1, ""0.26271185186403661944904213108211230006409570346383180845257955674383670984223203624268026096996465551275548892306631754957229717052768683236930714343140234164625587633447223991034198363468143426"": 1, ""0.26320249118925142502963281205268237530934342389240888207600875857515908841013902672262926911924179794269754141702379884364009537650244283986701069840416480798957758785614047027522378346103972885"": 1, ""0.26331172948180747372417309705447308699590000911131376958020485205127681331775273240002961784953355480825464458483751966983024151717786717269692784591831099288448991979069655316199972364161075996"": 1, ""0.2637358837882713206322632926948244938604776924074738245700812010389478310199034214395958634986198801130109253013763865600219586366731255021297744959350397390114697250807544088643002555277984772527"": 1, ""0.264281909456348292167846454283183536240354587915706234018076857647289149955506369513176193960046080850271653699164111775133689604358125044122867469773753320052659010893058079724567882146752911659"": 1, ""0.26440677966101694915254237288135593220338983050847457627118644067796610169491525423728813559322033898305084745762711864406779661016949152542372881355932203389830508474576271186440677966101694915"": 1, ""0.26494192257244466079807445269292658850891782618690249212337565751220369694265276594593863670168891052425188971373710329533622706313469365678201019566481413870972103903830811461333549686963341582"": 3, ""0.264978118477771513486482009200992193833727714914270101383825410530588900391982892803080173526575444173277893880389302542617384575374670061316538227405675006475277976375811890948029533900473624607"": 1, ""0.2652980181557005115692626479163535838295931057735678706583239836958209081623978091508212679970139372897041158223842626879431713846475058300017128956880500766793471017138785758238205376963487398"": 1, ""0.2653358281151944513276652998180866506917737278994329342062217139062408242739680952363744630259942479354081471586638620138110527417095304509273268211709451882755206888942654280161608771959861791"": 1, ""0.2654082492274807923241030175120017049096346787717716389351111178627085786490456604697742100566173608679289143356040769862062339234527660930074269513147860320809992973549559085814885433788717856"": 1, ""0.26578096080534365940240414820163190295307012110029174887547559059893550959548116360006365703193851465960194273926135985391141288321940343880477140813373060519271187090502621422979616956246784736"": 1, ""0.266262382739960883277457254544258005573337289103239993467506926045742896236135073050956135977692682124291735687627807356161193551413653344989947151769265915254870484738916303290714122341979251507"": 1, ""0.26644092797030134520479731354933586355609529284497148494765078119736526628162804620797220712874041603705919211243620878581520485814875276365990882891514465430455869855649063169733526858164109843"": 1, ""0.266527599434816162195516874153150642115218235395523963118048987969704341829887398237103320052265004841440799893021075170417105027848354151797294270988572266358189285029556150240944250124459667818"": 1, ""0.26673537225040352157498191431447053858354017903608240554720612999479152644026005419687462758839124986197521192051824842613200821430818131770593902242611733519027384844105189214981007383573011078"": 1, ""0.2672020725388601036269430051813471502590673575129533678756476683937823834196891191709844559585492227979274611398963730569948186528497409326424870466321243523316062176165803108808290155440414507772"": 1, ""0.267268481769524554457699341451816931922817066905240430104691049057264490813830355616418183735269195384315225150477499141455721871890278729312126412168636138366575502801265758077615135372826879975"": 1, ""0.2673079409882200514393701697709693498446253194919517596045417296627588274509862539313052212366040885630252136675488253439541497971404159360070711549747516068193851801161060460143433972979263625"": 1, ""0.26753828138534660835988566250707244192298303014904791417055235771347951505963974041888445899094672492468000437442369160964320501678466318580207733889670937222554296560014254120108440792833830620"": 1, ""0.268474576271186440677966101694915254237288135593220338983050847457627118644067796610169491525423728813559322033898305084745762711864406779661016949152542372881355932203389830508474576271186440678"": 1, ""0.2687419322808062754443451494389832191440770529242379108330850958196802700824148545328169993049349617714228974282593585542647204845596266507794657928706186078840234336212888491708867043987687419"": 2, ""0.269080371419291530056537472406341051413713226418964659281465563877549904026068868138272341224595771904254844314806396191427199725606922346637756124414074163730873016320726797319995624881734606469"": 1, ""0.26911278388302856308369366022964514975646455983420192352487799880869078995934000571523304224521044472561588194611206069938212820179499094791064460906561999317836285627486357171268325129819804056"": 1, ""0.26959525801699560670914489853190200875942028529386101594880625347238921529684603940569110896446397277290679016082787149798317830984841612409738649494346288938199051442301258853469414643029591988"": 1, ""0.269728128082857233337615955428601465373115512392446047330077090639370938867900323898279028292025419514500934990189551457675207174974574484301691135829676022207748644400538909626384977396800371636"": 1, ""0.2700790138173291004495957570946757419272992696745345181701805412803829877470544033367899794953256451433966322139982669395643162948545131758553327809588173598707659173063730947632062018484765466"": 1, ""0.2704139375285295183364850953218192719732843634022990751855858673165665694999421232935693464137321857799414271056735216639225739471749284267676555791432104772621953525026211952780674074173675408675"": 1, ""0.270413937528529518336485095321819271973284363402299075185585867316566569499942123293569346413732185779941427105673521663922573947174928426767655579143210477262195352502621195278067407417367540868"": 1, ""0.270508474576271186440677966101694915254237288135593220338983050847457627118644067796610169491525423728813559322033898305084745762711864406779661016949152542372881355932203389830508474576271186441"": 1, ""0.270633397312859884836852207293666026871401151631477927063339731285988483685220729366602687140115163147792706333973128598848368522072936660268714011516314779270633397312859884836852207293666026871"": 2, ""0.27065414102825963677409228103038889005826409828634504756781252820666126881012002447806481498811730578452733714099744086168621821660747070643440953753702659738613747945789652880327445413362978921"": 1, ""0.270676691729323308270676691729323308270676691729323308270676691729323308270676691729323308270676691729323308270676691729323308270676691729323308270676691729323308270676691729323308270676691729323"": 1, ""0.27092608344662673211543075736014023913536690000807644339397301487190496766345490138463983563871102340363276648042997302415099632880200553377691914231315664512420365202688805327775634555445899537"": 1, ""0.271001863802395470374871300910828065183143332814279344793823739489722228680379529428529659285910266697650271872487382890763671160738616756654160671164180680794152158836279292033482764916393950498"": 1, ""0.271119178893412280185189576608364560120276074139441928858871670182793809977408095050119427162385165821032729509908363488310363312290042284358566834947678297076462040878158579915355928612311701375"": 1, ""0.27116575992189477333206824504634396384748264055520280567990292358070650973674124875187759851874022584615367371563491913053933967213392463400142069434478852989038503719546536315856794999663582600"": 1, ""0.27139266667105119517311834122551794212821562964375888533778135494912921170081826948098522966698610046100648559953683272219448121922520676036877586883945677715005340150447662927732100310892032616"": 1, ""0.2720255543174707650636343709438536137342015977725734789978179639284261561041536797094652976942306780885759533698400419238439347989362577162167776660877150961080441414911545759075467240321917067"": 1, ""0.27206486145732264743991618632004291202856572635299186406091472513401357552670266778541228625185726931601772951202281954198167819151242734599443498416578463577704570273352131090754716081905535103"": 1, ""0.2722572514747339692813172434036299056220755350022673147706739578954738249397265717312746392020890585042296810273564085794357761052309329618985573497787231993837292676667700345125766049451715840"": 1, ""0.27247090024636354099009538165542702585820181020689359192843782782197474334253396862271506184412840582605622765862446465642682906437871125281548176463983319318686568996446298659151780052942673548"": 2, ""0.2725423728813559322033898305084745762711864406779661016949152542372881355932203389830508474576271186440677966101694915254237288135593220338983050847457627118644067796610169491525423728813559322034"": 1, ""0.272583356285018202330493698803512521294638306256437993546379943389607251890379381500874966078755599947484227503489176052024343573301086952943566282451558322242553578851271495880108892166740740217"": 2, ""0.27297468974638234537379566225981463922163196063139024573169134092118254221402155398522406423258322869807665027706220950635803921793855475716332737893234421236750843061818857180808268519930861617"": 1, ""0.27310941375782304078375279690255503239136562310728259164891029955184214010902193444359537370677896420923112720017602627585578935577379770872097213178644091255730563528469562376361006218604403923"": 1, ""0.27316792620042468587330645473624215065308472649470483277760093322666521513427648869873866361836761881826063242306811799182959349988503910441620329008756479142751665852262683362189011748497779947"": 1, ""0.273203862529992342271449336983368344074415889870531197196084725240182387355408259019212161761850070398220029273027003754361971001001799875784354863105005825647420097048957168652803880742258796173"": 1, ""0.273363946114296063711019061179798694244709719208349027878083266552187290345622587852146842233528584349722322790261135111261081751073955056954523692029454396904953030561560629201285695985120357"": 1, ""0.27359682533002423717955776091722368980440671226106975955839426548788922060063036654676064871015703774809459077977855078193056578177139053299756219723808679393759218035327846624409612555286296083"": 4, ""0.274724647997395514062505090486206342152843470378286656822017942195584552008094882041773684385799274807676605310427928658108621266967000859430925084891133473706448656286543732182899105595027094292"": 1, ""0.27491638339604333209725870435040779025263471180684987033353546444636179326922682593494192934630241891537725802628643126752707485167182551426582586422622665523748322011635822730412408806855947850"": 2, ""0.2751079393887005813564087194561066983329042795492014264371858129863011771906261851113921379509601814305623808337455761601330567979823752239382990406004296430818035158591437517706445206222602064"": 1, ""0.27519541826514905974000145432267047085119312359145442190714323895808169272880239969509080955685312861024378884444511704625102065519488381464423639457282214822047921075673388436344731976619889801"": 1, ""0.275525087082685424412022416386232713345782797277619055165643689717086751790280207764541368588473424056509520050896189081458908680232705207079339121889730547897744817917056431767742795881945383319"": 1, ""0.275694801176087575597427219189147991493065216232100978944414403264056551765896306182613777115558716883481853722121754214427738421612794244033959571307519628486242449453903490026896927293386337396"": 5, ""0.275717007854889696888123881503556668387687266920553276602787670746571622169820176371341408314949989066454622375619148136687055711957201316051643405190527829560783364404186433457701187761922624327"": 2, ""0.275888659917977398756616803740194565447316871744661667873520448497512214073162313085134188239885031853853299990402871379419157792621385255404797062723254959378523140197878656370038157202975549868"": 5, ""0.27593220338983050847457627118644067796610169491525423728813559322033898305084745762711864406779661016949152542372881355932203389830508474576271186440677966101694915254237288135593220338983050847"": 1, ""0.27602321954693985841517450658316308018503578625298752537928805661928098960409327944823395425304204356489607133937185067231702723432127781341566122483672866454330281024737786739175795430414520992"": 2, ""0.276714080899135010786167703130481924690167272589587691285638745480333276176436543113864321419842462223494957120984424508189749380691134368686856223025417927801291383825071291340039651421980906393"": 1, ""0.2768637288605798241817169141383106159636717326048337196641058115997022591072960546132716771551010082157121947784992264171133393458608804729754622143758658748168982069559016703148844475846158664446"": 1, ""0.2768809365042700087582344056549936900739075697503643802062197539823574308445881314479321166948862254146399027757131960530080069154887613449325630220766553031976738563309411947964219181353020799"": 1, ""0.27693558221572268810738313621639067340728462192722915712389669559735546716936639475154469502315920425324404458201902205763033338108369358304184063621531936849305140719704408897343815063000370237792"": 1, ""0.2770298677107585840932827723349487890477893795128420327888340291010283599507248085250129670523909989141248002775929643406357020852462150581144651589623795139759995312835816161750150908611230658"": 1, ""0.277269148212998249047275723555464002471933257802039344937686682459573591513029148212998249047275723555464002471933257802039344937686682459573591513029148212998249047275723555464002471933257802039"": 1, ""0.277526350723078010908947159778795523024240756123946223225047256917166609833986004099307692767327156555843222836519067717194221429897870914127804903271230945015393249615839231800656864144680611895"": 4, ""0.27764269955802023306625860544289458501785446972313867988706740662635010267602362539828741380111334529687275534646709993773510719960270327275022067642836041102563191524166396517542300332423514784"": 1, ""0.2778991208540602754323306564054803563084329420505644520185844697828457769207844245587455477263118068636615892165648108089463407565128656764270034507514217363811343918768050201839283751686793497"": 1, ""0.27824461835412452976822053755171323344107263084586492027572249242404130037025159581649629030078173559814050116561691486557363644081798046554644245035224528393413216597119905453403185821751826352"": 1, ""0.2786517902384935956611854393870905704493557468904776781259848645301671581565053676922940476485283270754930000380571812116921760244747545768708378175841698535129916182659611323574137993733009940"": 1, ""0.278757796539975370952473086194532818323953107953891847738800657139912193926455416365416826356325022078257759507024915742768158902741929883882559317780648909604918453354132487257116299252357306504"": 1, ""0.27956114013151453118955763935630487084039672268643757558886629930107969466718057730077910380911460458220592868019269471718275871427182496883834499115718738251237890426675641483031240499191671131"": 3, ""0.280044027519860918319848016157361797594088139033742198995580181495974742172924704181177372365129536441926171333787759488573132627248545226630923206290723254239539501293924633922539101660370672025"": 1, ""0.280295168059801040927962086138469774097655228344468201017724396531725839994041695397833695075793889886865774815800007952960974939505066096973687956469717353075110867923909955142511453699950338824"": 1, ""0.28046790304805036792371267811234590460682114735301376287310219857500455252350358042430735762564217847812099990911584671907142775564405991820063596905076579428724516901093621932977622929153479309"": 1, ""0.28077947890705581433786507480395858870476250926004367705933071247536898671221691822522470933449040703388373548511016245493267018310040463532334465148356297194736846195688229251566636100650044940"": 5, ""0.280960444980528933551216288649146598696264179254565063592973685218969055815120532094440147205531009730975591059478584575979938514460697007149158316840886960834952284403490228860751766914896113940"": 1, ""0.2813649956884274771802397856642258088919798664891856305056883200227466975844037979330070939780889868932778072601587677485858165181396766287536716218528023089349150253839589793396075614708532055"": 1, ""0.28136499568842747718023978566422580889197986648918563050568832002274669758440379793300709397808898689327780726015876774858581651813967662875367162185280230893491502538395897933960756147085320552"": 1, ""0.2813943251595693590248293513651091734668673401685984414495807067254864895587168663157475580906911382911164941940487899550866764238400524625992294964555159672895140169984525130294540181145163643461"": 1, ""0.2814497757528059920294637721623723201826060142189800458724981054980219744052249849370145846602806825951356488338787007363005503579549479775743984850278908874353856016726893101724730754584812337909"": 1, ""0.28145169297984311389137126402541952139807367689405222917287260450799324793962863667957501737662595571442756429351603614338198788600933373051335517823453480289941415946777877072783239003078145169"": 1, ""0.2822085049582986491166003461348960418466764994902994601010283627141268410856512947457537661119895515119064038511915815159605232567574552002367852933725084317542321351089261373581731404871227359250"": 1, ""0.282246053023532916294310396187071790288948465892165624069109323801012809055704498063747393506106642835865355972594578492701817098599940422996723264819779565087876079833184390825141495382782246053"": 1, ""0.282392026578073089700996677740863787375415282392026578073089700996677740863787375415282392026578073089700996677740863787375415282392026578073089700996677740863787375415282392026578073089700996678"": 1, ""0.282533288451120675652237334653312797714737778037617680667358561281277599449076640652338143302925949983330313544867781720938080691970941519843633498904918935564198290374641894799306363317097504333"": 1, ""0.2825332884511206756522373346533127977147377780376176806673585612812775994490766406523381433029259499833303135448677817209380806919709415198436334989049189355641982903746418947993063633170975043335"": 1, ""0.282900311398656428128704101506585296913667927986551110259501094821894886051267378340328658639905224742837192677127974855455011922062805354983376337300520600998697198482017558784402972932629966106"": 1, ""0.2829496475157717502646043313016913191738739093108031087367730110229346463461733754267065995681802968418192179382496137118752246194322949553856252568065399296879455398129676989362605568538758771"": 1, ""0.283219076560070341545084061448372675046685489791071456871163836439075319213550779117030132206775340211910700190860709055470907550872644526547521707086489554616543067188961619129035484557295187448"": 2, ""0.28388236678877725568350888630024196751954829929995556287981029634094764162297309113110377731767252965354240889205436423221767881151294636183705133419829925207949346735502460027234863993614047950"": 1, ""0.28392773487858152779042942664718206950660143503733007943496808150583191479497417782703146040660074424406779141851532811032860621917469544397690303320168154971158123609771244932039917269742912720"": 1, ""0.283960926697254664574375479871145627606302772587692175018794562573454684820649046672773504986323182935140413438325149461448816936480134348907119103199462512429849686245839266350551301382083258696"": 1, ""0.28443515349920773540317021947863737986893844525500461850189709428735210950990283952328557779239047763172424484369968221212123934715953555081454001788717220834782546426764972504962347754074243864"": 1, ""0.28454134457245261921796591697635164165150173850035822689760908548434153193094540962322304786422796894220056682474293595265546020498435851916505238657133739924037691081442152182183022644438741648"": 1, ""0.284661510244620567627464577814019213619468803424002562659107439449090918050724142706908260351733592122483089659864143491732236051685135929439889509420826397287390363424059072808292672716780861033"": 1, ""0.28482770173054444721140633953004945587136521254761959872164544279015875561883295140892967035720562999928211697259097219935969685496418910027197997395428962680509953428612958347481489126279088243"": 1, ""0.28508707330102446905690439968686155069388419844870322017233021232230371101534979793087732844890766336836026752264444002118885212870479180030872959313773249203738553842766700271909232864054453721"": 1, ""0.28511427205994233405241118020869879497934448483930584608570924969868888507842910287425762142798949748156633047473229496721264995871274229124579041486836119518675275892167141942266931009479872709284"": 1, ""0.2852895391742328190044021379624793301800176166015661188354697441634279878746855047779812045215934079115367718214975867600021528086318668595121962459900405578018502196944060265465626202310632671"": 1, ""0.285603462716318055901425792441256181983920651568452449840205680348769844452354118926116208794650703749910264621573871524919962106870523637533997496744286203350637441785766197934351861407848860304"": 4, ""0.286133524813575845528851660379706587376607158796516443738163934476104878305801543768342432611838583189326372372816471873893746975900154773342765166802628868970112233602871539220024110420872145763"": 1, ""0.286157255131587371523423603673522652928257479100498015658093680148618913859590714873336454477538675944633960133599032924896711065719350651756373934638527287700753575136394751478699977156283509169"": 1, ""0.286347262934074317851484801988689917653798037281360047843282419158329943642430252526554190279532049155400105578629600978223025145308512680045058145542046685575854363301460273437842756894084473156"": 1, ""0.28664965498078875260727901414226199422480138633447760616454183504244406014290751794503730541907964880415965590657031701980688736896841936526440060139511321782617840639128310129065868809321376524"": 1, ""0.28715732597226351910794553649174245821229228202534475572286762217896972300324399548946010304451562238018477334508094884208972435082422575605785091637689903232504640888890934704130588275778996676"": 1, ""0.287163350776613833771175211090669516183925112754892875095248756976101511436688329940664974219854255960088012902651773799538501115708826084237110374663184324904340719926966336868882758046722962565"": 3, ""0.287283113139593584573286080171666483335582307963143238118791831391429827054023572478903058067682531735315368675164477805773887728112769220066530774680822148745417825219190538345957836432595866829"": 1, ""0.28735072908929535535496917699955845231130688349700108034521099845038063130041692280248918787046660509889497929679784067660710669757043371706885781579712552818371286604690634114467769359112306380"": 1, ""0.2873801155213323966101737131412564792742066898277897468993903335309297966943860505475653026787866632643902721855365839364527957290522123753265516908086511609926999612750421626051862837007283317"": 1, ""0.28766553322587274336443172507798284397068558277165256837223937948877920248255626022681916461068701125020121166602146299652444392833133258176850670592699293771834249426725901527634336106173734304"": 1, ""0.287847218109728794548734297569961717956900418470722610988208394448063301887563665613683571430277587742456908132491273894785568426406762133483027345043992795146540499369503790609967541764828377400"": 1, ""0.28787919273797370733440611054756413601312869070802638552913760213345000183597989380455927635862501250581237255032377521862617810135253156361174700989206906457835174667414474398486105172371662866"": 1, ""0.2880050566007159454957991005927652031406792673636090512143837580847910796910970164767188868827923871868691627238702686641129461355535436576568903367900391483944093707239036245596834093691560051"": 3, ""0.288023324362806993848779174374760364191282176262241562183115958721737245086274696093661791890999968362993913407676105169148172159879690367557188725964219997354875393249436895153897587238076791237"": 1, ""0.2882924291352479347065094125432669887023132960093241073668238768399955926399023234606338414999947360985665590033254513118492624237245637230314034238769190239624493701116498156343850948047722951"": 2, ""0.28829242913524793470650941254326698870231329600932410736682387683999559263990232346063384149999473609856655900332545131184926242372456372303140342387691902396244937011164981563438509480477229511"": 2, ""0.288574574564285734849458171688318514857526252816465010756835702418038849742704619067790688248187595344204757952315807149471637994312403291886747985415835459592670146454667934005996585772000084463"": 1, ""0.288857857744592365546268721122584011934367442751402401472545777825038960050543319623288419470396321526075502400349228538903443637464169362651051988659203502224566995081484691360070419803652102499"": 2, ""0.2892875190864342274284232790901801524808026304425446345073418923993866442132724735240156758627139729947031544936794222706053243924915807143449873533231117485803681825487924927450086737087599079"": 1, ""0.28964083346591488397979182486551815999449636854290266576583725073005090200123320296788394255588436266232892173205125194346834890588069556876433118214255912308664729110596220318459809806637100523"": 1, ""0.289679051562118532529049373743871806695192735227493183799014936279498147260599197166370339049566809808318636426655354085253356501031714971186961359821526818884840681680653551577667804148112444536"": 3, ""0.28969224094256794012851168136935719166199538534408466662384310774783414372548433209256186540339486182449485419360713171954277658945882640141697593545545623628308950147682486009002213828923499329"": 3, ""0.29043243142293109353121234447116562588792485039144039957997576879703362208448675443567757660522577270534472271454167407609474036710769238143338578116849380607729056617813253269039935341376414082"": 1, ""0.2907267733749350137667452783437144503110432603761286795941375398554406415839863749004047225369395339963355866921652285443403445762140811969356835470262445615821842010590956065781138781519297813"": 1, ""0.2912532103399898586274889178448076310745689268045437020100943882340814916167757596798775167349573620322237833264220241293751242540702064227751714837920319039549664219693486712235184761627353615018"": 1, ""0.29129533678756476683937823834196891191709844559585492227979274611398963730569948186528497409326424870466321243523316062176165803108808290155440414507772020725388601036269430051813471502590673575"": 1, ""0.29145166459530619469065809204367677152654860926911719469257408085614213557854141355259366002716245674851563476466784368012869789652302640043398937568760562888793680840914331663223149964705210872"": 8, ""0.291794849867675909029942496689452851700966848121869252830694625299882686881241088771590614338136321554353131496267968144710506777150910478214183923522459530105260411918420471629195901593496939733"": 1, ""0.29196753902884660983243281034337355841529137002381772309377574896853420425280277614490511585494439859639438813641000648337359224936015829816952165308288849131279452732255771579522660999076233360"": 1, ""0.2919868506211927386717180538975800981823434687139519773847844159064115884852425823432302468785043132806030521268109129329735813449321636621584540276951546223755227208239054344531812769024558156843"": 1, ""0.292016207644569241383276924729461944704923905508656363138693621216367586478325990186989551251131659742632049193791402393780299740483162586220737213498877585160575921450372685174830027407011193073"": 1, ""0.292539441319875405994863847807636610344703957884394053266873912590144039863245047495638062743761876395892195153184867875180097978576821765523535372302106248589587469909140817888941278570748727022"": 1, ""0.29258711454122808323977746358619442712606140717967592402776135713754237391863270836415778325346045904283184889848800859809388593296753195684279492084297687264313658004188968586715313656707154162"": 1, ""0.29286697436092214445728097507333381594174726573936206130265456009093740596410825753746053517884711244378478029144859980989926737291467595681570312554210433953247326176375032249664676548283162350"": 1, ""0.29347281998382898357960555544849178715374281814240696648799365967453841027765646067879002670400425738287816209577235083798049024735629108388011113267658684132507051740262848836146478289170683261"": 1, ""0.293784125403657954613287026534819526567940846920769238857762969839299636392791941685502291923749565728131741117774349733227564149957276507150090782469845819476902073034211109789836770321393714346"": 1, ""0.29415092705510907969863429279056002120273261064441891496537236802532643242660631641352070264477328317182446370591702937006067702308830578720179796143873631953146826660795613804642670297694386449"": 2, ""0.294326837856066470770474345756465435669554715071588108402528612026086063461919592886471375106263142908786590561530786659070186812574590174106036764930419998747046238907628002967635699218036374797"": 1, ""0.294815460510631923237290142982578235271893385667366893324570376667764275609838928891739246599735307477172326748796761161374363912353808865311051114286561819863780815851382196312194122564503945892"": 1, ""0.294964184006399762627941224024225641806823481687992294076312451350672600315265572485075108759792198512131573558809759921755674747677971278720507312580686881993981983337446842437947110223353403878"": 2, ""0.29506061658464302992021137131434904073284076836789096027871480860796283794357137283824061691214572077439235254419567708951996225628093481887961269356863899718054084073339760520372153516603164625"": 2, ""0.295060616584643029920211371314349040732840768367890960278714808607962837943571372838240616912145720774392352544195677089519962256280934818879612693568638997180540840733397605203721535166031646253"": 7, ""0.295284254375569988496691081739319666602217938523525060407358732813546518809731505374786072192206873299134486731439505515999583033730126925513299158124724787095671282781926281194443604973625244089"": 1, ""0.29540756686905870667756931624463862653997130446796999669443487203306052874314411105794631770564464646403530849671067868385198015458429124765693765424473283386822055840681601721840622862076872667"": 1, ""0.29546281465488275937848664755922292695691129020435140060254782122296446518770971746588816956769917612515307236836213668631265323269734044425911154799640571128851823271802823085309700449414587636"": 1, ""0.295598212025838674023960613137206051928464539103364822643322407324579627991113901431533034711655152236432054528293552518545982618124095880267492392622146649543849809374340023337951980710030700709"": 1, ""0.295684922066070767467593158730852110831477240905322871953087620825340513684269425520640655887417015670467811933464825167910963247000065962980807784541784175646403667947072904507916246726537281186"": 1, ""0.29579493087557603686635944700460829493087557603686635944700460829493087557603686635944700460829493087557603686635944700460829493087557603686635944700460829493087557603686635944700460829493087558"": 1, ""0.2964458081776512161792228541537229123432952965230876635016434773817796305453137914233708324369379403863017966723726552805953141184766350416585108038655773902824103907938636202648343968671768142"": 1, ""0.2965730765269337727881347203625502111442991039241940467607374600885776084045730765269337727881347203625502111442991039241940467607374600885776084045730765269337727881347203625502111442991039241940"": 4, ""0.29657307652693377278813472036255021114429910392419404676073746008857760840457307652693377278813472036255021114429910392419404676073746008857760840457307652693377278813472036255021114429910392419405"": 11, ""0.29660341478295586366482099909660111131024224417844891180250010234663845537514880281570605456375623494527705097038657327515983820161040866588809819055988911153321092746712068678863922525322571605"": 1, ""0.29677139381825990761592193586396474707095756519177344999439272617426593898179640035060906538108809396080982964216085040290182821761277822380662277845887607764967546377411440750429791437454022291"": 1, ""0.29702340810049772133636873811779224968105487679490907373903374951989261850961255858670838269818340022268703491883860907506107031036480828522384186936212910292019630775005672956795559644913429292"": 1, ""0.297388765180612368779023614916894301182041874330268771582476536733515824828032229428038153136769976974770600550948219416818559256096992335269651293949315916832819948050256285739004067066496493078"": 1, ""0.297504798464491362763915547024952015355086372360844529750479846449136276391554702495201535508637236084452975047984644913627639155470249520153550863723608445297504798464491362763915547024952015355"": 1, ""0.29752648100311064831059240080776504784559582022050467430888568476296548599293893256352324048028289686353459692199039066190225638097750855833168605344489873843911573503269908022469985823192497673"": 1, ""0.298121124729632299927901946647440519105984138428262436914203316510454217736121124729632299927901946647440519105984138428262436914203316510454217736121124729632299927901946647440519105984138428262"": 1, ""0.29860391283154812270590654562497162863036531664575675711562181284643456076872537313152974613671359923821917254763841624266602277126206565848931063822882666286985225261712712216373272696205251129"": 1, ""0.29860705551484017581120735157265259844849087481797626028220412988305245406009192182200765944337917252271306047078974900349490529215252316548388687748000756805413956573277199385162086190799479570"": 1, ""0.298607146216303889425067640566197894450285465039756390419168367971188212712016204267828786170493122801001139838777975574453458758966334669797119088097429214995499533251935717016469558795702260346"": 4, ""0.29880277821971627993263941621839386664832122847634221921945750243350300667077734322627980851961454220776307244017083981156116301960231856254777060714186374362215763701987401061532699355457001744"": 1, ""0.29900027667106320094064599393187404222949530067951743008039942166059851242589750633336969399903428989099004053313361034805131501742555482263313920118683940936070183191653300827227267885368838507"": 1, ""0.29925671637926121078035387037727417459990606258476030293372814089999201207605858081788285511713144490636894891146981400612778204580605655728177328632208998879302469245156158209940819856132535235"": 1, ""0.299334811529933481152993348115299334811529933481152993348115299334811529933481152993348115299334811529933481152993348115299334811529933481152993348115299334811529933481152993348115299334811529933"": 14, ""0.299482592163568223077495541320233457577984290433581972781392190609905254163307193042305685278548156997023603218918653403753216969854190404826114532250989910423219094703809336317531979462078366737"": 1, ""0.29956236955543026972964018401984387667455429828540202767650821061177800783965785606160347053150888346555787760778605085234769150749340122633076454811350012950555952751623781896059067800947249215"": 1, ""0.2996120032848472132012717554056936781093574694252478923791710376263299112337862483028674912550454110140830354483261954190243875250494833708730901951977759091582091995261731545535706737256898064"": 2, ""0.29967126552981846679295134743950245455858671784879943461961039766028971213106455858075617196260783201507630317027282332433953362330409155396135069237886555938806802059763586132953192256139539211"": 1, ""0.29968397730911817121618807360076180746117090682730109343838562094308617186720296563122087093366093538849640423404838965765501500664009912979163820552251965398212120976851698750271358557886984519194"": 1, ""0.300331726896075319363975774315961389315977315857802101963515878218245308755457796647147675019677542311164710635349487686520181987952589948171726826281865092961813973718140360485153894786828559608"": 3, ""0.3004685284223982143037096231798482818848267905963462317920939416415593020821206002113321320938014270008721839607510317674652459348447480264737012219766915189162855964066705704694050342767947317"": 1, ""0.30058025242208319706127617704837041012547041443589868782047907083797686079906171070142563558584448975697294828493568913637927815196568191716952270748426418319724775160272223562798946477766119828"": 1, ""0.30062824802218122685798589975011505771278337924106444963231623330813151730682353889041471204722621172815793688623397142115338472162995382471665304770541608123240336225086308672988831947267967772"": 1, ""0.3006315494011565464471660018956749328941450536117062210765126037495568687274412465189329923659488635002693388750691401995890765896532065327822260216299687809000024108513719141320158900133916865848"": 2, ""0.300631549401156546447166001895674932894145053611706221076512603749556868727441246518932992365948863500269338875069140199589076589653206532782226021629968780900002410851371914132015890013391686585"": 1, ""0.30096316155297388541356369774600337603018568166021249131168702214278621785324198192830900605699533313474332241088273259855029292026611061463608380498460927415351007844305431436798729023930096316"": 1, ""0.3009942857285732825256140497065814018269555966624758345692011184782653386442028455413968170658966797692272207585472881565618355013517469339096832211083736832641301612963612323267004232397265672"": 1, ""0.30119656303823073561970196668438273786688982059692268629038973945205473961390901648252107558187984444912399453811402429433843587507269760267671734317628824025647250451944511060821475976282026606"": 1, ""0.30133153804482702608949338613251190858951112150470722669434245125110397796306562609352573211703799933321254179471126883752322767883766079374533995619675742256793161498567579197225453268390017334"": 2, ""0.3016228306882292733104123819876649228626740731330705865978199638045970364755761914487383605002299856508222489548114487255973639914618305799015837377021128302672070120008710851177380484509563157"": 1, ""0.3017228140397302293212464451710338754902771854473119402817338306977000206489954741300357332900798921635047986466381888654885304298108393777824528810113609401180157056536521666896530938982306920"": 1, ""0.30197010424129093849870543459679973038768106363812042783006414860198798017675139603749124121893654464814302491122656025962720958174781361249437283019010837425133904683037757142285295412752383628"": 2, ""0.3021125015691558246895298480321799084693093648247376110378351017636573056437817568669945763068493381635581760194468095726110317790904455118694975670900282802780034123071469614988898353206837730"": 1, ""0.302367001339943737948770332371672966214633489024256191399615144706726883170190021548312711186835629784329396896935076508823528549313125161783847389170428840193083039941212958990082234538094009416"": 1, ""0.30243210057484826231022255719599639366913755714941838116635493158460773446591259345300181096963294692746453120345708419832926781688365958990279078415961078410268660991708030204687486790199571613"": 1, ""0.30245405025353263437773817410372257929894222107470246113496420324404673777172720749825204125253013060041365054077200899050090472747249282521797817007838707141353869036872458753226720624566969777"": 2, ""0.302534082793543391992422570098043730329849086495127277690162282009191339842953282710393257235913464272424845790867092982308862217451268857966261542863849142920410788043522230794593458659329323097"": 1, ""0.30275788602836345957419866486670487544215392563147228129571040513316851333235536767816292078333192599174649486158323308511625237519885230241158418583127065176052500935838113288222494285299981983"": 1, ""0.30338375059661697790906321189483171997523365844306199594626762828522905900554941335547774150147963198048014779423063374560757007646313005943949031964151605388991280997682991433069144129866952354"": 1, ""0.3034289343806519595850831842004742224516916355894071035470383560995428829559760235161788544419933318755272829834158864182249407615942935088068857873587370439414377819205581911276934917015896832436"": 2, ""0.303428934380651959585083184200474222451691635589407103547038356099542882955976023516178854441993331875527282983415886418224940761594293508806885787358737043941437781920558191127693491701589683244"": 1, ""0.30344033233818289787907913624202470380448928446594313183543605181875556738311911706690927780540757858425844195354639887545711298672706110321900054638871779740181261634885014214673911239322052665"": 1, ""0.30391607688425252768222072945314487552006075772665042537602128695778951876227112589391973002421141667844400947911959009473348439650731077123685373065790131896413071295686672978320162569149555331"": 3, ""0.30397726011326410024136623409962430176900533814260358009151466786169941842088108190315003518002127287362341783740192162655850340445113959846231457038271712767833687563182719581892347217806030604"": 1, ""0.304140601727733095025320226392612451593684837652666070896633899314864462317545427464998510574918081620494489127196901995829609770628537384569556151325588322907357759904676794757223711647304140602"": 1, ""0.3042546826684022921110281226491277651895254966390522453682030499025238295541745853981063924431330598469555459972612573675465360861904088670470068770667615718652348381185542413568082651373478911"": 1, ""0.30471504550619877510180228348225843892739026341239898616477282365804330923417935835198790766928146162048413064355136569108986397684530646002951025537496939387133824057609505486106764560614521212"": 1, ""0.30478986381872233842644300108541042301142569415355055392508026819016436409793405282303303858184529543531718693030327802180840606406382693902433140656387793720607707230906138700160517863689314816"": 1, ""0.30481577687750555606282048122884515332971915660106886913448930377779248258803007845020228174824397788341392494079454112387412999123727074232287370698695999439946142189350035823712657404530222471847"": 3, ""0.3048157768775055560628204812288451533297191566010688691344893037777924825880300784502022817482439778834139249407945411238741299912372707423228737069869599943994614218935003582371265740453022247185"": 1, ""0.30522031628149759240876552324540620559235634737201424339478841053924073231271145103546766735618285847271297108293528554410752020404416045317540359420450684636470374669515754403559200955734026438"": 1, ""0.3054626348513910997388669579780556848477298852500230749794327901961168993438182096766995011397236086517270813391777071512416213563787437473000098079059257886676795018859503859833742119229760238"": 1, ""0.30552517354765553789422120115687980588531294918140254915512418473506342723310214875495931587048549721451332131182637254102455444591929372691179402394748847928460688065448946032079978177778829737"": 1, ""0.30556022987252068770204904175897924607817860139410684915314079420434083045170347761069243833239461945216162606532449549604979669850095636383062132528828999018519553810975268991314631054128493591"": 1, ""0.30557101934702720511666208703607906151058410776619763308354485848556816792389504836253162846127156112698120550411862720904800838190665288948162322339414934981910857349702668185148581958080810129"": 1, ""0.305833298518496946328346744533300251295300379173385670625496783317408464981523494794501437222886606153561792247820788660326473352317106164611488179949234236347282055285409665547214338774257044187"": 1, ""0.30598779082542043411041516386067580658705064180806585999065234421490548937692806946997222728308467724938380308022296975258968453302632396454055880050227030111146814832948844361875150587610402709"": 1, ""0.30630104499222509294426899663479256014939356733142866198772427660504102148336249317449642306168108867811424061075426897750690416279246248495206946267676657477293781500467718121291355058334459983"": 1, ""0.30633842307027013427718679862069899540997791015828857572708499926815679510093565912353908563947419472913993621985319816859926244328583790876644118932437992375268298576889240941855037155639161740"": 1, ""0.306466088752085783258470047188503398300528434125663220170889641448770592758717449464604338429177617698152087068465099142981379497955450454213442832938132294886377023932689444812156341102407406217"": 1, ""0.3066926139679662114357766992310355614886072601804761043446592461674718071714091489914757804411072390172684000372950927604544504463716767190287317067482229109606202831061525585698358492582658618"": 4, ""0.30694704341272201091882602085242426183559558972876843184163864124512555600185371170826291602543749850296272762576054219547984248618527186060448623792965658990002651936509105545217479014730855243"": 1, ""0.3070641688053966791823068362430525968425313846667008240646131891057445988102360453117921583707187954866913330121364273737255787274318931153810268836237347229201844300415308388444972742714392168728"": 1, ""0.307274246540842360853595563406334956302632231626427056319486555092992040264422255403112901947146337274036928755476339847401473927431630315472047055047130553174475670857574630688359185014283224687"": 1, ""0.307692307692307692307692307692307692307692307692307692307692307692307692307692307692307692307692307692307692307692307692307692307692307692307692307692307692307692307692307692307692307692307692308"": 1, ""0.30771190098524292894336613934877879619420032070095022591295543684255784087506748639078198225597499078616612756675660941522188366533861438454533035137099485374016527898989230910275019161688659720"": 1, ""0.3082560320078849940615661944263574194179738502831464442017776105710601477777445485245172372859042170054708404304404130774090673402666829413628636342475853389375071750353408738434587836389982953"": 1, ""0.30847457627118644067796610169491525423728813559322033898305084745762711864406779661016949152542372881355932203389830508474576271186440677966101694915254237288135593220338983050847457627118644068"": 3, ""0.308596596514285878795665373506548118860210022531720086054685619344310797941636952542325505985500762753638063618526457195773103954499226335093983883326683676741361171637343472047972686176000675702"": 1, ""0.309307767291742968704048758972717547257004340639026069455369300237150620948557098332205418116464044677587493077154876129451978213999324313010549342106621696614703186614201638166760949218995291854"": 1, ""0.309353350579780545004412019766301169691144129053776850045675875426334856236424434238130128802521792019614803633615985034871346373909118676773630131114593276149539728809942154894443591197986438983"": 1, ""0.3094451703441588968875566546857637787027653980289486809903224780549505192445379180833340599537102825071977664823909098366020422159313438116151038214282448949747880589347336413100973611562624826"": 1, ""0.309859154929577464788732394366197183098591549295774647887323943661971830985915492957746478873239436619718309859154929577464788732394366197183098591549295774647887323943661971830985915492957746479"": 1, ""0.3099426347668616669056507105881746398725275221006536347861952075375030410048285517728051195215593144970943299558711935077970558239874460876163838867827860598727530800746919119743895031763396129747"": 2, ""0.310862861956738924370149768980672095474939542011219211780366222600311680404346556986307355763170572208604019202793828311227549099713354901208415909273628017796535960651877530880563358429216819991"": 2, ""0.310907659285199299618910289422185600988773303120815737975074672983829436605211659285199299618910289422185600988773303120815737975074672983829436605211659285199299618910289422185600988773303120816"": 1, ""0.31169446074790369663763255388214515402885029811623580251539341103547323825901972837764197076257252004653881378672839561252099138709196880803240367802217671914527664284560298406808362051346967708"": 1, ""0.31172408994999730514411916213947484437245405701697628649138067814797974442159561970646133553109314413015139376968497651184940587498946874828761683982234231434675838615185643948798069487740367292"": 2, ""0.31174334371101926363284444581316116002913902025215365377725211573150929298994111767552158223016861525595359948557146671910078455789619480591532269963922064302328204505646693620829938700402072511"": 1, ""0.3120931434311322341705376454334122037091585154114928750976453589692772656584707504068839349365408778078293905186878019519801723820275831391971170280468803290420381976897453863644244589704809399809"": 5, ""0.3121105112773178171128155959900916380255981590951592727073283371027538104892236755426093987022818156422107758681381860406240578072989638053606580935517760800224681784133356898507741125544704662648"": 1, ""0.312263169910745176865379177266142181644428757085401312955502557343218629299141157174796672879261780342808987433893463447170343312807696996477355280203380031224453702930309150637640259669131258742"": 1, ""0.31235108534264949272287102933560869130797173543012844704812572915479077315692193304063632308401975234797587510826847166121206169243597124277075829447283729503984553573052718406957812518448783630"": 1, ""0.3130133153804482702608949338613251190858951112150470722669434245125110397796306562609352573211703799933321254179471126883752322767883766079374533995619675742256793161498567579197225453268390017334"": 2, ""0.31344566605485122480757466462594604115421864858768426181138352306538581045594768688725252893315249254500640224016215982006522511492823561057495185491074203717197683514871886808636473154625747425"": 1, ""0.3136956378359028016722210961675311410436940529265200092978572508023199671874876114789425613629667660924768856325832048988142268256689851573184695901107287418710931165322254307804565100153910283"": 1, ""0.31446144371991466312247337946295594003702673196575485771608456173077068063389345455737297631754129650341775784559782517808012753480384972924600595455396792739234749756304938315302545209961278482"": 1, ""0.314834494193962319943070672026793048167724863756024809524956578349180870213798839540992807008666759743080155363877125997156162187746008604594570016070489926289780149554502080557515026938265814389"": 1, ""0.31541241376071850751895000622136299626915305890904782009166698489178219388970232023916888918636588488891358493724821093136687637031073334133460700568267015602697248394248635176508490006204004498"": 1, ""0.31575"": 1, ""0.3157655542424748091044186903517130917415112699264938159618381103245691078341842125500375210811774885114315891532035275530298193994681926868741245551833232866214309898172758068419138820426063826"": 1, ""0.316262228843977995396199914166439077679372634700167765596348172135304904217549061683118099176778120245015801178260699933674066560024969763177402364324450860286371971440833365846045803909328547462"": 1, ""0.3163142375233418269034012847205893093930410927832914200287696451458548316884574687997698212408037973755361457456567509245136506509772492434345850398763909371916623411881136622468508288309228999"": 4, ""0.316820090948655311282237842164556104669822076769486242558673441432086443738118178171363513834259262383183798670188394683344821036308760082107182194449108006308791223116103867663749730041082361047"": 1, ""0.31685714285714285714285714285714285714285714285714285714285714285714285714285714285714285714285714285714285714285714285714285714285714285714285714285714285714285714285714285714285714285714285714"": 1, ""0.317432032020714308334403988857150366343278878098111511832519272659842734716975080974569757073006354878625233747547387864418801793743643621075422783957419005551937161100134727406596244349200092909"": 2, ""0.317444227005870841487279843444227005870841487279843444227005870841487279843444227005870841487279843444227005870841487279843444227005870841487279843444227005870841487279843444227005870841487279843"": 1, ""0.3175302689199043813448955111081862358459355955856977618094613747784826352438857341245594435010265563038242427919790846483940286812333748433087597043248722372896834071395731858217456323915048370173"": 1, ""0.31754478142253543878404017335566314607427543288995110479069517881151377437066842604793742953284131554129701834959149244620517380736130512913116238401895511856435574664234832692936930032271823926"": 1, ""0.3177380824853721538049019293318971629379934897019073597197828430376432778851599423652906556473097014941982483624933942271817280912235364388687013162872452757784485767645358337585514634238900564"": 1, ""0.31798554504860351054937136630089400389717822878392949800332856609984258949937302973622316992246267960857570620019224587245719039360019374927522387173875884002583727041776249299258717783183132203"": 1, ""0.318202290958990353040481035075034973920387152437091897302731353477470806926856850521890835036124922685830967429007121340133327023787515303483175605448027786767134317803098853344381477493248186094"": 1, ""0.31831122822615939001434836713514625746348003051661898768466352185415432558327026755847320795247683433966903136619109475459826109334972012419364338932809860045430140260193294132698313889823194579"": 1, ""0.3189849734028623484069377616886246549772467971391851202092883602224827520892153088099989125718415017387487327742494433522882561894671696942405467622583558381843897733526026685529099138748488981"": 1, ""0.318992275208569368627047069729117313832526521783911834380471727263363889174992275208569368627047069729117313832526521783911834380471727263363889174992275208569368627047069729117313832526521783912"": 7, ""0.31977727034637414661640023481607216439305773746101411457445933810288976733860474796327104536067796460403276137463810475604104391111411269673243259508370440417675837528106495082102077972808870047"": 9, ""0.31980903796743981039852034617634072126803143632264737657212088189717077391188733023602623172660782502908675861670524725782561961693248050502025229876386044946579790177850186504255226282091854818"": 1, ""0.32019645277577505407354001441961067051189617880317231434751261715933669790915645277577505407354001441961067051189617880317231434751261715933669790915645277577505407354001441961067051189617880317"": 1, ""0.32049306397527938535437129656038405455710830972069669244592355577160667451676946113503277472181175554777372525873933046355859948555048851497623766244207315302659197751535858907460763338812389714"": 1, ""0.3205708438990951598288245339096967395464210924398268889324508872933031645865816786000743532246435837333312083145828520923206484145145944019914159275684255559409258646039570230982590501328155960"": 1, ""0.32063235182228911893013970699153139330686067528448355502410506663490945854473007127069791999089536887086476474455720544590498157292744547285145643211946135800781448689462888994894237313652498633"": 1, ""0.32097850259451445515196441808747220163083765752409191994069681245366938472942920681986656782802075611564121571534469977761304670126019273535952557449962935507783543365455893254262416604892512973"": 1, ""0.321268990169794459338695263628239499553172475424486148346738159070598748882931188561215370866845397676496872207327971403038427167113494191242180518319928507596067917783735478105451295799821268990"": 1, ""0.321508614070198651146606232225855169377451385927236559701408669153488500103244977370650178666450399460817523993233190944327442652149054196888912264405056804700590078528268260833448265469491153460"": 1, ""0.32210116685842429291073162313331693621139069675341169493312345157096580722341536259813886615599031352905571656755728679786257924063740766300687272164078364917502836809002524496598864606041635182"": 1, ""0.322220483122032660301559972870037042834037668910105911201544320968330985548077424740439296707883341159284186361976313455418166640580163823237856732926383888975843898366984922001356498147858298117"": 1, ""0.32253691429342957256383158684155395698655602219773695066736860397826328286786953659235428121558420707538269920961553560454339117072994334431122893939852178896263028710003506545641822854945234628"": 1, ""0.32265139650968443312179778118481853870747702228601246074642507142859792608831350285687708323726405699666270276529802737104407006695071712702489253702377567171079731380964468207178263440208537883"": 3, ""0.3227668329202221924257836346968908913354658481210854230169080827068366476008250075180975874664843605175334283297316509764317633340808345448023487816415149255547297731832754791362700905318036285"": 3, ""0.322948712466918977257485624172363212925241712030467313207673656324970671720310272192897653584534080388588282874066992036177626694287727619553545980880614882526315102979605117907298975398374234933"": 1, ""0.32307496489386683676556705908108055226678606252738724986446404098399669046295295237819247074048074698703823363854998119977068994546479626805212993724951247999804627235655512668730010023899328953"": 1, ""0.3232534253723285043912684865185880714226904603933963633823549823594684756370060214034109688782793226792718197861138432285355783222934557460648688250628705903421993729963891970687260422672048501408"": 2, ""0.32333024706882963910345329957921044099941428701590196708288640743589668761682181891428994540707622211546494922640535995283289164531112388181384683513118728469778427425581379330885710337737296571"": 1, ""0.323814411900103064450330091597488580597534540046800351380431534286936462408606784610340433628212336383646736404865664466815382308091759564724125984413382125404091752729490754542872667813419557727"": 3, ""0.3238399258946957993071570762795652956737775148616560126140393941734812062000270495375135180678594519798601036078500870335240308276594709606319003984974078339142093479230650794650944881328180945"": 1, ""0.32409841190527320462806029434738822486936501018423092258233332614102698142842881181946411856664823426720721789510080620947625618675033360825764914467121241318239886994955862056385539173806098336"": 1, ""0.3243761996161228406909788867562380038387715930902111324376199616122840690978886756238003838771593090211132437619961612284069097888675623800383877159309021113243761996161228406909788867562380038388"": 5, ""0.324376199616122840690978886756238003838771593090211132437619961612284069097888675623800383877159309021113243761996161228406909788867562380038387715930902111324376199616122840690978886756238003839"": 8, ""0.3247690663700237910671341761048915314265958771999113728277001978731771185682347972465685070421830643109751721286870293277884428573044163855217417722264867673082272934491555601217906464001797870621"": 1, ""0.325172811059907834101382488479262672811059907834101382488479262672811059907834101382488479262672811059907834101382488479262672811059907834101382488479262672811059907834101382488479262672811059908"": 1, ""0.32553601868568738577692310929014246440165029861505966625152464341001244004153892155571833210743587906661719096066556891253690133939231078362252592566866409156993343818444014961614527227171911015"": 1, ""0.3256679841345957709603683007517272457629625481697873971510195654627654147549993667850888696331930445848166387989688981801969616534852866984017124725405399464767326894087629413803485047736071325227"": 13, ""0.325814460811756152239636647651683106062465276366854352547859069639588592397946850381672045937904318955983068297709860178652140602721648702619856621204923892354506796610733840072700781018463988885"": 1, ""0.326187946150884156274991854506679304522970291164361245223778916501288468943455466366517579455584846420425935250733094398862592932673795207487929859897514884037795089008027013417848997363822161666"": 3, ""0.326315848591632130633454617414084208452505645545345634204967104148225755775520793578938363312115918978823269386826846164635773864306030026915008367251632446762248331650582542799898004899876733157"": 1, ""0.3264583246296242365820866861333250628238250947933464176563741958293521162453808736986253593057216515383904480619551971650816183380792765411528720449873085590868205138213524163868035846935642610467"": 1, ""0.32665680617421054983159943445514996882691053292341666324997044284757627305353887505548400985622882627709732801727841547656899467934155752231703085751735837075764584407540143456087564582072877491"": 4, ""0.326741798037703859140487708571707887237987035988387196329139844260949024625398135076346047613590241244679147788593770002885137989421106723535151083386965076408280121234580313186748500025588770367"": 2, ""0.32675207462508174225150374062011641315273940301196288302030143834966761283018308485284007395805291107066720590609257641001310253526091302160685444998030200196490450043552466961605505451490799591"": 1, ""0.326927975246310732235841534837194699048550080175237556478238859210639460218766871597695495563993747696541531891689152353805470916334653596136332587842748713435041319747473077275687547904221649300"": 1, ""0.3275694801176087575597427219189147991493065216232100978944414403264056551765896306182613777115558716883481853722121754214427738421612794244033959571307519628486242449453903490026896927293386337396"": 17, ""0.32767916552972324973623699461978204651176135875396856635699167928645199350959464107191542999336467340926092548816817710321680909008953399828612260785177299716050880874494276139476612933399712925"": 1, ""0.3276822600038913742576141716949295624960342561539708678468949879935605567424411711696239343814709327684085658365780847390863028276547485130439832479627152150703219222065220464181711924418643744033"": 2, ""0.327852876612997703506387016747315303571049797626219240247982537692591953977925083093758828706386143706180277801823534588854495492935416400436341249515940010013706980165073293417819869654868527215"": 1, ""0.327923615186975924159408138470536288507212574529058950628848352758868309564754932094410492690643130011634703446682098903130247846772992202008100919505544179786319160711400746017020905128367419271"": 6, ""0.32797744589157365290444061884403516983418846060966032133027876127033982812944723261260386102303351458152825876139184065123306325719612407203448862082432107124797162507239914875124955508041779479"": 1, ""0.3280133896384797610464517458028633226902873622412194870738490060768359254300133896384797610464517458028633226902873622412194870738490060768359254300133896384797610464517458028633226902873622412195"": 1, ""0.32907285639457473179372578808505125166638957463060443600911579197519392687784720650274232854192736030412458214631483292332718522920729256183019310131202138416983834651690612740089224505739930586"": 1, ""0.330069124423963133640552995391705069124423963133640552995391705069124423963133640552995391705069124423963133640552995391705069124423963133640552995391705069124423963133640552995391705069124423963"": 1, ""0.3301232659938198463385928241400960136392770774301741731114808889429016686291923652837581936804529388869434313146848326158896498713876221287440594156105182882566479943788396472686519083470309742845"": 1, ""0.33037014603251182488218959864711832286009949727137528924976265647909602342093421695958595730522778559464631857688364061842285097927897333034156693793663553939576595257057147202443563541306658142"": 1, ""0.33092905644402520676997997914007146780670217253151904571720720426786666456362465913323600944194488891773115729289985099022066353270219377368815712458183736642366018746176116203315505235016930833"": 3, ""0.33113599578039046864857107865036355387402909335944688610033209541748287728675222282666484863080730324037219439728288286908838806604943697176258366775037260334422104669196764331198585972393768653"": 2, ""0.331766790248348042450943034306913541718216455368083934847342990194949544972485426357110003264136488020991486558252309155978407258785069782098795665308073683968861971136641210591640846498413595449"": 1, ""0.3320537428023032629558541266794625719769673704414587332053742802303262955854126679462571976967370441458733205374280230326295585412667946257197696737044145873320537428023032629558541266794625720"": 1, ""0.33222926267281105990783410138248847926267281105990783410138248847926267281105990783410138248847926267281105990783410138248847926267281105990783410138248847926267281105990783410138248847926267281"": 1, ""0.332390359460294572046554743021938407662993099186321969306828715624678133690390359460294572046554743021938407662993099186321969306828715624678133690390359460294572046554743021938407662993099186322"": 1, ""0.3329981213087593540464471730887859851047979225956070716577960684830796602806287447489217237090342332614126222900160446398157995062127033647255723477234140170218495866263026550093385320755588844"": 1, ""0.333159499293520202744396092691438302644022794244404953897561234962130427287359247796379150065331256051800999866276343963021381284810442689746617838735715332947736606286945187801180312655574584772"": 1, ""0.33330822857585771758294035540904023456635623496536750871645234672826225497970288211783301329042797072846043843514965932853416900541904154951200179854359584181188035000187198202127713120431523583"": 1, ""0.33333333333333333333333333333333333333333333333333333333333333333333333333333333333333333333333333333333333333333333333333333333333333333333333333333333333333333333333333333333333333333333333333"": 2, ""0.33336391355172755765392203243716765016874685298044591835555654333299227323211537027519238594889329188237817320501921033635294413256981071455786247592924149381914679783803589203300566413410188080"": 3, ""0.33387750826681845722223703322671168169777209136061712997831232576135221184259046217284735464946279763573397442581702837812254203146731041824938145308817373794110240682344554796569956770883868987"": 1, ""0.33402857787926600295194328225744901053807657185659462658347174294325789674414283893402137746411084572244800970635635404440866241188963528747204928513927730575754540166840016410448792754816100038"": 1, ""0.3341110185022703793418545459100698130190236760354926932600654258395394916117362601468554472324849002436385915641669370458314006618483191646747236469282273890667349214646127310545400203823398266187"": 2, ""0.33412964301163868575548460191574827479658049232670717890616953342259758986507364301163868575548460191574827479658049232670717890616953342259758986507364301163868575548460191574827479658049232671"": 1, ""0.33414662063308902597279835883869555951538088165653395396919101069296711528733281932012676753644232275783786133518279916207799843961213239134499086882132525253584107865666374697315182211847135969"": 2, ""0.334357921987816763749497772472256314183499099884646327631310130900517083152776263498336790011213802497929766805794921385515460303782923718907052888624494791601672706636497390250180086087858610190"": 8, ""0.3344492578593632614959207765100376506846050566179879340393848713399574613054619108904852901571022369165833697220245685765863466363052279146181079603978000475761634991957793165181689883910312078"": 1, ""0.33481024432497751189135129627420255696968424812506745680546913831961367456589738519381687952313882841177159731572664785770145647913181171253081098219783123086620214864447531662483366105473423043"": 1, ""0.33518560056133785160702851259051735427957145467779481822139999363940693219316135092116671171713003751544626152190823640986932661738774331632013643692855118348843685965395348576122603639168827392"": 1, ""0.3353041736333763428687992873615466712389411139745680948032440363519366848256492124056055417440091776463543021248632884754889629441903800654053368541873358974631124864107493086294318589854230828"": 1, ""0.33538461538461538461538461538461538461538461538461538461538461538461538461538461538461538461538461538461538461538461538461538461538461538461538461538461538461538461538461538461538461538461538462"": 1, ""0.33548645586569162632608919559171902358636316819445874961376042846843135235348645586569162632608919559171902358636316819445874961376042846843135235348645586569162632608919559171902358636316819446"": 1, ""0.33561246634395112004946880953742434439174620511189787106489244580826713288710722341489439043143670689532164069579202355121365925253745875078750024416558677848036185806570109353346068576253210068"": 1, ""0.33586890810544184332934541096516880015166512732099704654175185468313129407324854177329494691567922045471928202135038958255698389398212360136887231273312474629239293163727970113917071941102250732"": 1, ""0.3360417907997047670389491722426520443167748488115076216276981801725846754063203855397957775192757707575878299678186907438179412209037568815379313636008967785518842048113841288864628604819009151715"": 1, ""0.33647292101966482066093457351612808550989117646032233443476626692296181679657705990289297180957036960582651506256528892217010619268697396377074875862412718193198606825125192035952114720206863125"": 1, ""0.3370910940577136728656597538238535499094972612545071727785577554458216201289699879141623047225095782394911385158586391899155314542809741130548049604010742071560383983322177207301344317279000331"": 1, ""0.337431687951267054997991089889025256733996399538585310525240523602068332611105053993347160044855209991719067223179685542061841215131694875628211554497979166406690826545989561000720344351434440759"": 1, ""0.33746771928636570113907552198779390468824907259831435475126712321548173578255029185689836821966499805615369912164514916114238060997728791487234189499968547096648146603648717850793554854128599324"": 1, ""0.337467719286365701139075521987793904688249072598314354751267123215481735782550291856898368219664998056153699121645149161142380609977287914872341894999685470966481466036487178507935548541285993244"": 1, ""0.337468809085038124401484984703684170317806500332595103205315587158867110336250753002366204466954347920215353622656381283815603658406583163507682531018718393913845540516306247143333788160957371180"": 1, ""0.33770873247086720728230244782196939452327600910479443016722998145079192440802521654940482726582705343865772132175965067524973102801816508309231793456746291774626913363415360026442384921925017690"": 1, ""0.338129722191126927458823598580691842628106882455261518656454474691887418640386287251018340014243197835827743358268741704371890542077049132684374272844635464718519248490831770818832160324877678368"": 2, ""0.33875232975299433796858912613853508147892916601784918099227967436215278585047441178566207410738783337206283984060922861345458895092327094581770083895522585099269019854534911504185345614549243812"": 1, ""0.3393332289873219596180935983722022225700422601346063546720926592580998591328846454844263578024730004695570511817185788073250899984348098293942714039755830333385506339020190953200813898888714978870"": 4, ""0.33984001109683850688519173664130536742652889474075784072897153752973314932186888873211580860383793890807796772581743443874808562316779162220908259270434645678797684159279419431272962996934448094"": 1, ""0.34000229817006260376211272396151317872978387928517487958858725164619755391514578952065178203249707853470444024684562547807634064516713286628242890025169005829915940041196564767708372761664862378"": 1, ""0.340270570721484287517298578960263959589517292649095850932914030154082019994538220781347553819477732396293626914483340623547560361212977255559213960097240906985518295596917458880635499224954477256"": 2, ""0.34050545391471734624648440730579419928449369919252429341917091630361958206943384448835753007849661748550836764056444969860822212648046603234937022037146354121170894645548173175126060261501027133"": 1, ""0.34172368470978080852430028885092666433831546612978457347439072244575900822817942800367844805325254812255121897165854851422851914010338545146600607634095649048525940015833745703536357355852090629"": 1, ""0.34204233689644249187073106601417867055974234901949378486613611265439520679859823973586271509531732123240301784925683177688141258215485161070994955330820572861421800641022781712653073174679818661"": 1, ""0.34253886010362694300518134715025906735751295336787564766839378238341968911917098445595854922279792746113989637305699481865284974093264248704663212435233160621761658031088082901554404145077720207"": 7, ""0.342538860103626943005181347150259067357512953367875647668393782383419689119170984455958549222797927461139896373056994818652849740932642487046632124352331606217616580310880829015544041450777202073"": 2, ""0.3427108228320064514450196954264260211673469796998612456480816500253561563986260907274546008912073753289452198565433334986535508737747378430238722416257705798617109125344631043345208628394221306"": 1, ""0.342758753814239279284844493992890007413438503430408461254480870483508015149841358283054431037153982271009227098698718356928873042664377423816191535974006934879946141946913809467927479099377096795"": 1, ""0.34288859679606263072974837622108672588785390592274437316571530171393490961017580942591216840457595736473183529659118777453445682207180530640237283238436267935683670634769406037680582596650479168"": 1, ""0.343388706157904845828108324408227183513908974920597618789712416178342696631508857848003745373046411133560752160318839509876053278863220782107648721566232745240904290163673701774439972587540211002"": 1, ""0.343732157973367502412804382547890525026284592678903756886257655870346957204072919205229537767219052604505129274500890085040564415348506014087035896438431467479747899633710726574113014580660171555"": 1, ""0.34383277160700976009370935017592723029451876540333078718200277855044245556450511091132783784087862005405637919275960121820158893179491787751428415536953608252491715650174358541050888322747240925022"": 2, ""0.34391080617495711835334476843910806174957118353344768439108061749571183533447684391080617495711835334476843910806174957118353344768439108061749571183533447684391080617495711835334476843910806175"": 1, ""0.34404145077720207253886010362694300518134715025906735751295336787564766839378238341968911917098445595854922279792746113989637305699481865284974093264248704663212435233160621761658031088082901554"": 1, ""0.34407954285828586260204912397652651214615644773299806676553608947826122709153622764331174536527173438153817766068378305252494684010813975471277465768866989466113041290370889858613603385917812537"": 4, ""0.344079542858285862602049123976526512146156447732998066765536089478261227091536227643311745365271734381538177660683783052524946840108139754712774657688669894661130412903708898586136033859178125375"": 1, ""0.34469484976762755498350890649353082697989701432800755747575586869703917380531215034328463383642775357538074819346258570531805299155905579803316879960180115268055468213357618130555121350753933649"": 11, ""0.34507956068117884032693559513264734334810782982109308408653573530371458147943206304900808166858670209465223746517132396390373351492187683845281124057305500219412545387741998852366175611470465245"": 1, ""0.34508963934461141710189347299358545409199329658005466634443930575192577942263791071508444227969898553585737242206006049550361872420921183883383612344936590127027995241093248715282052735308722684"": 3, ""0.3452363486981718990247281585058068876951999211362359372511110506559050091696780930672362875562317527710100867343771771823000425732259907275156921896876395988384738817930697939665037709100363203157"": 3, ""0.3452538545261667762212643342391770679314716501587540904292677603409942512802348456857978474207204450275759316550663429008672891148986708930597505469728655167271825147897888976527568052577952437"": 1, ""0.34531582256906787200154740303655020611603337876114220315243592491289946009838803462392764558374935517207440347790736778570153464690625905607134691942492258043540004783867710241521217411358460615"": 1, ""0.34542962662447822023400957217468244519824927671071210771281266816438339592561630429269997357440098506462878351503505514291237009567396003716972870849570632513771701364050706110843000219323934847"": 1, ""0.3454296266244782202340095721746824451982492767107121077128126681643833959256163042926999735744009850646287835150350551429123700956739600371697287084957063251377170136405070611084300021932393485"": 1, ""0.3454391781134801714021864860244750052882880501272183610909703154427809236827332009580863295173557326386258997792660417266406292302918608743103324426348640657060322245512090965108776156684376470"": 1, ""0.345635924538739180804488844683206680204015633199847541913297239498751025577563032110852431539615233061707241821069180637163543121748529076079081256524906847435975438462012378100583614261615384760"": 1, ""0.345776296036326069469672734561117008304378816567883092161046813432631865787780162349687155719758403898217465026670992733302410589573106634795578350851638225067758743433803696872640326117437225900"": 1, ""0.34583179952313677432484034686171225081003953860669195200033580693767395028290643542226433807632035446266449202513858986905559873109609617077187866496172886274267235692718987511703215711641958717"": 1, ""0.345927872952421856370244823547791057989549200814738473806586666091282158514274304945557129485331858741376577431608064496758100494940026688660611931573696993054591909595964689645108431339044878669"": 1, ""0.34637978945958999879705196429722279915757232652655252412238741003500887536393428420076246228470477930276152591106183265902288055740977394933907570187786125989364248818938199375081839343630104357"": 1, ""0.34648949207901644649207355012288575401171132862408372839636817721867509364864386196135892671581714274599847309551206998415303073889867534440226626403592375914617931611843696212533981268152477518"": 1, ""0.34671832008053973059021017145221661416385187831023265478903383807676517839822408587713039670146806443791334625921504849245658048531497861252168180228736271801695706756463077836562368740888705104"": 1, ""0.34721457154937056137469179417950187517005920216595087742142707889737250512782898756852420030128150999682557494676278195581394322123032780861984007147356563529250961898399274341624036263576916147"": 1, ""0.3473557772145893483448589498748582308501834233637669776215186429092132268378193443989627240030575870528653283586300195507754220448049820967783141949713520327400391001164475268750534173394616968862"": 3, ""0.347378011679869466541101124353665772464320233912861379856148099540795367735293831417634200847452661435666023038584057365194280951705422944591164949951700772321602295668225035971370906932433392767"": 1, ""0.34807768786208249487143586849676656911045315203792980714080764290410955210390242927005963266417371353850159632564034361619131140686708747816433712177313936162708150304035398350007174747680636080"": 1, ""0.34818986882334307436771770084771655566073694832737175065399689805749770571525582072588345516260013621998161868402636008997417440485239392415226688505517447822425424622921215862761124827394984775"": 1, ""0.34831118935527228924209959467001841387816518176335832100081624290433968931971184629896141763484196872450004733839161178263947984790182158629944608047715998858419906560283291592734748176433141481"": 4, ""0.34878910374396470940120519775797438737808854261152677987583005304129191642618681135369224024682436052085028116863378712893634109367651958318419864458563461005847076029495428437104246342367077970"": 1, ""0.349295055611756619102924365438111093773197404915637770681304345587727295237618441860699501468861419609446168951213539120190283266453281401944458049388633157785987887011488544766238380924286117952"": 1, ""0.34962951461546488957120576637256617525342652868148365522261667163492709140322247429949437749647116423521441400529495333277367642631482166027179386288262674309756099456538447701945514290545142777"": 1, ""0.349629514615464889571205766372566175253426528681483655222616671634927091403222474299494377496471164235214414005294953332773676426314821660271793862882626743097560994565384477019455142905451427770"": 1, ""0.3496848243253370261539152414309147464260863730595326726890293673347825590812177551603595208392368412727103661423072659255038992673652550096725575980516899999303914577170904446093130944010020208220"": 24, ""0.349792499133571887897402788379266087938883016076751446679834285737165923524721192442779838671647581889901584469458773260720132677680692908847420501208863357360404756578438170187023331267425082415"": 1, ""0.35039245382252203773235037979128069982458507692592782355914517717254136660056866918398845324281771086037174072289646818742919881819066072863227927131242970682889913500230726882469429301507995649293"": 2, ""0.35045117509866838857363914719507172302290482680163171878919417844699922871198290660561092226249907881724914782558195397957362092415179865153049559917846082919342863976953871773601739159083515164"": 1, ""0.35050847457627118644067796610169491525423728813559322033898305084745762711864406779661016949152542372881355932203389830508474576271186440677966101694915254237288135593220338983050847457627118644"": 1, ""0.35094766825957371573272365395050961998278422122619621783979972210028890093419982189040931052639173056496552539410376809908562234661808013646913025081411917860681434513086900587527295775875928308"": 1, ""0.35114905305547226626426406027482428507290462268543502520544125303560620209591624145858103527088454967322813820639499206556094992271041375011411474888085641061556351349805672824012467057308974233"": 1, ""0.351402476493308883773555460184932308532636260777964183995942413483672115797276735203464554640864578050017556864734111037415629511138855292419335960360500955873746634934259295384495337677031719402"": 1, ""0.3514058764812731159407643450018289611662511404225629821576617555619354872721402724079135052081319199062093376542016042850466502284800874113859686698313811172684089917463683144379797861934200663"": 1, ""0.351498060016424236066006358777028468390546787347126239461895855188131649556168931241514337456275227055070415177241630977095121937625247416854365450975988879545791045997630865772767853368628449032"": 1, ""0.351860473678864565512583984894507257109712082669241459638070205446966781102147631335604265698849249125269164604740317122514071274489779561692553852749858461934916659716419230328570996843578696960"": 1, ""0.35212827020596640516247387199818409717984917668999098341930133371817438898299560264677712997322718956947194811712943238821375533363680766730142333622494280382861695994923248678914484697259569178"": 1, ""0.352775462556759483546363647751745325475591900887317331501635645988487290293406503671386180812122506090964789104173426145785016546207979116868091173205684726668373036615318276363500509558495665468"": 1, ""0.3529278982952127408587937518841163212628104042549202956673026817100518074379173892118178322128702852334930399099231896791437465111840764841862461640126013169159735613002195698330372900917162332"": 1, ""0.3533429422885727364255397193770575449386696791271746841347506737872708436360137727114877725847310638914226057672853347063961764382688493639971718724471352300938213145168806027813828550992053718"": 1, ""0.354074372580425628619902063659537218647107290332898476529574255586974106127470506101735521870207890661493542308342608903974347078220479250518952431652576747136506263516017321954615131063009687304"": 1, ""0.35461470284853176616379476605172348535643772057270486722022889620868850769535674309177100085010514327029272449224629327256149450059672139284829411944335998997636991126102402374108559374429099837"": 1, ""0.35465703725091454305611608823755931895996363176700945344474363791486618095310855299933940815368755512200784555487398224895999648943708987918226234901371704278412701351140108619281703831165559812"": 1, ""0.355108518063570621571927285481954764532662928993795411281831923507105765128615284111952522509577206821880563796674237283279218531752936610892262113990366893868577801009156469527120570705515145324"": 2, ""0.35520874470394522295230606302840436258450760348733521815858061291871152703071066658535434298555003975382946484952474469978418687797551674889393089519394105617207359229610473200950637900441733443"": 1, ""0.355271903958722363781723354745343155156550684879721523667146160752430913861474291146662830354013396622925602429094279182075227510849620820723909750664606515619861039019801894370780847147182048332"": 4, ""0.35567114574489956675486095780250003349352624484397967317322566217988617706650885535764049586507490517367293915247548255262739569864821419705086583805766604450800259905272294319903480078672989736"": 1, ""0.35585486170073934681632975286901687334758644912137113470161096727314909543196768720909063080509696576191066937551052630730985060006476736111670530689579060486592995136003402703151206010153331088"": 1, ""0.35644783813693644665684939012968197972826266959001596360136267780856797460156424103167471230899616552258800385104454663480788555995755274904518006490293527537266466495243076396928096832531754060"": 1, ""0.35655827383088305951607289491901992818447248926743040680389607541891005118821870922153593004776068038055319776294423352115214270703240223943646615667813430942057621143861655401051083870451216576"": 1, ""0.35671770851379547781318088334276325589731070686539721889406981028463935341285298722517927865459563323290667249923158881285760668904621758106943645186227916296739062080019005493477921057111774160"": 2, ""0.356896778750149277689141068830546948841669935295601963238837859765588818636553134839030652451925037243946506971957039267981552228455185594564812339309026098797936984581493637649457782035816778504179"": 1, ""0.3569633333552559758655917061275897106410781482187944266889067747456460585040913474049261483349305023050324279976841636109724060961260338018438793441972838857502670075223831463866050155446016308"": 1, ""0.3574700694554929069983159854054598466662080307119085554804864375608375751667694335806569952129903635551940768110042709952890290754900579640636942651785465935905539409254968502653831748388642504359"": 2, ""0.3575163855610292491412907360300698498142800431190060548561597827811771536342908912530426325444017400015935557520671781839682411592959083630069399953183747688487150351027050130130975836109208026"": 1, ""0.357673468296065263096647230646911971496473258830677735703637031464217785199512098118574545684245937135945590826495227366873074290918863932794771720856898981410838429873952987912752237726655269203"": 1, ""0.3577829270123420936933105981270170216626007582424987201351559088753033306988662302549377522610861139107636048189100035935574870993032670714519294460069488881047330456512988037171110108369171060"": 1, ""0.358216992735962343558825545468747635719197109720479729759635151070536213397393781094294145511392799936518264378969868020222168564271838804874109219852402221905821021051427260180311060580171042608"": 2, ""0.358219857045964418010121563103250378254291229717744039234100276516930140345385297646997443522721343976626493452287786299368706631189022799603485156779882089007147701779099493921844837481087285439"": 1, ""0.35840849859635529152083324936621306974692298092739342050016979508205729087485429747354250581940350359098359416893449649901959203726887006171118494033752397253183989388608525418522684901497945822"": 1, ""0.3584465813556760908882837913709241872970472271823383612061459859793634969517681767343212649578887528731099141934674363313948723782396837556520653022922086134794500053543402407569490774614912115"": 1, ""0.35860103626943005181347150259067357512953367875647668393782383419689119170984455958549222797927461139896373056994818652849740932642487046632124352331606217616580310880829015544041450777202072539"": 1, ""0.358620746303931608206316805954421279750399363161875940959353561907875751127592067354491247249852758413195415786680305683799520443686969116517528313180428482927636656147622897645926586850798764594"": 1, ""0.358704455715062774255132869900541700325096370982513293623267965544162529068289261291497629358158304576108587284108724852485991302473308847189038783355832017183163397371176251646149923265379874352"": 4, ""0.3587044557150627742551328699005417003250963709825132936232679655441625290682892612914976293581583045761085872841087248524859913024733088471890387833558320171831633973711762516461499232653798743522"": 4, ""0.359058078194895147264959543573340258722734167901633404612048050117131109514244686488130362253763507328574457603971850519711160312533432372038366377398180575067861908742068545840876856570590567673"": 1, ""0.3592136099297274513607810566200144594897114662875809131356099905476332779022382594633595717681378929329167926515175038064173456280401475066121491824706099951232407975649111866545095398739381514"": 1, ""0.35965637991674646478165177738568849989979728994431191146446573921855287599020398889255287059331273983584576010953114626686927204120857385537451126920720650839074289607308834328459830481773275696"": 1, ""0.3600433182443898510684555353405939477793513580071566700447050374246569482429925940952703884829721580297415417067805865595756701575940635049315105535360217641918065482348050895822193451050090214"": 1, ""0.36010362694300518134715025906735751295336787564766839378238341968911917098445595854922279792746113989637305699481865284974093264248704663212435233160621761658031088082901554404145077720207253886"": 1, ""0.360208071754539702507574822626622480928811193095356285545378923888070654533252772065537044427893264278767044560443084338726635318026903356200535652795062652100478986931047668262458838447190361437"": 1, ""0.36041232924244608047027207787767093204618315444309968348601840958779750168756456413964090700722369822531810722015476237429166367638308409300070408821814317777793538640110942383411516872619208721"": 1, ""0.360615601658376620564513377201912741577670220062128941509994905657789708391579348491251761276851013744144764596222756545154516799364333443109630693954810505363753735854834144804436805818848635576"": 1, ""0.36073457616644350602533731589247090328561128849521062931300854876918323205273457616644350602533731589247090328561128849521062931300854876918323205273457616644350602533731589247090328561128849521"": 1, ""0.36096577125589466619380246011025795805830873690145469044147878107878914607778724026567516664483105785263227873718621677986846039474576995689814100950732809973608620431594633216946327946143947518"": 1, ""0.361182446233264150666364261702484354913245646030135188405396337299499724359250422767853018712461199482453824727245297336467013634547809493379985727929854030977084982105688497142553714654947588198"": 1, ""0.36159793063578232723721068633148833140358277518941774352111878595312164919186056936202232943958913889111917133794052641517682805807916387943465930581118648177431197629826762734039926560829737983"": 1, ""0.36173712441906888745877226623382706744974253582001889368938967174259793451328037585821158459106938393845187048365646426329513247889763949508292199900450288170138670533394045326387803376884834123"": 2, ""0.36188064740343560718895839539271174659914606295303346241684043292622381094230960182702810048654552676000397180021844901201469566080826134445437394499056697448118359646509780558037930692086188065"": 1, ""0.362007703958481961711360007022350572284442154296596122344937993261535922889849731070175612365198315938735034217641973613813413274124395123900124867363893678966063330364548474301698296382633125883"": 1, ""0.3620755742675067863240502097561793030854288502193479153860372634742854119108158539657174700859611018001409389023215891644857307976399427056017746869761917726183771136381719112129316382347690770"": 1, ""0.36393633978288703412380730672590568943094189365295000275094263664560056711577679449438917951508581132936432021931901195595478886193335542907393392505677269993809629371734269913318758893928079546"": 1, ""0.364002552376615769377277663548987188288079306537509059126341181140079680865678061993461921740899683249165973296736124624278244457569261191397432520984383087812828350118632491206066779889805823607"": 1, ""0.364079793416963319941510711050257692050316392733042032951244236861532709412973021928058573643954370232578504913145254616031527898453831523261507445438874199773542931704003042930995783642882405414"": 1, ""0.36412228473348520055971496073179867945408348095591707146971776686647083508599027622233430933877414273660861027476036001966032190754166077586661310174334163753820804833537349611872072319951794047"": 1, ""0.36426363153796166892981055085788897117445930046418452389187157509341198844979850690629937035784424329373026196967576460594121310442164330630957953774891487483436105782588076585237764246743667669"": 1, ""0.3644444444444444444444444444444444444444444444444444444444444444444444444444444444444444444444444444444444444444444444444444444444444444444444444444444444444444444444444444444444444444444444444"": 1, ""0.36450002686232452996898551882550721482167417284715225202624319753887822908923475879572360873215292037711778749076525684790897892770714362428194303911101127313924579635789550639363654968342668904"": 1, ""0.36455131887910537470953047159979124423514949590870572730721342024402926248015751380181315605624089569653291999624498738137089309648422465925859520419442249087903676746586335730237992492328242552"": 1, ""0.3647293885970258985742530685589884361677705564983030201183000398947630666027144100100054954329991761328414548405083244523299604848262003580539484758434603256536048384794852668499916722294214565853"": 1, ""0.364760796762775042641626549558201394233123290046519980420502221615522143140932271701454158915934334807222423506702286330774489928878630751756978685270301041902969995585849943824304979265792669235"": 1, ""0.36503364648485237202318264824675882106972303577866291198915812016678734581666839538761736765263663640364108192551313223064916750343577509029629728374656580332406251198114208248618668763080009356"": 1, ""0.3652734213557245233723224286010264231514949790837917847825480075975952765560419534118741598585200132994517384985613670447020752728013078990289433875523533147333338643928135021729303338232715862"": 1, ""0.3653102907357144512752529414204456076968295317219234439251634111722267527015569537348693682033868974466240621544018906247594853478553228761307689021836341237657636268212739745790229372573349037246"": 2, ""0.36540267451702493374773676419177832340113122625290148411508399004320715682436007038612961702343981797080445961125857245655596633781654013696681332683538942820957680981856311533441395324099509109"": 1, ""0.3657711531821843404623958470255933810255961112899089317651741505516991957866499079966538871462304358247710932517741978891177454836490154196865817416483197302220252526373954903688835248205991816471"": 1, ""0.3659274193548387096774193548387096774193548387096774193548387096774193548387096774193548387096774193548387096774193548387096774193548387096774193548387096774193548387096774193548387096774193548"": 1, ""0.366294380215030062244688288019255351658122687994604841673380948431761089531327259149707563757085938168315181144737156075816201530658539540626416984504297960698151453686772399116715865036735557985"": 1, ""0.366311511427143025765557007844211821831715273095013088206052759827918567890177876355883643635138281822479015208989618625667431553361706993471333480409850768659895200928277058849172003330400692594"": 1, ""0.36637476005983124309956207231923590495705256132696850713331597339368536705683053856285780847181716632885015628832594351000745086552556817184135209947368024945463432366006918444540034076692566050"": 1, ""0.36652031710357237611327769326026769516190631297136408470687704954187086590358161951720470997141178811928406242195036933827739883003111808673870357173213758147538995896645563396778821001612705868"": 1, ""0.36656511300647676175497496341557337615413126195217465142830833767201768478543525368265292533201679114814959449836238288371512049562025677917313316910324852993488193243155654793360706466580841873"": 1, ""0.366565113006476761754974963415573376154131261952174651428308337672017684785435253682652925332016791148149594498362382883715120495620256779173133169103248529934881932431556547933607064665808418732"": 3, ""0.3672476725746381398575713849752243870144870720811921620382702237548348473533333649266387456828521409170198635541821254758688151006237779031126859179484564292823868404995749912479978993470038953"": 1, ""0.36730817773854846174978237769719222487481151558107661129416722204761850932852525968101773671785947989757997158006410123440471980072831571993172989251873690421014676267772227592379555824789565794"": 2, ""0.3674411677092642240095323205242776288352695859398272266904974679773607387548406315162347333929103366100685135537682454572535001489425081918379505510872803098004170390229371462615430443848674412"": 1, ""0.3679875019572026749807344243068463195159629839888097683286899616438354167778509690273493657522903434513599801385964519794124940911734458279153357933683208736599000164343458567571445809557100584"": 1, ""0.36848487722282405741262236998131544770135525282705837724518249085037043785813140052011273796911195732183050579257924091243263109645595688981530151365910634826768709438860310071833719936813765503"": 2, ""0.368543280396161971506339239154476576118073034549599081160076342243600780282165012017345107750585019848641789581642979669633235871748839459993107726811658121174494662547993675524017186264711897229"": 1, ""0.36874056725996340064285286019199568481472439940278688031238375187223953302039382410707392347276351289043259680500059192039716038653337936410570410412275717325422655946680392856400720763469614671"": 1, ""0.3689005839934733270550562176832886232160116956430689928074049770397683867646915708817100423726330717833011519292028682597140475852711472295582474975850386160801147834112517985685453466216696384"": 1, ""0.36963979416809605488850771869639794168096054888507718696397941680960548885077186963979416809605488850771869639794168096054888507718696397941680960548885077186963979416809605488850771869639794168096"": 1, ""0.3697045454545454545454545454545454545454545454545454545454545454545454545454545454545454545454545454545454545454545454545454545454545454545454545454545454545454545454545454545454545454545454545"": 1, ""0.36990363232023721275018532246108228317272053372868791697553743513713862120088954781319495922905856189770200148257968865826538176426982950333580429948109710896960711638250555967383246849518161601"": 1, ""0.3704299356529760903366345494919581166569300639212689104338390794790910171386662435279296586307663104957089828767096967583554802567429966835594358912394295802979530356925312983524120679355314744"": 1, ""0.370506112519502830747406267389704213448845018626220985712683636049790268280513257243031161537453741131659951326331671543686236633603650921087606508131107450757050132506889830715513689821297206547"": 3, ""0.37063556319480694961816072062893044342816685931602746775668493638356157295613709400470902484206307192523279294920174045269143540236657326890994420664575391014926450583419277914878632623927707073"": 2, ""0.37105224398061468143414263981211693041633051906922193210339812739338222660920987875852639706934459802101616051358666401271331127722287508018523775588263949522243132305660020163145539718432672232"": 2, ""0.37178845433990085242722706540078518484800434960386462713968482935971197109672300490318823662523579075929219118988533688582314234303562538098679774623392294105008317437233103755454820546201318718"": 4, ""0.3724109145927896906140762769343141858402462565868419679657745082694214013669327489956696405279908175509991130589033234204622528303855585120258778108206813794542703605154692961861532842907079877"": 1, ""0.37245992451994830837161110522782265345351886204535355199956885532033554914312066166159949390380120375805092930012355507322199729889305991326602575954158920927157606217051045516442872712759199885"": 1, ""0.372516290882937187460324547676493710991538651865724508116526852029918663783762841187774113746789454117518552010318734585166575451216708270839419592441160116864085772159088459356631466280121409743"": 2, ""0.3725846122154701823050777629004016891543928313935523740858996807086208672365846122154701823050777629004016891543928313935523740858996807086208672365846122154701823050777629004016891543928313935524"": 1, ""0.37288706077750634888969731604640978690256233266777371775425157953904125619851210540924189328179013699379646090414971029449422449067129368913112284261280136067142863350311675987624883017802356454"": 1, ""0.3732004043778495470496818738851430026004568347509974377808657328955056832602670289817530106140395881828081928907506670856961184627008159414780459252790068218633255730289682104643797062737984114"": 1, ""0.373221086346241431096014456246179595542140426490171052391378171774807517771675781510235872095392827648253736595188911521312866103160378287700515191451097379361669519080906632254446456093469329662"": 1, ""0.3732589327703798617813345507077473680628568312996954880239604599639852658900202553347859827131164035012514247984724694680668234487079183372463988601217865187443744165649196462705869484946278254321"": 1, ""0.37346377433576528422613241777535016191330810346845616636104716944325231165385665795325972455229994928016854590144746595919004330693301080722562521946080917638796769536888923569115524169950450626"": 1, ""0.373682394596956130912614271406273227704132829845151527196170375862297438839529686614978285786555352111209807157371631372451531682482565197621825813621296420630319262579636526930941084073642570449"": 1, ""0.37382567227807463148124158421657014384872345021470535287818446822673167409558401341010446249992675617607383981911484613661564403765498843271968301178758639174363386110631928057772087725339254332"": 1, ""0.37407796167836328478898760023258015225886711830486930888537314240125485105404784119643557394561410625667653780103579300366448960826470866631509201790326288318256189742133517233918840344543155788"": 1, ""0.37420260866913475423899313803803560150900877557427114586152911907764929688925879262273475713583017942558027494429468052328872543025106960843742375211386909808745758667348024921479782216295287702"": 1, ""0.3745038301768515742208808802009160809502430154089514500840181375101186873403197208048619367842362818322440937940213166402185364997423680458337137158296028547020518783783268557608004155685769658078"": 7, ""0.374581916980216660486293521752038951263173559034249351667677322231808966346134129674709646731512094576886290131432156337635374258359127571329129321131133276187416100581791136520620440342797392"": 1, ""0.3745819169802166604862935217520389512631735590342493516676773222318089663461341296747096467315120945768862901314321563376353742583591275713291293211311332761874161005817911365206204403427973925"": 2, ""0.3746078022683447694333210116185833456846848079860360227683265306898291701697641962374098075463415150485287202679926104379750794388457998346451870773886386446326162884147876979012737334841383575"": 1, ""0.3751921103727156432030308323385480589094060812283711864308706495438469530911455494059381481271025879683618312760865477597841488069592981972950724166170927734253136324943432606719087661414734894106"": 2, ""0.3752006684779706387755820478987873807731581819156279047805740842409164977163457923773696768567443884005762486524095895328566485280699173388077007042207374433967692951773328375028780414062846188625"": 1, ""0.3753310864280390403748374007037089211780750616133231487280111142017698222580204436453113513635144802162255167710384048728063557271796715100571366214781443300996686260069743416420355329098896370009"": 1, ""0.375332602911253717326655188605415557990295820942244482704648614806699013930192518390984504617311003286899358272030051651275629989043668805759899827829081233369854437314133667240569729222100485209"": 1, ""0.37556354634436169338236970983691500944466084359906192835488263311486675955607725849054860738851525818999352337552729440318134064412659106636069439728843967809183086776743817660249117137185395767"": 1, ""0.37572859552623989954858943118915820416499607260569824845307228333902788000101604700628702484306908211828416125986829271048455497591250740986314547797782324878908839507277171144670043061067934695"": 1, ""0.3759206864725829082236533721744165054081579109972197105477742975067979955117187761696197357228037174204182727920147351195066816649563922900912941578388920875007553738209049223355086945058535996"": 1, ""0.3760169143434360614034807608145888633809006105164023716595725186521919681225794959872431409462225862676779718645310441525098154254610576129951202132778296803870858516372993785998697098884953314"": 1, ""0.37641524966694971437773395614252211216420707947674758120451292132423249355822689523668663559010446162257423033763397791834843102331166220870228356243617861690813953784917275905030083239878887118"": 1, ""0.3765339518889272246706044323871586055931991252193422611860323900510991798303974370247542503211482339474392619520327176227786194573092048941281897740570012153780664242150148568424189491750760948223"": 9, ""0.376693569002252638995934977400119910584184522641457933609364640494185623749223487503625720123856877779991888328024416023314264081557195326228030647250380983201603375324910354323593637119708066607"": 1, ""0.376731901914832308297952216381310081602408082023181297394968480705837874704602395788970697088293659493397930328585479461040117086080629551190753957466191607474168203981430156353448217374196372153"": 1, ""0.3770873247086720728230244782196939452327600910479443016722998145079192440802521654940482726582705343865772132175965067524973102801816508309231793456746291774626913363415360026442384921925017690"": 1, ""0.377200415198208570838272135342113729218223903982068147012668126429193181401689837787104878186540299657116256902837299807273349229417073806644501783067360801331596264642690078379203963910173288142"": 1, ""0.377397309033671904353565265948467842191272170627760550469977265976263692862699819244175015923368191141627786006544408835606604295459375730892781820334690649224627220072271722069676905501774805491"": 1, ""0.377398918532464035543361433235980317794117521447254932030340399931450807546771119673849167781831950651173641010429791025270528130508509214181902514530317430709263832257671843433059998195505503843"": 1, ""0.377625435413427122060112081931163566728913986388095275828218448585433758951401038822706842942367120282547600254480945407294543401163526035396695609448652739488724089585282158838713979409726916597"": 1, ""0.378167603491929239990528212622554662912311358118909097112702852511489174803691603387991571544891830340531057238583866227886077771814086072457826928579811428650513485054402788493241823324161653872"": 1, ""0.37853718510713462951061808854865182616319129124135610616269171882560234959955732561858574564041472765244488329247700597620320643922312539710580722796377988047393109803752271752111093932077620493"": 1, ""0.37869298334947957358575948064057946260658951260046414000838305224503613866511580930709368747207357280670920482090329352719377556293699387304770378552173998343964561217298969696833693337463571521"": 1, ""0.378739146178999860672065344459766883982540038769145161563177034792308533443037509871554456385416810547597185530553159960169966352834957174976723688993257861906409530658133053195268698731116522526"": 2, ""0.378745150041060590165015896942571170976366968367815598654739637970329123890422328103785843640688067637676037943104077442737804844063118542135913627439972198864477614994077164431919633421571122581"": 1, ""0.37890209922920610422169174003509152517812904066332990745250857575958640730254423516820092149350820704537534344206018572220796660241466958783159358607162230116664472677446290946638153000063293516"": 1, ""0.3793111945589741230947520893163191962559904474281391143903034286181362669138810103173687087477913761979312368002045852569928066553045367477629246977064272439145498422143434646888988027619814689058"": 1, ""0.37944329958988699378308401870097282723658435872330833936760224248756107036581156542567094119942515926926649995201435689709578896310692627702398531361627479689261570098939328185019078601487774934"": 2, ""0.37965118419716141378145996223626814277428020667310364909517551361741695275536907833901066424712312281317291151185079280628517818622444890423138463187464615483729164929104807582142749210894674240"": 1, ""0.37982875682156967385057545157854377126952787581009105209787950942608378119793633026300933371115784145346343310766501923224955311137632061904368627530815999554505329389378845499603804166412933261"": 1, ""0.380057678442682047584715212689257390050468637346791636625811103100216294160057678442682047584715212689257390050468637346791636625811103100216294160057678442682047584715212689257390050468637346792"": 2, ""0.380627380221184500883605059686162858439749149271559868336982360121182631220086523528582555233387489676888807808316119032459503136106132400695180317007884082776584331678317321289056259632714265382"": 1, ""0.3810851184068667363388466772296853139847554636090910046826532799189957028239047653741179954624948676961023950282423150290530308631314496299556183382799960483633881358588585702435254674346529877"": 1, ""0.381093155259526881633485663382967619374210079569612006771660288310852620344689229457543252981714941260453878723204520605392068781727884290386095489584809706961650891886482093473530847070387363060"": 2, ""0.381441462145676239673532547062716334943511566480046620536834119384199977963199511617303169207499973680492832795016627256559246312118622818615157017119384595119812246850558249078171925474023861476"": 1, ""0.38147243015211958062664290446223354757936533264482147668097852194642804266303632449895122475151807836024819032446320539430054283648349569513078690204703224284812321422123475251936032374740181866"": 2, ""0.381472430152119580626642904462233547579365332644821476680978521946428042663036324498951224751518078360248190324463205394300542836483495695130786902047032242848123214221234752519360323747401818661"": 1, ""0.38147563775239258878197903525841124245875004000319518122590217384653294603519224708489268726777569628135478822683537103792632842680308533824064529486564831712237355656483572066287868275586188563"": 2, ""0.381788759624285056320380763093736685791391231000153708290759350975850694646062203903064712668234579690110998554613923181765104273443519019214620976306806253140829935186888774800237734221476475928"": 1, ""0.38218668729749207677144111020779836469417782552014543103032514328834328458956299700802824227350261064560886953763624564471226919218846059061871788781057141944951607686407407758383472981059499609"": 1, ""0.382521148662658096620360771304167530582624922247563756997719261870205266431681526021148662658096620360771304167530582624922247563756997719261870205266431681526021148662658096620360771304167530583"": 1, ""0.3827589069292764587372567161461002473291789384470773974133720191999828863170407212305425713914370928537260411146728570023831513457982544893125307139776723329259545854149503760328084308593432285"": 1, ""0.382795232303043317935986989310660791178492927531962241665732121029044323163632733391768177563514682326801638273693475067150304702935463037301103796409812679608279243962352401250716319062423370486"": 1, ""0.3830155389038859065785584088618528274919651683240461225241634582120799837330663310468228436945194317524755897821051324729259444272435611106470523282886944770164972239957978330709814211246986250467"": 1, ""0.38302446038910614341896176765092706928254005342380268023045605104828818601798782332271502674264377637526983042233928197639599600909544793594140380160376456229040131641192428881030970205570913066"": 1, ""0.3831732093085103954076814698462869799626813314992286677480904681617916848830715085014628923826156635499326442895792549594556113985555788792217370710896901637029699480666409983842318395972538695"": 2, ""0.3832579052169234032726841479336386569072722268371838669675141770751499829501958012297923078301981469667529668509557203151582664289693612742383414709813692835046179748847517695401970592434041835684"": 1, ""0.3832989876966098134925205610291848170975307616992501810280672746268321109743469627701282359827547780779949985604307069128736688932077883107195594084882439067784710296817984555057235804463324802"": 1, ""0.38371149180968742548097929419116423195819680325895389522634666436512863405709721978222851794132743496550630972643225798703240197976010675464244772629478797221836763838385875858043372535617951468"": 1, ""0.38374632850137054262276644168863794882986109750162041006543686609107684237512880743494169986674095003716435557845839539423893685178652212657686917104347708191811484881205848235790161634508183588"": 1, ""0.38379013312346364929640597514438208803466462563512201838991664191296687382989933722864172505235003418596854869066283239722421575001771101327353334122719904715696647359832964758881532017317428680"": 1, ""0.38403670367361830702687139440215943137595573662291669492405454727215198003733061086408472723888038595680663600444051843174690796000031289450453191089769218055821384315617547898873931431178746081"": 1, ""0.384318644302899120908584570691553079818358663024168598320529057998511295536480273066358385775505041078560973892496132085566696729304402364877311071879329374084491034779508351574422237923079332223"": 1, ""0.384384951300560683913616621232072665366583963883405785086147639508680843755895644813185326950408854076977589231245722381190477088047383607113956362145851935675221375606785514527383582918561014021"": 2, ""0.38441340826306651694851078458885488656089798019018813511266182764850070146613192089096925822802681044972973252824084022942329154100561166745854841423754589784036799222281977292352954093220098112"": 1, ""0.38479402519439057374003427261038884201872212741864481092626542327910883272008732525611977286623964439416876938855512413254088319717138074922069590841703879248579989141629844884279434915611738826"": 1, ""0.38480306629994362137833808280892974450354943422843091245442869477530010352784603522772156173917899755950104492350372288355646117837203055184884404665107505827750178738230701853226580510426262147"": 1, ""0.38531942489081203919317372699330352842981667890154767753373859530742232637467161017519560656066903643794878039444546538130654227180346535486487819464541174620752233885718734620000666808507672073"": 1, ""0.38540762268400094428135107448207663357514487408609480083356443996189343878846659499705435204786046774033768450633357310611317705417502444914975843133276543807166433595802402335643934786107557897"": 1, ""0.38554401082297564057096390395217111351760455471293720234757575103729725584402619256314919869695294024291565263190982382679659653340939418932513558606473855743854442722687147323986853794369180306"": 1, ""0.38652570064697696328958422838981691805575283796973999808387746334926349361535160126573948193978675567138368352353794342477377682464131204871259675892617135224706869658453950726490668909841742374"": 1, ""0.38662444442303252404819175713992091610939966500286297789764767030474373923647459351679840252321262812229744674431638386706934597049097647086206916416203302961153387503220106503624598029945514634"": 1, ""0.38673575129533678756476683937823834196891191709844559585492227979274611398963730569948186528497409326424870466321243523316062176165803108808290155440414507772020725388601036269430051813471502591"": 1, ""0.38689171456990624721741930547066462735821670475814745568327266114129744626124966790102116073103631360851729254249601205801831427464408968727153621367653661205206013377462644143146604926200015400"": 1, ""0.386981161922816222238741388249452464454501976466621207112780109141000801125975925845373208644916131006114103782894967702806030537248926132813541900370807324042758421828509116997585194879952616166"": 5, ""0.38701667644874221798257953232928709241731017886974148150923604662128394295541183702658518245754351202792328827203703736751259483225518128481944220681330603148716598570736179044085017230808180625"": 1, ""0.38708948571557159542730526447359232616442600369962282511122810066304388047797825609872571353593070117923044986826925593409056519512165722405187148989975363149377171451667251090940303809157539105"": 2, ""0.38714704488845999195496158136816054066057577899269306421456518233084589485222275202988634861595077733973402564902754576363657610020182532709663417104320902989977703875948437936679292444358697970"": 1, ""0.3873201995042666309109403616362690696025590177453025076202896992482039771209900090217171049597812326210401139956779811717181160008970014537628185379698179106656757278199305749635241086381643542"": 1, ""0.3877159309021113243761996161228406909788867562380038387715930902111324376199616122840690978886756238003838771593090211132437619961612284069097888675623800383877159309021113243761996161228406910"": 1, ""0.3877469963260847979346638864065137523582563797041008837255486049051732697845298381491410982027604011518220633502134842617416343957898917684440472644225995432429748783636183099990070499453877470"": 1, ""0.387776134362368424971933239075858328137818422153902777208328407141262712175589812509247334976038137712849554669546402579428165779890259587052838476252893061792940974012566905760145940970121462485"": 1, ""0.38806036090731759536296026717443020034842180407907391432345743157006150272164720937043431005431612678682338162376066426060321479369251046096397424221151064407960851790723054896409129208453492439"": 1, ""0.38813711436432484036378022898650788221670575602112792601978347585571965906700792640978995885910899686736307492562225319049847289281573572938717723610522593518355433653355958686779571832306051148"": 1, ""0.38820392475861008267855333927667232442645062042583672599557170425317714024584460308891762245708422527304302087629506172485485210400906016801479091463434224949846589974471126104506686582572168877"": 1, ""0.38848984366254448347794137100819580739155060690542302122127821007093336492608643289348908129005899391326552819513083604354594214959170068567480264237553724452083538638046435542796545091371847041"": 1, ""0.38861007045074338493437949152941730873447845243985768478593812586885323154496830894653754624066350934238118800216771518107490398435475130180721472161353408260879809618058009943215287104450884758"": 1, ""0.38905979982356787870658999558593713560128913082915900377425950039984358250832145169545415245084842873913750866169062419294734236953454730428557856469661270680701388255789396217226120212466258631"": 1, ""0.3896626902107257048483171776649821525296087328245015291352355968767120522373235921028788715669221256801335724919560859914863043162752224716627400738151244100189615227615690116086452446236584309"": 1, ""0.390130076457154205143481282891470559030880746698441068414258762784231953132757422301658226591202462516135438387449111309701122033561711845894151524178333829808360639459835170290934366001390130076"": 1, ""0.39092443650084400754642041505312282792175553569655446331049548207725151424883328368583060272068314963757323006652765365902095124615231853837751961076357859199682255982524079038824347135339092444"": 1, ""0.39140103780578206078576723498888065233506300963676797627872498146775389177168272794662713120830244625648628613787991104521868050407709414381022979985174203113417346182357301704966641957005189029"": 1, ""0.3914280643691285546066013752130382351377446497093133287538989133698628230228476754211186442934372779960487810323596116403389318570706407656591456826667464343452045156948002932030730748127031058"": 1, ""0.39145739918727590147196771210409644143532689198324452798086296892685035455502109670325552223592554638479252877435244237114884282326164800286427769897549526344533785178370422702906662919352963450"": 1, ""0.391761658031088082901554404145077720207253886010362694300518134715025906735751295336787564766839378238341968911917098445595854922279792746113989637305699481865284974093264248704663212435233160622"": 1, ""0.39190298862426864934903515323683562210655322681090396638222165700305197664366976782183879635476471117538393531939328996904740856818500160885463726819657716845511102123998511193819478204583145595"": 1, ""0.39205434205625851719868652819964985683902742446804671334897688326386216010301995390970576890611811698163400887678624028971232001615631264884841031687370256773673604740050961134523413773280472213"": 1, ""0.392054342056258517198686528199649856839027424468046713348976883263862160103019953909705768906118116981634008876786240289712320016156312648848410316873702567736736047400509611345234137732804722132"": 1, ""0.39238827718672307449360841398609665236865957864076919797446659912183202446051067402543845775440182444502605524491099086444526242280118828817902772350466975108562013223885301284409626861696380646"": 1, ""0.3925027517199913073949905010098351123496305086896088874372237613434984213858077940113235857728205960276203857083617349680358207892030340766644327003931702033899712188308702896201586938537731670016"": 1, ""0.39277055160144014833338332429540206914046738674215637512230217071585948402422721125538611914201230183731857928076526782218231837023290355968033639907256129435875471172122254322194258924964754373"": 1, ""0.392786284752299246302196813890460542649551784477566203149011635047439892235475497870863213109099272205484445416538598135476267781507702930178239408643713193827898436800031675822463201761852956934"": 2, ""0.39305627668783942926087895418234206774959271476554520070037995716516431555363838975278622714681796123832678908440949080226070346572301533812907908197630735357709021384049542684148036740005637402"": 1, ""0.39339367845519388595479797501569609888475881136876275505823644483603709756164464830724690418328380693033987703146503646519996156756026043339443076317625758986069795924658744269772633551597456356"": 2, ""0.39355825035462939354095981859570878030021983710834467370536707444097132270284976483028650845070309976939254655651814901382640016177401557108577301916399362808672368824564046702771273270268622636"": 1, ""0.39482830351414290809557229503476021301636447206510382917800316767541260296089027450761650738633353014433120348058265301161894989035328506308284943484454064078059734535838377834478521065868557581"": 1, ""0.39495881268593425412316977030915040035401648347893692799122554635616436459389584205759818974646758262787919811316666293804418693866147735365195690036999048299769050156126285639192873519079245555"": 2, ""0.39507521367976240212974036093549307088990057084930958995078281005562351787874636964284467779042962475495720936188742245964576823821626476216116047741331889265921331471045458295100429866979989804"": 1, ""0.395075213679762402129740360935493070889900570849309589950782810055623517878746369642844677790429624754957209361887422459645768238216264762161160477413318892659213314710454582951004298669799898043"": 1, ""0.3950843520865838051245677112316173689081408364377034976187806060082983780467522095405051935895756235219433252210552785906143727722672751535146010846885179084595083554178149717859189483035495344244"": 30, ""0.39525617010089059778500772289592165368562884090834401393407604587728811331295803345492786486575306451082848598376548687107693318873443097045581517631207072200861020736797134312662262972821979033"": 1, ""0.3956090166623823131859154611727229120637883821934493917344258713650557137191319025387201650081149740539387787834697274375012033092520025197946192178403069462564891419775634506742396010277309154"": 1, ""0.3957381371257163091866840941305418619805832771401570584726331179350228146821345162706037236216593818697481825078754235080091786403404839216560017649182092239187424111393247061900640399648083111"": 1, ""0.3957498803363027825967945716740289566323319877101542567776483858890285845862857452769216766083177898924322869375481406768042349167540720520673002163761199467948835079882534032527024534303711348254"": 1, ""0.39600061159322791266956001611212080968784471216469515117939514934438268894021669593096553396738837616064799667379406151049647004909191887085594501457349320106959674983932132911563635459730567861"": 1, ""0.39670970917016240538070352229851655691218860584471889573715169553092264066930702350542523025005272901970893581120667432213915774179184926530899205549436385367111152773546436690023669471069344520"": 1, ""0.39691390075015085744927953519215203011093009545135342253350220318451747357939483989012721206525242721703412848195977368989364598476578459472403514754502549047870676170688685637399127440002505512"": 1, ""0.39691687109987202021455232099262425046754858789168680474000969268046699983368118232142587434520112879935266812653284443037856732591656258819728894445846849367968514426082768644535376089106182280"": 8, ""0.3970107427180348504831140001805076724666116587134846524547301182714073448847489271502148424827924869761565567450070895069510184808654866059661035024513407925254025643044634730255620722733289848"": 1, ""0.39710351718617110603207276462572466755994143491040084732536491884223831216237333204214667306376181997836450826168883775817485427156217150332733904811464590347226356009824394647228167135186578274"": 1, ""0.3973245527767093022357679383645510208526916207026293898324796894956206569233002591932060310888312274250135651019738735163009450405441194289071043583040620057150619058993774759380198598015611452558"": 1, ""0.397645186442628340751163315392741532392765649727528897259038329873342896115407520637109336458368849785477990390672081353873418438899636207231472051226824283627889731630326831591804469248626104550"": 1, ""0.39780570065757265594778819678152435420198361343218787794433149650539847333590288650389551904557302291102964340096347358591379357135912484419172495578593691256189452133378207415156202495958355656"": 1, ""0.398158973032117397803094253864702908986617911217076783769734290702127419061681499006412180235639342081897434110241406934521257783304141066352475058359435638051342170558131229668078866451187421631"": 2, ""0.398217487181004643049716532059159094199659481386084391616087482822153407860723914794462684924851113076062093194790721221544044316737904776184783655957403660051492889614157042906843414622056050455"": 1, ""0.398270739027087869646764600539289146456896484384945227328317109783788696460669695150009882113469622819099688973980895844238822914993485707912415950852240356931014325544406680844800159787335718189"": 1, ""0.39827629825140639563908508478423630556229161318244852657789002253351131890640885481097229893902926924572878111170904488021079387158313132356476471003542847181534721982201788099492768817502112876"": 1, ""0.39855768661347063860593979663533160947878519480561592290675008462039534107508815238817725274961512148955571895268022539278001782117859372328419170852245156251059453758854371007533967321283929178"": 1, ""0.398576233197879316911994618684016073572554481997207421330143828154475059092503516117209253705987591064132088129058740395191473803876941333810712949829249210574222975297284037838177771532254939083"": 3, ""0.3987392973013481046156609657236589857043454922381306907561174693391302363248710206414380833569473650908414645692290637020155970694610200386902303922067599997215658308683617784372523776040080832882"": 2, ""0.3990366364935051983493931234207334510348583412767610859371631110857225213136189332125367288080859076485828300038628855649150104187068552645118157461223397891515791971324710531233555548872242606828"": 1, ""0.3994906345923672543784740742465545060688076000254882869667134526220482210332712325607637342514528218781161601549299239642877141438718052696232293672581986474934361867418767709875692895604171351"": 1, ""0.400370786817289700463325469808843364029190787447374766028334735838377598686167835090108207115506381633617532312417863458994548059498887688552149498812976173777379669318556712865457574455540173364"": 1, ""0.400620157184222320132793045142931714099560470740697221921331152208066479403427000822671036268554146322487544187038646094855395492007090912458923508493938202781055005190952652070179968018796912836"": 1, ""0.400734531240486656134632812792882105319177460857487557772670889369258192014438740109375147611734581771477451300404903147003261212568363961894260156261878872323544654678321094217800209408936007133"": 6, ""0.4009035845496971502333432628338794558633700724853539866944692681958097507695362923244960778472842816006354880349518419223513057293218151126998311984907159169893754344156488928606891073379009036"": 1, ""0.400928828921619116283860335770934184777011020702441034092079513853125965598928828921619116283860335770934184777011020702441034092079513853125965598928828921619116283860335770934184777011020702441"": 1, ""0.401457754866830070595800290065897325029962836890077722664522747791003496498446764207257730258788377035933848229329769502834612738645579622185058072440540005337519366508612100272040003948988951"": 1, ""0.4015698152900881509294015191651227992983403077037112942365807086901654664022746767359538129712708434414869628915858727497167952727626429145291170852497188273155965400092290752987771720603198259717"": 2, ""0.40167871249263094341913887090015254483755135374770255890824899200700461455670698816822380815986388381600705401914834030575671639394684393159724603638019762994751044046438729794343231943350594522"": 1, ""0.401773716742811072292394517602794947594732598763773179252889008331093791991400161246976619188390217683418435904326793872614888470841171728030099435635581832840634238108035474334856221445847890352"": 1, ""0.401951755564137040788113399948487158544810270738910186492379087611354308293387489420865070558427759665663060854858125300346885040688909808082541361364518038295580955980609452034808620600150293379"": 2, ""0.401958749974631083025687500781018947517806562286633487393789038318021845371836640291667060297958884723939870134413075058675363233515637231718027083365010326196119079142189584580800558423829352354"": 2, ""0.40213668692143237933081765267024897702707922960423921027875845696121531213580993590199546867789864127235342955124348436946816300067242615100768475022358484661256341688930141531752755691870278567"": 4, ""0.40252674962176229719542335061764375275945034559044633825209542163613850048953905068845310456298607362671026342493674646901402213273232864760088197578783243111452457783388637196092500462899147535"": 1, ""0.4028251165628460655933795796725881657544154423868095527396513579633570544363302751369278249820467736165748413853883490363513193612105467582052105029281606312958906058675324724806608481573141562"": 4, ""0.40287901023592526585441216675027133527587125427120757719064163414659562084724529464654410133278858742074875826993706115666161377582284808372792546090944363867639313185295966788446193188835150552"": 1, ""0.40295742771071444690994701734221142160027214398395503033009534783176555278933941806651545740011363720553045912522316396599373219268899616283174066857184965786016881845263222715392394840982383252"": 1, ""0.403023880473734346939019502595408057966927579078240235723793778007332091674067552455972323141924990269509583087410538617531011953397394047162252516344702725090753976110068500891770610474881640709"": 1, ""0.4030435731137760275925016174601304241195669869648607336635813351981228068397174720088346112062303012177589661748407940775205150632519294140736794500696915423705299513385667245344190345437428709"": 1, ""0.40333159499293520202744396092691438302644022794244404953897561234962130427287359247796379150065331256051800999866276343963021381284810442689746617838735715332947736606286945187801180312655574584772"": 6, ""0.4035879581275690203233814922962917015687917193296368986979856643496400645807671520547918662809564730768835822566417762028231212989329314117515955805485047550482336187896402313260019914964245894704"": 1, ""0.40377753215579545793718144061957775891067363200621683123733297682316680139207188879138100318403012758671440814524449724080439174337775794564427205419997607209937781218091159743816886375963220167"": 1, ""0.404004404390000028789241440363645920800536753943051015059569983385254389639786466694906963547462633481886661133242130009260293192037364608641447179582169643429738205036535107608395220080800118248"": 1, ""0.40472455195924263817960651054935866892288150595190652553314469205136057714307433429343688662950896220678905372772635098242408799183654283983911238944957731330558049105678915127609174535892486456"": 1, ""0.405034210825868485114580173310555998602989279677870744084634433467455404936907656802207068831951528873530731382995129108537111484062031270879603645804573894291155640095002474221218144135112543777"": 1, ""0.405278985795385811999841875756675075326664831736340845547551982608883270817384604509238462044059872211427545120170974488913643572887658005540585393598354039516932574577423154980722550559148673084"": 1, ""0.405315614617940199335548172757475083056478405315614617940199335548172757475083056478405315614617940199335548172757475083056478405315614617940199335548172757475083056478405315614617940199335548173"": 1, ""0.40544332210998877665544332210998877665544332210998877665544332210998877665544332210998877665544332210998877665544332210998877665544332210998877665544332210998877665544332210998877665544332210999"": 1, ""0.405620129870129870129870129870129870129870129870129870129870129870129870129870129870129870129870129870129870129870129870129870129870129870129870129870129870129870129870129870129870129870129870130"": 1, ""0.40563140617706436369885156474542947411369386657407127625714348516431280544403034083854279835663179358132712663643759079369166929635745704118932786467440468781384235253379505566980160546850938802"": 1, ""0.40565153313509116580157391868294101804216414719273002491335310235117049359655295657655505343656534737679994367387313240658765272118439756797580315764200346997130594076787393164104940387700209692"": 1, ""0.40573666103131677262905388497669381874406610199378931263183428749672203026539204894681736169526755258527385273606281719276709687459035676551126007154369547127742972340603290673699820932274444146"": 2, ""0.4065665014503471325868751403751571501948472433905938289412035582392584890343656833945962221078539341296378937706119016372517918976256345388967199856415997985496512335475757926104380910442844017"": 1, ""0.4065884014653270682021066356029036102345795915994667545577235560913716994756770935732453278120703558425089067046523707866121457381553563420446160103795910249539216082602952032681836792336857539"": 1, ""0.40690978886756238003838771593090211132437619961612284069097888675623800383877159309021113243761996161228406909788867562380038387715930902111324376199616122840690978886756238003838771593090211132"": 1, ""0.4069244430682416103201894371529777790229146894481637908951229408767117607329860068828089455652660271191191434943069058814285456893884533804191303321328728855624155467557139624740763328189951162"": 1, ""0.407248878764029960147318860811861600913030071094900229362490527490109872026124924685072923301403412975678244169393503681502751789774739887871992425139454437176928008363446550862365377292406168955"": 1, ""0.4073076589969531240010622122269108124517241678520847112755667502054731122542359526890998938528070772348729452466770214082006108547569310277575112290866548051987622357777567429407928945299240315"": 1, ""0.40747840422501332765786178434587141959477730361483723597565459936425359247533477565698414037264524445323700342935219529313857050235349152852689662578254696314397195911255495361134644921545974983"": 1, ""0.4076499601097994672291861046881127202412342974591970575906318878206428407231620083025705515665355022784741660243668275796789853014752613146187443376198396278717563858126107122091057834029721579922"": 1, ""0.40770941438102297998517420311341734618235730170496664195700518902891030392883617494440326167531504818383988139362490733876945885841363973313565604151223128243143068939955522609340252038547071905"": 1, ""0.40786688311688311688311688311688311688311688311688311688311688311688311688311688311688311688311688311688311688311688311688311688311688311688311688311688311688311688311688311688311688311688311688"": 1, ""0.40807984364535321748096094072170315851095206943236313549937978306184011215882614120312662372908039948625196430445393461703587333825200358083686171888066759555899120146153203639580230349829607846"": 1, ""0.40828973137676839985814073803307738741749262107043640713244363432363674382333617207970254999344931735578968362115586503396053811842373098706944230285219842992082586129478389965083898383843184255"": 1, ""0.4084366929821591425284768880496948476172062268149578588687816780803870433945637572964224592054916249514038424780411287290285595152494321978718085473749921367741620366509121794626983887135321498311"": 4, ""0.40859434968826946619021582351591050373638192562241140155151742139455419482397722272869735914360058934380025812593006941622933964984348162308519332358827712634148182651855633182139108932351089826"": 1, ""0.40870635036954531148514307248314053878730271531034038789265674173296211501380095293407259276619260873908434148793669698464024359656806687922322264695974978978029853494669447988727670079414010322"": 1, ""0.4088135593220338983050847457627118644067796610169491525423728813559322033898305084745762711864406779661016949152542372881355932203389830508474576271186440677966101694915254237288135593220338983051"": 2, ""0.40882917466410748560460652591170825335892514395393474088291746641074856046065259117082533589251439539347408829174664107485604606525911708253358925143953934740882917466410748560460652591170825336"": 1, ""0.40900353597066884693645732392300642696487637742169999826410496926091069713276224485105221849715807040004413586731895348179433883179578092122781774122542089628051295149875713892785160704080762567"": 1, ""0.40906751847724902550212114569812845379114005325908578263326059879761420520347178932364884325647435593628586511232800139746146449329787525720722592220292383653693480471637181919691822413440639022"": 1, ""0.40915766250655613293974952381058149371052237643409910720199407292304225657519271111326566244374598254275984998426730517139910534678293113878979889157863639519566808561929426446904442595150442839"": 1, ""0.40930406237949764437201562870984000070958117086150906512049793201060376551622404138541853641530470243871438313846210652870797535919927685066062864598379904943156562592540052675880265251318942368"": 3, ""0.4094188917405289055764091149907367957900418462222677654194842521409927984136480604157228778276250606489217773495152364983007716365758574871747025114983129638935792400553744517926630323619189558304"": 1, ""0.410550653861046220208460285085426932297348424212841321896796121184172478915254283125009992114596576064856390568051269677041468813982209349040329071690210135574479717163202347167621516269428689944"": 1, ""0.410788723050154414504051397837667671394708991822563497836332056981222451064580974211631132369939461631331022082819727997931754318360733530614232738960356310028931017857819694950920019591466046828"": 1, ""0.41091470258136924803591470258136924803591470258136924803591470258136924803591470258136924803591470258136924803591470258136924803591470258136924803591470258136924803591470258136924803591470258137"": 1, ""0.41123026511766458147155198093535895144474232946082812034554661900506404527852249031873696753053321417932677986297289246350908549299970211498361632409889782543938039916592195412570747691391123027"": 1, ""0.4112320881244912928692962193875243585452645796111925831776963314022101746364182334862226049371638768524459705365005226465456742275189585059402628073811652883099574370077728419010795573726748464"": 1, ""0.41136788922081783604898803412214879209461096501071197937722686749202363709394243734079386258707954300484809975124452359260337861375771759008006838933943805620004339532469445437628602024105035853"": 2, ""0.41142046067339367870626070985816720401241828123217581793773006271339763180292618090208783570728430925788702226690687006089999944263514409102898349001554406137743288590286549668348198811376641032"": 1, ""0.411982494782217210789185607360793755066982171931416081107060328424471120313586314242464138821260355338622315104311442034093907660299736049053230581924540005180222381100649512758423627120378899686"": 1, ""0.41213816037907396549008518261376911357035978786090282460658948333289086081455351079629183866171981831590910256435721270426200016979955702420217339077493962465509076513663791997487008807854017975"": 1, ""0.41224838806165924915888948471079339438297610269863108350305910883438231235611860990890627922472574298185291088432128529034853831904325297300351724283406826972331621130885550196453107844880103518"": 1, ""0.41231318182117126943621705083558041508741974748438105818485092382895173525055791100976265659112688667795896745422965867422350992219900460934234718329962962078412731920759770177999159302880931329"": 2, ""0.41232929126613521574510353372300485723273131260082859316330984963686865102685489719997457979971579170835333853990007810927229322032043456709362924345861209208564040523507005922536324865462580229"": 1, ""0.4126540824922748079232410301751200170490963467877177163893511111786270857864904566046977421005661736086792891433560407698620623392345276609300742695131478603208099929735495590858148854337887178556"": 1, ""0.412654082492274807923241030175120017049096346787717716389351111178627085786490456604697742100566173608679289143356040769862062339234527660930074269513147860320809992973549559085814885433788717856"": 3, ""0.4128189852050441862774302452586634892264919074570549101380200575911031675106742130870817197894945884222023632211299771621487439181809154999503524972693873498163042398967331943203256876179128189852"": 2, ""0.412839530313761823196761187714663798321885958499941247289436602317077115933548680344501415328371217337453566820431429296964389705256823755559311301699458115437237037816643806711472252548077008517"": 1, ""0.413057125174785332628679764432251162569486951421244307355423374361848827769943747203500619308458354287320156377335718543482049055096294673749422113753086365339466777597175356118346480090899884542"": 1, ""0.41325477786946551684252649866455809303266602878790599259556432680356759907641207927088266221667330158985048152907488733163066063780475871935389634949849883631349940148373443124617058926662557695"": 1, ""0.413402687446939740052916574681500020096115746906387803903935397307931706239905313214584297519044943104203763491485289531576437419188928518230519502834599626704801559431633765919420880472037938415"": 1, ""0.41364794051683586312988130658291209773967580628609196084356694971215025126279360445224343739477884657521430131570699136083771452577627662196275616719496799580392552580523952319433580629180422690"": 1, ""0.41383370043106350249726326992754067313633063334845277051707312003247564297906998530340931880197337571691199349095869932389212277284749246600569052828313004921211262045617037120502445764359954702"": 1, ""0.414326913173344319703368009063755278607477598104851169018436502214440210114326913173344319703368009063755278607477598104851169018436502214440210114326913173344319703368009063755278607477598104851"": 1, ""0.4144278829554608511559896175639834525639902782247723294129353763792479894666247699916347178655760895619277331294354947227943637091225385492164543541207993255550631315934887259222088120514979541179"": 3, ""0.414427882955460851155989617563983452563990278224772329412935376379247989466624769991634717865576089561927733129435494722794363709122538549216454354120799325555063131593488725922208812051497954118"": 3, ""0.41497233866425291946393378825814505822343922148168321084512940476867949228051039486999467972907943560473082906400583444288578654291274197290102252610576048953649067883928732639714269074342089396"": 1, ""0.41541618147023158047088974254362343191186705324336814114571019951415079099946259691676271707639658252163631960016478217639187748022873749937876331863322186287928908892951070827936043814156970459"": 1, ""0.4154212121411417962414470055705361005827983165625403878990061588596782350037194067317510439408459111863931163615310578281567328146600307289489812219975308052275154613839846785332772868587287553"": 1, ""0.4155189136484128771221293375779441784696180593196388088257318237038869078247198569639063278886724515435006161831371698840217826484576913284927073379702883041624605041770081570066256536380047566834"": 1, ""0.4158749613760428468431352353486455865691626326089195591719023586363168194458749613760428468431352353486455865691626326089195591719023586363168194458749613760428468431352353486455865691626326089196"": 1, ""0.416373056994818652849740932642487046632124352331606217616580310880829015544041450777202072538860103626943005181347150259067357512953367875647668393782383419689119170984455958549222797927461139896"": 2, ""0.4167163198819068155796688970608177267099395246030486510792720690338701625281542159183110077103083030351319871274762975271764883615027526151725454403587114207536819245536515545851441927603660686"": 3, ""0.4172662152738908659323529498225864803285133603069076898320568093364859273300482859063772925017803997294784679197835927130464863177596311415855467841055794330898149060613539713523540200406097097960"": 7, ""0.41742300957874137398290246163353589453084766711298794932536821505819342877742300957874137398290246163353589453084766711298794932536821505819342877742300957874137398290246163353589453084766711299"": 1, ""0.41787359351850863260939844462679789609998488086553057246832497465194933901800934266146192521887482310595131497651930991041268950583018973942699713570571922653958659717247995929980509561744284023"": 1, ""0.418011334484495462229821038594748133649070909174645755271878850204860368517948925888871675976661420262812487740131685143290774047134506021094229274170571369059668874041114193818889189644778203436"": 1, ""0.41824012811571743816485493373548246306013362066264999908723705274426856753236796973889631396249274506336419906171786378098889119200943749326195772751417004157434417250744520256689653315518345272"": 1, ""0.418399375097860133749036721215342315975798149199440488416434498082191770838892548451367468287614517172567999006929822598970624704558672291395766789668416043682995000821717292837857229047785502920"": 1, ""0.418546909019534683173515844624333011674229139126844746901684143490082213538351301931643634272081350260848475815418416856695769739534099999872566834591430125718828531062463735031663679618783529147"": 1, ""0.419366009975213331545547018081813453480127950887265125381014484962410198856049500451085855247989061631052005699783899058585905800044850072688140926898490895533283786390996528748176205431908217710"": 2, ""0.41942372818048221119753994483784962979412236380480160651625599060152955961230525278169610736259921339148736848200071086127975243360990878157686904920736052245525001607781192728041993349676734255"": 1, ""0.41948144638575109084953287159388580610811677672233808765149749624064892036856100511230635947720936515192273126421752266397359906717496749046559717151623014937721624576462732581266366156162646738"": 1, ""0.4196492153879741902358037748910662981574040316022174580002569846434848351326596423323979386033392620232927793540922350654378205838323914637102381531812498352388989808749677613415252733817585326"": 1, ""0.42116882252816549733305365567218726359153433236255170564480716811506024682390997133843821358375896344228595269780442395760096352639503737759177114868730435559308586608530374649386040162505395998"": 4, ""0.421527748765414121940288953777750209412750315977821392187913986097840387484602912328751197685738838461301493539850657216938727793597588470509573483291028530289401712737841387956011948978547536822"": 2, ""0.4215277487654141219402889537777502094127503159778213921879139860978403874846029123287511976857388384613014935398506572169387277935975884705095734832910285302894017127378413879560119489785475368224"": 1, ""0.4215462497209419132825625085912084226958721851529683613316794214982402990902030432083376632775477319633385714785438256454289955686720095488982979170151135881573098705640854303888061426621228759"": 1, ""0.42173580769378340911506890154019349498564368019589586852501043413670742680835323002672938560674986638916954141025688388270689611685738536659846129057483234249201239543195391526870845495150989215"": 1, ""0.42176600605190017052308754930545119460986436859118929021944132789860696938746593638360708933233797909656803860746142089598105712821583527666723763189601669222644903390462619194127351256544957995"": 2, ""0.42183464910795712642384440248474238086031134074789294343908390401935216972818786482112296027458124757019212390205643645142797576247160989359042736874960683870810183254560897313491943567660749156"": 2, ""0.42184582599535089156375520994481386983866754789764351643053749285129661131049597920057356157880650494711503378833680945790327452626428515252707441292727455990745023804607865445386845022377869578"": 1, ""0.42212309153513720077599319488823145703544301032782197296115038051493747470185293245311049451568514711167818375193778165868411351738414889562863704735136512313618059398838724788601364404820869590"": 1, ""0.42217383068451510515355052703837768873630766187997401101829195359027932194617241630356024631027418842637249658114770244714559913283321498912540927635665950485899079817117347259471796272224002977"": 1, ""0.42237288135593220338983050847457627118644067796610169491525423728813559322033898305084745762711864406779661016949152542372881355932203389830508474576271186440677966101694915254237288135593220339"": 1, ""0.42249420217372128387907448576054052501047444680977958930090452105883906428775221592561278930397372197155525864472362782080146496058920642790479389457716885044031387336091889615555956047258089097"": 1, ""0.42280672391810313312355523405968494693829551418070939573307083271818927692773114262438132028811078590332539506232131372482576815817112055330240913836295889044345773426918093164060810372083916189"": 1, ""0.4228413454631718182818237253529420645202999924965876908843248157683447167674766301038744172732123550088753181877146812032600425519295369153782323423572632170059069545159786786869318751554189042003"": 1, ""0.42344041219124292246073640767316885184866145752231147624034959295269098231309301473207759263423479171507854980076153576681823618865408868227212604869403231374086274818168639380231682018186554765"": 1, ""0.4237191154119653406576774281843573926231528544079627056631970808271512061245374642384048405938442928665324891084600270353071507813481115837221709638014525033311050957931625192842309430096143774"": 1, ""0.4237288135593220338983050847457627118644067796610169491525423728813559322033898305084745762711864406779661016949152542372881355932203389830508474576271186440677966101694915254237288135593220339"": 1, ""0.424017024580973711928151239516600697053061685719252633963866313449628508457263447776703612070765018255451583071515232458249938127644549847678249091154455178666657971074998160159120355046073642487"": 1, ""0.42402642634000017273544864218187552480322052365830609035741990031152633783871880016944178128477580089131996679945278005556175915222418765184868307749301786057842923021921064565037132048480070949"": 1, ""0.42462406633506482258053508807650966310680880248515766039979622631158833566317393965007045107404054976579058384891026180618067197457333772438522775819242021455014943419336579217747223275394542306"": 1, ""0.424871575077117603446748808529865511990278057203489202174107867056743898766344857100737779031608272574589915115067366289768965344532058708232359018579492600700133581263569188857645930544930796103"": 1, ""0.42491959119534977010890781835861535857119106396908951657924210740730908018101189128806485303593773740353535612541271393428044448217767933871159408683887547214557572558591953777219335290634226217"": 2, ""0.4252167530485552660669231619389191990662205153206230505716919158812755372427589253641783410601276229592929185736458536347730019324562363403321744958566426916397926902015512783551323966534843135"": 1, ""0.42542088718996207932427185625016950677034485959125913534173812586787896381489310835305643565537620575798621890583548528981000151072773397228966636243049047076406296358706038213973725638463111583"": 1, ""0.4255085380931050526769036469514831872752334697101940973321879035593245242750049085194374240613836148305317800456767351571417169157082351996705099269189803466285922874268971101636536677029920379"": 1, ""0.42553187726036548559352837138649206589525486687009610261205092717235243644386411025440414410620415720473191706535377128105350564569829803957182404914578422845495145864269876697453573425925503660"": 1, ""0.425951309576994913660746449333776939279094646657141824607926473247793750673789254098319194051437467690882922407727710949710997542952771287068183786330967983824586591620890907712741970819723887072"": 1, ""0.4267213731050249873873854982728024037057423434217406658224810085878467727842743519877437652524991597786393436306832279430312254889855222533033718905104134814291237614052242751218255216561799183"": 1, ""0.4267482993132687043717553802520384870492711112411482367841745454683695612302488931477566566173481244995560265204786833144028323363761606978095060610619756130436298113902712625351360470571737437"": 1, ""0.427431475045215676680665473603793779613533084715256828376306848796343063647808188129430835535946655004218263867327091345799526092754348070455086298869896351531502255364465529021547933612717465949"": 1, ""0.42801731358159027950712896220628090991960325784226224920102840174384922226177059463058104397325351874955132310786935762459981053435261818766998748372143101675318720892883098967175930703924430152"": 1, ""0.42808760107816711590296495956873315363881401617250673854447439353099730458221024258760107816711590296495956873315363881401617250673854447439353099730458221024258760107816711590296495956873315364"": 1, ""0.428405194074477083852138688661884272975880977352678674760308520523154766678531178389174313191976055624865396932360807287379943160305785456300996245116429305025956162678649296901527792111773290456"": 1, ""0.4284054359634249895504049008344825162986905029076858871172382776094231400082278132403665842289062607910697889147914869970127474764626217881232542766744943396429807147993599789896451524048337391894"": 2, ""0.428635771585398252412940395950109918035502479088003105808584253786336821770121530211656910113535471298325897634022381354704742074760762382375694759979515901268136427381167824796627500693065727723"": 2, ""0.428726597510130469009866494784943502518444436738900871514045944791067396948352198082052166378310483844076426699357428268496180323872192258133927536851350115537088348335076167747704752711933406143"": 1, ""0.42888322979758075231232117587128801054778699498868907016496761143043145844158959574408789622886836527159453153458681700876125091347208564806135906946322999533622766704505978882397732486713539508"": 2, ""0.42889156212580847462889063652002947588764679372784393905838831519082221923459044430208913939489354967811308448259285711546160769435564916784089947963390231139275641734729637256680823675148294722"": 1, ""0.4289599639915107203613638346666730275272531170064206633177326284013348162629678061961913321489051920706177881060281686547105869662752476556193244354614575907402318809136196553243661279877186467"": 1, ""0.429519219703072341039930783759889683759935188165148862752902509194986596444165133277564785770507263746184887529569964818629091394150256994776362360805328837033754210623258172814725413676653027452"": 1, ""0.4300103799552142709568033835528432304555975995517036753167031607298295350422459446776219546635074914279064225709324951818337307354268451661125445766840200332899066160672519594800990977543322035"": 1, ""0.430099428572857328252561404970658140182695559666247583456920111847826533864420284554139681706589667976922722075854728815656183550135174693390968322110837368326413016129636123232670042323972656718"": 2, ""0.4301157808599529015199453245081663180862758951569898686795064641395858725919883444843810520811178526305755033166010290271337097153029224376646664067370337652653308418111648629298085857663762924"": 1, ""0.430192307692307692307692307692307692307692307692307692307692307692307692307692307692307692307692307692307692307692307692307692307692307692307692307692307692307692307692307692307692307692307692308"": 1, ""0.430233674714009157401303318192955237827310389106037325805698480587616289995283008856618341935003496160435405062508339629427438493774843993437502965538526237851129437106428714487821567512460684903"": 1, ""0.43031437125551422946396809099239677891896257336189861167260497997872969891717983290878363356554544801292826600331872958027567630335391357354684903823850148320011572086585187833676272064280095607"": 2, ""0.43093264248704663212435233160621761658031088082901554404145077720207253886010362694300518134715025906735751295336787564766839378238341968911917098445595854922279792746113989637305699481865284974"": 2, ""0.43115760666127632785986851848283059571791427271413565549599788655817947009255215355959667556800141912762605403192411694599349674911876369462670371089219561377502350580087616278715492763056894420"": 1, ""0.4313399995940973284110000124963031602849049965861357983006246130883495259493862446666729647673421555830379221506092009388058117362501957074884333338401652191379052662750333532928089347812696377"": 1, ""0.43136565795173627439081141572144645731662478182246201101876173983175568327418131894732673181314567712117778366281185906123645224684570844762173994203633478826440075563077377515590010902010675857"": 1, ""0.43165538184727164830882374556466200821283400767269224580142023341214818325120714765943231254450999323696169799458981782616215794399077853963866960263948582724537265153384928380885050101524274490"": 1, ""0.43173631467037158925742400994344958826899018640680023921641209579164971821215126263277095139766024577700052789314800489111512572654256340022529072771023342787927181650730136718921378447042236578"": 1, ""0.4318936877076411960132890365448504983388704318936877076411960132890365448504983388704318936877076411960132890365448504983388704318936877076411960132890365448504983388704318936877076411960132890365"": 1, ""0.4319322816691596351291484196799681627065438567219570211305548322247368902940346057734524086863257152637020898453469143129169771193968986738267230041447366770606097634858362160185583475319552358542"": 2, ""0.432412603885682916221504329228852718144919642865025283958749459691247693067202425888839197418245996537825144975977691095921709062017299381241744776062603326861492880436219278101788423845748298974"": 2, ""0.43253600841527337988506345188001242976120748454274043700343619932844843763907359394558326834175740728031541574572066661051534719679895700215934147039427057702117175506644499203435369449687257823"": 1, ""0.43286797094384937423530218187499054287678843888191891903854060428214485358957512437717658204557119974607305751587947208088867425708735521949643687940960888762328408420570904072124424232068417043"": 1, ""0.432973159311086157061792923564447014491604098320419584831507074457799801668795604555728522867499763124435495155149645309033216809067605367536413154074461356078310221655024241703547329266214753280"": 1, ""0.43305271586560357774003614061544898885535106622542763097844542943701879442918945377558968023848206912063434148797227880328216525790094571925128797862774344840417379770226658063611614023367332416"": 1, ""0.433107349081576263567714920498869793437229632517726440066829605450769555473567022135292895084930632867341299826159247151927795670253575496670603190356429932832057588173028744141534406452246960204"": 1, ""0.43313385806133381300599290986165308405198741002828679748531672978309218970032890469715848502839132763950365918677304563079381948636576042744026695390727792299414640227675319168223601994218815390"": 1, ""0.43341991897550004565384331059606379967472409409619822210403734000132343292270706051820535734195800950725324467150870114867169921135436680905863362882639949595152797041503224134139166407720022466"": 3, ""0.433419918975500045653843310596063799674724094096198222104037340001323432922707060518205357341958009507253244671508701148671699211354366809058633628826399495951527970415032241341391664077200224662"": 3, ""0.43347449186142902125089161209893520630779413560215143589710635727459082233946162694307177236420185455316578522912021180205247498666598122313114891046608018404158928651753985747058483327657004055"": 1, ""0.43378119001919385796545105566218809980806142034548944337811900191938579654510556621880998080614203454894433781190019193857965451055662188099808061420345489443378119001919385796545105566218809981"": 1, ""0.43378423045049348178029448675549398365649231460891057259915514761822916448303961076763692242338395238477772896861825500077077153391199893683778080929458418023337247862721539805096164861444031462"": 1, ""0.43391917386555456260550094330255188164035349021944196206930791381193525965643928110416046072882534008539370469665375831595670737761890576903981729718995134544732399960281997815509879853043391917"": 2, ""0.43393782383419689119170984455958549222797927461139896373056994818652849740932642487046632124352331606217616580310880829015544041450777202072538860103626943005181347150259067357512953367875647668"": 1, ""0.43403743731500024470855224309099032680456240851593362800634485877466231193818496690670919015343238459603661963255810507871249213231759917345230102644844196915277474281054841467135937068680100511"": 1, ""0.43446125019887232596968773729827723999174455281435399864875587609507635300184980445182591383382654399349338259807687791520252335882104335314649677321383868462997093665894330477689714709955650785"": 1, ""0.4347135339092443650084400754642041505312282792175553569655446331049548207725151424883328368583060272068314963757323006652765365902095124615231853837751961076357859199682255982524079038824347135339"": 1, ""0.434817822860251097020531479602166801300385483930053174493071862176650116273157045165990517432633218304434349136434899409943965209893235388756155133423328068732653589484705006584599693061519497409"": 2, ""0.43504517622824183747038829951591307034710062828303635801833350499536512514162117622824183747038829951591307034710062828303635801833350499536512514162117622824183747038829951591307034710062828304"": 1, ""0.43518484704551492495138891972520484724798189284582396991599792751090044057159012448536060521158883287415280922704171070649520113932687534897288568905273417963607243284672185530280579674616794712"": 1, ""0.435741792742115253487410093804130324366632774897478505697847752116608823846489060752150208965382337736886081133048334564569881196683657076267380605332220227682158396056889838923643280385752417445"": 1, ""0.43689916922699940705166795797039404666552466711306134779973605188735974675946708318208378000205373082712459768141013683366727060314304643845212963776201070884588966563601241017145965164592155913"": 1, ""0.43707127265861685981226381609597084895476470593428422372823173443645538961921598232647000652020891836684801395938243545548420087917279592347502440700068074167571780052097406749413549827787114618"": 1, ""0.43761996161228406909788867562380038387715930902111324376199616122840690978886756238003838771593090211132437619961612284069097888675623800383877159309021113243761996161228406909788867562380038388"": 1, ""0.4376968279387767222944391312533394101104101277272307578454849480433174766834036988509404470015398524412123164769823543705402093991319805710142866222312597045099689101480637228184780422058327830"": 1, ""0.437760530675540450764179892431836849881481471378972242427162199434278578726033409740708963294788115709658577289869047992761140114262567357149814586361247085101258562502368932328220068570131163900"": 2, ""0.438035023410718566377103572779582771720531072381566753417307542257399396928186969130892465400330711946433912053558959573064830444767108692002437608100589488687404650428296925797711070010075555021"": 1, ""0.4383173209308510395407681469846286979962681331499228667748090468161791684883071508501462892382615663549932644289579254959455611398555578879221737071089690163702969948066640998384231839597253870"": 2, ""0.43840507880601292120961302652475815291748314945381723133388079239227917636295675469529121387831372161298749155161250315661569310512540256876535823854256582551183741900311898842382125616105807249"": 1, ""0.43886706674793658328646642096624229750112458774205905798160606400398612361259032152083530581587477219190113575726531675415399369358245442420016832820596949934793544888176056119873417887206140096"": 1, ""0.43904222257577302394611153297471509331865698278107377537556600194680240533662187458102384681569163376621045795213667184924893041568185485003821648571349099489772610961589920849226159484365601395"": 1, ""0.439108061749571183533447684391080617495711835334476843910806174957118353344768439108061749571183533447684391080617495711835334476843910806174957118353344768439108061749571183533447684391080617496"": 1, ""0.439259385400045435251150243950867978308033889848808329194394722484623787675139730531142752000817094401849149038831371038911870862258256313683951941127142817090249897464228108994989339642407928171"": 1, ""0.439467539403259223557196415259208717256708912626005885677842307846040710388438672602710529090521203845719404823059538231054334288262245529267551386033552305530569806686042544586021906460670484174"": 1, ""0.43966416487369787500354512409851598706977574610716090884424525871894730971903234492347138598044227356226670252551028289956060813596438590164555409232739480216634080883168936594166396909154139965"": 1, ""0.43971079378657303383956186348400246620913414742248099351527564256926056595551803556250985072163412476689420812947462065548029597152047066837902313071139420549456122246594122411715659877511073352"": 1, ""0.440815197542291924164439498293192781756848000296493650151098425944302126459141595134799137253041929478661035181232691492636677091828715777757044216492689510205510040239955957768206473568315475265"": 1, ""0.44095725043058458849576157334750619029351185647753814903231179156164379169112721318601686046550387555929919563049121943547074870005815808214137387454103059220517800361555608848657180781025621285"": 1, ""0.441110082356276546367817766526403480333138095671967322360962135811965562538940606304763315135692074038488316408801786650944297215103707960604615611710395761565928091418604597769619034459124321903"": 1, ""0.441490256784099706155711518634698153504332072607382162603792918039129095192879389329707062659394714363179885842296179988605280218861885261159055147395629998120569358361442004451453548827054562195"": 1, ""0.44182975478708077074488054095327520400602020505795324348742120176459468676150598947242674272073414873349482582146369865260029271520157387797688489366547901868542050995357539088362054343549093038"": 1, ""0.4418399375097860133749036721215342315975798149199440488416434498082191770838892548451367468287614517172567999006929822598970624704558672291395766789668416043682995000821717292837857229047785502920"": 11, ""0.4421527748765414121940288953777750209412750315977821392187913986097840387484602912328751197685738838461301493539850657216938727793597588470509573483291028530289401712737841387956011948978547536822"": 1, ""0.4422506915416939140838345802067054710509131343373209610067671461165558709433943616176133579860176370235557353020308588033377008450869710072022848166601006673216348334785082232053516848383026653032"": 1, ""0.44248704663212435233160621761658031088082901554404145077720207253886010362694300518134715025906735751295336787564766839378238341968911917098445595854922279792746113989637305699481865284974093264"": 1, ""0.442864334562183383616188457046151601769111832468474628579717545289651182430293935379097075864767753874322942058413675764227784367322954380162537009915185040146723453530033723877783110182936472566"": 1, ""0.442872872821428674247290858441592574287631264082325053784178512090194248713523095338953441240937976721023789761579035747358189971562016459433739927079177297963350732273339670029982928860000422313"": 1, ""0.44292319387855682246143185189333441467963302989109151276401454682822691876470452705335252646531388265200502397802478867130079978426679210145528515402844779042583941975531534140514224175791216993"": 1, ""0.442983839733574193470137097044670857436789071612650806094494259479767358310220306511788927683543447134408490850884068544852861903555095861347485940626328736265485802697833884126177762363348626754"": 2, ""0.44362319495267372192253532865115294664556941274779355210237612779852845767139394471022177979755672353892753330619646578329533747254266634692993619821314330516548128257285511220762604258775552005"": 1, ""0.4437706378999348054624287575737633426222288151720666557791782100762381603935584550849268932961544702071528928127130122602686559190227555749832452529487765254247841412315271721511902039032987525118"": 1, ""0.44382037825930788472877215892161106510058141305419641028752545088639859452376085747769661801758656416079355043415067403370330484404192726488285850292018194345186140760910896946917851139769563711"": 1, ""0.44387424076627515958310398335417148882484484681150313836687830340423669628551747744840880422770673008011099496225432371615297822714441691541778665918997919583357539242875321818670187791768394332"": 2, ""0.44424054480325398395833208219703873152734089453245831547786780934700019853745563012624816273274232113024234181569305381734889887324866249883717236564679989718431034594498158216393107652139970347"": 1, ""0.4444444444444444444444444444444444444444444444444444444444444444444444444444444444444444444444444444444444444444444444444444444444444444444444444444444444444444444444444444444444444444444444444"": 1, ""0.444625"": 1, ""0.4448659141500144950624529874147673066791661066263006484092193041591455565068017315331670256171328795585556966423011094592814088546700838429378612877855529781175453011137584188071880964111936664"": 1, ""0.445074564466756306049094839866066612216506703921166484880185627789521201562807472494249183451912175130723958222631125780901901105791165501014607539547746899568510485549584575290502413560390762785"": 1, ""0.44515709072738986142388290379594712060643634778766017499158908926139890847269460052591359807163214094121474446324127560435274232641916733570993416768831411647451319566117161125644687156181033437"": 1, ""0.44525640381056481704203566866538280256005569458276288992801951304464039219874853206942641918886046528857367535585962425350569403013170154030044925310307620905045315354379450230126815688387092386"": 1, ""0.4458029871003763252625322948706152530332316177947896870220949763821754519936223158815356977006180657082281551701559135014598333906581908189888705234010158993511238090075196773696173749243111724"": 1, ""0.44589713564224434726647610417845406987163838358174652361758726285579919176606623403147409831824454154113334062403948601607200836130777197633679556482784895370923827600023756866847401321389717700"": 1, ""0.44604454842065243068529454130673753609715465503847680177078365748781043917236600941248733258723958674444492806939604293927782957022192593769179242117339222140093039700634459626534698198987578001"": 1, ""0.4464444096624406532060311994574007408566807533782021182240308864193666197109615484948087859341576668231856837272395262691083633328116032764647571346585276777795168779673396984400271299629571659623"": 1, ""0.4466645924338948986084001020445559956193469738205647004641933292636136928908599428647607350689590097047580410158022575703039796189825065264353603666530358258703978741539332922298356488999620861"": 1, ""0.4468954819512865614266134200375873122678500538987575685701997284764714420428636140663032906805021750019919446900839727299603014491198854537586749941479684610608937938783812662663719795136510033"": 1, ""0.44689548195128656142661342003758731226785005389875756857019972847647144204286361406630329068050217500199194469008397272996030144911988545375867499414796846106089379387838126626637197951365100330"": 1, ""0.4469686101908001523582751534691729068832639823352121748593368131838213709460815739192546859789121126878644445941627771684421922499450389444085404360385816853219730268969896778457242995483145867"": 1, ""0.44784637683069733286162630625209918034741396126275896767815556627363992250949840067728622451120591490488669269056019521299976751356659521799568229631064081332164226827838643922115867702132793030"": 1, ""0.44879958743851220393069224728657831747583466958729260797064765351065767031278119329492492606656246160902553152815253923009118193891089326893887646404581189058402199579121795459479246507036082167"": 5, ""0.4487995874385122039306922472865783174758346695872926079706476535106576703127811932949249260665624616090255315281525392300911819389108932689388764640458118905840219957912179545947924650703608217"": 1, ""0.44881355932203389830508474576271186440677966101694915254237288135593220338983050847457627118644067796610169491525423728813559322033898305084745762711864406779661016949152542372881355932203389831"": 1, ""0.449518912207345043181310489613481696976134487960759672734567070332911106053728258603687088202791232845206504519198228770253158814403783400642459919545523782402026282657192047274048743436549772898"": 1, ""0.44969353232089250124371314499763894060158726153806853247910729061446150852106101718638196163291003013471793139912372597130309116725517773727247925307494380165141787277724826744401527183159139975"": 1, ""0.45018496760324836289676779740226088679484545553745564836733015880962526795569074099076486252864752393426692998399962953199710464581074680597650334567077987740031198523306337504440721009061913968"": 1, ""0.45038301768515742208808802009160809502430154089514500840181375101186873403197208048619367842362818322440937940213166402185364997423680458337137158296028547020518783783268557608004155685769658078"": 2, ""0.45045512254407430574791052914681036849673398395889314569999703993047052242057724462870501676559277706791999528241589828400657648506872171979610233101224693265813460639792232619819477383975427921"": 1, ""0.4505360930280788943124283179165380630219340982962417692492381222885381962187966122364060003902277075775304991842440672506284123728177467094077503314766715471744669168196857914532433622529217388"": 1, ""0.450722439019690066254481117420958249877673097195750409782410464213236430564104179064663063968510089100016512699971889141551807652058994835067283475059958469914726948177800233788444239577929178464"": 4, ""0.450847457627118644067796610169491525423728813559322033898305084745762711864406779661016949152542372881355932203389830508474576271186440677966101694915254237288135593220338983050847457627118644068"": 11, ""0.45116049967631610895642932268041161883789746537806156881796580526011975876703048641967734230009099325072418036823488165390049492361855918043225860018507789077937776076118726322164206769780674531"": 1, ""0.45164269326723555078812538155150254261367453569937366768270529323309386361613200120289561399463749768280534853275706415622908213345293352716837580506264238808875676370932407666180321448508858056"": 1, ""0.45184969246873224321182894108442734107100565829607967138964472267438471418748269992609845528725742753800777248406159718875045602666365210981548405860410664781253465199316748569693005567210377297"": 1, ""0.4524905267964298070746151670906456872657771502834160525182201022937287451719656462869918669151704712137123594973557385378868137325123078798590942112081352012489781481172123660255056103867652503497"": 1, ""0.4525842210595953439818696677565508132354157781709679104226007460465500309734932111950535999351198382452571979699572832982327956447162590666736793215170414101770235584804782500344796408473460380"": 1, ""0.45272364880055392308728621463721196391295595892990090335440510021738386218266327405392812588552619090655492134608988882558489010478825145088363970775349998955871865756356669139696416015030312331"": 1, ""0.45273288814881720408371415845741904843552519892403001692915072077713155086172307364385813245428735315113469680801130151348017195431971072596523872396202426740412722971620523368382711767596840765"": 2, ""0.45288388379642874622039445935070737628897314893995259143310347055333022281298926207622085010959456042574044259468436077050892295165542798103735787603460140653769624486467743905097097906200071793"": 1, ""0.4529827998855490042966214695861833960348966938978285498395099339752982278078198177292144612804036354595707861439429066736447899475331919793199863204689951015596068481003294676723257525705130612"": 1, ""0.453801124190315087988633855147065595494773629742690916535243423013787009764429924065589885853870196408637268686300639473463293326176903286949392314295773714380616182065283346191890187988993984646"": 1, ""0.453919490741502288715565133192632018754005981466489488028286222296489794365139502265167516310622790969547218057691644846848268573157980427023081696464462646352890992270904514994396373977167589641"": 1, ""0.45422500248237513653063250918478800516334028398371561910435905073974779068612848773706682553867540462714725449309899712044484162446628934564591401052527057888988183894350114189256280409095422500"": 1, ""0.45435338841439114664354879060511166747377124530460181319328154462537201906309778849047390010243187144161010149888599861703347940933492915523863473633524156135955498351985422637644568174143781426"": 1, ""0.454693264472321106647170237016752564016772130911014010983748078953844236470991007309352857881318123410859501637715084872010509299484610507753835815146291399924514310568001014310331927880960801805"": 3, ""0.454763237526694555039259202952645754150480865955053954598729646288872888034503988996409231203249017429665739847523319100304641850030328014388124275662132054088507778129697026912262052880937583266"": 1, ""0.45501936252606493893357164134644027405421507298182901400059577003276735180220434912123920166815609174858504617217753946976467083705689603812928209711051534107834375930890676198987190944295501936"": 1, ""0.455143401570977939377624776300711333677537453384110655320557534149314324433964035274268281662989997813290924475123829627337411142391440263210328681038105565912156672880837286691540237552384524865"": 2, ""0.455271597490432787102807950935398777548177234569594078815257994476144134774421679830629729652466055206539555127353901336722076356738208058235283355298103558648918235494498647739945550851408131314"": 1, ""0.455346924013540924275692731973217049337181239007942511063370578479973396281981859837026131184554575345928099233217827147719709247220068276105033547375013430696416562683478275997709762831100753057"": 1, ""0.45581372256975474133651077350809254294508986197994240889683248932578691291828021050541157779763677887002283785125608181908450004964750273061265018369576010326680567967431238208718101479495581372"": 1, ""0.455813722569754741336510773508092542945089861979942408896832489325786912918280210505411577797636778870022837851256081819084500049647502730612650183695760103266805679674312382087181014794955813723"": 1, ""0.4560692141312184571016582552271088680605623648161499639509733237202595529920692141312184571016582552271088680605623648161499639509733237202595529920692141312184571016582552271088680605623648161500"": 1, ""0.456266051699949293137444589224038155372844634022718510050471941170407458083878798399387583674786810161118916632110120646875621270351032113875857418960159519774832109846743356117592380813676807509"": 1, ""0.45650008375464472422826959615928585550673977909702420907319294602286509782365388977147401100897408174947953480512845484453578021984903709769718548111685997943369716235744394801924079616552338976"": 1, ""0.4567085678131311539708520664009288135389182841579102089378883580431772227950497258709441558246843145411215315878942024518494603359428054815391159151025574074435616445811115608387372742583618295"": 1, ""0.456823219441301548905622098240412001092427139011353439194725137528773750536459755764503921033123951465022823924154344348640318364480511880145136748468651242635870625414537083999843938980141235223"": 1, ""0.45682690926343636563647450705884129040599984993175381768649631536689433534953260207748834546424710017750636375429362406520085103859073830756464684714526434011813909031957357373863750310837808401"": 1, ""0.456887964247531528573279322614889218563017498607440634632473064802170642240414473530067280227696618624793608629619904507315912845802204366328194242511858267706466116107262255249009281238052378699"": 1, ""0.456916494938483049067462602805145924085487653808496250905140336373134160554871734813850641179913773890389974992802153534564368344466038941553597797042441219533892355148408992277528617902231662401"": 2, ""0.457017414660204893811380879937372310138776839689740644034466042464460742203069959586175465689781532673672053504528888004237770425740958360061745918627546498407477107685533400543818465728108907441"": 1, ""0.457262818113300284142409021800261728282668116534621542379894943119903990365574334967729412208411930253097397063295112295274380781011875126995599248744640980350027724790777012518182735154004395725"": 1, ""0.4574641401743449740599070459977182719609038982633032402572782742153436353828856122573830394800929597518714274301331962986796042089797126154155186930588491450759924233021864300403760013044377092"": 1, ""0.4583973701242385477343436107795160196364686937427903954769568831812823176970485164686460493757008626561206104253621825865947162689864327324316908055390309244751045441647810868906362553804911631369"": 3, ""0.4588336192109777015437392795883361921097770154373927958833619210977701543739279588336192109777015437392795883361921097770154373927958833619210977701543739279588336192109777015437392795883361921098"": 1, ""0.4589175543881035942970122742359537446710822259932120804732001595790522664108576400400219817319967045313658193620332978093198419393048014322157939033738413026144193539179410673999666889176858263411"": 1, ""0.45892601123918763482709628913102405862709090736984614107048431850416595220545678892330401774803077779368696401230530635237186725863917960858570278781772409751614229781339114175049564277476132991"": 1, ""0.458974249338379545149712483447264258504834240609346264153473126499413434406205443857953071690681607771765657481339840723552533885754552391070919617612297650526302059592102358145979507967484698664"": 5, ""0.4590431591799711589763946855762731299279253806201502711836739212707981733776618500475014033571281196134527214978952534273718988285389404182928146702925658388590512555835903505784351441281822889"": 1, ""0.4591250803138296398806600917067474345106933411095320584338415506848202888290633818242208213787868358869591375356780813420697375817903845200611871564610786993131351018270955390197673160223340142"": 1, ""0.4591329728441546785144538110786601059313725071490849773434467999771502691822570398912830559272773168837245470034765970084235093768361697380606341715101058102364212774192239478110199993985018346145"": 1, ""0.460051951385300027392305986357638279804834456457718933262422404000794059753624236310923214405174805704351946802905220689203019526812620085435180177295839697570916782249019344804834998446320134797"": 1, ""0.460092565514386513810936356859233528785233628245966632708719720357984361652296051506834451173356249230548060637193946735809479274024415905808935251071626628270108265221985295425611152379977701034"": 1, ""0.460221376044850780695971564603852330573241421258351150763293297398794379995531271548375271306845417415149331111850005964720731204628799572730265967352288014806333150942932466356883590274962754118"": 1, ""0.460431753458618030763235324379052681149796761074176914412198832677700745655169000672320523756231399053174637719242574495662702112158708995549413744369528015814352171214738899733239070142133984286"": 1, ""0.460845838391339086203340097248332869515235257891539494995630754366507331424381327309534787628376161134659323056550735058473756332084997352285421675928416106845932237981089469536124042894824467112"": 1, ""0.461241162942857805101011765681782430787318126887693775700653644688907010806227814939477472813547589786496248617607562499037941391421291504523075608734536495063054507285095898316091749029339614898"": 3, ""0.461538461538461538461538461538461538461538461538461538461538461538461538461538461538461538461538461538461538461538461538461538461538461538461538461538461538461538461538461538461538461538461538462"": 2, ""0.4617497516049061934842022279316139820030896468708240100295257685479450417578377946024264799168780816301151837136490906231182451547622255788905753505620231164011180134761636025408585563836822479"": 3, ""0.4618322215056743765706373152089817256164282362651592686366522485312467785348519083424231252682872495359120930964599323241894375691833145447235627750073071281719987379433051416021126282003314193"": 1, ""0.46190977592041555741932842113836231914563411259643783849595109431478120055916174551601690825776973194378974012373846283348336127389760105385245466196618085149203586420640779012259333586094690153"": 1, ""0.462043315285100062378727205517919545521916462589014741942372690167399068200925986524931326222980044627537429383279959693298045887848249817279882838603938028970723361573171569261279674909913481950"": 1, ""0.46215329126669919928187911128862451488270967298907503495840355759453799075201178946187181143709844298211453212935243124983428264488273536008824293929706538168846178780119668439160954010041927924"": 1, ""0.462338892149580739327526510776429030805770059623247160503078682207094647651803945675528394152514504009307762757345679122504198277418393761606480735604435343829055328569120596813616724102693935417"": 2, ""0.46293941029368567974173946391875031034148390507375785983122106590135795247403445954640104907288617190420446291423336457404908784864635567338654876423055068273007029920060184062680083347520618174"": 1, ""0.46300987965805661710855906143399587440023417040479851447008204348314710356291996438281562613498150178150295320077342015678530444487192693080870708691066133350758712285459052103942293235263911170"": 1, ""0.463093050361715526045485789352656885348556924481549357036629094919626602508756440608070937676251570999643619237173592268099050641379251770774481930911189899409393952034620439123706257252026421265"": 1, ""0.4633259129963476231549259440434635004313771095421448641849709086456017176010256665945613804193600498778697166141839098787176989320157559710737515409475648583752737048930842644270725868332859716"": 1, ""0.464039290555155010814708002883922134102379235760634462869502523431867339581831290555155010814708002883922134102379235760634462869502523431867339581831290555155010814708002883922134102379235760634"": 2, ""0.46419795133348478417050081316955992769344629949602776398131574161541262558379910177047584000272364800616383012943790346303956954086085437894650647042380939030083299154742702998329779880802642724"": 4, ""0.464337804789398985442078457351814496710239790471666693079752914009803631265980727175894790059656984197783320178136661785106180380814468224777686926614056917642106862709697511187099785586808841618"": 2, ""0.464362426893614188105462285770034771231952615852163063699809056296784122493261746174106331822104581100965478555020782738388606183268359495693800495238471919939458140378392087249864054473112864841"": 10, ""0.464444096624406532060311994574007408566807533782021182240308864193666197109615484948087859341576668231856837272395262691083633328116032764647571346585276777795168779673396984400271299629571659623"": 1, ""0.46473233830092648702430838702600602836825395093538098701799234188733470638748584526978679421963676978798613249691836798759052591016440118368539643376213786017358610714691816970552011754879628097"": 1, ""0.4648345785381270150780884187977920679761018324239758254281222027894178058776049331064560462161628492552558942709317869601481600599463779441968199641375987846296250985140654377502330840732197204504"": 1, ""0.46506995383281385484286752126737128260411052002530992946028918937920367462679571606008764734831618663729464976213353331302289611211361346113285369454664760610250521431417121698577488223852265004"": 2, ""0.46509032856112884952106293130085487691832320527345761664435060253373158924709032856112884952106293130085487691832320527345761664435060253373158924709032856112884952106293130085487691832320527346"": 1, ""0.4651712194134913913441034658401232474311350411107586054306197484779650418461877603579243433387118711003467666994096719725879606932388915364129529762591278682092659117338049095573290311365127477"": 2, ""0.465331361234842109966319886891029993765382106584683332649994088569515254610707775011096801971245765255419465603455683095313798935868311504463406171503471674151529168815080286912175129164145754982"": 1, ""0.46602303224424586908292052909139463598629183181732748006314004165419247194596396124606553606870819263195592646868801617356140020957502109219169210165421420785592478105988537703763135380747022971"": 1, ""0.46604774918553358490850943988995017152196759176387345975721082845664909490969889144999309844451276712180366842311584644707911982428408719535863681644394214904232603575782231543668016361314484340"": 1, ""0.46608178503286427585557690432143837601271194287763785271178286493516044134287049270617197445980438139059386146882409297796066854735836062423458747022274186148764984393851151376698690103943073956"": 1, ""0.466666666666666666666666666666666666666666666666666666666666666666666666666666666666666666666666666666666666666666666666666666666666666666666666666666666666666666666666666666666666666666666666667"": 1, ""0.46760875715034986621685659864066456424059700163897040823085036905490543608593452698658932850713826576315411426773406305302754896775192130147405587608987016593790638356490773082176505823029077531"": 1, ""0.468139715146698351255806468150118305563737773117239312646468038453915898487706125610325902404811316711744085778031702927970258573041374708795675542070320493563057296534618079546636688455721409971"": 2, ""0.4681397151466983512558064681501183055637377731172393126464680384539158984877061256103259024048113167117440857780317029279702585730413747087956755420703204935630572965346180795466366884557214099714"": 1, ""0.46823803983813875213208132747791006971165616450232599902102511108077610715704661358507270794579671674036112117533511431653872449644393153758784893426351505209514849977929249719121524896328963346174"": 1, ""0.46848535587921895263274632388893362714888363797763665367705465539747939391803238914368571614258789203293310013386447999658830090628902935929925384379841815830929320966416738799370475428616959959"": 1, ""0.46877613969964953325141890394021906134150912987663629123664306655423358703417565806970742889114631533445057152735308586656938728199710653617202435812741383738647192770474572820415014074924035046"": 1, ""0.469"": 1, ""0.469155303331539712545289233745614851477876869542538156708804345454741601309083904714203846682426230039219706261996927874773354644382551551246975638761915586767702237058215116570755393766382703679"": 1, ""0.4694256245328480807933340639289046026884233173428220457199300640033949527885586127083005331408960110865232374835002539121300861169201800907064192983885700136272694055369927693010014250330907285"": 1, ""0.46942625019019678890990063547879514648856242268199383457057244877711046333294748862379564275821457186627618070449014442615049298116618951178437052762140318174796901668414130185378271611578360578"": 1, ""0.469467298382943660521165928519929961891028942218560098877330312081573797507467298382943660521165928519929961891028942218560098877330312081573797507467298382943660521165928519929961891028942218560"": 1, ""0.4694672983829436605211659285199299618910289422185600988773303120815737975074672983829436605211659285199299618910289422185600988773303120815737975074672983829436605211659285199299618910289422185601"": 1, ""0.4697682800828003191604754669485999337046344112081209837758460025065269221332066321065313264789925960387185786292086107118905348399199081642349159074309807988323410831679015439884059403464177785"": 1, ""0.469784601219932596531111403212658795212717040851390544323715211769582843448531370595282925786249297595116656037849554967845236984512328953313743821830820911403205389597770461202848529506115875139"": 1, ""0.4699658415583967622102168519308375149019244132843461044606892540887454942612196196169302130254344919743778591787864183565169551977932487309531931875587367822112737297565309296972811773307631208"": 1, ""0.469973774026328914900693977954107773600018986789578257930006652174309224613209726841849915632566067712013752962224871904604213873908534616011516790830594162176290847799020853057250508028592360408"": 1, ""0.47022981061109445325285281205496485701458092453708700504108825060712124041918324829171620705417690993464562764127899841311218998454208275002282294977617128212311270269961134564802493411461794847"": 2, ""0.470771060607057089812072350278526805029139915828127019394950307942983911750185970336587552197042295559319655818076552891407836640733001536447449061099876540261375773069199233926663864342936437765"": 1, ""0.4709465101045872743989203959048879327739619861666470824298122007723590386445162267815004717761237391124845222734771430989881299017522745851864371005664860384790790126055479355704907508493590028390"": 1, ""0.4715211011102085492108061418320647829412786720986875008477216364181645594011199183259225418171664115787041990801332155529524072388000093868351359573269307654167464152946852643696621794293536238243"": 1, ""0.47163346056387009499996587730371799556311072877039887472393683015659238405558392129152183983295257042739508099316218115991600831211773469455942060503965026651054632459994339557501639215372308115"": 1, ""0.47163418928033235385237172878232717834777357535794054201264306013043031730959796443235687553131571454393295280765393329535093406287295087053018382465209999373523119453814001483817849609018187398"": 1, ""0.4720066334442556345522486553979606235185183922371530303395274929284822340754176217588620411848514463707322161233630999095142514282820919643726823295155885637657320312796116541027508571266395487"": 1, ""0.472031794266783902575140102413954458411142482985119094785273060731792198689251298528383553677958900353184500318101181759118179251454407544245869511810815924360905111981602698548392474262158645747"": 4, ""0.4721243523316062176165803108808290155440414507772020725388601036269430051813471502590673575129533678756476683937823834196891191709844559585492227979274611398963730569948186528497409326424870466321"": 1, ""0.47235141631264916800963002400823271785617246884167869713605429569589661375846917093998593005697318828819819718876850974940484532806766057067607042611669997934525256694493831310034985252206753399"": 1, ""0.47270352874776051674348072880850849717167775227273320523632317891892525396438014551616906385752137745480491642148527210607329166577831828396916396196124235841127786019475935547944755243320870306"": 1, ""0.47276726283293833726006276933253633230035059854189234927368836446732985809687973432382142906741853017791721835531817497310415350627595638501261601161742707927991645127920197421352913421362417370"": 1, ""0.47310937143014306107781754546772395420096511563287234180261212303260918725086231300955364987724863477461499428344020169722180190514869216273006515432192110515905431774259973555593704655636992239"": 1, ""0.473109371430143061077817545467723954200965115632872341802612123032609187250862313009553649877248634774614994283440201697221801905148692162730065154321921105159054317742599735555937046556369922390"": 1, ""0.473423932723749825840081680574708604978175048461431451953971293490385666803796887339443070481771013184496481913191449950212457941043696468720904611241572327383011913322666316494085873413895653157"": 3, ""0.473557772145893483448589498748582308501834233637669776215186429092132268378193443989627240030575870528653283586300195507754220448049820967783141949713520327400391001164475268750534173394616968862"": 1, ""0.4737659415574198937472063067871424233475411414573554199959558293814948718693335711655724703351221565233161906839193814799923244178448332726707592917708434634177934196506097331472341592005635587229"": 1, ""0.47379706358586243656927272348568870066956950023418253895994545722111428625592105156123128211546893558069162499589695560863242296332488028486262275900064743968277771538467884723310173881074379888"": 1, ""0.4740288987084271932914972907250049962743410217767274139003901933539244009895509786459844050051607032408329953470010173343047610033982164719261679436354325409667334739718712647634830682133211694420"": 3, ""0.47436060031117016985535705967284403312674036856486373130216264937524986432934263316859177765426210056048810049115900170950382468041148560199584021589251192892085802415843990971454762499551485028"": 1, ""0.4744316753444481815271735117532666946543739003416412614037919514826927560767110629659195681408451095950180655390378071020533663340700067253633095178725073574093656183391608896753892221896914965"": 1, ""0.474485009639707644978807353497475258943748088627703957289479576223635045793959340230367485753077351977943375551465453941850224300786456520236297838629654495341872503117534028269645734710031110891"": 1, ""0.4746112150556259979122039571353168496912287846135162014817183208000165133186020808138730479721015304454605951270816318182401021272279913986696821082523278063761201301466056475148262455643587963"": 1, ""0.47487565341324993883924239422418534503627341505976228089895616107668703075477719932512157654165992565189143215421020732947197884130896894915117515529558924101332687794846774751236807678107384542"": 1, ""0.47514512216837411509484066614476925115647366408117203362055035387050618502558299655146221408151277228060044587107406670198142021450798633384788265522955415339564256404611167119848721440090756201"": 1, ""0.47571607592923968945336671018612328879877420021635903044538750672076620063868523361432308069208268375791442725945635528099261572516254149584800020682409374912622464684988170076538628598638101754"": 3, ""0.47611955118657531526164233939032866646807665574421606593188362625359944394796941713831794260748684341177638764770132062357263429649488630721874689703107933670936351901499354582464502035547611955"": 1, ""0.476119551186575315261642339390328666468076655744216065931883626253599443947969417138317942607486843411776387647701320623572634296494886307218746897031079336709363519014993545824645020355476119551"": 1, ""0.4764954491117253446458025005529612507156797946407788666817558716028179464897952763989374782634554565187611603777885324015644250502233075798414777166681367870133772386038545370523952840883736363"": 1, ""0.4767115600448933782267115600448933782267115600448933782267115600448933782267115600448933782267115600448933782267115600448933782267115600448933782267115600448933782267115600448933782267115600448934"": 2, ""0.4767735665233478883696812875145606217805079374367731198869610390597825802160635224839761186953437464254001894319905951028773738312582906986393290075855400931687843670733661609652574789798124550"": 1, ""0.4769773999585320340037321169396641094754302301472112792867509848641924113622226829773999585320340037321169396641094754302301472112792867509848641924113622226829773999585320340037321169396641094754"": 5, ""0.47720791629909974730539582413736903250268568922741459119637395916634079689233635769886281760593422653986980971185546706864029660319697355059495534311794313918127892199561242119221083775971372148"": 5, ""0.477207916299099747305395824137369032502685689227414591196373959166340796892336357698862817605934226539869809711855467068640296603196973550594955343117943139181278921995612421192210837759713721480"": 1, ""0.477826441351004112176144112557012016777739634931711989370642952995466072234940048384188942766361607124347554058238014885173393559187797434343304719464346449133430391780741429936412374788601426484"": 1, ""0.478032356152231615427843818340692036629192224894151126198648042106184684556131811780793782578138614614965971920402827749925085768689072964566913153814150403511276359170186452055621109862100648386"": 1, ""0.47816852778146926571875872884030756181069267799386380369679805044522224297406771541392521850639640061874012693693793216961560598866419401668340349650252560689028264864638165347521828501738649554"": 1, ""0.47817399237543261349714453773754157386217054147541273078254171448706012701754649349646258031049872063113394333123720469433716756359009759785730041063799754477156185789025589764580531515334072525"": 1, ""0.478410868411251703439737305639929971367805484893609342669795376652772432020603990781941153781223623396326801775357248057942464003231262529769682063374740513547347209480101922269046827546560944426"": 3, ""0.478488412812854052940570604593675970748789782675867751570707590895045833762488412812854052940570604593675970748789782675867751570707590895045833762488412812854052940570604593675970748789782675868"": 1, ""0.47854258288200877616425183681733441040308387144042539594457489741320093018525636132792413946106574643547479309147919527955172167914588311004924106738662454986122871587764005267679754449215597927"": 1, ""0.47910719324455834137601460849296841675428197559634585628752551956782319068024306401743179255739684201501709758166963361680188138449502004695678632146143822493249299877903575524704338193553390518"": 1, ""0.479654361035716769128794121306684115452442975828851658877451167583401290523354306023040523050803461699360932316028359371392280217829843141961533532754511856486454402319109618685344058860023555869"": 2, ""0.47984106414048393160195295394683284021057420337184661624127571243773915951971852162398923599731822845894913826346511779845823832326639392429642640585418230308034903499038369581697061209600797517"": 1, ""0.4800797642028320318260529208247789860788513535136862260122109283160288078937941755181023074198797673665597182825316416777257474825298965047697646105332782874120201922467478767925880369057222640879"": 1, ""0.4801624344535592391086998985170072702208161322228714226258805575391062787504804389634879413621937884394548533674845681369741213342347109928323772048597157115632938321740703555683834253220528601"": 1, ""0.48032111072099184864233140176225398373326570022199649726376694497352349548067718541059507278069494537857324397012179313182077471103315628190409042282927249698765038591563477021259781480570780767"": 1, ""0.4804928501838388434542364874162265211026208620296355382429209647869176910817954763689338163632372754324729288563964395746607200932620671930563174100145258924138969389634886180797046170423575722"": 1, ""0.48071759162551380406467629845925834031375834386592737973959713286992801291615343041095837325619129461537671645132835524056462425978658628235031911610970095100964672375792804626520039829928491789408"": 2, ""0.4807175916255138040646762984592583403137583438659273797395971328699280129161534304109583732561912946153767164513283552405646242597865862823503191161097009510096467237579280462652003982992849178941"": 1, ""0.48082102430200256289451745226311464559567414550806300159165203722402269794782159405319641107797853479627903919100611581754264436010985843137053944803369768306382088995721450363828838717932249531"": 1, ""0.48085906731366646434625894316420199851996197293187182109982902176102260277812284131578177909923836111285662343281635936036340411369802435947857891920377854392729585890058723636510277974516396693"": 8, ""0.48102837526633163272052858615086935173533778915057001866789364358284577218187028440128647089796236390494119037817701616902841459128966611515322219256526212821162447110560006884605386911788348290"": 1, ""0.4817822860251097020531479602166801300385483930053174493071862176650116273157045165990517432633218304434349136434899409943965209893235388756155133423328068732653589484705006584599693061519497409"": 1, ""0.48196571188074811575549203472615135662387946119391550787252908761859973058868874467715803277274818051371111354134649533869066945376925732544559852160928298456974609200007918955615800440463239233"": 14, ""0.48198003339454623592444534269566362143173358085816764943312010466922412851623137504006574676651907120131331467939300041936210210661355531981849707396911086082005151077131928235677518361382775033"": 1, ""0.481989708404802744425385934819897084048027444253859348198970840480274442538593481989708404802744425385934819897084048027444253859348198970840480274442538593481989708404802744425385934819897084048"": 1, ""0.48207386927363282747737594144425363805013519135584187631748413621674900523864856347065999291687395153055267534582268362086943454577730912401387987386523547271252499841544479660728895954877886629"": 2, ""0.48222153081129829953613336734818533187311565794018823348806444308787123096361998095492024502298633656825268033860075252343465987299416884214512012221767860862346595805131109740994521629998736204"": 1, ""0.482406130246748040329672740694209353130611173617458285782740640792141870034283667751898934906611231947401191172473976669917215996776341163018892702219377596765438843585881047326973089538759496999"": 1, ""0.48252479415956214202904909762725904404847026100287038544039909310217873946322419572504910684636647026387095206606072027883744436714013643828464011394339221635012415884565357779881833568967185912"": 1, ""0.48260735673447952997377295026054770356115996834747167774828040696238368504437139154006732552172744078018008966525262915619151034747078271200133022352398375912809233778401210930497883201057201341"": 1, ""0.482750971626168497329242307442020787266795901842040792092051468554409633449325353837517980021351081208412463090708995205250184983694660095970918947928808039542920130728675843078266853405418424"": 1, ""0.482865382634668863940673601812751055721495519620970233803687300442888042022865382634668863940673601812751055721495519620970233803687300442888042022865382634668863940673601812751055721495519620970"": 1, ""0.48291691672142896213970526207805178229299880351283520437987834594273814511138776228802307671556431153989040109400033583996112189193566254584821172290087373226073278263869074611393512966800160479"": 7, ""0.48299793926179658880955123366175108902585184570195501086168403647760992665846081776620769415896528668467969991362584241477242013359246729864317356450929463440670826178090790733034341482677994881"": 1, ""0.48328441844932210616180420712496669216469819423270839832532545872594955408586040498739487264942488770065526281021319239301788830800071965736042339506469201528389183925920360167410042291711115986"": 1, ""0.48336802956532424042494952511769286084742196035510742926379199968162851063859651637586214884882244137856874009466610764455526481290498655936449478659708634692503194378067786224921054267743984725"": 1, ""0.48338737965539959736099272814533880157192426472580884150530583402364227026890719609564900108519964607227263488341637903042946589920505829651477788455176493526131437423822358438939025057118615814"": 1, ""0.4834249398584292233517849812897498150167353957065157708360714037808216772173104176779559857315098638588887760670087246351920553798640022226379796310088266527601795198033867573923592200516306204"": 1, ""0.48357277848286127827473257000716440096249652175529769734355328081477504982415715555711669910541177458628627052804796172013617755741431652344814338960595443443910248588946047959033150727518335194"": 5, ""0.484217523166977891025378683796274524125240547903777218933716928601944731089179432917330264283210717298340481943275423345660182008679696656579127800531685212495888831215841515496624677717745638666"": 1, ""0.48424121626685130769576207154573732130431865297663363445146836673912795406088775801797604196184206363551830711536329627519496336826275048362787990258449999651957288585452223046565472005010104110"": 4, ""0.4844961603120860163756541395950895430783946946071083995279570103403046003366645379950519259211815343667788446690667157181320581219451731327796338855037727107374026213024435149383199771528544205"": 1, ""0.4846245691861889776009830215784449263698558576788865521594153457268160392328291548142768202671192373450653968710099542267178073758988768530473219646437421439760697785935495611183079116996592112"": 2, ""0.48547805151002265459646722154473511927095298317929539361990849875285495763829238402259680524357664856437987516762843857410482737969575903780739564024760281403176326372621583998317602083463238293"": 1, ""0.4855788239829672297393111462122053704588533678571916455249871857268846208622495808742469891363304690872073041230007645934070490161199618963393353846686346004495697535991604484909837002474091882"": 1, ""0.485867003773381063033053273372851013542711951157573936747625583872319405312739801098447925792186159145791277514924684577607529742370236243843792689119335943226293958048260241637312227291277067004"": 1, ""0.48610724495184407818466464562565026660680443145064060235250785028332324552895218253613422995861589130283462623259686592611902199278630528334398404322887993165745259459315196130241163592015504262"": 1, ""0.486324749779459848383237494482421419501611413536448754717824375499804478135401814619317690563560535923921885827113280241184177961918184130356973205870765883508767353197367452715326502655828232888"": 1, ""0.486683983795100009130768662119212759934944818819239644420807468000264686584541412103641071468391601901450648934301740229734339842270873361811726725765279899190305594083006448268278332815440044932"": 2, ""0.48685386079019400380929924202975923965308015627439401447499431846053273815165844287096159188702801412298871093707259954256587739201300836300652320406256744163362267868590404658678143112611914572"": 1, ""0.48712704962866053836839433827519485469929984929236914211521754080305163859248816719339179520126742639248681853303967603788567913253044240512054980178186909770260548490297932577583966031952560824"": 1, ""0.487211211016700743330513675024008868996917129879092945666893664983073947216087053971535290991717779090042225231098844567899209552638200336125615851625085391280741737750733594112446317462574657126"": 1, ""0.487628955349562820007559510668785717156587963843769686271990771043990243748557901887797756788434991872029109070212184218796633917026989788318645643262085660957828794204519109417060125781719705488"": 1, ""0.48764285714285714285714285714285714285714285714285714285714285714285714285714285714285714285714285714285714285714285714285714285714285714285714285714285714285714285714285714285714285714285714286"": 1, ""0.48783837525443634774749547515989002153707518791854526988272969501369860418112062597355541754779774464867679741801753875732362423185254795762899365313788171357578700213646496137842879552424230759"": 1, ""0.48804949185557574623558621076510122662550035112146359879044228592935968113237920896213048351348726976507489401291246865076924717019851334316575271136331555918780471183731879975801931391379577470"": 1, ""0.48866348778192989364579310764314297580563583887581369924228520315159674160705994469564061392197966404386984156877028104359420190378224458383735325483287398625692349378678985590515186564441449350"": 1, ""0.48881318715585381395426074885209464814924798983057239726890323172427951838147057387407954752489827705656610126009121489878668912714713253094841041838729239590923696977115436329858016149476982927"": 1, ""0.488860960082146251142685299119134957785005400299430600465849929030648430381917551564822048169431397655793274165238757807569449631034118960680762494764499537198154349836116478869970213775365526354"": 1, ""0.48925129725722757598220904373610081541882876204595997034840622683469236471460340993328391401037805782060785767234988880652335063009636767976278724981467753891771682727946627131208302446256486286"": 1, ""0.490209077375692403990639811014749423319172453410664975720888114209972469995779534240132200678687338669863257161191672300014023915482755152023028969166049791761536864779436218225945613037464823334"": 1, ""0.490338448861880729220311051601606756617571325574209496343598722834483468946338448861880729220311051601606756617571325574209496343598722834483468946338448861880729220311051601606756617571325574209"": 2, ""0.490544729760110784617457242927442392782591191785980180670881020043476772436532654810785625177105238181310984269217977765116978020957650290176727941550699997911743731512713338279392832030060624661"": 1, ""0.491709844559585492227979274611398963730569948186528497409326424870466321243523316062176165803108808290155440414507772020725388601036269430051813471502590673575129533678756476683937823834196891192"": 1, ""0.491773559745218417635452227244795543673045593443503476976952304397320331965664491519445094395909073941409753006493037754020054112747924256779159929382792873352083862603115032833960028261542798002"": 2, ""0.4923822400013297350126515160169517006919764862723341635658394506547852122498603743278145218622623676632355185222595398162829564506894494590326734702842833851961385388343278146526098455134095819"": 1, ""0.49252331458391305150618888732230610173011569205862545882727455426461495422177320750473557457340122882114221123156538761976549259663880933135341971831901560481088659905002791052429597955926682112"": 1, ""0.49266605960826899798907869002553319627692857300227085339607872856322790582650473371350015633960507402933271156315276808654030465160022215509821765673736144819633182864088459008200491316136909718"": 2, ""0.492803622803750567813245768546643323789268494964536447556598458884257477340201330260647051260407874465442267258452416019314154667743754176589894021124913504515782403160033974089682275848853648142"": 2, ""0.493035731081519447125338202830989472251427325198781952095841839855941063560081021339143930852465614005005699193889877872267293794831673348985595440487146074977497666259678585082347793978511301728"": 1, ""0.4937522930999927561624920841748625936246920905746740728643531344529153511548398283427696548106838300230169880903014458066965173243358617305536939169943085028249760156923919080167989115448109725013"": 5, ""0.49375229309999275616249208417486259362469209057467407286435313445291535115483982834276965481068383002301698809030144580669651732433586173055369391699430850282497601569239190801679891154481097250131"": 7, ""0.493988570626916038585164011575383785541293153731305169290843029206199910196229581559052677590916060171237037847115498446230223151256419108481866173869760994856582030666693063185386001468210797445"": 4, ""0.495184898990729769507889236210144020458915616145261259667221333414352502943788547925637290520679408330415146972027248923834474807081433193116089123415777432384971991568259470902977862520546461427"": 1, ""0.495441583259819949461079164827473806500537137845482918239274791833268159378467271539772563521186845307973961942371093413728059320639394710118991068623588627836255784399122484238442167551942744296"": 1, ""0.4954415832598199494610791648274738065005371378454829182392747918332681593784672715397725635211868453079739619423710934137280593206393947101189910686235886278362557843991224842384421675519427442960"": 2, ""0.495876318449854273335853170222928572385529321281256562090663590347996747916185967295932585596144997290676369690070728072932211305675663262772881881087361886985942931401506369805686708593906568496"": 2, ""0.49627118644067796610169491525423728813559322033898305084745762711864406779661016949152542372881355932203389830508474576271186440677966101694915254237288135593220338983050847457627118644067796610"": 1, ""0.496629870129870129870129870129870129870129870129870129870129870129870129870129870129870129870129870129870129870129870129870129870129870129870129870129870129870129870129870129870129870129870129870"": 1, ""0.496848243253370261539152414309147464260863730595326726890293673347825590812177551603595208392368412727103661423072659255038992673652550096725575980516899999303914577170904446093130944010020208220"": 5, ""0.49708822175273869186803452775259313299832424934469496921328396348441767408385804503255030102730897107795251309277006265097266057337904775345427616068714600456833837676638499831404006436006170911"": 1, ""0.49724839452924062740534474673669848442715254365554334927839297819054333280006635019929898463864584103128589215074898159096310115935310631239417461511950360513926361898761344442617371075897273194"": 1, ""0.497551843317972350230414746543778801843317972350230414746543778801843317972350230414746543778801843317972350230414746543778801843317972350230414746543778801843317972350230414746543778801843317972"": 1, ""0.498983050847457627118644067796610169491525423728813559322033898305084745762711864406779661016949152542372881355932203389830508474576271186440677966101694915254237288135593220338983050847457627119"": 5, ""0.49924494541798271445509728127522700672803482882697848805190257385796510048834008419971498389470567599005288497439667778756353516161258011217229953772327574727484518185504203594719824666847650527"": 1, ""0.49931175934388038238720516652285799116894345980219069516516067908826535418995390694038889251845890791460715571699245323044353198916527642697368670168010582979999851864501282960732002918275378850"": 1, ""0.499602819978155098798530433919173865554562605500943302551881640353490219441962069307913811935259656439281104160460728825340085393704696653758315956707377618905769039817297189951345447323999602820"": 1, ""0.5"": 1, ""0.5001821463027412762245975026150887964573629030012104739954558813154813509179089508412555390594590159064326748043148676132845097193438100669717481155681090222721080403171798192696119385289833683"": 1, ""0.500587787734285821217182492779256277259136514645618055935545652573802018662064019152511578890575495789864741352042197177252517570424497117811089524162344389881884761564273256831182246014400439206"": 1, ""0.50176336320285746365154747833776883177740954393685416780663695772140605598619205745753473667172648736959422405612659153175755271127349135343326857248703316964565428469281977049354673804320131762"": 1, ""0.50182690857377083834458025449711130576012531281121650233804390435044088244718419715620944317493604689929076955068415457038781156779632846567601081948192147036351959547353763017785335298870957870"": 1, ""0.5020157482963259981816836798397098359718482910291282787397605689139108397716382048995942487825178561112589093987670930729007309489225453467001275938694994329595758115316272769147494826602862754"": 1, ""0.5026834768001578830115870660772305451211220670480144429062198264900349248469077358201180600954346176387772799992916381977101826681741007400242910577761688599165239834882627875505217492518601969"": 1, ""0.50277680847326943756211649385012037710402269212555503411501918741200678399822550659141776997106953056743451757997088593469732266882163462542868991953788506604783535903328128766990124578483097100"": 1, ""0.5041525779087908624417219460177866415779123215376086658530190472088487307842023097586754426645023746654022296785355026713127551997177016269225427736536684893787005280596723417104206274954648726"": 1, ""0.50616329969099231692964120700480068196385387150870865557404444714508343145961826418790968402264694434717156573424163079448249356938110643720297078052591441283239971894198236343259541735154871422"": 1, ""0.50744786740082480396022161131648111258123478877942885541564455091157989703461113244619622977787585850567963729071106732987292083160855570888876873335075503691747138352680356193624787984744134965"": 1, ""0.50780774330210222808185490729453775050463542844421733467029312255004817950203103317385025727628203093304301847300597591177059541478182595234521981192638459819616357846726443137954626765727656723"": 1, ""0.50958299928301152117160310322160816829105408987325413103654528417881475438473349621279395332157846954997316965311982722418072430780255296008472653672518664652116826630593101010298307828169778589"": 1, ""0.50958492953825297779099311059956197156360158117329696569022408731280064090078074067629856691593290480489128302631597416224482442979914090625083352029664585923420673746280729359806815590396209293"": 1, ""0.5095849295382529777909931105995619715636015811732969656902240873128006409007807406762985669159329048048912830263159741622448244297991409062508335202966458592342067374628072935980681559039620929324"": 1, ""0.511773614675661131970511393738420994737552307777834706774355315176240998017060075519653597284531325811152221686894045622875964545719821858968378139372891204866974050069218064740828790452398694788"": 1, ""0.5179087751994678624570413473590963982991245538742929454357495958149757111428155494596743180173976915874382572654476503795009771153426139726199256484988826500610557857277542485188791862974827137"": 1, ""0.5181907246051087836101546928344463113243140748658224154504448629418227309958799096951808309190404659992117836012633300190043940150869874952371854428547009487412163484595820968084300257520344019"": 1, ""0.51854698398907389173205346023448343863352682949771220165971314553573891180771680245377910577560079039956250626474850080321610520965628872642326163366073282397595629091282490065924302045108852483"": 1, ""0.51886018177734416245751009452381916865353538555098890888732915164568943497180470148692973134374435158407508182763427433203280110054460866731304495701634191216102434450207024737046242596058666252"": 1, ""0.52"": 1, ""0.523783929051330287557108304219295888202096210696049449072829884439666756248320343993550120935232464391292663262563826928245095404461166353130878796022574576726686374630475678581026605751142166084"": 1, ""0.52459362187971078770116497488803231737913945981112513620893411825396593786159134425851649768856925892882008093887373318733990271167728820561428782302510350025504656317275697928931960569186870339"": 1, ""0.52577210465840014465518255054497185519307900039869455769105997050233610812508055775075935640963987561022450615326904917817015281907270331469690072209155754971531818937718796636994406427082902011"": 1, ""0.5264670131339858217130322850894263639264588321910529441225902033184028701644426226868027824573844746751625747816653238817858397821365145604591331769540503258614014395017394324183680763676937595"": 1, ""0.53084745762711864406779661016949152542372881355932203389830508474576271186440677966101694915254237288135593220338983050847457627118644067796610169491525423728813559322033898305084745762711864407"": 1, ""0.53103506433520852751878011304564840741638881757659803543718669671134842520854513974796306525203902566097170814894539317361439182877750843141968628004723796242046295976269050799323691756669483834"": 1, ""0.5348794589017682323209813032357425827514962107767838965840319630140819675756982024565807229722392794820356847959140076463214887244161422660073328904179245879830120305692327369005969534865466211"": 1, ""0.5385234554869426299922403343718113945181642042956622312517165372909959662549488127524444012232222330427581472386008198510490274439424233267433599777213351824328347765207878240037049825405545980"": 1, ""0.5418088944917140776646947581013969686348027656800632578667649509571439086570277056008492842616599268705248054482724548005370826016689534596715870023804924580116680652839853373515695578229550834"": 1, ""0.5424462212856155541274170625838219139582954948962732739523006259072281951946879074230289476849767318293385995097240717144384772706775047652696867355653585656871731764502726102533312718493144591"": 1, ""0.543560606060606060606060606060606060606060606060606060606060606060606060606060606060606060606060606060606060606060606060606060606060606060606060606060606060606060606060606060606060606060606060606"": 1, ""0.54488407602668330099392147144521213917772335707059785129938404463975152024692973998168699279467856734331450220798925154614557009286661794130209029438347439219289641951241846967457997597692851995"": 1, ""0.544884076026683300993921471445212139177723357070597851299384044639751520246929739981686992794678567343314502207989251546145570092866617941302090294383474392192896419512418469674579975976928520"": 1, ""0.5471294948168336816661475848827552276958966009542239705991415430601566956669134370551110247651968190205191390347505850767992760240802226663392510878402373036758503957383414451801394454047636027"": 1, ""0.54896373056994818652849740932642487046632124352331606217616580310880829015544041450777202072538860103626943005181347150259067357512953367875647668393782383419689119170984455958549222797927461140"": 1, ""0.5500931901197735187435650455414032591571666407139672396911869744861114340189764714264829642955133348825135936243691445381835580369308378327080335582090340397076079418139646016741382458196975249"": 2, ""0.574566226279187169146572160343332966671164615926286476237583662782859654108047144957806116135365063470630737350328955611547775456225538440133061549361644297490835650438381076691915672865191733657"": 1, ""0.5888659917977398756616803740194565447316871744661667873520448497512214073162313085134188239885031853853299990402871379419157792621385255404797062723254959378523140197878656370038157202975549868"": 2, ""0.5974759366750807258533555381618860299457584444176270128885054709903462257548710688613405046801298097563104293357731775783547693880553028992985952503151842343576305406328439421640006670574536633"": 1, ""0.599102081814866850126151201236276395656187132954363110668412095975088412260841828435320759561518870506917973457261574241629615163887679806321127832763234720097594786808994011483633770378319641"": 1, ""0.5991247391108605394592803680396877533491085965708040553530164212235560156793157121232069410630177669311157552155721017046953830149868024526615290962270002590111190550324756379211813560189449843"": 1, ""0.6005120781422871259564182540815977060833931925171567571479002583319972997729668212831509871102639702797200267088627684569577470723572326012536729966349121228478216268896552442809831686207779719"": 1, ""0.60490810050706526875547634820744515859788444214940492226992840648809347554345441499650408250506026120082730108154401798100180945494498565043595634015677414282707738073744917506453441249133939554"": 1, ""0.6083731898049119015804667899961658270605148201958649949298553395477959213803951374985886702559994938079026145228176827063707545580750458809150196154275199576780062919909903224623613958092286598"": 1, ""0.6102319730039382897077463434401692617651993650730241918130931708715831516722177384888780209472958892008538255354556454434846736902733409543762887743785405232024604911656007886007863391582688683"": 3, ""0.61260208998445018588853799326958512029878713466285732397544855321008204296672498634899284612336217735622848122150853795501380832558492496990413892535353314954587563000935436242582710116668919967"": 1, ""0.615530303030303030303030303030303030303030303030303030303030303030303030303030303030303030303030303030303030303030303030303030303030303030303030303030303030303030303030303030303030303030303030303"": 1, ""0.6248193656406021469729121987016723943426132623540922776380718207449574341322584077592733722503125916786090276513853448210748200508432559058299150729771979854276865673457658324147647298858818854"": 1, ""0.6479711982629822915939151665276849582003701806103750553432364929265176708840932689128128836441952078256230628553857005825815017912339785022656604832583193628276389528794940696468061736757706776"": 1, ""0.65289978972660525124727414355572113807376718175533466677700684169628874732718276315101539693421649537445575055136665414143053948732948728480908001465160266311893937566558745750398527493678778112"": 1, ""0.66647844621431193078753897919240780291288886077615826259278234371737815652270511749527302239776293726824702771142547025853330585179257756322776348369784998155373629502896782146797001626553551784"": 1, ""0.6753847565957444217681935678360394452935267535991772455979631660392444638752762757348937518747900411199281539088845386234193188251259508045031862091623361746165012779377503982765139622370707942"": 1, ""0.7116470977380480255923431172829182328529098090066155671700588149132971149570923208828306852598845078474713659982670158252332399014819833369026664421501081974446710089857642233527416554788809570"": 1, ""0.721875884036279326867313605459553110958581898560199618318474055164265643735308825432221597290112570345340392598677156387271016411433868708689553218791883635357404263745548630562872712060429895"": 1, ""0.766597975393219626985041122058369634195061523398500362056134549253664221948693925540256471965509556155989997120861413825747337786415576621439118816976487813556942059363596911011447160892664960"": 1, ""0.787154177999999391155254884414692696439787870958066527155213440192224490106899247977000316905756596631831161685878665765035399239045984390582487591531490010348778003153713435949807811257116366"": 1, ""0.791908282095188602785242444449332401163236434696770753680585242930285779930575929023722065987895145188534022320001832702799813589521832571789579765468947406452586900257614791333155398930922301"": 1, ""0.806772373018005912389142703574307981725342649825315775329212577264176296694436979306638000537489922063961300725611394786347755979575382961569470572426766998118785272776135447460360118247782854071"": 1, ""0.82184884318418454964639703595526888699579462631671467012832474679864238097169824077454599542952956607575081470663799981069057374278257812394358579097534920828093518856571065406406771868619258177"": 1, ""0.8766202709379520239506287289109803316479404502525612014465441736045908211054353560020244368994723387113386194218349170613804609839239288387047945452705389188251268415608032210852317452959131255"": 1, ""0.92307692307692307692307692307692307692307692307692307692307692307692307692307692307692307692307692307692307692307692307692307692307692307692307692307692307692307692307692307692307692307692307692"": 1, ""0.954006212324129432050921206011928853896785860974589426743656651213882132766478469846417565695224364505386147931818782264828504309908522539733767016861443746071736712642850447743222877241230997"": 1, ""0.964242302341256406515392033228748704821285819462785750060023897437749137711088989768319501268240049626974122348793218564542340211657676805575188577299182528317017479663978822223040927321995651"": 1, ""1.088663800704225084523722346980365163403040587640825608192695510295340160331684819132339083948725956413521244024225106918229106671714542278841734986717095396801091509530106613586354034735941988"": 1, ""1.149896963089829440477561683087554451292592285097750543084201823880496332923040888310384707948264334233984995681292120738621006679623364932158678225464731720335413089045395366517170741338997441"": 1, ""1.153963952136199903406934042579235118439577998824439919743825018681529672893994772481154971867952629261607372324800397013090234693211139944087181234107319926763325330158675463148136320329434526"": 1, ""1.2635305609632006434083747603332565089253496006233960967177780639715501106292626080462580982001262570231665183398640835212083540079964759747349062478051093475440167196768517068818711681467009914"": 1, ""1.285142311374112166059264505327903341113588238886922087858636525631762711533647266711831695719876116994801696650602111417286069624863454136274174890415980823104575929059651073143316863838466904"": 1}"
