spec_id,symbol,source_type,valid_from,valid_to_exclusive,payout_model,underlying,quote_currency,settlement_currency,margin_currency,multiplier_major,multiplier_currency,multiplier_raw,evidence_confidence,missing_fields,field_provenance,source_urls,data_source_commit,metadata_row_sha256,notes
1000000MOGUSDT-SNAPSHOT-11b5ef9e6a10,1000000MOGUSDT,BITMEX_INSTRUMENT_SNAPSHOT,2024-12-05T04:00:00Z,9999-12-31T00:00:00Z,LINEAR,1000000MOG,USDT,USDT,USDT,1,1000000MOG,1000000,OFFICIAL_EXPLICIT,,"{""multiplier_major"": ""1 / underlyingToPositionMultiplier from the frozen instrument row"", ""snapshot_fields"": ""Directly retained from the complete frozen CSV row."", ""valid_interval"": ""listing through the registry snapshot horizon; not a claim about future exchange metadata.""}",https://docs.bitmex.com/api-explorer/get-instruments,f02a691c7f7cfd0cd08ffb7f13a656ebaf2c6ca6,11b5ef9e6a10eedc1d112f3538757614b1dace3f506894ceb93717da8b6da3a1,Current snapshot version generated locally without network access.
100BONKUSDT-SNAPSHOT-c9b878cedd91,100BONKUSDT,BITMEX_INSTRUMENT_SNAPSHOT,2023-11-21T04:00:00Z,9999-12-31T00:00:00Z,LINEAR,100BONK,USDT,USDT,USDT,1,100BONK,1000000,OFFICIAL_EXPLICIT,,"{""multiplier_major"": ""1 / underlyingToPositionMultiplier from the frozen instrument row"", ""snapshot_fields"": ""Directly retained from the complete frozen CSV row."", ""valid_interval"": ""listing through the registry snapshot horizon; not a claim about future exchange metadata.""}",https://docs.bitmex.com/api-explorer/get-instruments,f02a691c7f7cfd0cd08ffb7f13a656ebaf2c6ca6,c9b878cedd91275e96b413b5352d0a83ee11e501f7c42241cc3240b51c617c36,Current snapshot version generated locally without network access.
100SATSUSD-SNAPSHOT-6bcafa256d95,100SATSUSD,BITMEX_INSTRUMENT_SNAPSHOT,2023-11-16T04:00:00Z,9999-12-31T00:00:00Z,QUANTO,100SATS,USD,XBT,XBT,1,XBT,100000000,OFFICIAL_EXPLICIT,,"{""multiplier_major"": ""multiplier / 100000000 XBt per the frozen BitMEX instrument snapshot"", ""snapshot_fields"": ""Directly retained from the complete frozen CSV row."", ""valid_interval"": ""listing through the registry snapshot horizon; not a claim about future exchange metadata.""}",https://docs.bitmex.com/api-explorer/get-instruments,f02a691c7f7cfd0cd08ffb7f13a656ebaf2c6ca6,6bcafa256d95d21e47c7543554193466227e34b53870467d58c74784a3ce6e40,Current snapshot version generated locally without network access.
1TAIDOGEUSD-SNAPSHOT-3051db83cf9a,1TAIDOGEUSD,BITMEX_INSTRUMENT_SNAPSHOT,2023-05-16T12:00:00Z,9999-12-31T00:00:00Z,QUANTO,1TAIDOGE,USD,XBT,XBT,0.000001,XBT,100,OFFICIAL_EXPLICIT,,"{""multiplier_major"": ""multiplier / 100000000 XBt per the frozen BitMEX instrument snapshot"", ""snapshot_fields"": ""Directly retained from the complete frozen CSV row."", ""valid_interval"": ""listing through the registry snapshot horizon; not a claim about future exchange metadata.""}",https://docs.bitmex.com/api-explorer/get-instruments,f02a691c7f7cfd0cd08ffb7f13a656ebaf2c6ca6,3051db83cf9acfdee01e7695f3db363e6086f3802b253707bd6b63ad9630f1c3,Current snapshot version generated locally without network access.
1TAIDOGEUSDT-SNAPSHOT-e23ae1a284b1,1TAIDOGEUSDT,BITMEX_INSTRUMENT_SNAPSHOT,2023-05-16T12:00:00Z,9999-12-31T00:00:00Z,LINEAR,1TAIDOGE,USDT,USDT,USDT,0.00001,1TAIDOGE,10,OFFICIAL_EXPLICIT,,"{""multiplier_major"": ""1 / underlyingToPositionMultiplier from the frozen instrument row"", ""snapshot_fields"": ""Directly retained from the complete frozen CSV row."", ""valid_interval"": ""listing through the registry snapshot horizon; not a claim about future exchange metadata.""}",https://docs.bitmex.com/api-explorer/get-instruments,f02a691c7f7cfd0cd08ffb7f13a656ebaf2c6ca6,e23ae1a284b179163209caf34136382d62719fe37707068239b64b120608f189,Current snapshot version generated locally without network access.
AAPLUSDT-SNAPSHOT-a0c2e7605e6b,AAPLUSDT,BITMEX_INSTRUMENT_SNAPSHOT,2025-12-15T12:00:00Z,9999-12-31T00:00:00Z,LINEAR,AAPL,USDT,USDT,USDT,0.01,AAPL,10000,OFFICIAL_EXPLICIT,,"{""multiplier_major"": ""1 / underlyingToPositionMultiplier from the frozen instrument row"", ""snapshot_fields"": ""Directly retained from the complete frozen CSV row."", ""valid_interval"": ""listing through the registry snapshot horizon; not a claim about future exchange metadata.""}",https://docs.bitmex.com/api-explorer/get-instruments,f02a691c7f7cfd0cd08ffb7f13a656ebaf2c6ca6,a0c2e7605e6b20620e90f6c195c3d93d979c0993bae78fcab681d7ff2a3bc587,Current snapshot version generated locally without network access.
AAVEUSD-SNAPSHOT-e32c8712310d,AAVEUSD,BITMEX_INSTRUMENT_SNAPSHOT,2024-09-04T12:00:00Z,9999-12-31T00:00:00Z,QUANTO,AAVE,USD,XBT,XBT,0.000001,XBT,100,OFFICIAL_EXPLICIT,,"{""multiplier_major"": ""multiplier / 100000000 XBt per the frozen BitMEX instrument snapshot"", ""snapshot_fields"": ""Directly retained from the complete frozen CSV row."", ""valid_interval"": ""listing through the registry snapshot horizon; not a claim about future exchange metadata.""}",https://docs.bitmex.com/api-explorer/get-instruments,f02a691c7f7cfd0cd08ffb7f13a656ebaf2c6ca6,e32c8712310dafa7b7e5b16d60988ffd90055eb69690ce64a21df1da0bccb7e5,Current snapshot version generated locally without network access.
AAVEUSDT-QUANTO-XBT-2021,AAVEUSDT,CONFIGURED_HISTORICAL,2021-07-14T04:00:00Z,2021-11-02T12:00:00Z,QUANTO,.BAAVET,USDT,XBT,XBT,0.000001,XBT,100,OFFICIAL_EXPLICIT,,"{""execution_cross_check"": ""402/402 Trade rows agree."", ""multiplier_major"": ""Official 100 satoshi multiplier."", ""valid_interval"": ""Official launch and early-settlement dates.""}",https://www.bitmex.com/blog/introducing-the-aaveusdt-quanto-perpetual-contract,,,Old Quanto version; 2024 linear snapshot is a separate version.
AAVEUSDT-SNAPSHOT-811010c27cf5,AAVEUSDT,BITMEX_INSTRUMENT_SNAPSHOT,2024-09-04T12:00:00Z,9999-12-31T00:00:00Z,LINEAR,AAVE,USDT,USDT,USDT,0.0001,AAVE,100,OFFICIAL_EXPLICIT,,"{""multiplier_major"": ""1 / underlyingToPositionMultiplier from the frozen instrument row"", ""snapshot_fields"": ""Directly retained from the complete frozen CSV row."", ""valid_interval"": ""listing through the registry snapshot horizon; not a claim about future exchange metadata.""}",https://docs.bitmex.com/api-explorer/get-instruments,f02a691c7f7cfd0cd08ffb7f13a656ebaf2c6ca6,811010c27cf5225d914bfaf7da163103c8205c8eb231b817e02923ffee4dee8c,Current snapshot version generated locally without network access.
ACEUSDT-SNAPSHOT-3897c4df7e91,ACEUSDT,BITMEX_INSTRUMENT_SNAPSHOT,2023-12-18T12:00:00Z,9999-12-31T00:00:00Z,LINEAR,ACE,USDT,USDT,USDT,1,ACE,1000000,OFFICIAL_EXPLICIT,,"{""multiplier_major"": ""1 / underlyingToPositionMultiplier from the frozen instrument row"", ""snapshot_fields"": ""Directly retained from the complete frozen CSV row."", ""valid_interval"": ""listing through the registry snapshot horizon; not a claim about future exchange metadata.""}",https://docs.bitmex.com/api-explorer/get-instruments,f02a691c7f7cfd0cd08ffb7f13a656ebaf2c6ca6,3897c4df7e91861d5a7f05982dc103f49923b0729368da9651289ce933626316,Current snapshot version generated locally without network access.
ACEUSDTZ23-SNAPSHOT-0f84148052e0,ACEUSDTZ23,BITMEX_INSTRUMENT_SNAPSHOT,2023-12-12T04:00:00Z,9999-12-31T00:00:00Z,LINEAR,ACE,USDT,USDT,USDT,1,ACE,1000000,OFFICIAL_EXPLICIT,,"{""multiplier_major"": ""1 / underlyingToPositionMultiplier from the frozen instrument row"", ""snapshot_fields"": ""Directly retained from the complete frozen CSV row."", ""valid_interval"": ""listing through the registry snapshot horizon; not a claim about future exchange metadata.""}",https://docs.bitmex.com/api-explorer/get-instruments,f02a691c7f7cfd0cd08ffb7f13a656ebaf2c6ca6,0f84148052e04ca6f0cdeebc29cc1f312527fb2c7994c497d7590510ddfa1b02,Current snapshot version generated locally without network access.
ACTUSDT-SNAPSHOT-096931a7d646,ACTUSDT,BITMEX_INSTRUMENT_SNAPSHOT,2024-11-11T12:00:00Z,9999-12-31T00:00:00Z,LINEAR,ACT,USDT,USDT,USDT,1,ACT,1000000,OFFICIAL_EXPLICIT,,"{""multiplier_major"": ""1 / underlyingToPositionMultiplier from the frozen instrument row"", ""snapshot_fields"": ""Directly retained from the complete frozen CSV row."", ""valid_interval"": ""listing through the registry snapshot horizon; not a claim about future exchange metadata.""}",https://docs.bitmex.com/api-explorer/get-instruments,f02a691c7f7cfd0cd08ffb7f13a656ebaf2c6ca6,096931a7d646e5cd24635843924973c514953822128700ba83331f33d2ed3ae2,Current snapshot version generated locally without network access.
ADAF18-SNAPSHOT-4a42134013e3,ADAF18,BITMEX_INSTRUMENT_SNAPSHOT,2018-01-08T03:00:00Z,9999-12-31T00:00:00Z,LINEAR,ADA,XBT,XBT,XBT,1,ADA,100000000,OFFICIAL_EXPLICIT,,"{""multiplier_major"": ""1 / underlyingToPositionMultiplier from the frozen instrument row"", ""snapshot_fields"": ""Directly retained from the complete frozen CSV row."", ""valid_interval"": ""listing through the registry snapshot horizon; not a claim about future exchange metadata.""}",https://docs.bitmex.com/api-explorer/get-instruments,f02a691c7f7cfd0cd08ffb7f13a656ebaf2c6ca6,4a42134013e31a468dd94e8bb80d5ab9843f13f7b459ad68c475c1f39debd1ff,Current snapshot version generated locally without network access.
ADAH18-SNAPSHOT-c2ac1ae5d5d6,ADAH18,BITMEX_INSTRUMENT_SNAPSHOT,2018-01-25T02:00:00Z,9999-12-31T00:00:00Z,LINEAR,ADA,XBT,XBT,XBT,1,ADA,100000000,OFFICIAL_EXPLICIT,,"{""multiplier_major"": ""1 / underlyingToPositionMultiplier from the frozen instrument row"", ""snapshot_fields"": ""Directly retained from the complete frozen CSV row."", ""valid_interval"": ""listing through the registry snapshot horizon; not a claim about future exchange metadata.""}",https://docs.bitmex.com/api-explorer/get-instruments,f02a691c7f7cfd0cd08ffb7f13a656ebaf2c6ca6,c2ac1ae5d5d6e482d90dc2ebb69648e2373e28d277987a06b0d63d03bbf6357d,Current snapshot version generated locally without network access.
ADAH19-SNAPSHOT-98c671518975,ADAH19,BITMEX_INSTRUMENT_SNAPSHOT,2018-12-17T04:00:00Z,9999-12-31T00:00:00Z,LINEAR,ADA,XBT,XBT,XBT,1,ADA,100000000,OFFICIAL_EXPLICIT,,"{""multiplier_major"": ""1 / underlyingToPositionMultiplier from the frozen instrument row"", ""snapshot_fields"": ""Directly retained from the complete frozen CSV row."", ""valid_interval"": ""listing through the registry snapshot horizon; not a claim about future exchange metadata.""}",https://docs.bitmex.com/api-explorer/get-instruments,f02a691c7f7cfd0cd08ffb7f13a656ebaf2c6ca6,98c671518975ac99e71c3c0eec262c7c93d88b58e0bd407d2d20bfd79689b392,Current snapshot version generated locally without network access.
ADAH20-SNAPSHOT-2aabeb175087,ADAH20,BITMEX_INSTRUMENT_SNAPSHOT,2019-12-13T08:00:00Z,9999-12-31T00:00:00Z,LINEAR,ADA,XBT,XBT,XBT,1,ADA,100000000,OFFICIAL_EXPLICIT,,"{""multiplier_major"": ""1 / underlyingToPositionMultiplier from the frozen instrument row"", ""snapshot_fields"": ""Directly retained from the complete frozen CSV row."", ""valid_interval"": ""listing through the registry snapshot horizon; not a claim about future exchange metadata.""}",https://docs.bitmex.com/api-explorer/get-instruments,f02a691c7f7cfd0cd08ffb7f13a656ebaf2c6ca6,2aabeb17508773fb2bab335d3eaf0ec8c7c45ee74098f128d2d1a277067cd521,Current snapshot version generated locally without network access.
ADAH21-SNAPSHOT-bf0ded736f9c,ADAH21,BITMEX_INSTRUMENT_SNAPSHOT,2020-12-11T08:00:00Z,9999-12-31T00:00:00Z,LINEAR,ADA,XBT,XBT,XBT,1,ADA,100000000,OFFICIAL_EXPLICIT,,"{""multiplier_major"": ""1 / underlyingToPositionMultiplier from the frozen instrument row"", ""snapshot_fields"": ""Directly retained from the complete frozen CSV row."", ""valid_interval"": ""listing through the registry snapshot horizon; not a claim about future exchange metadata.""}",https://docs.bitmex.com/api-explorer/get-instruments,f02a691c7f7cfd0cd08ffb7f13a656ebaf2c6ca6,bf0ded736f9c13d09692f45d1a2666abc0fa91737536db845d727b164a37abf4,Current snapshot version generated locally without network access.
ADAH22-SNAPSHOT-eabe3d8f909a,ADAH22,BITMEX_INSTRUMENT_SNAPSHOT,2021-12-22T04:00:00Z,9999-12-31T00:00:00Z,LINEAR,ADA,XBT,XBT,XBT,0.01,ADA,1000000,OFFICIAL_EXPLICIT,,"{""multiplier_major"": ""1 / underlyingToPositionMultiplier from the frozen instrument row"", ""snapshot_fields"": ""Directly retained from the complete frozen CSV row."", ""valid_interval"": ""listing through the registry snapshot horizon; not a claim about future exchange metadata.""}",https://docs.bitmex.com/api-explorer/get-instruments,f02a691c7f7cfd0cd08ffb7f13a656ebaf2c6ca6,eabe3d8f909a10bb63e137cbfbded5586b77fe7565507d656917f20aa5edd38a,Current snapshot version generated locally without network access.
ADAH23-SNAPSHOT-82fb3a24ccbf,ADAH23,BITMEX_INSTRUMENT_SNAPSHOT,2022-12-14T04:00:00Z,9999-12-31T00:00:00Z,LINEAR,ADA,XBT,XBT,XBT,0.01,ADA,1000000,OFFICIAL_EXPLICIT,,"{""multiplier_major"": ""1 / underlyingToPositionMultiplier from the frozen instrument row"", ""snapshot_fields"": ""Directly retained from the complete frozen CSV row."", ""valid_interval"": ""listing through the registry snapshot horizon; not a claim about future exchange metadata.""}",https://docs.bitmex.com/api-explorer/get-instruments,f02a691c7f7cfd0cd08ffb7f13a656ebaf2c6ca6,82fb3a24ccbf4b826785516b047466875d2da21c548677b121ff75e3ce0c8ecf,Current snapshot version generated locally without network access.
ADAH24-SNAPSHOT-1be53e1d2621,ADAH24,BITMEX_INSTRUMENT_SNAPSHOT,2023-12-12T04:00:00Z,9999-12-31T00:00:00Z,LINEAR,ADA,XBT,XBT,XBT,0.01,ADA,1000000,OFFICIAL_EXPLICIT,,"{""multiplier_major"": ""1 / underlyingToPositionMultiplier from the frozen instrument row"", ""snapshot_fields"": ""Directly retained from the complete frozen CSV row."", ""valid_interval"": ""listing through the registry snapshot horizon; not a claim about future exchange metadata.""}",https://docs.bitmex.com/api-explorer/get-instruments,f02a691c7f7cfd0cd08ffb7f13a656ebaf2c6ca6,1be53e1d2621b219851e4cdd025cdc5997e04e2b639f8b4491f7a109fd9db1f0,Current snapshot version generated locally without network access.
ADAH25-SNAPSHOT-019c6388bc42,ADAH25,BITMEX_INSTRUMENT_SNAPSHOT,2024-12-10T04:00:00Z,9999-12-31T00:00:00Z,LINEAR,ADA,XBT,XBT,XBT,0.01,ADA,1000000,OFFICIAL_EXPLICIT,,"{""multiplier_major"": ""1 / underlyingToPositionMultiplier from the frozen instrument row"", ""snapshot_fields"": ""Directly retained from the complete frozen CSV row."", ""valid_interval"": ""listing through the registry snapshot horizon; not a claim about future exchange metadata.""}",https://docs.bitmex.com/api-explorer/get-instruments,f02a691c7f7cfd0cd08ffb7f13a656ebaf2c6ca6,019c6388bc42dccfceeebb2e2f090567b583d94749f9e431ec8bc0dab30218a7,Current snapshot version generated locally without network access.
ADAH26-SNAPSHOT-187a6a9c16a0,ADAH26,BITMEX_INSTRUMENT_SNAPSHOT,2025-12-09T04:00:00Z,9999-12-31T00:00:00Z,LINEAR,ADA,XBT,XBT,XBT,0.01,ADA,1000000,OFFICIAL_EXPLICIT,,"{""multiplier_major"": ""1 / underlyingToPositionMultiplier from the frozen instrument row"", ""snapshot_fields"": ""Directly retained from the complete frozen CSV row."", ""valid_interval"": ""listing through the registry snapshot horizon; not a claim about future exchange metadata.""}",https://docs.bitmex.com/api-explorer/get-instruments,f02a691c7f7cfd0cd08ffb7f13a656ebaf2c6ca6,187a6a9c16a00803ffd8d940a44f184c9900f05638b8660734606c737b8ba25f,Current snapshot version generated locally without network access.
ADAM18-SNAPSHOT-53f02432db73,ADAM18,BITMEX_INSTRUMENT_SNAPSHOT,2018-03-29T04:00:00Z,9999-12-31T00:00:00Z,LINEAR,ADA,XBT,XBT,XBT,1,ADA,100000000,OFFICIAL_EXPLICIT,,"{""multiplier_major"": ""1 / underlyingToPositionMultiplier from the frozen instrument row"", ""snapshot_fields"": ""Directly retained from the complete frozen CSV row."", ""valid_interval"": ""listing through the registry snapshot horizon; not a claim about future exchange metadata.""}",https://docs.bitmex.com/api-explorer/get-instruments,f02a691c7f7cfd0cd08ffb7f13a656ebaf2c6ca6,53f02432db7307634cc06c44b7bfd42685c079356d416711f6115b2515689962,Current snapshot version generated locally without network access.
ADAM19-SNAPSHOT-567ff9defec9,ADAM19,BITMEX_INSTRUMENT_SNAPSHOT,2019-03-15T08:00:00Z,9999-12-31T00:00:00Z,LINEAR,ADA,XBT,XBT,XBT,1,ADA,100000000,OFFICIAL_EXPLICIT,,"{""multiplier_major"": ""1 / underlyingToPositionMultiplier from the frozen instrument row"", ""snapshot_fields"": ""Directly retained from the complete frozen CSV row."", ""valid_interval"": ""listing through the registry snapshot horizon; not a claim about future exchange metadata.""}",https://docs.bitmex.com/api-explorer/get-instruments,f02a691c7f7cfd0cd08ffb7f13a656ebaf2c6ca6,567ff9defec97c638625c4d0a8df79e8aafb10ecc83152c57fec45dd5efa3a16,Current snapshot version generated locally without network access.
ADAM20-SNAPSHOT-4785ccd7a68b,ADAM20,BITMEX_INSTRUMENT_SNAPSHOT,2020-03-13T08:00:00Z,9999-12-31T00:00:00Z,LINEAR,ADA,XBT,XBT,XBT,1,ADA,100000000,OFFICIAL_EXPLICIT,,"{""multiplier_major"": ""1 / underlyingToPositionMultiplier from the frozen instrument row"", ""snapshot_fields"": ""Directly retained from the complete frozen CSV row."", ""valid_interval"": ""listing through the registry snapshot horizon; not a claim about future exchange metadata.""}",https://docs.bitmex.com/api-explorer/get-instruments,f02a691c7f7cfd0cd08ffb7f13a656ebaf2c6ca6,4785ccd7a68b5581098e56fad643f67862d418be426906817718b8c73c1566db,Current snapshot version generated locally without network access.
ADAM21-SNAPSHOT-a4da9e0bf40b,ADAM21,BITMEX_INSTRUMENT_SNAPSHOT,2021-03-12T08:00:00Z,9999-12-31T00:00:00Z,LINEAR,ADA,XBT,XBT,XBT,1,ADA,100000000,OFFICIAL_EXPLICIT,,"{""multiplier_major"": ""1 / underlyingToPositionMultiplier from the frozen instrument row"", ""snapshot_fields"": ""Directly retained from the complete frozen CSV row."", ""valid_interval"": ""listing through the registry snapshot horizon; not a claim about future exchange metadata.""}",https://docs.bitmex.com/api-explorer/get-instruments,f02a691c7f7cfd0cd08ffb7f13a656ebaf2c6ca6,a4da9e0bf40b68c15e1b79fec59ed00748c68e925b2e14944024f432ad8cb801,Current snapshot version generated locally without network access.
ADAM22-SNAPSHOT-6c25ba8e007a,ADAM22,BITMEX_INSTRUMENT_SNAPSHOT,2022-03-16T04:00:00Z,9999-12-31T00:00:00Z,LINEAR,ADA,XBT,XBT,XBT,0.01,ADA,1000000,OFFICIAL_EXPLICIT,,"{""multiplier_major"": ""1 / underlyingToPositionMultiplier from the frozen instrument row"", ""snapshot_fields"": ""Directly retained from the complete frozen CSV row."", ""valid_interval"": ""listing through the registry snapshot horizon; not a claim about future exchange metadata.""}",https://docs.bitmex.com/api-explorer/get-instruments,f02a691c7f7cfd0cd08ffb7f13a656ebaf2c6ca6,6c25ba8e007a6165cbd49cfb57fd4eacd291c42e431fa6e5d8f2e3fea815ff32,Current snapshot version generated locally without network access.
ADAM23-SNAPSHOT-aabe8277c032,ADAM23,BITMEX_INSTRUMENT_SNAPSHOT,2023-03-14T04:00:00Z,9999-12-31T00:00:00Z,LINEAR,ADA,XBT,XBT,XBT,0.01,ADA,1000000,OFFICIAL_EXPLICIT,,"{""multiplier_major"": ""1 / underlyingToPositionMultiplier from the frozen instrument row"", ""snapshot_fields"": ""Directly retained from the complete frozen CSV row."", ""valid_interval"": ""listing through the registry snapshot horizon; not a claim about future exchange metadata.""}",https://docs.bitmex.com/api-explorer/get-instruments,f02a691c7f7cfd0cd08ffb7f13a656ebaf2c6ca6,aabe8277c0320d707fc92bf09e086838f5813922140d2550b10f5416659bbb20,Current snapshot version generated locally without network access.
ADAM24-SNAPSHOT-825618f17572,ADAM24,BITMEX_INSTRUMENT_SNAPSHOT,2024-03-12T04:00:00Z,9999-12-31T00:00:00Z,LINEAR,ADA,XBT,XBT,XBT,0.01,ADA,1000000,OFFICIAL_EXPLICIT,,"{""multiplier_major"": ""1 / underlyingToPositionMultiplier from the frozen instrument row"", ""snapshot_fields"": ""Directly retained from the complete frozen CSV row."", ""valid_interval"": ""listing through the registry snapshot horizon; not a claim about future exchange metadata.""}",https://docs.bitmex.com/api-explorer/get-instruments,f02a691c7f7cfd0cd08ffb7f13a656ebaf2c6ca6,825618f17572d2bf6bbf24cc75620fbda3cbbab14ff92a65c53abeb910f19cbc,Current snapshot version generated locally without network access.
ADAM25-SNAPSHOT-7b89ff2ea52d,ADAM25,BITMEX_INSTRUMENT_SNAPSHOT,2025-03-11T04:00:00Z,9999-12-31T00:00:00Z,LINEAR,ADA,XBT,XBT,XBT,0.01,ADA,1000000,OFFICIAL_EXPLICIT,,"{""multiplier_major"": ""1 / underlyingToPositionMultiplier from the frozen instrument row"", ""snapshot_fields"": ""Directly retained from the complete frozen CSV row."", ""valid_interval"": ""listing through the registry snapshot horizon; not a claim about future exchange metadata.""}",https://docs.bitmex.com/api-explorer/get-instruments,f02a691c7f7cfd0cd08ffb7f13a656ebaf2c6ca6,7b89ff2ea52d3c7380fad4127b4a9777ed7a74c5e7370604304834c8604204db,Current snapshot version generated locally without network access.
ADAM26-SNAPSHOT-7882d9549d10,ADAM26,BITMEX_INSTRUMENT_SNAPSHOT,2026-03-10T04:00:00Z,9999-12-31T00:00:00Z,LINEAR,ADA,XBT,XBT,XBT,0.01,ADA,1000000,OFFICIAL_EXPLICIT,,"{""multiplier_major"": ""1 / underlyingToPositionMultiplier from the frozen instrument row"", ""snapshot_fields"": ""Directly retained from the complete frozen CSV row."", ""valid_interval"": ""listing through the registry snapshot horizon; not a claim about future exchange metadata.""}",https://docs.bitmex.com/api-explorer/get-instruments,f02a691c7f7cfd0cd08ffb7f13a656ebaf2c6ca6,7882d9549d10e1e52b16ee2f8ec30bb84c088fb469e50ab8ca28c007299386af,Current snapshot version generated locally without network access.
ADAU18-SNAPSHOT-2101fe554b17,ADAU18,BITMEX_INSTRUMENT_SNAPSHOT,2018-06-19T08:00:00Z,9999-12-31T00:00:00Z,LINEAR,ADA,XBT,XBT,XBT,1,ADA,100000000,OFFICIAL_EXPLICIT,,"{""multiplier_major"": ""1 / underlyingToPositionMultiplier from the frozen instrument row"", ""snapshot_fields"": ""Directly retained from the complete frozen CSV row."", ""valid_interval"": ""listing through the registry snapshot horizon; not a claim about future exchange metadata.""}",https://docs.bitmex.com/api-explorer/get-instruments,f02a691c7f7cfd0cd08ffb7f13a656ebaf2c6ca6,2101fe554b17396419fc4528e02d0675bfb8127bae91a1bfc30ff763784865b1,Current snapshot version generated locally without network access.
ADAU19-SNAPSHOT-7c1a54e9b6af,ADAU19,BITMEX_INSTRUMENT_SNAPSHOT,2019-06-14T08:00:00Z,9999-12-31T00:00:00Z,LINEAR,ADA,XBT,XBT,XBT,1,ADA,100000000,OFFICIAL_EXPLICIT,,"{""multiplier_major"": ""1 / underlyingToPositionMultiplier from the frozen instrument row"", ""snapshot_fields"": ""Directly retained from the complete frozen CSV row."", ""valid_interval"": ""listing through the registry snapshot horizon; not a claim about future exchange metadata.""}",https://docs.bitmex.com/api-explorer/get-instruments,f02a691c7f7cfd0cd08ffb7f13a656ebaf2c6ca6,7c1a54e9b6afffa4fa694c9c5d7864a866016f330ab9c3af86896e359c0c60d6,Current snapshot version generated locally without network access.
ADAU20-SNAPSHOT-0a353cfb64b9,ADAU20,BITMEX_INSTRUMENT_SNAPSHOT,2020-06-12T08:00:00Z,9999-12-31T00:00:00Z,LINEAR,ADA,XBT,XBT,XBT,1,ADA,100000000,OFFICIAL_EXPLICIT,,"{""multiplier_major"": ""1 / underlyingToPositionMultiplier from the frozen instrument row"", ""snapshot_fields"": ""Directly retained from the complete frozen CSV row."", ""valid_interval"": ""listing through the registry snapshot horizon; not a claim about future exchange metadata.""}",https://docs.bitmex.com/api-explorer/get-instruments,f02a691c7f7cfd0cd08ffb7f13a656ebaf2c6ca6,0a353cfb64b9ab5fb9f20970d8b2a14278e649eea962d48cd519acaced594fc6,Current snapshot version generated locally without network access.
ADAU21-SNAPSHOT-4ad86b2af786,ADAU21,BITMEX_INSTRUMENT_SNAPSHOT,2021-06-16T08:00:00Z,9999-12-31T00:00:00Z,LINEAR,ADA,XBT,XBT,XBT,1,ADA,100000000,OFFICIAL_EXPLICIT,,"{""multiplier_major"": ""1 / underlyingToPositionMultiplier from the frozen instrument row"", ""snapshot_fields"": ""Directly retained from the complete frozen CSV row."", ""valid_interval"": ""listing through the registry snapshot horizon; not a claim about future exchange metadata.""}",https://docs.bitmex.com/api-explorer/get-instruments,f02a691c7f7cfd0cd08ffb7f13a656ebaf2c6ca6,4ad86b2af78658dc94b4ab43a9ab960d78bcd04df15f7112f083f463088841f8,Current snapshot version generated locally without network access.
ADAU22-SNAPSHOT-893bb866c9c5,ADAU22,BITMEX_INSTRUMENT_SNAPSHOT,2022-06-15T04:00:00Z,9999-12-31T00:00:00Z,LINEAR,ADA,XBT,XBT,XBT,0.01,ADA,1000000,OFFICIAL_EXPLICIT,,"{""multiplier_major"": ""1 / underlyingToPositionMultiplier from the frozen instrument row"", ""snapshot_fields"": ""Directly retained from the complete frozen CSV row."", ""valid_interval"": ""listing through the registry snapshot horizon; not a claim about future exchange metadata.""}",https://docs.bitmex.com/api-explorer/get-instruments,f02a691c7f7cfd0cd08ffb7f13a656ebaf2c6ca6,893bb866c9c57a075db03fc3444fdc26625d3015d367582b56fa06e8def8bebc,Current snapshot version generated locally without network access.
ADAU23-SNAPSHOT-d37b65b64b42,ADAU23,BITMEX_INSTRUMENT_SNAPSHOT,2023-06-14T04:00:00Z,9999-12-31T00:00:00Z,LINEAR,ADA,XBT,XBT,XBT,0.01,ADA,1000000,OFFICIAL_EXPLICIT,,"{""multiplier_major"": ""1 / underlyingToPositionMultiplier from the frozen instrument row"", ""snapshot_fields"": ""Directly retained from the complete frozen CSV row."", ""valid_interval"": ""listing through the registry snapshot horizon; not a claim about future exchange metadata.""}",https://docs.bitmex.com/api-explorer/get-instruments,f02a691c7f7cfd0cd08ffb7f13a656ebaf2c6ca6,d37b65b64b422a8de162dc27ce38dd0f4919eea6b1d301b044acb319a078391d,Current snapshot version generated locally without network access.
ADAU24-SNAPSHOT-34f606cbb0e2,ADAU24,BITMEX_INSTRUMENT_SNAPSHOT,2024-06-11T04:00:00Z,9999-12-31T00:00:00Z,LINEAR,ADA,XBT,XBT,XBT,0.01,ADA,1000000,OFFICIAL_EXPLICIT,,"{""multiplier_major"": ""1 / underlyingToPositionMultiplier from the frozen instrument row"", ""snapshot_fields"": ""Directly retained from the complete frozen CSV row."", ""valid_interval"": ""listing through the registry snapshot horizon; not a claim about future exchange metadata.""}",https://docs.bitmex.com/api-explorer/get-instruments,f02a691c7f7cfd0cd08ffb7f13a656ebaf2c6ca6,34f606cbb0e2d02dc4fbf8b53c1add290d22e99c5cd724c08fe229fb8ba3afdc,Current snapshot version generated locally without network access.
ADAU25-SNAPSHOT-2b9e2e558ad2,ADAU25,BITMEX_INSTRUMENT_SNAPSHOT,2025-06-10T04:00:00Z,9999-12-31T00:00:00Z,LINEAR,ADA,XBT,XBT,XBT,0.01,ADA,1000000,OFFICIAL_EXPLICIT,,"{""multiplier_major"": ""1 / underlyingToPositionMultiplier from the frozen instrument row"", ""snapshot_fields"": ""Directly retained from the complete frozen CSV row."", ""valid_interval"": ""listing through the registry snapshot horizon; not a claim about future exchange metadata.""}",https://docs.bitmex.com/api-explorer/get-instruments,f02a691c7f7cfd0cd08ffb7f13a656ebaf2c6ca6,2b9e2e558ad2c17d4702ec1dbb222586a0d91055653f11ebfd4ffb6d9f4afe86,Current snapshot version generated locally without network access.
ADAU26-SNAPSHOT-819a1cbc7e23,ADAU26,BITMEX_INSTRUMENT_SNAPSHOT,2026-06-09T04:00:00Z,9999-12-31T00:00:00Z,LINEAR,ADA,XBT,XBT,XBT,0.01,ADA,1000000,OFFICIAL_EXPLICIT,,"{""multiplier_major"": ""1 / underlyingToPositionMultiplier from the frozen instrument row"", ""snapshot_fields"": ""Directly retained from the complete frozen CSV row."", ""valid_interval"": ""listing through the registry snapshot horizon; not a claim about future exchange metadata.""}",https://docs.bitmex.com/api-explorer/get-instruments,f02a691c7f7cfd0cd08ffb7f13a656ebaf2c6ca6,819a1cbc7e23c48ac60465a4c874c0f12eb354e82a4b3edfb38de313b073f34b,Current snapshot version generated locally without network access.
ADAUSD-SNAPSHOT-9cdf7cebd605,ADAUSD,BITMEX_INSTRUMENT_SNAPSHOT,2021-09-29T04:00:00Z,9999-12-31T00:00:00Z,QUANTO,ADA,USD,XBT,XBT,0.0001,XBT,10000,OFFICIAL_EXPLICIT,,"{""multiplier_major"": ""multiplier / 100000000 XBt per the frozen BitMEX instrument snapshot"", ""snapshot_fields"": ""Directly retained from the complete frozen CSV row."", ""valid_interval"": ""listing through the registry snapshot horizon; not a claim about future exchange metadata.""}",https://docs.bitmex.com/api-explorer/get-instruments,f02a691c7f7cfd0cd08ffb7f13a656ebaf2c6ca6,9cdf7cebd605ec2557ca71791a030594cbea59b6baf769fd6cc6c20b5ce25a1c,Current snapshot version generated locally without network access.
ADAUSDT-QUANTO-XBT-2021,ADAUSDT,CONFIGURED_HISTORICAL,2021-03-10T04:00:00Z,2021-10-13T12:00:00Z,QUANTO,,USDT,XBT,XBT,0.01,XBT,1000000,OFFICIAL_EXPLICIT,underlying,"{""execution_cross_check"": ""152/152 Trade rows agree."", ""multiplier_major"": ""Official comparison table."", ""valid_from"": ""March 2021 official launch batch lower bound.""}",https://www.bitmex.com/blog/ada-bnb-doge-dot-and-fil-quanto-perpetuals-new-listing-and-early-settlement-of-contracts-due-to-naming-conventions,,,Old underlying is not exposed by the available announcement; null is intentional.
ADAUSDT-SNAPSHOT-515da0b3ba71,ADAUSDT,BITMEX_INSTRUMENT_SNAPSHOT,2021-12-15T04:00:00Z,9999-12-31T00:00:00Z,LINEAR,ADA,USDT,USDT,USDT,0.01,ADA,10000,OFFICIAL_EXPLICIT,,"{""multiplier_major"": ""1 / underlyingToPositionMultiplier from the frozen instrument row"", ""snapshot_fields"": ""Directly retained from the complete frozen CSV row."", ""valid_interval"": ""listing through the registry snapshot horizon; not a claim about future exchange metadata.""}",https://docs.bitmex.com/api-explorer/get-instruments,f02a691c7f7cfd0cd08ffb7f13a656ebaf2c6ca6,515da0b3ba71f8f599d975d3e35c18a4335de61877e0c08e3c2165e02e26af0e,Current snapshot version generated locally without network access.
ADAUSDTH21-SNAPSHOT-9be5bc593f03,ADAUSDTH21,BITMEX_INSTRUMENT_SNAPSHOT,2020-12-11T08:00:00Z,9999-12-31T00:00:00Z,QUANTO,ADA,USDT,XBT,XBT,0.01,XBT,1000000,OFFICIAL_EXPLICIT,,"{""multiplier_major"": ""multiplier / 100000000 XBt per the frozen BitMEX instrument snapshot"", ""snapshot_fields"": ""Directly retained from the complete frozen CSV row."", ""valid_interval"": ""listing through the registry snapshot horizon; not a claim about future exchange metadata.""}",https://docs.bitmex.com/api-explorer/get-instruments,f02a691c7f7cfd0cd08ffb7f13a656ebaf2c6ca6,9be5bc593f03ba826301d3066aed12ba56cea05a0770d55455d42998fcac2406,Current snapshot version generated locally without network access.
ADAUSDTZ20-SNAPSHOT-e1175000a07e,ADAUSDTZ20,BITMEX_INSTRUMENT_SNAPSHOT,2020-09-11T08:00:00Z,9999-12-31T00:00:00Z,QUANTO,ADA,USDT,XBT,XBT,0.01,XBT,1000000,OFFICIAL_EXPLICIT,,"{""multiplier_major"": ""multiplier / 100000000 XBt per the frozen BitMEX instrument snapshot"", ""snapshot_fields"": ""Directly retained from the complete frozen CSV row."", ""valid_interval"": ""listing through the registry snapshot horizon; not a claim about future exchange metadata.""}",https://docs.bitmex.com/api-explorer/get-instruments,f02a691c7f7cfd0cd08ffb7f13a656ebaf2c6ca6,e1175000a07e6f2e3074ae62ea319ad8c0db13b3421671815161ca48ae2826c9,Current snapshot version generated locally without network access.
ADAZ18-SNAPSHOT-78af25da9133,ADAZ18,BITMEX_INSTRUMENT_SNAPSHOT,2018-09-21T02:00:00Z,9999-12-31T00:00:00Z,LINEAR,ADA,XBT,XBT,XBT,1,ADA,100000000,OFFICIAL_EXPLICIT,,"{""multiplier_major"": ""1 / underlyingToPositionMultiplier from the frozen instrument row"", ""snapshot_fields"": ""Directly retained from the complete frozen CSV row."", ""valid_interval"": ""listing through the registry snapshot horizon; not a claim about future exchange metadata.""}",https://docs.bitmex.com/api-explorer/get-instruments,f02a691c7f7cfd0cd08ffb7f13a656ebaf2c6ca6,78af25da9133835220455734be7e9cd476e236958431e1820808f8bbadc4bc0f,Current snapshot version generated locally without network access.
ADAZ19-SNAPSHOT-a7e344b97640,ADAZ19,BITMEX_INSTRUMENT_SNAPSHOT,2019-09-13T08:00:00Z,9999-12-31T00:00:00Z,LINEAR,ADA,XBT,XBT,XBT,1,ADA,100000000,OFFICIAL_EXPLICIT,,"{""multiplier_major"": ""1 / underlyingToPositionMultiplier from the frozen instrument row"", ""snapshot_fields"": ""Directly retained from the complete frozen CSV row."", ""valid_interval"": ""listing through the registry snapshot horizon; not a claim about future exchange metadata.""}",https://docs.bitmex.com/api-explorer/get-instruments,f02a691c7f7cfd0cd08ffb7f13a656ebaf2c6ca6,a7e344b9764079f8970a5076558acb2f91bf5edd6fe4bf4e8d2d4527dbc58407,Current snapshot version generated locally without network access.
ADAZ20-SNAPSHOT-72513924160d,ADAZ20,BITMEX_INSTRUMENT_SNAPSHOT,2020-09-11T08:00:00Z,9999-12-31T00:00:00Z,LINEAR,ADA,XBT,XBT,XBT,1,ADA,100000000,OFFICIAL_EXPLICIT,,"{""multiplier_major"": ""1 / underlyingToPositionMultiplier from the frozen instrument row"", ""snapshot_fields"": ""Directly retained from the complete frozen CSV row."", ""valid_interval"": ""listing through the registry snapshot horizon; not a claim about future exchange metadata.""}",https://docs.bitmex.com/api-explorer/get-instruments,f02a691c7f7cfd0cd08ffb7f13a656ebaf2c6ca6,72513924160dd7eb7d1599efdd9c9e6475826556c662aaa3ecb9ea851bbc86e4,Current snapshot version generated locally without network access.
ADAZ21-SNAPSHOT-425a719e3338,ADAZ21,BITMEX_INSTRUMENT_SNAPSHOT,2021-09-15T04:00:00Z,9999-12-31T00:00:00Z,LINEAR,ADA,XBT,XBT,XBT,0.00000001,ADA,1,OFFICIAL_EXPLICIT,,"{""multiplier_major"": ""1 / underlyingToPositionMultiplier from the frozen instrument row"", ""snapshot_fields"": ""Directly retained from the complete frozen CSV row."", ""valid_interval"": ""listing through the registry snapshot horizon; not a claim about future exchange metadata.""}",https://docs.bitmex.com/api-explorer/get-instruments,f02a691c7f7cfd0cd08ffb7f13a656ebaf2c6ca6,425a719e3338c9a7d4e83a23add149061d798b1062ee38f5929d553f3290749e,Current snapshot version generated locally without network access.
ADAZ22-SNAPSHOT-c30b78aa51b8,ADAZ22,BITMEX_INSTRUMENT_SNAPSHOT,2022-09-14T04:00:00Z,9999-12-31T00:00:00Z,LINEAR,ADA,XBT,XBT,XBT,0.01,ADA,1000000,OFFICIAL_EXPLICIT,,"{""multiplier_major"": ""1 / underlyingToPositionMultiplier from the frozen instrument row"", ""snapshot_fields"": ""Directly retained from the complete frozen CSV row."", ""valid_interval"": ""listing through the registry snapshot horizon; not a claim about future exchange metadata.""}",https://docs.bitmex.com/api-explorer/get-instruments,f02a691c7f7cfd0cd08ffb7f13a656ebaf2c6ca6,c30b78aa51b805b1354221552f904eab0424e7bd14c0fe0b3752de88fdec9366,Current snapshot version generated locally without network access.
ADAZ23-SNAPSHOT-81012870c30f,ADAZ23,BITMEX_INSTRUMENT_SNAPSHOT,2023-09-12T04:00:00Z,9999-12-31T00:00:00Z,LINEAR,ADA,XBT,XBT,XBT,0.01,ADA,1000000,OFFICIAL_EXPLICIT,,"{""multiplier_major"": ""1 / underlyingToPositionMultiplier from the frozen instrument row"", ""snapshot_fields"": ""Directly retained from the complete frozen CSV row."", ""valid_interval"": ""listing through the registry snapshot horizon; not a claim about future exchange metadata.""}",https://docs.bitmex.com/api-explorer/get-instruments,f02a691c7f7cfd0cd08ffb7f13a656ebaf2c6ca6,81012870c30fee7d63b16d5098ba3f9e19dbab93b304ad98591778b7bec48409,Current snapshot version generated locally without network access.
ADAZ24-SNAPSHOT-2ac51ec51d4b,ADAZ24,BITMEX_INSTRUMENT_SNAPSHOT,2024-09-10T04:00:00Z,9999-12-31T00:00:00Z,LINEAR,ADA,XBT,XBT,XBT,0.01,ADA,1000000,OFFICIAL_EXPLICIT,,"{""multiplier_major"": ""1 / underlyingToPositionMultiplier from the frozen instrument row"", ""snapshot_fields"": ""Directly retained from the complete frozen CSV row."", ""valid_interval"": ""listing through the registry snapshot horizon; not a claim about future exchange metadata.""}",https://docs.bitmex.com/api-explorer/get-instruments,f02a691c7f7cfd0cd08ffb7f13a656ebaf2c6ca6,2ac51ec51d4bfaee4be4441cd0d6d578db696b5868918ccb194d1a337b8520f3,Current snapshot version generated locally without network access.
ADAZ25-SNAPSHOT-a2355309905f,ADAZ25,BITMEX_INSTRUMENT_SNAPSHOT,2025-09-09T04:00:00Z,9999-12-31T00:00:00Z,LINEAR,ADA,XBT,XBT,XBT,0.01,ADA,1000000,OFFICIAL_EXPLICIT,,"{""multiplier_major"": ""1 / underlyingToPositionMultiplier from the frozen instrument row"", ""snapshot_fields"": ""Directly retained from the complete frozen CSV row."", ""valid_interval"": ""listing through the registry snapshot horizon; not a claim about future exchange metadata.""}",https://docs.bitmex.com/api-explorer/get-instruments,f02a691c7f7cfd0cd08ffb7f13a656ebaf2c6ca6,a2355309905fde56ea3cddcf315e27ed39f7151575cebe6a4b47f70da00bab04,Current snapshot version generated locally without network access.
AERGOUSDT-SNAPSHOT-7a0b0f825201,AERGOUSDT,BITMEX_INSTRUMENT_SNAPSHOT,2023-11-23T04:00:00Z,9999-12-31T00:00:00Z,LINEAR,AERGO,USDT,USDT,USDT,1,AERGO,1000000,OFFICIAL_EXPLICIT,,"{""multiplier_major"": ""1 / underlyingToPositionMultiplier from the frozen instrument row"", ""snapshot_fields"": ""Directly retained from the complete frozen CSV row."", ""valid_interval"": ""listing through the registry snapshot horizon; not a claim about future exchange metadata.""}",https://docs.bitmex.com/api-explorer/get-instruments,f02a691c7f7cfd0cd08ffb7f13a656ebaf2c6ca6,7a0b0f8252017768df65a9eb8ca4e27c57f132e4c480a9f19e7fa16570a7587c,Current snapshot version generated locally without network access.
AEVOUSDT-SNAPSHOT-e055954d3eb5,AEVOUSDT,BITMEX_INSTRUMENT_SNAPSHOT,2024-03-13T12:00:00Z,9999-12-31T00:00:00Z,LINEAR,AEVO,USDT,USDT,USDT,1,AEVO,1000000,OFFICIAL_EXPLICIT,,"{""multiplier_major"": ""1 / underlyingToPositionMultiplier from the frozen instrument row"", ""snapshot_fields"": ""Directly retained from the complete frozen CSV row."", ""valid_interval"": ""listing through the registry snapshot horizon; not a claim about future exchange metadata.""}",https://docs.bitmex.com/api-explorer/get-instruments,f02a691c7f7cfd0cd08ffb7f13a656ebaf2c6ca6,e055954d3eb52deb7a8ececf2005cddd6f3da04eda98613be0bb5e0648c5c639,Current snapshot version generated locally without network access.
AEVOUSDTZ24-SNAPSHOT-18bf5da9fa55,AEVOUSDTZ24,BITMEX_INSTRUMENT_SNAPSHOT,2024-03-05T09:00:00Z,9999-12-31T00:00:00Z,LINEAR,AEVO,USDT,USDT,USDT,1,AEVO,1000000,OFFICIAL_EXPLICIT,,"{""multiplier_major"": ""1 / underlyingToPositionMultiplier from the frozen instrument row"", ""snapshot_fields"": ""Directly retained from the complete frozen CSV row."", ""valid_interval"": ""listing through the registry snapshot horizon; not a claim about future exchange metadata.""}",https://docs.bitmex.com/api-explorer/get-instruments,f02a691c7f7cfd0cd08ffb7f13a656ebaf2c6ca6,18bf5da9fa5548f54c1c122674cbeddf85261036e667823bc2088d2b0e6f734c,Current snapshot version generated locally without network access.
AGIUSDT-SNAPSHOT-5b8edab57dfa,AGIUSDT,BITMEX_INSTRUMENT_SNAPSHOT,2023-11-22T04:00:00Z,9999-12-31T00:00:00Z,LINEAR,AGI,USDT,USDT,USDT,1,AGI,1000000,OFFICIAL_EXPLICIT,,"{""multiplier_major"": ""1 / underlyingToPositionMultiplier from the frozen instrument row"", ""snapshot_fields"": ""Directly retained from the complete frozen CSV row."", ""valid_interval"": ""listing through the registry snapshot horizon; not a claim about future exchange metadata.""}",https://docs.bitmex.com/api-explorer/get-instruments,f02a691c7f7cfd0cd08ffb7f13a656ebaf2c6ca6,5b8edab57dfaeb2de05e3060891348cb0f4e1f5cdc4f40db87a646d5dff79da1,Current snapshot version generated locally without network access.
AI16ZUSDT-SNAPSHOT-62b726ad1f67,AI16ZUSDT,BITMEX_INSTRUMENT_SNAPSHOT,2025-01-15T04:00:00Z,9999-12-31T00:00:00Z,LINEAR,AI16Z,USDT,USDT,USDT,0.01,AI16Z,10000,OFFICIAL_EXPLICIT,,"{""multiplier_major"": ""1 / underlyingToPositionMultiplier from the frozen instrument row"", ""snapshot_fields"": ""Directly retained from the complete frozen CSV row."", ""valid_interval"": ""listing through the registry snapshot horizon; not a claim about future exchange metadata.""}",https://docs.bitmex.com/api-explorer/get-instruments,f02a691c7f7cfd0cd08ffb7f13a656ebaf2c6ca6,62b726ad1f67f1df63cf67f1ee4e2811b01cf0a7cdc76a04e0aeb72dc5e4cef4,Current snapshot version generated locally without network access.
AIDOGEUSD-SNAPSHOT-a036e9fef399,AIDOGEUSD,BITMEX_INSTRUMENT_SNAPSHOT,2023-05-16T04:00:00Z,9999-12-31T00:00:00Z,QUANTO,AIDOGE,USD,XBT,XBT,1,XBT,1000000000000,OFFICIAL_EXPLICIT,,"{""multiplier_major"": ""multiplier / 100000000 XBt per the frozen BitMEX instrument snapshot"", ""snapshot_fields"": ""Directly retained from the complete frozen CSV row."", ""valid_interval"": ""listing through the registry snapshot horizon; not a claim about future exchange metadata.""}",https://docs.bitmex.com/api-explorer/get-instruments,f02a691c7f7cfd0cd08ffb7f13a656ebaf2c6ca6,a036e9fef3992098ecbc425c31e0990b93f59d7ab5eba13b6d79df8269828052,Current snapshot version generated locally without network access.
AIDOGEUSDT-SNAPSHOT-de6f8d25ee15,AIDOGEUSDT,BITMEX_INSTRUMENT_SNAPSHOT,2023-05-16T04:00:00Z,9999-12-31T00:00:00Z,LINEAR,AIDOGE,USDT,USDT,USDT,,AIDOGE,1000000000,OFFICIAL_EXPLICIT,multiplier_major,"{""multiplier_major"": ""1 / underlyingToPositionMultiplier from the frozen instrument row"", ""snapshot_fields"": ""Directly retained from the complete frozen CSV row."", ""valid_interval"": ""listing through the registry snapshot horizon; not a claim about future exchange metadata.""}",https://docs.bitmex.com/api-explorer/get-instruments,f02a691c7f7cfd0cd08ffb7f13a656ebaf2c6ca6,de6f8d25ee15633fcffc827774dbfc5b72874ed4694fd06758daa8dc405b2f9b,Current snapshot version generated locally without network access.
AIXBTUSDT-SNAPSHOT-3730ecfc135b,AIXBTUSDT,BITMEX_INSTRUMENT_SNAPSHOT,2025-01-15T04:00:00Z,9999-12-31T00:00:00Z,LINEAR,AIXBT,USDT,USDT,USDT,1,AIXBT,1000000,OFFICIAL_EXPLICIT,,"{""multiplier_major"": ""1 / underlyingToPositionMultiplier from the frozen instrument row"", ""snapshot_fields"": ""Directly retained from the complete frozen CSV row."", ""valid_interval"": ""listing through the registry snapshot horizon; not a claim about future exchange metadata.""}",https://docs.bitmex.com/api-explorer/get-instruments,f02a691c7f7cfd0cd08ffb7f13a656ebaf2c6ca6,3730ecfc135b15cfe3dc06db8a3ba35642fae975d33f1373d43327063a576a7a,Current snapshot version generated locally without network access.
ALTMEXTUSDT-SNAPSHOT-1ff7c42ca184,ALTMEXTUSDT,BITMEX_INSTRUMENT_SNAPSHOT,2022-02-16T04:00:00Z,9999-12-31T00:00:00Z,LINEAR,ALTMEXT,USDT,USDT,USDT,0.0001,ALTMEXT,100,OFFICIAL_EXPLICIT,,"{""multiplier_major"": ""1 / underlyingToPositionMultiplier from the frozen instrument row"", ""snapshot_fields"": ""Directly retained from the complete frozen CSV row."", ""valid_interval"": ""listing through the registry snapshot horizon; not a claim about future exchange metadata.""}",https://docs.bitmex.com/api-explorer/get-instruments,f02a691c7f7cfd0cd08ffb7f13a656ebaf2c6ca6,1ff7c42ca1849bd8606e52c221b5e5abebf4304611d9f644f4c3d8fd337926b3,Current snapshot version generated locally without network access.
ALTMEXUSD-SNAPSHOT-4cc6de306423,ALTMEXUSD,BITMEX_INSTRUMENT_SNAPSHOT,2021-07-20T04:00:00Z,9999-12-31T00:00:00Z,QUANTO,ALTMEX,USD,XBT,XBT,0.000001,XBT,100,OFFICIAL_EXPLICIT,,"{""multiplier_major"": ""multiplier / 100000000 XBt per the frozen BitMEX instrument snapshot"", ""snapshot_fields"": ""Directly retained from the complete frozen CSV row."", ""valid_interval"": ""listing through the registry snapshot horizon; not a claim about future exchange metadata.""}",https://docs.bitmex.com/api-explorer/get-instruments,f02a691c7f7cfd0cd08ffb7f13a656ebaf2c6ca6,4cc6de3064230d133a3ffb82ffa2545e7ecc796dac215b97d1a82c973b527c4c,Current snapshot version generated locally without network access.
ALTUSDT-SNAPSHOT-520a29f2c446,ALTUSDT,BITMEX_INSTRUMENT_SNAPSHOT,2024-01-25T12:00:00Z,9999-12-31T00:00:00Z,LINEAR,ALT,USDT,USDT,USDT,1,ALT,1000000,OFFICIAL_EXPLICIT,,"{""multiplier_major"": ""1 / underlyingToPositionMultiplier from the frozen instrument row"", ""snapshot_fields"": ""Directly retained from the complete frozen CSV row."", ""valid_interval"": ""listing through the registry snapshot horizon; not a claim about future exchange metadata.""}",https://docs.bitmex.com/api-explorer/get-instruments,f02a691c7f7cfd0cd08ffb7f13a656ebaf2c6ca6,520a29f2c44689aa0cd70947c120bb1da223171bf0dfee6dcc7d3e921c472d0c,Current snapshot version generated locally without network access.
ALTUSDTF24-SNAPSHOT-526f48e0dc65,ALTUSDTF24,BITMEX_INSTRUMENT_SNAPSHOT,2024-01-19T09:00:00Z,9999-12-31T00:00:00Z,LINEAR,ALT,USDT,USDT,USDT,1,ALT,1000000,OFFICIAL_EXPLICIT,,"{""multiplier_major"": ""1 / underlyingToPositionMultiplier from the frozen instrument row"", ""snapshot_fields"": ""Directly retained from the complete frozen CSV row."", ""valid_interval"": ""listing through the registry snapshot horizon; not a claim about future exchange metadata.""}",https://docs.bitmex.com/api-explorer/get-instruments,f02a691c7f7cfd0cd08ffb7f13a656ebaf2c6ca6,526f48e0dc65d9f0026ee14969e08d9d17de871e541fd4f68e6633ed04911317,Current snapshot version generated locally without network access.
AMZNUSDT-SNAPSHOT-8cd8046a58d5,AMZNUSDT,BITMEX_INSTRUMENT_SNAPSHOT,2025-12-15T12:00:00Z,9999-12-31T00:00:00Z,LINEAR,AMZN,USDT,USDT,USDT,0.01,AMZN,10000,OFFICIAL_EXPLICIT,,"{""multiplier_major"": ""1 / underlyingToPositionMultiplier from the frozen instrument row"", ""snapshot_fields"": ""Directly retained from the complete frozen CSV row."", ""valid_interval"": ""listing through the registry snapshot horizon; not a claim about future exchange metadata.""}",https://docs.bitmex.com/api-explorer/get-instruments,f02a691c7f7cfd0cd08ffb7f13a656ebaf2c6ca6,8cd8046a58d51c3144a3ed28275bcce7c99344f40fe908904cc49264084eda01,Current snapshot version generated locally without network access.
APEUSD-SNAPSHOT-4367e35e5413,APEUSD,BITMEX_INSTRUMENT_SNAPSHOT,2022-05-19T04:00:00Z,9999-12-31T00:00:00Z,QUANTO,APE,USD,XBT,XBT,0.00001,XBT,1000,OFFICIAL_EXPLICIT,,"{""multiplier_major"": ""multiplier / 100000000 XBt per the frozen BitMEX instrument snapshot"", ""snapshot_fields"": ""Directly retained from the complete frozen CSV row."", ""valid_interval"": ""listing through the registry snapshot horizon; not a claim about future exchange metadata.""}",https://docs.bitmex.com/api-explorer/get-instruments,f02a691c7f7cfd0cd08ffb7f13a656ebaf2c6ca6,4367e35e5413cc4cd6ecc98e15fd9be5c7dd06462f5d66b204ec058cd42375e1,Current snapshot version generated locally without network access.
APEUSDT-SNAPSHOT-44d9ee8f9a47,APEUSDT,BITMEX_INSTRUMENT_SNAPSHOT,2022-03-22T04:00:00Z,9999-12-31T00:00:00Z,LINEAR,APE,USDT,USDT,USDT,0.001,APE,1000,OFFICIAL_EXPLICIT,,"{""multiplier_major"": ""1 / underlyingToPositionMultiplier from the frozen instrument row"", ""snapshot_fields"": ""Directly retained from the complete frozen CSV row."", ""valid_interval"": ""listing through the registry snapshot horizon; not a claim about future exchange metadata.""}",https://docs.bitmex.com/api-explorer/get-instruments,f02a691c7f7cfd0cd08ffb7f13a656ebaf2c6ca6,44d9ee8f9a479ab81fce30c2c2788b5a7cd59a537d0b35aca8d1d25e275f6def,Current snapshot version generated locally without network access.
APTUSD-SNAPSHOT-e7880618eba1,APTUSD,BITMEX_INSTRUMENT_SNAPSHOT,2022-10-20T04:00:00Z,9999-12-31T00:00:00Z,QUANTO,APT,USD,XBT,XBT,0.00001,XBT,1000,OFFICIAL_EXPLICIT,,"{""multiplier_major"": ""multiplier / 100000000 XBt per the frozen BitMEX instrument snapshot"", ""snapshot_fields"": ""Directly retained from the complete frozen CSV row."", ""valid_interval"": ""listing through the registry snapshot horizon; not a claim about future exchange metadata.""}",https://docs.bitmex.com/api-explorer/get-instruments,f02a691c7f7cfd0cd08ffb7f13a656ebaf2c6ca6,e7880618eba10a278b9dfae5f798dc07edff67c474c7b6b98cf15ad350ac6fda,Current snapshot version generated locally without network access.
APTUSDT-SNAPSHOT-e20f9348502e,APTUSDT,BITMEX_INSTRUMENT_SNAPSHOT,2022-10-20T04:00:00Z,9999-12-31T00:00:00Z,LINEAR,APT,USDT,USDT,USDT,0.001,APT,1000,OFFICIAL_EXPLICIT,,"{""multiplier_major"": ""1 / underlyingToPositionMultiplier from the frozen instrument row"", ""snapshot_fields"": ""Directly retained from the complete frozen CSV row."", ""valid_interval"": ""listing through the registry snapshot horizon; not a claim about future exchange metadata.""}",https://docs.bitmex.com/api-explorer/get-instruments,f02a691c7f7cfd0cd08ffb7f13a656ebaf2c6ca6,e20f9348502e8c9cc2109bfd20adf81cf3626bd2cfc68913e153b45580b1386e,Current snapshot version generated locally without network access.
APUUSDT-SNAPSHOT-6a66dba4e90c,APUUSDT,BITMEX_INSTRUMENT_SNAPSHOT,2024-11-15T04:00:00Z,9999-12-31T00:00:00Z,LINEAR,APU,USDT,USDT,USDT,1,APU,1000000,OFFICIAL_EXPLICIT,,"{""multiplier_major"": ""1 / underlyingToPositionMultiplier from the frozen instrument row"", ""snapshot_fields"": ""Directly retained from the complete frozen CSV row."", ""valid_interval"": ""listing through the registry snapshot horizon; not a claim about future exchange metadata.""}",https://docs.bitmex.com/api-explorer/get-instruments,f02a691c7f7cfd0cd08ffb7f13a656ebaf2c6ca6,6a66dba4e90c65b3db44ef8688841a654cbc4f0971912443d0a162c313fb428b,Current snapshot version generated locally without network access.
ARBUSD-SNAPSHOT-5c4ee6edb013,ARBUSD,BITMEX_INSTRUMENT_SNAPSHOT,2023-03-23T17:00:00Z,9999-12-31T00:00:00Z,QUANTO,ARB,USD,XBT,XBT,0.00001,XBT,1000,OFFICIAL_EXPLICIT,,"{""multiplier_major"": ""multiplier / 100000000 XBt per the frozen BitMEX instrument snapshot"", ""snapshot_fields"": ""Directly retained from the complete frozen CSV row."", ""valid_interval"": ""listing through the registry snapshot horizon; not a claim about future exchange metadata.""}",https://docs.bitmex.com/api-explorer/get-instruments,f02a691c7f7cfd0cd08ffb7f13a656ebaf2c6ca6,5c4ee6edb013949e0722bdd4b0908160fa66d6a561af98ad52b80a8792ed80ab,Current snapshot version generated locally without network access.
ARBUSDT-SNAPSHOT-01ced555364a,ARBUSDT,BITMEX_INSTRUMENT_SNAPSHOT,2023-03-23T17:00:00Z,9999-12-31T00:00:00Z,LINEAR,ARB,USDT,USDT,USDT,0.001,ARB,1000,OFFICIAL_EXPLICIT,,"{""multiplier_major"": ""1 / underlyingToPositionMultiplier from the frozen instrument row"", ""snapshot_fields"": ""Directly retained from the complete frozen CSV row."", ""valid_interval"": ""listing through the registry snapshot horizon; not a claim about future exchange metadata.""}",https://docs.bitmex.com/api-explorer/get-instruments,f02a691c7f7cfd0cd08ffb7f13a656ebaf2c6ca6,01ced555364aac4b423959ea6f058878219ae331fe3111c5c534c7076d053669,Current snapshot version generated locally without network access.
ARBUSDTM23-SNAPSHOT-835a2abb4d11,ARBUSDTM23,BITMEX_INSTRUMENT_SNAPSHOT,2023-03-20T03:00:00Z,9999-12-31T00:00:00Z,LINEAR,ARB,USDT,USDT,USDT,0.001,ARB,1000,OFFICIAL_EXPLICIT,,"{""multiplier_major"": ""1 / underlyingToPositionMultiplier from the frozen instrument row"", ""snapshot_fields"": ""Directly retained from the complete frozen CSV row."", ""valid_interval"": ""listing through the registry snapshot horizon; not a claim about future exchange metadata.""}",https://docs.bitmex.com/api-explorer/get-instruments,f02a691c7f7cfd0cd08ffb7f13a656ebaf2c6ca6,835a2abb4d115f9a59ed6e512e4ca9d7b88b2e93a1755a8d58ff5cbca04741f3,Current snapshot version generated locally without network access.
ARKUSDT-SNAPSHOT-b98b9df902f8,ARKUSDT,BITMEX_INSTRUMENT_SNAPSHOT,2023-11-09T04:00:00Z,9999-12-31T00:00:00Z,LINEAR,ARK,USDT,USDT,USDT,1,ARK,1000000,OFFICIAL_EXPLICIT,,"{""multiplier_major"": ""1 / underlyingToPositionMultiplier from the frozen instrument row"", ""snapshot_fields"": ""Directly retained from the complete frozen CSV row."", ""valid_interval"": ""listing through the registry snapshot horizon; not a claim about future exchange metadata.""}",https://docs.bitmex.com/api-explorer/get-instruments,f02a691c7f7cfd0cd08ffb7f13a656ebaf2c6ca6,b98b9df902f83fe44a3d3e5dd04a67d9b7198c631c742045ad1a490cc3c58cbc,Current snapshot version generated locally without network access.
ASTERUSDT-SNAPSHOT-e71eadc8ae61,ASTERUSDT,BITMEX_INSTRUMENT_SNAPSHOT,2025-10-28T04:00:00Z,9999-12-31T00:00:00Z,LINEAR,ASTER,USDT,USDT,USDT,0.01,ASTER,10000,OFFICIAL_EXPLICIT,,"{""multiplier_major"": ""1 / underlyingToPositionMultiplier from the frozen instrument row"", ""snapshot_fields"": ""Directly retained from the complete frozen CSV row."", ""valid_interval"": ""listing through the registry snapshot horizon; not a claim about future exchange metadata.""}",https://docs.bitmex.com/api-explorer/get-instruments,f02a691c7f7cfd0cd08ffb7f13a656ebaf2c6ca6,e71eadc8ae61d9caab22678ec318cb73fcec9144b2bc883bb45e8f4c660c718e,Current snapshot version generated locally without network access.
ATHUSD-SNAPSHOT-fe0b42c90064,ATHUSD,BITMEX_INSTRUMENT_SNAPSHOT,2024-08-15T04:00:00Z,9999-12-31T00:00:00Z,QUANTO,ATH,USD,XBT,XBT,0.001,XBT,100000,OFFICIAL_EXPLICIT,,"{""multiplier_major"": ""multiplier / 100000000 XBt per the frozen BitMEX instrument snapshot"", ""snapshot_fields"": ""Directly retained from the complete frozen CSV row."", ""valid_interval"": ""listing through the registry snapshot horizon; not a claim about future exchange metadata.""}",https://docs.bitmex.com/api-explorer/get-instruments,f02a691c7f7cfd0cd08ffb7f13a656ebaf2c6ca6,fe0b42c90064503f6eefeffe4f0a1830488cb8ea29c25c71ce115bc7d0f83e83,Current snapshot version generated locally without network access.
AUDUSD-SNAPSHOT-8790d17ca74b,AUDUSD,BITMEX_INSTRUMENT_SNAPSHOT,2026-04-27T12:00:00Z,9999-12-31T00:00:00Z,QUANTO,AUD,USD,USDT,USDT,0.01,XBT,1000000,OFFICIAL_EXPLICIT,,"{""multiplier_major"": ""multiplier / 100000000 XBt per the frozen BitMEX instrument snapshot"", ""snapshot_fields"": ""Directly retained from the complete frozen CSV row."", ""valid_interval"": ""listing through the registry snapshot horizon; not a claim about future exchange metadata.""}",https://docs.bitmex.com/api-explorer/get-instruments,f02a691c7f7cfd0cd08ffb7f13a656ebaf2c6ca6,8790d17ca74b722e2e9d09b292ec66e53c10500d7c0cabb0f9bdac40f60b2ffd,Current snapshot version generated locally without network access.
AUSD-SNAPSHOT-6f5b1a7674d5,AUSD,BITMEX_INSTRUMENT_SNAPSHOT,2025-05-28T12:00:00Z,9999-12-31T00:00:00Z,QUANTO,A,USD,XBT,XBT,0.0001,XBT,10000,OFFICIAL_EXPLICIT,,"{""multiplier_major"": ""multiplier / 100000000 XBt per the frozen BitMEX instrument snapshot"", ""snapshot_fields"": ""Directly retained from the complete frozen CSV row."", ""valid_interval"": ""listing through the registry snapshot horizon; not a claim about future exchange metadata.""}",https://docs.bitmex.com/api-explorer/get-instruments,f02a691c7f7cfd0cd08ffb7f13a656ebaf2c6ca6,6f5b1a7674d5cf11719191236c2417f126180db2e2a16870457b0045932c11a5,Current snapshot version generated locally without network access.
AUSDT-SNAPSHOT-add4ecccfe07,AUSDT,BITMEX_INSTRUMENT_SNAPSHOT,2025-05-28T12:00:00Z,9999-12-31T00:00:00Z,LINEAR,A,USDT,USDT,USDT,0.01,A,10000,OFFICIAL_EXPLICIT,,"{""multiplier_major"": ""1 / underlyingToPositionMultiplier from the frozen instrument row"", ""snapshot_fields"": ""Directly retained from the complete frozen CSV row."", ""valid_interval"": ""listing through the registry snapshot horizon; not a claim about future exchange metadata.""}",https://docs.bitmex.com/api-explorer/get-instruments,f02a691c7f7cfd0cd08ffb7f13a656ebaf2c6ca6,add4ecccfe0760077389a5aecb49405d076edbbdf918ec75a65048b4fb2d8001,Current snapshot version generated locally without network access.
AVAXUSD-SNAPSHOT-afb8f8c06682,AVAXUSD,BITMEX_INSTRUMENT_SNAPSHOT,2021-09-29T04:00:00Z,9999-12-31T00:00:00Z,QUANTO,AVAX,USD,XBT,XBT,0.00001,XBT,1000,OFFICIAL_EXPLICIT,,"{""multiplier_major"": ""multiplier / 100000000 XBt per the frozen BitMEX instrument snapshot"", ""snapshot_fields"": ""Directly retained from the complete frozen CSV row."", ""valid_interval"": ""listing through the registry snapshot horizon; not a claim about future exchange metadata.""}",https://docs.bitmex.com/api-explorer/get-instruments,f02a691c7f7cfd0cd08ffb7f13a656ebaf2c6ca6,afb8f8c066820a7b4098cb3a80c286d87f36d548257c549cdec0693001bbc0e6,Current snapshot version generated locally without network access.
AVAXUSDT-SNAPSHOT-9413271f0c4e,AVAXUSDT,BITMEX_INSTRUMENT_SNAPSHOT,2022-02-23T04:00:00Z,9999-12-31T00:00:00Z,LINEAR,AVAX,USDT,USDT,USDT,0.0001,AVAX,100,OFFICIAL_EXPLICIT,,"{""multiplier_major"": ""1 / underlyingToPositionMultiplier from the frozen instrument row"", ""snapshot_fields"": ""Directly retained from the complete frozen CSV row."", ""valid_interval"": ""listing through the registry snapshot horizon; not a claim about future exchange metadata.""}",https://docs.bitmex.com/api-explorer/get-instruments,f02a691c7f7cfd0cd08ffb7f13a656ebaf2c6ca6,9413271f0c4e726bcf3155893496627f8e20a93b1d82ff152e4072269da322fc,Current snapshot version generated locally without network access.
AVGOUSDT-SNAPSHOT-ba38ce1f0b44,AVGOUSDT,BITMEX_INSTRUMENT_SNAPSHOT,2026-03-11T04:00:00Z,9999-12-31T00:00:00Z,LINEAR,AVGO,USDT,USDT,USDT,0.01,AVGO,10000,OFFICIAL_EXPLICIT,,"{""multiplier_major"": ""1 / underlyingToPositionMultiplier from the frozen instrument row"", ""snapshot_fields"": ""Directly retained from the complete frozen CSV row."", ""valid_interval"": ""listing through the registry snapshot horizon; not a claim about future exchange metadata.""}",https://docs.bitmex.com/api-explorer/get-instruments,f02a691c7f7cfd0cd08ffb7f13a656ebaf2c6ca6,ba38ce1f0b447f9494e6ed3364a6085a6887d7dc577cf962984e0360477c769f,Current snapshot version generated locally without network access.
AXLUSDT-SNAPSHOT-7c77c90dcdbb,AXLUSDT,BITMEX_INSTRUMENT_SNAPSHOT,2023-12-08T04:00:00Z,9999-12-31T00:00:00Z,LINEAR,AXL,USDT,USDT,USDT,1,AXL,1000000,OFFICIAL_EXPLICIT,,"{""multiplier_major"": ""1 / underlyingToPositionMultiplier from the frozen instrument row"", ""snapshot_fields"": ""Directly retained from the complete frozen CSV row."", ""valid_interval"": ""listing through the registry snapshot horizon; not a claim about future exchange metadata.""}",https://docs.bitmex.com/api-explorer/get-instruments,f02a691c7f7cfd0cd08ffb7f13a656ebaf2c6ca6,7c77c90dcdbb0db25a77e654ec949ee1bd83c12f76909b93d6714f3cd4eb0af9,Current snapshot version generated locally without network access.
AXSUSD-SNAPSHOT-54fdcda55d67,AXSUSD,BITMEX_INSTRUMENT_SNAPSHOT,2021-10-20T04:00:00Z,9999-12-31T00:00:00Z,QUANTO,AXS,USD,XBT,XBT,0.000001,XBT,100,OFFICIAL_EXPLICIT,,"{""multiplier_major"": ""multiplier / 100000000 XBt per the frozen BitMEX instrument snapshot"", ""snapshot_fields"": ""Directly retained from the complete frozen CSV row."", ""valid_interval"": ""listing through the registry snapshot horizon; not a claim about future exchange metadata.""}",https://docs.bitmex.com/api-explorer/get-instruments,f02a691c7f7cfd0cd08ffb7f13a656ebaf2c6ca6,54fdcda55d679417ea4393ff14f2cf4a661fa5332762d32cfffb992c59d625a9,Current snapshot version generated locally without network access.
AXSUSDT-SNAPSHOT-1262013e1e5d,AXSUSDT,BITMEX_INSTRUMENT_SNAPSHOT,2021-08-10T04:00:00Z,9999-12-31T00:00:00Z,QUANTO,AXS,USDT,XBT,XBT,0.00001,XBT,1000,OFFICIAL_EXPLICIT,,"{""multiplier_major"": ""multiplier / 100000000 XBt per the frozen BitMEX instrument snapshot"", ""snapshot_fields"": ""Directly retained from the complete frozen CSV row."", ""valid_interval"": ""listing through the registry snapshot horizon; not a claim about future exchange metadata.""}",https://docs.bitmex.com/api-explorer/get-instruments,f02a691c7f7cfd0cd08ffb7f13a656ebaf2c6ca6,1262013e1e5dff31b54cd2b6589acd1f5c395a75ab25c32d9e4b89d9ff63d955,Current snapshot version generated locally without network access.
BABYUSDT-SNAPSHOT-0a769f824119,BABYUSDT,BITMEX_INSTRUMENT_SNAPSHOT,2025-04-11T04:00:00Z,9999-12-31T00:00:00Z,LINEAR,BABY,USDT,USDT,USDT,1,BABY,1000000,OFFICIAL_EXPLICIT,,"{""multiplier_major"": ""1 / underlyingToPositionMultiplier from the frozen instrument row"", ""snapshot_fields"": ""Directly retained from the complete frozen CSV row."", ""valid_interval"": ""listing through the registry snapshot horizon; not a claim about future exchange metadata.""}",https://docs.bitmex.com/api-explorer/get-instruments,f02a691c7f7cfd0cd08ffb7f13a656ebaf2c6ca6,0a769f82411946b53bc1fee98db923d1f5b3e19b2afda6829e3b9818bdc0518c,Current snapshot version generated locally without network access.
BALDUSDTU23-SNAPSHOT-270edb7c94fe,BALDUSDTU23,BITMEX_INSTRUMENT_SNAPSHOT,2023-08-01T04:00:00Z,9999-12-31T00:00:00Z,LINEAR,BALD,USDT,USDT,USDT,0.000001,BALD,1000000,OFFICIAL_EXPLICIT,,"{""multiplier_major"": ""1 / underlyingToPositionMultiplier from the frozen instrument row"", ""snapshot_fields"": ""Directly retained from the complete frozen CSV row."", ""valid_interval"": ""listing through the registry snapshot horizon; not a claim about future exchange metadata.""}",https://docs.bitmex.com/api-explorer/get-instruments,f02a691c7f7cfd0cd08ffb7f13a656ebaf2c6ca6,270edb7c94fee260e830ced8f1129d4d6405f592e5f755f8cfbec9b3ae953ba9,Current snapshot version generated locally without network access.
BANANAUSDT-SNAPSHOT-cbf24d3a93eb,BANANAUSDT,BITMEX_INSTRUMENT_SNAPSHOT,2024-08-16T04:00:00Z,9999-12-31T00:00:00Z,LINEAR,BANANA,USDT,USDT,USDT,0.0001,BANANA,100,OFFICIAL_EXPLICIT,,"{""multiplier_major"": ""1 / underlyingToPositionMultiplier from the frozen instrument row"", ""snapshot_fields"": ""Directly retained from the complete frozen CSV row."", ""valid_interval"": ""listing through the registry snapshot horizon; not a claim about future exchange metadata.""}",https://docs.bitmex.com/api-explorer/get-instruments,f02a691c7f7cfd0cd08ffb7f13a656ebaf2c6ca6,cbf24d3a93eb1e02885574a3af355b781cb254e25729067b64f4f70401511b27,Current snapshot version generated locally without network access.
BCHF18-SNAPSHOT-2a1cc4f6d38a,BCHF18,BITMEX_INSTRUMENT_SNAPSHOT,2017-12-21T06:00:00Z,9999-12-31T00:00:00Z,LINEAR,BCH,XBT,XBT,XBT,1,BCH,100000000,OFFICIAL_EXPLICIT,,"{""multiplier_major"": ""1 / underlyingToPositionMultiplier from the frozen instrument row"", ""snapshot_fields"": ""Directly retained from the complete frozen CSV row."", ""valid_interval"": ""listing through the registry snapshot horizon; not a claim about future exchange metadata.""}",https://docs.bitmex.com/api-explorer/get-instruments,f02a691c7f7cfd0cd08ffb7f13a656ebaf2c6ca6,2a1cc4f6d38acfd4eb8f09e46ac80b38924b27189b7456be49129b2f598313a8,Current snapshot version generated locally without network access.
BCHH18-SNAPSHOT-e0f8a9338b54,BCHH18,BITMEX_INSTRUMENT_SNAPSHOT,2018-01-25T02:00:00Z,9999-12-31T00:00:00Z,LINEAR,BCH,XBT,XBT,XBT,1,BCH,100000000,OFFICIAL_EXPLICIT,,"{""multiplier_major"": ""1 / underlyingToPositionMultiplier from the frozen instrument row"", ""snapshot_fields"": ""Directly retained from the complete frozen CSV row."", ""valid_interval"": ""listing through the registry snapshot horizon; not a claim about future exchange metadata.""}",https://docs.bitmex.com/api-explorer/get-instruments,f02a691c7f7cfd0cd08ffb7f13a656ebaf2c6ca6,e0f8a9338b54a813e4e2822b3d45b5e32544f3901d656c69f004191130ce695a,Current snapshot version generated locally without network access.
BCHH19-SNAPSHOT-f28006769e7e,BCHH19,BITMEX_INSTRUMENT_SNAPSHOT,2018-12-17T04:00:00Z,9999-12-31T00:00:00Z,LINEAR,BCH,XBT,XBT,XBT,1,BCH,100000000,OFFICIAL_EXPLICIT,,"{""multiplier_major"": ""1 / underlyingToPositionMultiplier from the frozen instrument row"", ""snapshot_fields"": ""Directly retained from the complete frozen CSV row."", ""valid_interval"": ""listing through the registry snapshot horizon; not a claim about future exchange metadata.""}",https://docs.bitmex.com/api-explorer/get-instruments,f02a691c7f7cfd0cd08ffb7f13a656ebaf2c6ca6,f28006769e7ebef6b815ef4b1bcc5c8384bdc77c045beca66efd9ecff662560f,Current snapshot version generated locally without network access.
BCHH20-SNAPSHOT-6fdc815c12c9,BCHH20,BITMEX_INSTRUMENT_SNAPSHOT,2019-12-13T08:00:00Z,9999-12-31T00:00:00Z,LINEAR,BCH,XBT,XBT,XBT,1,BCH,100000000,OFFICIAL_EXPLICIT,,"{""multiplier_major"": ""1 / underlyingToPositionMultiplier from the frozen instrument row"", ""snapshot_fields"": ""Directly retained from the complete frozen CSV row."", ""valid_interval"": ""listing through the registry snapshot horizon; not a claim about future exchange metadata.""}",https://docs.bitmex.com/api-explorer/get-instruments,f02a691c7f7cfd0cd08ffb7f13a656ebaf2c6ca6,6fdc815c12c9c58f94a6ebb45fe97865cc96a4a452239f7346e1bce6af01f5f8,Current snapshot version generated locally without network access.
BCHH21-SNAPSHOT-31957a611fc6,BCHH21,BITMEX_INSTRUMENT_SNAPSHOT,2020-12-11T08:00:00Z,9999-12-31T00:00:00Z,LINEAR,BCH,XBT,XBT,XBT,1,BCH,100000000,OFFICIAL_EXPLICIT,,"{""multiplier_major"": ""1 / underlyingToPositionMultiplier from the frozen instrument row"", ""snapshot_fields"": ""Directly retained from the complete frozen CSV row."", ""valid_interval"": ""listing through the registry snapshot horizon; not a claim about future exchange metadata.""}",https://docs.bitmex.com/api-explorer/get-instruments,f02a691c7f7cfd0cd08ffb7f13a656ebaf2c6ca6,31957a611fc6852f8f16cbddc82791a879faea94bd58186d80f5b5f520dfd429,Current snapshot version generated locally without network access.
BCHM18-SNAPSHOT-f8a67de997a3,BCHM18,BITMEX_INSTRUMENT_SNAPSHOT,2018-03-29T04:00:00Z,9999-12-31T00:00:00Z,LINEAR,BCH,XBT,XBT,XBT,1,BCH,100000000,OFFICIAL_EXPLICIT,,"{""multiplier_major"": ""1 / underlyingToPositionMultiplier from the frozen instrument row"", ""snapshot_fields"": ""Directly retained from the complete frozen CSV row."", ""valid_interval"": ""listing through the registry snapshot horizon; not a claim about future exchange metadata.""}",https://docs.bitmex.com/api-explorer/get-instruments,f02a691c7f7cfd0cd08ffb7f13a656ebaf2c6ca6,f8a67de997a301f52acded144be50a732672ce0bc7168883c0e723b04018784c,Current snapshot version generated locally without network access.
BCHM19-SNAPSHOT-3f4fadda606e,BCHM19,BITMEX_INSTRUMENT_SNAPSHOT,2019-03-15T08:00:00Z,9999-12-31T00:00:00Z,LINEAR,BCH,XBT,XBT,XBT,1,BCH,100000000,OFFICIAL_EXPLICIT,,"{""multiplier_major"": ""1 / underlyingToPositionMultiplier from the frozen instrument row"", ""snapshot_fields"": ""Directly retained from the complete frozen CSV row."", ""valid_interval"": ""listing through the registry snapshot horizon; not a claim about future exchange metadata.""}",https://docs.bitmex.com/api-explorer/get-instruments,f02a691c7f7cfd0cd08ffb7f13a656ebaf2c6ca6,3f4fadda606e6261b05640c0661f336994d6b7b5f7dc9e112f14eb88ad17ecc8,Current snapshot version generated locally without network access.
BCHM20-SNAPSHOT-8564cb7e8d96,BCHM20,BITMEX_INSTRUMENT_SNAPSHOT,2020-03-13T08:00:00Z,9999-12-31T00:00:00Z,LINEAR,BCH,XBT,XBT,XBT,1,BCH,100000000,OFFICIAL_EXPLICIT,,"{""multiplier_major"": ""1 / underlyingToPositionMultiplier from the frozen instrument row"", ""snapshot_fields"": ""Directly retained from the complete frozen CSV row."", ""valid_interval"": ""listing through the registry snapshot horizon; not a claim about future exchange metadata.""}",https://docs.bitmex.com/api-explorer/get-instruments,f02a691c7f7cfd0cd08ffb7f13a656ebaf2c6ca6,8564cb7e8d96848aa17df0afb9760cf0713c558d53b0086ae0e353ca4072013e,Current snapshot version generated locally without network access.
BCHM21-SNAPSHOT-16b2035481d2,BCHM21,BITMEX_INSTRUMENT_SNAPSHOT,2021-03-12T08:00:00Z,9999-12-31T00:00:00Z,LINEAR,BCH,XBT,XBT,XBT,1,BCH,100000000,OFFICIAL_EXPLICIT,,"{""multiplier_major"": ""1 / underlyingToPositionMultiplier from the frozen instrument row"", ""snapshot_fields"": ""Directly retained from the complete frozen CSV row."", ""valid_interval"": ""listing through the registry snapshot horizon; not a claim about future exchange metadata.""}",https://docs.bitmex.com/api-explorer/get-instruments,f02a691c7f7cfd0cd08ffb7f13a656ebaf2c6ca6,16b2035481d213a4c85e4dee9aa6d1e6e8b03e1f1df1130fa0e527397a9d351f,Current snapshot version generated locally without network access.
BCHU18-SNAPSHOT-9b79ec70c904,BCHU18,BITMEX_INSTRUMENT_SNAPSHOT,2018-06-19T08:00:00Z,9999-12-31T00:00:00Z,LINEAR,BCH,XBT,XBT,XBT,1,BCH,100000000,OFFICIAL_EXPLICIT,,"{""multiplier_major"": ""1 / underlyingToPositionMultiplier from the frozen instrument row"", ""snapshot_fields"": ""Directly retained from the complete frozen CSV row."", ""valid_interval"": ""listing through the registry snapshot horizon; not a claim about future exchange metadata.""}",https://docs.bitmex.com/api-explorer/get-instruments,f02a691c7f7cfd0cd08ffb7f13a656ebaf2c6ca6,9b79ec70c9045b66ae13179b35f1d2d38a7365c1a067db7a41ff36e0ba8d72c0,Current snapshot version generated locally without network access.
BCHU19-SNAPSHOT-666a0a918d00,BCHU19,BITMEX_INSTRUMENT_SNAPSHOT,2019-06-14T08:00:00Z,9999-12-31T00:00:00Z,LINEAR,BCH,XBT,XBT,XBT,1,BCH,100000000,OFFICIAL_EXPLICIT,,"{""multiplier_major"": ""1 / underlyingToPositionMultiplier from the frozen instrument row"", ""snapshot_fields"": ""Directly retained from the complete frozen CSV row."", ""valid_interval"": ""listing through the registry snapshot horizon; not a claim about future exchange metadata.""}",https://docs.bitmex.com/api-explorer/get-instruments,f02a691c7f7cfd0cd08ffb7f13a656ebaf2c6ca6,666a0a918d00e1a81a72491948fb4f20921a377aa2ebf488da5a714aa55dffa9,Current snapshot version generated locally without network access.
BCHU20-SNAPSHOT-832db6440c48,BCHU20,BITMEX_INSTRUMENT_SNAPSHOT,2020-06-12T08:00:00Z,9999-12-31T00:00:00Z,LINEAR,BCH,XBT,XBT,XBT,1,BCH,100000000,OFFICIAL_EXPLICIT,,"{""multiplier_major"": ""1 / underlyingToPositionMultiplier from the frozen instrument row"", ""snapshot_fields"": ""Directly retained from the complete frozen CSV row."", ""valid_interval"": ""listing through the registry snapshot horizon; not a claim about future exchange metadata.""}",https://docs.bitmex.com/api-explorer/get-instruments,f02a691c7f7cfd0cd08ffb7f13a656ebaf2c6ca6,832db6440c48e5529c9334425cbc4e4a0f986c5049952ba3ed96a102cf03891c,Current snapshot version generated locally without network access.
BCHU21-SNAPSHOT-66c06320facb,BCHU21,BITMEX_INSTRUMENT_SNAPSHOT,2021-06-16T08:00:00Z,9999-12-31T00:00:00Z,LINEAR,BCH,XBT,XBT,XBT,1,BCH,100000000,OFFICIAL_EXPLICIT,,"{""multiplier_major"": ""1 / underlyingToPositionMultiplier from the frozen instrument row"", ""snapshot_fields"": ""Directly retained from the complete frozen CSV row."", ""valid_interval"": ""listing through the registry snapshot horizon; not a claim about future exchange metadata.""}",https://docs.bitmex.com/api-explorer/get-instruments,f02a691c7f7cfd0cd08ffb7f13a656ebaf2c6ca6,66c06320facb806e5d0056849c727e8fb138a8e05dc318a4d773a49a174ddeb9,Current snapshot version generated locally without network access.
BCHUSD-SNAPSHOT-b5837caad543,BCHUSD,BITMEX_INSTRUMENT_SNAPSHOT,2020-06-16T04:00:00Z,9999-12-31T00:00:00Z,QUANTO,BCH,USD,XBT,XBT,0.000001,XBT,100,OFFICIAL_EXPLICIT,,"{""multiplier_major"": ""multiplier / 100000000 XBt per the frozen BitMEX instrument snapshot"", ""snapshot_fields"": ""Directly retained from the complete frozen CSV row."", ""valid_interval"": ""listing through the registry snapshot horizon; not a claim about future exchange metadata.""}",https://docs.bitmex.com/api-explorer/get-instruments,f02a691c7f7cfd0cd08ffb7f13a656ebaf2c6ca6,b5837caad54372f048ff2ff6b7cdefef03d8646b7c6bc61e5ff4b9720e72264e,Current snapshot version generated locally without network access.
BCHUSDT-SNAPSHOT-e0b7cb39951c,BCHUSDT,BITMEX_INSTRUMENT_SNAPSHOT,2021-11-10T04:00:00Z,9999-12-31T00:00:00Z,LINEAR,BCH,USDT,USDT,USDT,0.00001,BCH,10,OFFICIAL_EXPLICIT,,"{""multiplier_major"": ""1 / underlyingToPositionMultiplier from the frozen instrument row"", ""snapshot_fields"": ""Directly retained from the complete frozen CSV row."", ""valid_interval"": ""listing through the registry snapshot horizon; not a claim about future exchange metadata.""}",https://docs.bitmex.com/api-explorer/get-instruments,f02a691c7f7cfd0cd08ffb7f13a656ebaf2c6ca6,e0b7cb39951c5b64fcd50436210673cb18dc4884ffb883906c2f0bd233fb7830,Current snapshot version generated locally without network access.
BCHX17-SNAPSHOT-c9d249605704,BCHX17,BITMEX_INSTRUMENT_SNAPSHOT,2017-11-15T06:00:00Z,9999-12-31T00:00:00Z,LINEAR,BCH,XBT,XBT,XBT,1,BCH,100000000,OFFICIAL_EXPLICIT,,"{""multiplier_major"": ""1 / underlyingToPositionMultiplier from the frozen instrument row"", ""snapshot_fields"": ""Directly retained from the complete frozen CSV row."", ""valid_interval"": ""listing through the registry snapshot horizon; not a claim about future exchange metadata.""}",https://docs.bitmex.com/api-explorer/get-instruments,f02a691c7f7cfd0cd08ffb7f13a656ebaf2c6ca6,c9d2496057044a93b4af5d1826045e5d3c9e87cd82b4ec2e0d40425165c38d36,Current snapshot version generated locally without network access.
BCHZ17-SNAPSHOT-f3cf93764f9f,BCHZ17,BITMEX_INSTRUMENT_SNAPSHOT,2017-11-22T12:00:00Z,9999-12-31T00:00:00Z,LINEAR,BCH,XBT,XBT,XBT,1,BCH,100000000,OFFICIAL_EXPLICIT,,"{""multiplier_major"": ""1 / underlyingToPositionMultiplier from the frozen instrument row"", ""snapshot_fields"": ""Directly retained from the complete frozen CSV row."", ""valid_interval"": ""listing through the registry snapshot horizon; not a claim about future exchange metadata.""}",https://docs.bitmex.com/api-explorer/get-instruments,f02a691c7f7cfd0cd08ffb7f13a656ebaf2c6ca6,f3cf93764f9f2229b03465695651d85779eede234c3c29122665ff772fefe61f,Current snapshot version generated locally without network access.
BCHZ18-SNAPSHOT-83df8e686eeb,BCHZ18,BITMEX_INSTRUMENT_SNAPSHOT,2018-09-21T02:00:00Z,9999-12-31T00:00:00Z,LINEAR,BCH,XBT,XBT,XBT,1,BCH,100000000,OFFICIAL_EXPLICIT,,"{""multiplier_major"": ""1 / underlyingToPositionMultiplier from the frozen instrument row"", ""snapshot_fields"": ""Directly retained from the complete frozen CSV row."", ""valid_interval"": ""listing through the registry snapshot horizon; not a claim about future exchange metadata.""}",https://docs.bitmex.com/api-explorer/get-instruments,f02a691c7f7cfd0cd08ffb7f13a656ebaf2c6ca6,83df8e686eeb9b60381cd68723055633d4856edea7df2b118d7340319c62b3e2,Current snapshot version generated locally without network access.
BCHZ19-SNAPSHOT-444ae991b1de,BCHZ19,BITMEX_INSTRUMENT_SNAPSHOT,2019-09-13T08:00:00Z,9999-12-31T00:00:00Z,LINEAR,BCH,XBT,XBT,XBT,1,BCH,100000000,OFFICIAL_EXPLICIT,,"{""multiplier_major"": ""1 / underlyingToPositionMultiplier from the frozen instrument row"", ""snapshot_fields"": ""Directly retained from the complete frozen CSV row."", ""valid_interval"": ""listing through the registry snapshot horizon; not a claim about future exchange metadata.""}",https://docs.bitmex.com/api-explorer/get-instruments,f02a691c7f7cfd0cd08ffb7f13a656ebaf2c6ca6,444ae991b1def2c0154e74c99630c100c07e2930954f64f437405d4c54acfb14,Current snapshot version generated locally without network access.
BCHZ20-SNAPSHOT-693a42a552b3,BCHZ20,BITMEX_INSTRUMENT_SNAPSHOT,2020-09-11T08:00:00Z,9999-12-31T00:00:00Z,LINEAR,BCH,XBT,XBT,XBT,1,BCH,100000000,OFFICIAL_EXPLICIT,,"{""multiplier_major"": ""1 / underlyingToPositionMultiplier from the frozen instrument row"", ""snapshot_fields"": ""Directly retained from the complete frozen CSV row."", ""valid_interval"": ""listing through the registry snapshot horizon; not a claim about future exchange metadata.""}",https://docs.bitmex.com/api-explorer/get-instruments,f02a691c7f7cfd0cd08ffb7f13a656ebaf2c6ca6,693a42a552b3e2c28fa255654434d21a86f435f3c3cfd0d56e2a6ea56a0bde25,Current snapshot version generated locally without network access.
BCHZ21-SNAPSHOT-7b10e1560cdd,BCHZ21,BITMEX_INSTRUMENT_SNAPSHOT,2021-09-15T04:00:00Z,9999-12-31T00:00:00Z,LINEAR,BCH,XBT,XBT,XBT,0.00000001,BCH,1,OFFICIAL_EXPLICIT,,"{""multiplier_major"": ""1 / underlyingToPositionMultiplier from the frozen instrument row"", ""snapshot_fields"": ""Directly retained from the complete frozen CSV row."", ""valid_interval"": ""listing through the registry snapshot horizon; not a claim about future exchange metadata.""}",https://docs.bitmex.com/api-explorer/get-instruments,f02a691c7f7cfd0cd08ffb7f13a656ebaf2c6ca6,7b10e1560cddb7398e21c09a743ae841f691f00e748c48791591bf3846cf9fd1,Current snapshot version generated locally without network access.
BERAUSDT-SNAPSHOT-f3aed6f51c44,BERAUSDT,BITMEX_INSTRUMENT_SNAPSHOT,2025-02-10T04:00:00Z,9999-12-31T00:00:00Z,LINEAR,BERA,USDT,USDT,USDT,0.01,BERA,10000,OFFICIAL_EXPLICIT,,"{""multiplier_major"": ""1 / underlyingToPositionMultiplier from the frozen instrument row"", ""snapshot_fields"": ""Directly retained from the complete frozen CSV row."", ""valid_interval"": ""listing through the registry snapshot horizon; not a claim about future exchange metadata.""}",https://docs.bitmex.com/api-explorer/get-instruments,f02a691c7f7cfd0cd08ffb7f13a656ebaf2c6ca6,f3aed6f51c4496ff8068fc3dc76f36a75a1e14c372deaf8933ffebfa04ab0b2c,Current snapshot version generated locally without network access.
BFXQ16-SNAPSHOT-3b3dd88b3358,BFXQ16,BITMEX_INSTRUMENT_SNAPSHOT,2016-08-10T12:00:00Z,9999-12-31T00:00:00Z,QUANTO,XBT,USD,XBT,XBT,0.1,XBT,10000000,OFFICIAL_EXPLICIT,,"{""multiplier_major"": ""multiplier / 100000000 XBt per the frozen BitMEX instrument snapshot"", ""snapshot_fields"": ""Directly retained from the complete frozen CSV row."", ""valid_interval"": ""listing through the registry snapshot horizon; not a claim about future exchange metadata.""}",https://docs.bitmex.com/api-explorer/get-instruments,f02a691c7f7cfd0cd08ffb7f13a656ebaf2c6ca6,3b3dd88b335848eb5677a61475713681e70a6f048cf2d0cafa6668cbf93e69ca,Current snapshot version generated locally without network access.
BFXU16-SNAPSHOT-d6d41da6e81b,BFXU16,BITMEX_INSTRUMENT_SNAPSHOT,2016-08-26T04:00:00Z,9999-12-31T00:00:00Z,QUANTO,XBT,USD,XBT,XBT,0.1,XBT,10000000,OFFICIAL_EXPLICIT,,"{""multiplier_major"": ""multiplier / 100000000 XBt per the frozen BitMEX instrument snapshot"", ""snapshot_fields"": ""Directly retained from the complete frozen CSV row."", ""valid_interval"": ""listing through the registry snapshot horizon; not a claim about future exchange metadata.""}",https://docs.bitmex.com/api-explorer/get-instruments,f02a691c7f7cfd0cd08ffb7f13a656ebaf2c6ca6,d6d41da6e81bc6de038a56fd2384783add5113ade7af3dece4daf4d7dd17e963,Current snapshot version generated locally without network access.
BFXV16-SNAPSHOT-baed8c4c879c,BFXV16,BITMEX_INSTRUMENT_SNAPSHOT,2016-09-30T04:00:00Z,9999-12-31T00:00:00Z,QUANTO,XBT,USD,XBT,XBT,0.1,XBT,10000000,OFFICIAL_EXPLICIT,,"{""multiplier_major"": ""multiplier / 100000000 XBt per the frozen BitMEX instrument snapshot"", ""snapshot_fields"": ""Directly retained from the complete frozen CSV row."", ""valid_interval"": ""listing through the registry snapshot horizon; not a claim about future exchange metadata.""}",https://docs.bitmex.com/api-explorer/get-instruments,f02a691c7f7cfd0cd08ffb7f13a656ebaf2c6ca6,baed8c4c879c48ad7cc13fa7484ed41bb525dfbf6a0552b2a3bc06b610f925c0,Current snapshot version generated locally without network access.
BIGTIMEUSDT-SNAPSHOT-e3b43fb65d75,BIGTIMEUSDT,BITMEX_INSTRUMENT_SNAPSHOT,2023-10-13T04:00:00Z,9999-12-31T00:00:00Z,LINEAR,BIGTIME,USDT,USDT,USDT,1,BIGTIME,1000000,OFFICIAL_EXPLICIT,,"{""multiplier_major"": ""1 / underlyingToPositionMultiplier from the frozen instrument row"", ""snapshot_fields"": ""Directly retained from the complete frozen CSV row."", ""valid_interval"": ""listing through the registry snapshot horizon; not a claim about future exchange metadata.""}",https://docs.bitmex.com/api-explorer/get-instruments,f02a691c7f7cfd0cd08ffb7f13a656ebaf2c6ca6,e3b43fb65d755d2f09403dc401198f6b2c9280a77821135a73bcc6596a95eded,Current snapshot version generated locally without network access.
BIOUSDT-SNAPSHOT-0d38e1178b95,BIOUSDT,BITMEX_INSTRUMENT_SNAPSHOT,2025-01-06T04:00:00Z,9999-12-31T00:00:00Z,LINEAR,BIO,USDT,USDT,USDT,1,BIO,1000000,OFFICIAL_EXPLICIT,,"{""multiplier_major"": ""1 / underlyingToPositionMultiplier from the frozen instrument row"", ""snapshot_fields"": ""Directly retained from the complete frozen CSV row."", ""valid_interval"": ""listing through the registry snapshot horizon; not a claim about future exchange metadata.""}",https://docs.bitmex.com/api-explorer/get-instruments,f02a691c7f7cfd0cd08ffb7f13a656ebaf2c6ca6,0d38e1178b951992afb03047c0f7c72a0f2218d982acc58cdc8dc06e6fe5793d,Current snapshot version generated locally without network access.
BLASTUSDT-SNAPSHOT-787dd9c6db9a,BLASTUSDT,BITMEX_INSTRUMENT_SNAPSHOT,2024-06-27T04:00:00Z,9999-12-31T00:00:00Z,LINEAR,BLAST,USDT,USDT,USDT,1,BLAST,1000000,OFFICIAL_EXPLICIT,,"{""multiplier_major"": ""1 / underlyingToPositionMultiplier from the frozen instrument row"", ""snapshot_fields"": ""Directly retained from the complete frozen CSV row."", ""valid_interval"": ""listing through the registry snapshot horizon; not a claim about future exchange metadata.""}",https://docs.bitmex.com/api-explorer/get-instruments,f02a691c7f7cfd0cd08ffb7f13a656ebaf2c6ca6,787dd9c6db9a726dcbfbb14c5a349d5e468d560255169c60fc2454750b271a93,Current snapshot version generated locally without network access.
BLASTUSDTZ24-SNAPSHOT-fa2e6c3ca235,BLASTUSDTZ24,BITMEX_INSTRUMENT_SNAPSHOT,2023-11-27T09:00:00Z,9999-12-31T00:00:00Z,LINEAR,BLAST,USDT,USDT,USDT,1,BLAST,1000000,OFFICIAL_EXPLICIT,,"{""multiplier_major"": ""1 / underlyingToPositionMultiplier from the frozen instrument row"", ""snapshot_fields"": ""Directly retained from the complete frozen CSV row."", ""valid_interval"": ""listing through the registry snapshot horizon; not a claim about future exchange metadata.""}",https://docs.bitmex.com/api-explorer/get-instruments,f02a691c7f7cfd0cd08ffb7f13a656ebaf2c6ca6,fa2e6c3ca235cdf145fdcfe513445e56f212a05cadb980a434e74568c80697b9,Current snapshot version generated locally without network access.
BLURUSD-SNAPSHOT-12568ba1c839,BLURUSD,BITMEX_INSTRUMENT_SNAPSHOT,2023-02-16T04:00:00Z,9999-12-31T00:00:00Z,QUANTO,BLUR,USD,XBT,XBT,0.0001,XBT,10000,OFFICIAL_EXPLICIT,,"{""multiplier_major"": ""multiplier / 100000000 XBt per the frozen BitMEX instrument snapshot"", ""snapshot_fields"": ""Directly retained from the complete frozen CSV row."", ""valid_interval"": ""listing through the registry snapshot horizon; not a claim about future exchange metadata.""}",https://docs.bitmex.com/api-explorer/get-instruments,f02a691c7f7cfd0cd08ffb7f13a656ebaf2c6ca6,12568ba1c839173b6de5922bee53baeeed3ea841c92d43e53aef510b87e3e79f,Current snapshot version generated locally without network access.
BLURUSDT-SNAPSHOT-0a00c43b8eb1,BLURUSDT,BITMEX_INSTRUMENT_SNAPSHOT,2023-02-16T04:00:00Z,9999-12-31T00:00:00Z,LINEAR,BLUR,USDT,USDT,USDT,0.001,BLUR,1000,OFFICIAL_EXPLICIT,,"{""multiplier_major"": ""1 / underlyingToPositionMultiplier from the frozen instrument row"", ""snapshot_fields"": ""Directly retained from the complete frozen CSV row."", ""valid_interval"": ""listing through the registry snapshot horizon; not a claim about future exchange metadata.""}",https://docs.bitmex.com/api-explorer/get-instruments,f02a691c7f7cfd0cd08ffb7f13a656ebaf2c6ca6,0a00c43b8eb15a2fda1b721883820f078c97d4d17a3b25c9c9a8ade112be92c8,Current snapshot version generated locally without network access.
BMEXUSD-SNAPSHOT-12a80c66cc1c,BMEXUSD,BITMEX_INSTRUMENT_SNAPSHOT,2022-11-11T04:00:00Z,9999-12-31T00:00:00Z,QUANTO,BMEX,USD,XBT,XBT,0.00001,XBT,1000,OFFICIAL_EXPLICIT,,"{""multiplier_major"": ""multiplier / 100000000 XBt per the frozen BitMEX instrument snapshot"", ""snapshot_fields"": ""Directly retained from the complete frozen CSV row."", ""valid_interval"": ""listing through the registry snapshot horizon; not a claim about future exchange metadata.""}",https://docs.bitmex.com/api-explorer/get-instruments,f02a691c7f7cfd0cd08ffb7f13a656ebaf2c6ca6,12a80c66cc1c073d65226e141b90f0322d3533587cdd1a11bb79e33946c31a08,Current snapshot version generated locally without network access.
BMEXUSDT-SNAPSHOT-503755f4d6b0,BMEXUSDT,BITMEX_INSTRUMENT_SNAPSHOT,2022-11-11T04:00:00Z,9999-12-31T00:00:00Z,LINEAR,BMEX,USDT,USDT,USDT,0.001,BMEX,1000,OFFICIAL_EXPLICIT,,"{""multiplier_major"": ""1 / underlyingToPositionMultiplier from the frozen instrument row"", ""snapshot_fields"": ""Directly retained from the complete frozen CSV row."", ""valid_interval"": ""listing through the registry snapshot horizon; not a claim about future exchange metadata.""}",https://docs.bitmex.com/api-explorer/get-instruments,f02a691c7f7cfd0cd08ffb7f13a656ebaf2c6ca6,503755f4d6b0a826c3748dd1771dbaaac3976db35fd0525e8591db574e9d534e,Current snapshot version generated locally without network access.
BNBUSD-SNAPSHOT-8ac68797e172,BNBUSD,BITMEX_INSTRUMENT_SNAPSHOT,2021-09-29T04:00:00Z,9999-12-31T00:00:00Z,QUANTO,BNB,USD,XBT,XBT,0.000001,XBT,100,OFFICIAL_EXPLICIT,,"{""multiplier_major"": ""multiplier / 100000000 XBt per the frozen BitMEX instrument snapshot"", ""snapshot_fields"": ""Directly retained from the complete frozen CSV row."", ""valid_interval"": ""listing through the registry snapshot horizon; not a claim about future exchange metadata.""}",https://docs.bitmex.com/api-explorer/get-instruments,f02a691c7f7cfd0cd08ffb7f13a656ebaf2c6ca6,8ac68797e1728ac8d2a85e51b49807621eb6ccedfcfe1cb59573ee28d6ab86d4,Current snapshot version generated locally without network access.
BNBUSDT-QUANTO-XBT-2021,BNBUSDT,CONFIGURED_HISTORICAL,2021-05-20T04:00:00Z,2021-10-13T12:00:00Z,QUANTO,.BBNBT,USDT,XBT,XBT,0.000001,XBT,100,OFFICIAL_EXPLICIT,,"{""execution_cross_check"": ""113/113 Trade rows agree.""}",https://www.bitmex.com/blog/the-bnbusdt-quanto-perpetual-contract-comes-to-bitmex;https://www.bitmex.com/blog/ada-bnb-doge-dot-and-fil-quanto-perpetuals-new-listing-and-early-settlement-of-contracts-due-to-naming-conventions,,,Old BNBUSDT Quanto version.
BNBUSDT-SNAPSHOT-86198e545af4,BNBUSDT,BITMEX_INSTRUMENT_SNAPSHOT,2021-12-15T04:00:00Z,9999-12-31T00:00:00Z,LINEAR,BNB,USDT,USDT,USDT,0.0001,BNB,100,OFFICIAL_EXPLICIT,,"{""multiplier_major"": ""1 / underlyingToPositionMultiplier from the frozen instrument row"", ""snapshot_fields"": ""Directly retained from the complete frozen CSV row."", ""valid_interval"": ""listing through the registry snapshot horizon; not a claim about future exchange metadata.""}",https://docs.bitmex.com/api-explorer/get-instruments,f02a691c7f7cfd0cd08ffb7f13a656ebaf2c6ca6,86198e545af44fd773e7ca30410a66b5aae9ba917864a9e5091f15eb7f44e385,Current snapshot version generated locally without network access.
BNBUSDTH21-SNAPSHOT-e194e8369048,BNBUSDTH21,BITMEX_INSTRUMENT_SNAPSHOT,2020-12-11T08:00:00Z,9999-12-31T00:00:00Z,QUANTO,BNB,USDT,XBT,XBT,0.0001,XBT,10000,OFFICIAL_EXPLICIT,,"{""multiplier_major"": ""multiplier / 100000000 XBt per the frozen BitMEX instrument snapshot"", ""snapshot_fields"": ""Directly retained from the complete frozen CSV row."", ""valid_interval"": ""listing through the registry snapshot horizon; not a claim about future exchange metadata.""}",https://docs.bitmex.com/api-explorer/get-instruments,f02a691c7f7cfd0cd08ffb7f13a656ebaf2c6ca6,e194e83690485cd8df5f5f80cd3ea43df558224f278bc52055cd8fc9319a4c76,Current snapshot version generated locally without network access.
BNBUSDTZ20-SNAPSHOT-7912ac2c77b7,BNBUSDTZ20,BITMEX_INSTRUMENT_SNAPSHOT,2020-10-30T04:00:00Z,9999-12-31T00:00:00Z,QUANTO,BNB,USDT,XBT,XBT,0.0001,XBT,10000,OFFICIAL_EXPLICIT,,"{""multiplier_major"": ""multiplier / 100000000 XBt per the frozen BitMEX instrument snapshot"", ""snapshot_fields"": ""Directly retained from the complete frozen CSV row."", ""valid_interval"": ""listing through the registry snapshot horizon; not a claim about future exchange metadata.""}",https://docs.bitmex.com/api-explorer/get-instruments,f02a691c7f7cfd0cd08ffb7f13a656ebaf2c6ca6,7912ac2c77b728a574881a54640590d380ab9a7cf703220068c038f9d0f4afae,Current snapshot version generated locally without network access.
BOBUSD-SNAPSHOT-fdca7f35fa18,BOBUSD,BITMEX_INSTRUMENT_SNAPSHOT,2023-05-25T04:00:00Z,9999-12-31T00:00:00Z,QUANTO,BOB,USD,XBT,XBT,0.1,XBT,10000000,OFFICIAL_EXPLICIT,,"{""multiplier_major"": ""multiplier / 100000000 XBt per the frozen BitMEX instrument snapshot"", ""snapshot_fields"": ""Directly retained from the complete frozen CSV row."", ""valid_interval"": ""listing through the registry snapshot horizon; not a claim about future exchange metadata.""}",https://docs.bitmex.com/api-explorer/get-instruments,f02a691c7f7cfd0cd08ffb7f13a656ebaf2c6ca6,fdca7f35fa1891e4578da26c9641891250918781cdbf774616e0d9a4ee19098e,Current snapshot version generated locally without network access.
BOMEUSDT-SNAPSHOT-15007028bb5a,BOMEUSDT,BITMEX_INSTRUMENT_SNAPSHOT,2024-03-18T04:00:00Z,9999-12-31T00:00:00Z,LINEAR,BOME,USDT,USDT,USDT,1,BOME,1000000,OFFICIAL_EXPLICIT,,"{""multiplier_major"": ""1 / underlyingToPositionMultiplier from the frozen instrument row"", ""snapshot_fields"": ""Directly retained from the complete frozen CSV row."", ""valid_interval"": ""listing through the registry snapshot horizon; not a claim about future exchange metadata.""}",https://docs.bitmex.com/api-explorer/get-instruments,f02a691c7f7cfd0cd08ffb7f13a656ebaf2c6ca6,15007028bb5aefbaac4574311fafdd79a6b141c219cb6878734f68545b874780,Current snapshot version generated locally without network access.
BONEUSD-SNAPSHOT-48b6080984c6,BONEUSD,BITMEX_INSTRUMENT_SNAPSHOT,2023-08-30T04:00:00Z,9999-12-31T00:00:00Z,QUANTO,BONE,USD,XBT,XBT,0.00001,XBT,1000,OFFICIAL_EXPLICIT,,"{""multiplier_major"": ""multiplier / 100000000 XBt per the frozen BitMEX instrument snapshot"", ""snapshot_fields"": ""Directly retained from the complete frozen CSV row."", ""valid_interval"": ""listing through the registry snapshot horizon; not a claim about future exchange metadata.""}",https://docs.bitmex.com/api-explorer/get-instruments,f02a691c7f7cfd0cd08ffb7f13a656ebaf2c6ca6,48b6080984c65c7edb0f428b0600408d04d9b8b1e16de1dac958214209ef66b7,Current snapshot version generated locally without network access.
BONEUSDT-SNAPSHOT-9717ae12d636,BONEUSDT,BITMEX_INSTRUMENT_SNAPSHOT,2023-08-30T04:00:00Z,9999-12-31T00:00:00Z,LINEAR,BONE,USDT,USDT,USDT,0.001,BONE,1000,OFFICIAL_EXPLICIT,,"{""multiplier_major"": ""1 / underlyingToPositionMultiplier from the frozen instrument row"", ""snapshot_fields"": ""Directly retained from the complete frozen CSV row."", ""valid_interval"": ""listing through the registry snapshot horizon; not a claim about future exchange metadata.""}",https://docs.bitmex.com/api-explorer/get-instruments,f02a691c7f7cfd0cd08ffb7f13a656ebaf2c6ca6,9717ae12d6366e032348dca62e8cf9b4f49b1ad4e852f7515ead9c3934919127,Current snapshot version generated locally without network access.
BRENTUSDT-SNAPSHOT-f3f14209fbce,BRENTUSDT,BITMEX_INSTRUMENT_SNAPSHOT,2026-04-01T12:00:00Z,9999-12-31T00:00:00Z,LINEAR,BRENT,USDT,USDT,USDT,0.1,BRENT,100000,OFFICIAL_EXPLICIT,,"{""multiplier_major"": ""1 / underlyingToPositionMultiplier from the frozen instrument row"", ""snapshot_fields"": ""Directly retained from the complete frozen CSV row."", ""valid_interval"": ""listing through the registry snapshot horizon; not a claim about future exchange metadata.""}",https://docs.bitmex.com/api-explorer/get-instruments,f02a691c7f7cfd0cd08ffb7f13a656ebaf2c6ca6,f3f14209fbce21aff46867c87f7de852deec521cb74acb18d3d5be465e7ca0c5,Current snapshot version generated locally without network access.
BRETTUSDT-SNAPSHOT-71d5ee19d196,BRETTUSDT,BITMEX_INSTRUMENT_SNAPSHOT,2024-12-05T04:00:00Z,9999-12-31T00:00:00Z,LINEAR,BRETT,USDT,USDT,USDT,1,BRETT,1000000,OFFICIAL_EXPLICIT,,"{""multiplier_major"": ""1 / underlyingToPositionMultiplier from the frozen instrument row"", ""snapshot_fields"": ""Directly retained from the complete frozen CSV row."", ""valid_interval"": ""listing through the registry snapshot horizon; not a claim about future exchange metadata.""}",https://docs.bitmex.com/api-explorer/get-instruments,f02a691c7f7cfd0cd08ffb7f13a656ebaf2c6ca6,71d5ee19d19634eea04caf5bd13b338d9d33e3b6d52b449a0e43036d88dee9d3,Current snapshot version generated locally without network access.
BROCCOLIUSDT-SNAPSHOT-6b9756964c16,BROCCOLIUSDT,BITMEX_INSTRUMENT_SNAPSHOT,2025-02-14T12:00:00Z,9999-12-31T00:00:00Z,LINEAR,BROCCOLI,USDT,USDT,USDT,1,BROCCOLI,1000000,OFFICIAL_EXPLICIT,,"{""multiplier_major"": ""1 / underlyingToPositionMultiplier from the frozen instrument row"", ""snapshot_fields"": ""Directly retained from the complete frozen CSV row."", ""valid_interval"": ""listing through the registry snapshot horizon; not a claim about future exchange metadata.""}",https://docs.bitmex.com/api-explorer/get-instruments,f02a691c7f7cfd0cd08ffb7f13a656ebaf2c6ca6,6b9756964c1613badd2565e77d833676ba492218a4a49fceac6a7e4b00919730,Current snapshot version generated locally without network access.
CATIUSDT-SNAPSHOT-8ed7526e8bf4,CATIUSDT,BITMEX_INSTRUMENT_SNAPSHOT,2024-09-23T04:00:00Z,9999-12-31T00:00:00Z,LINEAR,CATI,USDT,USDT,USDT,1,CATI,1000000,OFFICIAL_EXPLICIT,,"{""multiplier_major"": ""1 / underlyingToPositionMultiplier from the frozen instrument row"", ""snapshot_fields"": ""Directly retained from the complete frozen CSV row."", ""valid_interval"": ""listing through the registry snapshot horizon; not a claim about future exchange metadata.""}",https://docs.bitmex.com/api-explorer/get-instruments,f02a691c7f7cfd0cd08ffb7f13a656ebaf2c6ca6,8ed7526e8bf45cc945ef7e9db178a1e2950cb908b321e0b83036263f08c8a33c,Current snapshot version generated locally without network access.
CATIUSDTU24-SNAPSHOT-cb07fdef83a2,CATIUSDTU24,BITMEX_INSTRUMENT_SNAPSHOT,2024-09-16T09:00:00Z,9999-12-31T00:00:00Z,LINEAR,CATI,USDT,USDT,USDT,1,CATI,1000000,OFFICIAL_EXPLICIT,,"{""multiplier_major"": ""1 / underlyingToPositionMultiplier from the frozen instrument row"", ""snapshot_fields"": ""Directly retained from the complete frozen CSV row."", ""valid_interval"": ""listing through the registry snapshot horizon; not a claim about future exchange metadata.""}",https://docs.bitmex.com/api-explorer/get-instruments,f02a691c7f7cfd0cd08ffb7f13a656ebaf2c6ca6,cb07fdef83a20845e010d97acff624dfdf3d08426d3b394863a3021da0537600,Current snapshot version generated locally without network access.
CATUSDT-SNAPSHOT-21daa9c923d1,CATUSDT,BITMEX_INSTRUMENT_SNAPSHOT,2024-09-16T12:00:00Z,9999-12-31T00:00:00Z,LINEAR,CAT,USDT,USDT,USDT,1,CAT,1000000,OFFICIAL_EXPLICIT,,"{""multiplier_major"": ""1 / underlyingToPositionMultiplier from the frozen instrument row"", ""snapshot_fields"": ""Directly retained from the complete frozen CSV row."", ""valid_interval"": ""listing through the registry snapshot horizon; not a claim about future exchange metadata.""}",https://docs.bitmex.com/api-explorer/get-instruments,f02a691c7f7cfd0cd08ffb7f13a656ebaf2c6ca6,21daa9c923d1b0897f196ca6e914363527dcaea5e9c442189f9e5a5440e48cf4,Current snapshot version generated locally without network access.
CHILLGUYUSDT-SNAPSHOT-b0d4a21adb90,CHILLGUYUSDT,BITMEX_INSTRUMENT_SNAPSHOT,2024-11-22T04:00:00Z,9999-12-31T00:00:00Z,LINEAR,CHILLGUY,USDT,USDT,USDT,1,CHILLGUY,1000000,OFFICIAL_EXPLICIT,,"{""multiplier_major"": ""1 / underlyingToPositionMultiplier from the frozen instrument row"", ""snapshot_fields"": ""Directly retained from the complete frozen CSV row."", ""valid_interval"": ""listing through the registry snapshot horizon; not a claim about future exchange metadata.""}",https://docs.bitmex.com/api-explorer/get-instruments,f02a691c7f7cfd0cd08ffb7f13a656ebaf2c6ca6,b0d4a21adb906809d46e9bdc56fdaaba54875f0335e90f010dc07bc0f2ec9b57,Current snapshot version generated locally without network access.
COINUSDT-SNAPSHOT-771900af9ac2,COINUSDT,BITMEX_INSTRUMENT_SNAPSHOT,2025-12-15T12:00:00Z,9999-12-31T00:00:00Z,LINEAR,COIN,USDT,USDT,USDT,0.01,COIN,10000,OFFICIAL_EXPLICIT,,"{""multiplier_major"": ""1 / underlyingToPositionMultiplier from the frozen instrument row"", ""snapshot_fields"": ""Directly retained from the complete frozen CSV row."", ""valid_interval"": ""listing through the registry snapshot horizon; not a claim about future exchange metadata.""}",https://docs.bitmex.com/api-explorer/get-instruments,f02a691c7f7cfd0cd08ffb7f13a656ebaf2c6ca6,771900af9ac2723e189e1b33f1303889eedc805849f5169943fa28243fced5ea,Current snapshot version generated locally without network access.
CRCLUSDT-SNAPSHOT-72e03fca5de5,CRCLUSDT,BITMEX_INSTRUMENT_SNAPSHOT,2025-12-15T12:00:00Z,9999-12-31T00:00:00Z,LINEAR,CRCL,USDT,USDT,USDT,0.01,CRCL,10000,OFFICIAL_EXPLICIT,,"{""multiplier_major"": ""1 / underlyingToPositionMultiplier from the frozen instrument row"", ""snapshot_fields"": ""Directly retained from the complete frozen CSV row."", ""valid_interval"": ""listing through the registry snapshot horizon; not a claim about future exchange metadata.""}",https://docs.bitmex.com/api-explorer/get-instruments,f02a691c7f7cfd0cd08ffb7f13a656ebaf2c6ca6,72e03fca5de55638215c267f003317ee3a7131c8e0ef44555f295b190b66a88c,Current snapshot version generated locally without network access.
CROUSD-SNAPSHOT-529c659d381f,CROUSD,BITMEX_INSTRUMENT_SNAPSHOT,2022-11-13T12:00:00Z,9999-12-31T00:00:00Z,QUANTO,CRO,USD,XBT,XBT,0.001,XBT,100000,OFFICIAL_EXPLICIT,,"{""multiplier_major"": ""multiplier / 100000000 XBt per the frozen BitMEX instrument snapshot"", ""snapshot_fields"": ""Directly retained from the complete frozen CSV row."", ""valid_interval"": ""listing through the registry snapshot horizon; not a claim about future exchange metadata.""}",https://docs.bitmex.com/api-explorer/get-instruments,f02a691c7f7cfd0cd08ffb7f13a656ebaf2c6ca6,529c659d381f84146f873fa220133e3c2ff155e53a943c92df68b26eda024c71,Current snapshot version generated locally without network access.
CROUSDT-SNAPSHOT-b53a8380c877,CROUSDT,BITMEX_INSTRUMENT_SNAPSHOT,2022-11-13T12:00:00Z,9999-12-31T00:00:00Z,LINEAR,CRO,USDT,USDT,USDT,0.01,CRO,10000,OFFICIAL_EXPLICIT,,"{""multiplier_major"": ""1 / underlyingToPositionMultiplier from the frozen instrument row"", ""snapshot_fields"": ""Directly retained from the complete frozen CSV row."", ""valid_interval"": ""listing through the registry snapshot horizon; not a claim about future exchange metadata.""}",https://docs.bitmex.com/api-explorer/get-instruments,f02a691c7f7cfd0cd08ffb7f13a656ebaf2c6ca6,b53a8380c87781420c6e478ff1daf8b994b48b080f2c34fd964a2bd617550b09,Current snapshot version generated locally without network access.
CRVUSDT-SNAPSHOT-0b110ad69eba,CRVUSDT,BITMEX_INSTRUMENT_SNAPSHOT,2025-07-24T04:00:00Z,9999-12-31T00:00:00Z,LINEAR,CRV,USDT,USDT,USDT,0.01,CRV,10000,OFFICIAL_EXPLICIT,,"{""multiplier_major"": ""1 / underlyingToPositionMultiplier from the frozen instrument row"", ""snapshot_fields"": ""Directly retained from the complete frozen CSV row."", ""valid_interval"": ""listing through the registry snapshot horizon; not a claim about future exchange metadata.""}",https://docs.bitmex.com/api-explorer/get-instruments,f02a691c7f7cfd0cd08ffb7f13a656ebaf2c6ca6,0b110ad69eba21ca1a54ab7933e5411d33866082e23c4baba94526ea562da41c,Current snapshot version generated locally without network access.
CYBERUSDT-SNAPSHOT-cf4cf50f3bc5,CYBERUSDT,BITMEX_INSTRUMENT_SNAPSHOT,2023-08-15T13:00:00Z,9999-12-31T00:00:00Z,LINEAR,CYBER,USDT,USDT,USDT,1,CYBER,1000000,OFFICIAL_EXPLICIT,,"{""multiplier_major"": ""1 / underlyingToPositionMultiplier from the frozen instrument row"", ""snapshot_fields"": ""Directly retained from the complete frozen CSV row."", ""valid_interval"": ""listing through the registry snapshot horizon; not a claim about future exchange metadata.""}",https://docs.bitmex.com/api-explorer/get-instruments,f02a691c7f7cfd0cd08ffb7f13a656ebaf2c6ca6,cf4cf50f3bc50becaa1bb76c3c82c1a1a18154b13b09adbb8f62d4097d052075,Current snapshot version generated locally without network access.
CYBERUSDTQ23-SNAPSHOT-c82178bcf530,CYBERUSDTQ23,BITMEX_INSTRUMENT_SNAPSHOT,2023-08-10T08:00:00Z,9999-12-31T00:00:00Z,LINEAR,CYBER,USDT,USDT,USDT,1,CYBER,1000000,OFFICIAL_EXPLICIT,,"{""multiplier_major"": ""1 / underlyingToPositionMultiplier from the frozen instrument row"", ""snapshot_fields"": ""Directly retained from the complete frozen CSV row."", ""valid_interval"": ""listing through the registry snapshot horizon; not a claim about future exchange metadata.""}",https://docs.bitmex.com/api-explorer/get-instruments,f02a691c7f7cfd0cd08ffb7f13a656ebaf2c6ca6,c82178bcf53096659a800ba77d7f16e75a3d044e8dcd957f96bf34b7567a79b1,Current snapshot version generated locally without network access.
DAOETH-SNAPSHOT-881a8b609b89,DAOETH,BITMEX_INSTRUMENT_SNAPSHOT,2016-05-14T12:00:00Z,9999-12-31T00:00:00Z,QUANTO,DAO,ETH,XBT,XBT,1,XBT,100000000,OFFICIAL_EXPLICIT,,"{""multiplier_major"": ""multiplier / 100000000 XBt per the frozen BitMEX instrument snapshot"", ""snapshot_fields"": ""Directly retained from the complete frozen CSV row."", ""valid_interval"": ""listing through the registry snapshot horizon; not a claim about future exchange metadata.""}",https://docs.bitmex.com/api-explorer/get-instruments,f02a691c7f7cfd0cd08ffb7f13a656ebaf2c6ca6,881a8b609b89014fd4a19625a669ff56900a367aef99dc32f3387ab1de5d40c7,Current snapshot version generated locally without network access.
DASH7D-SNAPSHOT-cedcca26b38d,DASH7D,BITMEX_INSTRUMENT_SNAPSHOT,2017-03-17T12:00:00Z,9999-12-31T00:00:00Z,LINEAR,DASH,XBT,XBT,XBT,1,DASH,100000000,OFFICIAL_EXPLICIT,,"{""multiplier_major"": ""1 / underlyingToPositionMultiplier from the frozen instrument row"", ""snapshot_fields"": ""Directly retained from the complete frozen CSV row."", ""valid_interval"": ""listing through the registry snapshot horizon; not a claim about future exchange metadata.""}",https://docs.bitmex.com/api-explorer/get-instruments,f02a691c7f7cfd0cd08ffb7f13a656ebaf2c6ca6,cedcca26b38d2f64a81491ad6f3e57135289bc8b336134562559f5e5db9e2699,Current snapshot version generated locally without network access.
DASHH18-SNAPSHOT-87130ec045b0,DASHH18,BITMEX_INSTRUMENT_SNAPSHOT,2017-12-15T04:00:00Z,9999-12-31T00:00:00Z,LINEAR,DASH,XBT,XBT,XBT,1,DASH,100000000,OFFICIAL_EXPLICIT,,"{""multiplier_major"": ""1 / underlyingToPositionMultiplier from the frozen instrument row"", ""snapshot_fields"": ""Directly retained from the complete frozen CSV row."", ""valid_interval"": ""listing through the registry snapshot horizon; not a claim about future exchange metadata.""}",https://docs.bitmex.com/api-explorer/get-instruments,f02a691c7f7cfd0cd08ffb7f13a656ebaf2c6ca6,87130ec045b0313187284e53611439621d8544d4ff421bc2f423cee0f094e38e,Current snapshot version generated locally without network access.
DASHJ17-SNAPSHOT-36c06927cfc5,DASHJ17,BITMEX_INSTRUMENT_SNAPSHOT,2017-03-24T02:00:00Z,9999-12-31T00:00:00Z,LINEAR,DASH,XBT,XBT,XBT,1,DASH,100000000,OFFICIAL_EXPLICIT,,"{""multiplier_major"": ""1 / underlyingToPositionMultiplier from the frozen instrument row"", ""snapshot_fields"": ""Directly retained from the complete frozen CSV row."", ""valid_interval"": ""listing through the registry snapshot horizon; not a claim about future exchange metadata.""}",https://docs.bitmex.com/api-explorer/get-instruments,f02a691c7f7cfd0cd08ffb7f13a656ebaf2c6ca6,36c06927cfc565ebaa4794cd1b0ef0cdfa06d989c9777e017aa018d2cb13c3e0,Current snapshot version generated locally without network access.
DASHM17-SNAPSHOT-04447d1ee155,DASHM17,BITMEX_INSTRUMENT_SNAPSHOT,2017-04-27T07:00:00Z,9999-12-31T00:00:00Z,LINEAR,DASH,XBT,XBT,XBT,1,DASH,100000000,OFFICIAL_EXPLICIT,,"{""multiplier_major"": ""1 / underlyingToPositionMultiplier from the frozen instrument row"", ""snapshot_fields"": ""Directly retained from the complete frozen CSV row."", ""valid_interval"": ""listing through the registry snapshot horizon; not a claim about future exchange metadata.""}",https://docs.bitmex.com/api-explorer/get-instruments,f02a691c7f7cfd0cd08ffb7f13a656ebaf2c6ca6,04447d1ee155ce6779634db0a669fbadcf2dabdb5d58d8dc6a1e6154724d36bb,Current snapshot version generated locally without network access.
DASHU17-SNAPSHOT-09a8fa1206e3,DASHU17,BITMEX_INSTRUMENT_SNAPSHOT,2017-06-16T08:00:00Z,9999-12-31T00:00:00Z,LINEAR,DASH,XBT,XBT,XBT,1,DASH,100000000,OFFICIAL_EXPLICIT,,"{""multiplier_major"": ""1 / underlyingToPositionMultiplier from the frozen instrument row"", ""snapshot_fields"": ""Directly retained from the complete frozen CSV row."", ""valid_interval"": ""listing through the registry snapshot horizon; not a claim about future exchange metadata.""}",https://docs.bitmex.com/api-explorer/get-instruments,f02a691c7f7cfd0cd08ffb7f13a656ebaf2c6ca6,09a8fa1206e3ce4e8793757cd4d965362487264831bd96ca162d46e24095868d,Current snapshot version generated locally without network access.
DASHZ17-SNAPSHOT-a0429c565881,DASHZ17,BITMEX_INSTRUMENT_SNAPSHOT,2017-09-14T08:00:00Z,9999-12-31T00:00:00Z,LINEAR,DASH,XBT,XBT,XBT,1,DASH,100000000,OFFICIAL_EXPLICIT,,"{""multiplier_major"": ""1 / underlyingToPositionMultiplier from the frozen instrument row"", ""snapshot_fields"": ""Directly retained from the complete frozen CSV row."", ""valid_interval"": ""listing through the registry snapshot horizon; not a claim about future exchange metadata.""}",https://docs.bitmex.com/api-explorer/get-instruments,f02a691c7f7cfd0cd08ffb7f13a656ebaf2c6ca6,a0429c565881e9cc269dedd321dd7e68be6fd7c87d220a51166f1c4c05f80cb1,Current snapshot version generated locally without network access.
DBRUSDT-SNAPSHOT-c88f20c90628,DBRUSDT,BITMEX_INSTRUMENT_SNAPSHOT,2024-10-17T12:00:00Z,9999-12-31T00:00:00Z,LINEAR,DBR,USDT,USDT,USDT,1,DBR,1000000,OFFICIAL_EXPLICIT,,"{""multiplier_major"": ""1 / underlyingToPositionMultiplier from the frozen instrument row"", ""snapshot_fields"": ""Directly retained from the complete frozen CSV row."", ""valid_interval"": ""listing through the registry snapshot horizon; not a claim about future exchange metadata.""}",https://docs.bitmex.com/api-explorer/get-instruments,f02a691c7f7cfd0cd08ffb7f13a656ebaf2c6ca6,c88f20c90628b59c434b162df28539df40715cc6bea8b9aa28653a70438374e8,Current snapshot version generated locally without network access.
DBRUSDTV24-SNAPSHOT-70567f50f681,DBRUSDTV24,BITMEX_INSTRUMENT_SNAPSHOT,2024-10-15T07:00:00Z,9999-12-31T00:00:00Z,LINEAR,DBR,USDT,USDT,USDT,1,DBR,1000000,OFFICIAL_EXPLICIT,,"{""multiplier_major"": ""1 / underlyingToPositionMultiplier from the frozen instrument row"", ""snapshot_fields"": ""Directly retained from the complete frozen CSV row."", ""valid_interval"": ""listing through the registry snapshot horizon; not a claim about future exchange metadata.""}",https://docs.bitmex.com/api-explorer/get-instruments,f02a691c7f7cfd0cd08ffb7f13a656ebaf2c6ca6,70567f50f6812381a30f743978c5a181d13e9065e713c826061cc63b4376fd03,Current snapshot version generated locally without network access.
DEFIMEXTUSDT-SNAPSHOT-ab81b2e01c18,DEFIMEXTUSDT,BITMEX_INSTRUMENT_SNAPSHOT,2022-02-16T04:00:00Z,9999-12-31T00:00:00Z,LINEAR,DEFIMEXT,USDT,USDT,USDT,0.0001,DEFIMEXT,100,OFFICIAL_EXPLICIT,,"{""multiplier_major"": ""1 / underlyingToPositionMultiplier from the frozen instrument row"", ""snapshot_fields"": ""Directly retained from the complete frozen CSV row."", ""valid_interval"": ""listing through the registry snapshot horizon; not a claim about future exchange metadata.""}",https://docs.bitmex.com/api-explorer/get-instruments,f02a691c7f7cfd0cd08ffb7f13a656ebaf2c6ca6,ab81b2e01c18cc46803537ed081858db91e3b6dd26eea15806c884e597a7bcc3,Current snapshot version generated locally without network access.
DEFIMEXUSD-SNAPSHOT-64c4ef5b18e4,DEFIMEXUSD,BITMEX_INSTRUMENT_SNAPSHOT,2021-07-20T04:00:00Z,9999-12-31T00:00:00Z,QUANTO,DEFIMEX,USD,XBT,XBT,0.000001,XBT,100,OFFICIAL_EXPLICIT,,"{""multiplier_major"": ""multiplier / 100000000 XBt per the frozen BitMEX instrument snapshot"", ""snapshot_fields"": ""Directly retained from the complete frozen CSV row."", ""valid_interval"": ""listing through the registry snapshot horizon; not a claim about future exchange metadata.""}",https://docs.bitmex.com/api-explorer/get-instruments,f02a691c7f7cfd0cd08ffb7f13a656ebaf2c6ca6,64c4ef5b18e4722abc717f9ddccd0037028d892f196da5e99aee74c481b7b8b5,Current snapshot version generated locally without network access.
DFIUSDT-SNAPSHOT-f2195b3c0a24,DFIUSDT,BITMEX_INSTRUMENT_SNAPSHOT,2023-09-11T04:00:00Z,9999-12-31T00:00:00Z,LINEAR,DFI,USDT,USDT,USDT,1,DFI,1000000,OFFICIAL_EXPLICIT,,"{""multiplier_major"": ""1 / underlyingToPositionMultiplier from the frozen instrument row"", ""snapshot_fields"": ""Directly retained from the complete frozen CSV row."", ""valid_interval"": ""listing through the registry snapshot horizon; not a claim about future exchange metadata.""}",https://docs.bitmex.com/api-explorer/get-instruments,f02a691c7f7cfd0cd08ffb7f13a656ebaf2c6ca6,f2195b3c0a249332887c87d994fa0f458c950941f13768ffbc078007c82ef3d7,Current snapshot version generated locally without network access.
DOGEUSD-SNAPSHOT-cbc29536e551,DOGEUSD,BITMEX_INSTRUMENT_SNAPSHOT,2021-09-29T04:00:00Z,9999-12-31T00:00:00Z,QUANTO,DOGE,USD,XBT,XBT,0.001,XBT,100000,OFFICIAL_EXPLICIT,,"{""multiplier_major"": ""multiplier / 100000000 XBt per the frozen BitMEX instrument snapshot"", ""snapshot_fields"": ""Directly retained from the complete frozen CSV row."", ""valid_interval"": ""listing through the registry snapshot horizon; not a claim about future exchange metadata.""}",https://docs.bitmex.com/api-explorer/get-instruments,f02a691c7f7cfd0cd08ffb7f13a656ebaf2c6ca6,cbc29536e551964021776c553cb6bafd5040712edf0b2971763fd095f33b4eb1,Current snapshot version generated locally without network access.
DOGEUSDT-QUANTO-XBT-2021,DOGEUSDT,CONFIGURED_HISTORICAL,2021-02-05T04:00:00Z,2021-10-13T12:00:00Z,QUANTO,.BDOGET,USDT,XBT,XBT,0.001,XBT,100000,OFFICIAL_EXPLICIT,,"{""execution_cross_check"": ""1735/1735 Trade rows agree.""}",https://www.bitmex.com/blog/every-doge-has-its-day-introducing-the-new-dogeusdt-quanto-perpetual-contract;https://www.bitmex.com/blog/ada-bnb-doge-dot-and-fil-quanto-perpetuals-new-listing-and-early-settlement-of-contracts-due-to-naming-conventions,,,Old DOGEUSDT Quanto version.
DOGEUSDT-SNAPSHOT-b6a5ffa7073a,DOGEUSDT,BITMEX_INSTRUMENT_SNAPSHOT,2021-11-10T04:00:00Z,9999-12-31T00:00:00Z,LINEAR,DOGE,USDT,USDT,USDT,0.01,DOGE,10000,OFFICIAL_EXPLICIT,,"{""multiplier_major"": ""1 / underlyingToPositionMultiplier from the frozen instrument row"", ""snapshot_fields"": ""Directly retained from the complete frozen CSV row."", ""valid_interval"": ""listing through the registry snapshot horizon; not a claim about future exchange metadata.""}",https://docs.bitmex.com/api-explorer/get-instruments,f02a691c7f7cfd0cd08ffb7f13a656ebaf2c6ca6,b6a5ffa7073a444e4b471195f279096881424dc9f47e0dde3472b071b926bad8,Current snapshot version generated locally without network access.
DOGSUSDT-SNAPSHOT-6b6a5853dc9b,DOGSUSDT,BITMEX_INSTRUMENT_SNAPSHOT,2024-08-27T04:00:00Z,9999-12-31T00:00:00Z,LINEAR,DOGS,USDT,USDT,USDT,1,DOGS,1000000,OFFICIAL_EXPLICIT,,"{""multiplier_major"": ""1 / underlyingToPositionMultiplier from the frozen instrument row"", ""snapshot_fields"": ""Directly retained from the complete frozen CSV row."", ""valid_interval"": ""listing through the registry snapshot horizon; not a claim about future exchange metadata.""}",https://docs.bitmex.com/api-explorer/get-instruments,f02a691c7f7cfd0cd08ffb7f13a656ebaf2c6ca6,6b6a5853dc9b14a920af2c305cc663963c20f214609da28f9b3a81625a6b9f2f,Current snapshot version generated locally without network access.
DOGSUSDTQ24-SNAPSHOT-2e6256f468bb,DOGSUSDTQ24,BITMEX_INSTRUMENT_SNAPSHOT,2024-08-21T10:00:00Z,9999-12-31T00:00:00Z,LINEAR,DOGS,USDT,USDT,USDT,1,DOGS,1000000,OFFICIAL_EXPLICIT,,"{""multiplier_major"": ""1 / underlyingToPositionMultiplier from the frozen instrument row"", ""snapshot_fields"": ""Directly retained from the complete frozen CSV row."", ""valid_interval"": ""listing through the registry snapshot horizon; not a claim about future exchange metadata.""}",https://docs.bitmex.com/api-explorer/get-instruments,f02a691c7f7cfd0cd08ffb7f13a656ebaf2c6ca6,2e6256f468bbb9cb49d49761a4e7a2473645af167d56207c0a20ac6a8d3bdf47,Current snapshot version generated locally without network access.
DOODUSDT-SNAPSHOT-33ab2942439e,DOODUSDT,BITMEX_INSTRUMENT_SNAPSHOT,2025-05-13T04:00:00Z,9999-12-31T00:00:00Z,LINEAR,DOOD,USDT,USDT,USDT,0.1,DOOD,100000,OFFICIAL_EXPLICIT,,"{""multiplier_major"": ""1 / underlyingToPositionMultiplier from the frozen instrument row"", ""snapshot_fields"": ""Directly retained from the complete frozen CSV row."", ""valid_interval"": ""listing through the registry snapshot horizon; not a claim about future exchange metadata.""}",https://docs.bitmex.com/api-explorer/get-instruments,f02a691c7f7cfd0cd08ffb7f13a656ebaf2c6ca6,33ab2942439e0ee42586023c3186820971b30315c319712e10e3d417ed1f4018,Current snapshot version generated locally without network access.
DOTUSD-SNAPSHOT-8c8200098a0c,DOTUSD,BITMEX_INSTRUMENT_SNAPSHOT,2021-09-29T04:00:00Z,9999-12-31T00:00:00Z,QUANTO,DOT,USD,XBT,XBT,0.00001,XBT,1000,OFFICIAL_EXPLICIT,,"{""multiplier_major"": ""multiplier / 100000000 XBt per the frozen BitMEX instrument snapshot"", ""snapshot_fields"": ""Directly retained from the complete frozen CSV row."", ""valid_interval"": ""listing through the registry snapshot horizon; not a claim about future exchange metadata.""}",https://docs.bitmex.com/api-explorer/get-instruments,f02a691c7f7cfd0cd08ffb7f13a656ebaf2c6ca6,8c8200098a0c505541173910bc60d0f041dcd15127832c2f2622244708239502,Current snapshot version generated locally without network access.
DOTUSDT-QUANTO-XBT-2021,DOTUSDT,CONFIGURED_HISTORICAL,2021-03-03T04:00:00Z,2021-10-13T12:00:00Z,QUANTO,,USDT,XBT,XBT,0.0001,XBT,10000,OFFICIAL_EXPLICIT,underlying,"{""execution_cross_check"": ""Legacy integer rounding gives modal ratio approximately 0.0001 XBT."", ""tick_size"": ""Official historical BitMEX listing table states a 0.0005 minimum price increment.""}",https://www.bitmex.com/blog/six-new-altcoin-perpetual-swaps-launching-on-bitmex-in-march;https://www.bitmex.com/blog/ada-bnb-doge-dot-and-fil-quanto-perpetuals-new-listing-and-early-settlement-of-contracts-due-to-naming-conventions,,,Old underlying is not exposed by the available announcement; null is intentional.
DOTUSDT-SNAPSHOT-0a1f1e3474af,DOTUSDT,BITMEX_INSTRUMENT_SNAPSHOT,2022-01-12T04:00:00Z,9999-12-31T00:00:00Z,LINEAR,DOT,USDT,USDT,USDT,0.001,DOT,1000,OFFICIAL_EXPLICIT,,"{""multiplier_major"": ""1 / underlyingToPositionMultiplier from the frozen instrument row"", ""snapshot_fields"": ""Directly retained from the complete frozen CSV row."", ""valid_interval"": ""listing through the registry snapshot horizon; not a claim about future exchange metadata.""}",https://docs.bitmex.com/api-explorer/get-instruments,f02a691c7f7cfd0cd08ffb7f13a656ebaf2c6ca6,0a1f1e3474afb851706857183687ad273bfa464cbcd6f894c7b001b4b9971031,Current snapshot version generated locally without network access.
DOTUSDTH21-SNAPSHOT-83c65e54dd36,DOTUSDTH21,BITMEX_INSTRUMENT_SNAPSHOT,2020-12-11T08:00:00Z,9999-12-31T00:00:00Z,QUANTO,DOT,USDT,XBT,XBT,0.0001,XBT,10000,OFFICIAL_EXPLICIT,,"{""multiplier_major"": ""multiplier / 100000000 XBt per the frozen BitMEX instrument snapshot"", ""snapshot_fields"": ""Directly retained from the complete frozen CSV row."", ""valid_interval"": ""listing through the registry snapshot horizon; not a claim about future exchange metadata.""}",https://docs.bitmex.com/api-explorer/get-instruments,f02a691c7f7cfd0cd08ffb7f13a656ebaf2c6ca6,83c65e54dd3684067f9de17bf39317252158dacd05f0c41f6afdbd4f73001c59,Current snapshot version generated locally without network access.
DOTUSDTZ20-SNAPSHOT-54014bc97b71,DOTUSDTZ20,BITMEX_INSTRUMENT_SNAPSHOT,2020-10-30T04:00:00Z,9999-12-31T00:00:00Z,QUANTO,DOT,USDT,XBT,XBT,0.0001,XBT,10000,OFFICIAL_EXPLICIT,,"{""multiplier_major"": ""multiplier / 100000000 XBt per the frozen BitMEX instrument snapshot"", ""snapshot_fields"": ""Directly retained from the complete frozen CSV row."", ""valid_interval"": ""listing through the registry snapshot horizon; not a claim about future exchange metadata.""}",https://docs.bitmex.com/api-explorer/get-instruments,f02a691c7f7cfd0cd08ffb7f13a656ebaf2c6ca6,54014bc97b71ceebd8bcb0035059c02c411db2625b6f121d6a213154171074c8,Current snapshot version generated locally without network access.
DUCKUSDT-SNAPSHOT-2de2548f90de,DUCKUSDT,BITMEX_INSTRUMENT_SNAPSHOT,2025-01-23T04:00:00Z,9999-12-31T00:00:00Z,LINEAR,DUCK,USDT,USDT,USDT,1,DUCK,1000000,OFFICIAL_EXPLICIT,,"{""multiplier_major"": ""1 / underlyingToPositionMultiplier from the frozen instrument row"", ""snapshot_fields"": ""Directly retained from the complete frozen CSV row."", ""valid_interval"": ""listing through the registry snapshot horizon; not a claim about future exchange metadata.""}",https://docs.bitmex.com/api-explorer/get-instruments,f02a691c7f7cfd0cd08ffb7f13a656ebaf2c6ca6,2de2548f90de72c2f264609176a2daf10beafefba1848a0e81705cbcc0f82b8b,Current snapshot version generated locally without network access.
DYDXUSD-SNAPSHOT-06a7755abba1,DYDXUSD,BITMEX_INSTRUMENT_SNAPSHOT,2023-12-05T04:00:00Z,9999-12-31T00:00:00Z,QUANTO,DYDX,USD,XBT,XBT,0.0001,XBT,10000,OFFICIAL_EXPLICIT,,"{""multiplier_major"": ""multiplier / 100000000 XBt per the frozen BitMEX instrument snapshot"", ""snapshot_fields"": ""Directly retained from the complete frozen CSV row."", ""valid_interval"": ""listing through the registry snapshot horizon; not a claim about future exchange metadata.""}",https://docs.bitmex.com/api-explorer/get-instruments,f02a691c7f7cfd0cd08ffb7f13a656ebaf2c6ca6,06a7755abba16979ad026d8f51e598975a4484d76ece47b98da56997857be32b,Current snapshot version generated locally without network access.
DYMUSDT-SNAPSHOT-fb2620255c23,DYMUSDT,BITMEX_INSTRUMENT_SNAPSHOT,2024-02-07T04:00:00Z,9999-12-31T00:00:00Z,LINEAR,DYM,USDT,USDT,USDT,1,DYM,1000000,OFFICIAL_EXPLICIT,,"{""multiplier_major"": ""1 / underlyingToPositionMultiplier from the frozen instrument row"", ""snapshot_fields"": ""Directly retained from the complete frozen CSV row."", ""valid_interval"": ""listing through the registry snapshot horizon; not a claim about future exchange metadata.""}",https://docs.bitmex.com/api-explorer/get-instruments,f02a691c7f7cfd0cd08ffb7f13a656ebaf2c6ca6,fb2620255c230d22b19ab7eef6cf520a27668621794c8c6deacad34bfe3efcc3,Current snapshot version generated locally without network access.
EIGENUSDT-SNAPSHOT-e5c13090b9ac,EIGENUSDT,BITMEX_INSTRUMENT_SNAPSHOT,2024-10-02T12:00:00Z,9999-12-31T00:00:00Z,LINEAR,EIGEN,USDT,USDT,USDT,1,EIGEN,1000000,OFFICIAL_EXPLICIT,,"{""multiplier_major"": ""1 / underlyingToPositionMultiplier from the frozen instrument row"", ""snapshot_fields"": ""Directly retained from the complete frozen CSV row."", ""valid_interval"": ""listing through the registry snapshot horizon; not a claim about future exchange metadata.""}",https://docs.bitmex.com/api-explorer/get-instruments,f02a691c7f7cfd0cd08ffb7f13a656ebaf2c6ca6,e5c13090b9ac48d4d115437987ef47beedcbb8b82d9ff0a25242b73d35976f22,Current snapshot version generated locally without network access.
EIGENUSDTK24-SNAPSHOT-2f6d58233d66,EIGENUSDTK24,BITMEX_INSTRUMENT_SNAPSHOT,2024-04-30T09:00:00Z,9999-12-31T00:00:00Z,LINEAR,EIGEN,USDT,USDT,USDT,1,EIGEN,1000000,OFFICIAL_EXPLICIT,,"{""multiplier_major"": ""1 / underlyingToPositionMultiplier from the frozen instrument row"", ""snapshot_fields"": ""Directly retained from the complete frozen CSV row."", ""valid_interval"": ""listing through the registry snapshot horizon; not a claim about future exchange metadata.""}",https://docs.bitmex.com/api-explorer/get-instruments,f02a691c7f7cfd0cd08ffb7f13a656ebaf2c6ca6,2f6d58233d66544f5ae8bef0a3dce2d4d48fbb8421f1cfc1b958defd07d9a4a4,Current snapshot version generated locally without network access.
ENAUSDT-SNAPSHOT-902ee9435340,ENAUSDT,BITMEX_INSTRUMENT_SNAPSHOT,2024-04-02T12:00:00Z,9999-12-31T00:00:00Z,LINEAR,ENA,USDT,USDT,USDT,1,ENA,1000000,OFFICIAL_EXPLICIT,,"{""multiplier_major"": ""1 / underlyingToPositionMultiplier from the frozen instrument row"", ""snapshot_fields"": ""Directly retained from the complete frozen CSV row."", ""valid_interval"": ""listing through the registry snapshot horizon; not a claim about future exchange metadata.""}",https://docs.bitmex.com/api-explorer/get-instruments,f02a691c7f7cfd0cd08ffb7f13a656ebaf2c6ca6,902ee9435340f08c3ca9a8c7663c5fc34e42ff5ba47e4e3ece38a26577afd6cf,Current snapshot version generated locally without network access.
ENAUSDTJ24-SNAPSHOT-0f595b4ff220,ENAUSDTJ24,BITMEX_INSTRUMENT_SNAPSHOT,2024-03-21T09:00:00Z,9999-12-31T00:00:00Z,LINEAR,ENA,USDT,USDT,USDT,1,ENA,1000000,OFFICIAL_EXPLICIT,,"{""multiplier_major"": ""1 / underlyingToPositionMultiplier from the frozen instrument row"", ""snapshot_fields"": ""Directly retained from the complete frozen CSV row."", ""valid_interval"": ""listing through the registry snapshot horizon; not a claim about future exchange metadata.""}",https://docs.bitmex.com/api-explorer/get-instruments,f02a691c7f7cfd0cd08ffb7f13a656ebaf2c6ca6,0f595b4ff22086241337f8170235c3b8c475c933bb462f3e67df0e73aadea439,Current snapshot version generated locally without network access.
EOSH19-SNAPSHOT-3521e76cc2cd,EOSH19,BITMEX_INSTRUMENT_SNAPSHOT,2018-12-17T04:00:00Z,9999-12-31T00:00:00Z,LINEAR,EOS,XBT,XBT,XBT,1,EOS,100000000,OFFICIAL_EXPLICIT,,"{""multiplier_major"": ""1 / underlyingToPositionMultiplier from the frozen instrument row"", ""snapshot_fields"": ""Directly retained from the complete frozen CSV row."", ""valid_interval"": ""listing through the registry snapshot horizon; not a claim about future exchange metadata.""}",https://docs.bitmex.com/api-explorer/get-instruments,f02a691c7f7cfd0cd08ffb7f13a656ebaf2c6ca6,3521e76cc2cd232ede616136546157057f2bbc2a8c8d27cc3484222619e2477f,Current snapshot version generated locally without network access.
EOSH20-SNAPSHOT-c31aeee3fd47,EOSH20,BITMEX_INSTRUMENT_SNAPSHOT,2019-12-13T08:00:00Z,9999-12-31T00:00:00Z,LINEAR,EOS,XBT,XBT,XBT,1,EOS,100000000,OFFICIAL_EXPLICIT,,"{""multiplier_major"": ""1 / underlyingToPositionMultiplier from the frozen instrument row"", ""snapshot_fields"": ""Directly retained from the complete frozen CSV row."", ""valid_interval"": ""listing through the registry snapshot horizon; not a claim about future exchange metadata.""}",https://docs.bitmex.com/api-explorer/get-instruments,f02a691c7f7cfd0cd08ffb7f13a656ebaf2c6ca6,c31aeee3fd4722f2903c798b04496b728c8af0ac479803e575ed06ea08bc1e83,Current snapshot version generated locally without network access.
EOSH21-SNAPSHOT-14c1894354d0,EOSH21,BITMEX_INSTRUMENT_SNAPSHOT,2020-12-11T08:00:00Z,9999-12-31T00:00:00Z,LINEAR,EOS,XBT,XBT,XBT,1,EOS,100000000,OFFICIAL_EXPLICIT,,"{""multiplier_major"": ""1 / underlyingToPositionMultiplier from the frozen instrument row"", ""snapshot_fields"": ""Directly retained from the complete frozen CSV row."", ""valid_interval"": ""listing through the registry snapshot horizon; not a claim about future exchange metadata.""}",https://docs.bitmex.com/api-explorer/get-instruments,f02a691c7f7cfd0cd08ffb7f13a656ebaf2c6ca6,14c1894354d07a5011112b4f3fcdb4015d27cd5d18d9cc33fc1f71709ddd2137,Current snapshot version generated locally without network access.
EOSM18-SNAPSHOT-35625ed95a3c,EOSM18,BITMEX_INSTRUMENT_SNAPSHOT,2018-06-07T06:00:00Z,9999-12-31T00:00:00Z,LINEAR,EOS,XBT,XBT,XBT,1,EOS,100000000,OFFICIAL_EXPLICIT,,"{""multiplier_major"": ""1 / underlyingToPositionMultiplier from the frozen instrument row"", ""snapshot_fields"": ""Directly retained from the complete frozen CSV row."", ""valid_interval"": ""listing through the registry snapshot horizon; not a claim about future exchange metadata.""}",https://docs.bitmex.com/api-explorer/get-instruments,f02a691c7f7cfd0cd08ffb7f13a656ebaf2c6ca6,35625ed95a3cabeb33b5928c9a86c525d690fbc29f1e4bddf4bf23121af6f619,Current snapshot version generated locally without network access.
EOSM19-SNAPSHOT-fbc991a74f1f,EOSM19,BITMEX_INSTRUMENT_SNAPSHOT,2019-03-15T08:00:00Z,9999-12-31T00:00:00Z,LINEAR,EOS,XBT,XBT,XBT,1,EOS,100000000,OFFICIAL_EXPLICIT,,"{""multiplier_major"": ""1 / underlyingToPositionMultiplier from the frozen instrument row"", ""snapshot_fields"": ""Directly retained from the complete frozen CSV row."", ""valid_interval"": ""listing through the registry snapshot horizon; not a claim about future exchange metadata.""}",https://docs.bitmex.com/api-explorer/get-instruments,f02a691c7f7cfd0cd08ffb7f13a656ebaf2c6ca6,fbc991a74f1f907917ac289335bb6f712c43e72929ce9172c0211b01299f341b,Current snapshot version generated locally without network access.
EOSM20-SNAPSHOT-260fae3f1063,EOSM20,BITMEX_INSTRUMENT_SNAPSHOT,2020-03-13T08:00:00Z,9999-12-31T00:00:00Z,LINEAR,EOS,XBT,XBT,XBT,1,EOS,100000000,OFFICIAL_EXPLICIT,,"{""multiplier_major"": ""1 / underlyingToPositionMultiplier from the frozen instrument row"", ""snapshot_fields"": ""Directly retained from the complete frozen CSV row."", ""valid_interval"": ""listing through the registry snapshot horizon; not a claim about future exchange metadata.""}",https://docs.bitmex.com/api-explorer/get-instruments,f02a691c7f7cfd0cd08ffb7f13a656ebaf2c6ca6,260fae3f1063b0c16ec1725cd8b397222037770ff3dd197aa7df02576b3d35e1,Current snapshot version generated locally without network access.
EOSM21-SNAPSHOT-5f51e7e708e0,EOSM21,BITMEX_INSTRUMENT_SNAPSHOT,2021-03-12T08:00:00Z,9999-12-31T00:00:00Z,LINEAR,EOS,XBT,XBT,XBT,1,EOS,100000000,OFFICIAL_EXPLICIT,,"{""multiplier_major"": ""1 / underlyingToPositionMultiplier from the frozen instrument row"", ""snapshot_fields"": ""Directly retained from the complete frozen CSV row."", ""valid_interval"": ""listing through the registry snapshot horizon; not a claim about future exchange metadata.""}",https://docs.bitmex.com/api-explorer/get-instruments,f02a691c7f7cfd0cd08ffb7f13a656ebaf2c6ca6,5f51e7e708e01f242ca93b8455635ae9cb4be9ff52ea3041244fe37a2067a174,Current snapshot version generated locally without network access.
EOSN17-SNAPSHOT-5efe087416e4,EOSN17,BITMEX_INSTRUMENT_SNAPSHOT,2017-06-23T06:00:00Z,9999-12-31T00:00:00Z,LINEAR,EOS,XBT,XBT,XBT,1,EOS,100000000,OFFICIAL_EXPLICIT,,"{""multiplier_major"": ""1 / underlyingToPositionMultiplier from the frozen instrument row"", ""snapshot_fields"": ""Directly retained from the complete frozen CSV row."", ""valid_interval"": ""listing through the registry snapshot horizon; not a claim about future exchange metadata.""}",https://docs.bitmex.com/api-explorer/get-instruments,f02a691c7f7cfd0cd08ffb7f13a656ebaf2c6ca6,5efe087416e4704a6cae2231fd79911f2b801a07ebd3363a2ac8aaecd2b1592e,Current snapshot version generated locally without network access.
EOSU18-SNAPSHOT-5bc9173b7707,EOSU18,BITMEX_INSTRUMENT_SNAPSHOT,2018-06-19T08:00:00Z,9999-12-31T00:00:00Z,LINEAR,EOS,XBT,XBT,XBT,1,EOS,100000000,OFFICIAL_EXPLICIT,,"{""multiplier_major"": ""1 / underlyingToPositionMultiplier from the frozen instrument row"", ""snapshot_fields"": ""Directly retained from the complete frozen CSV row."", ""valid_interval"": ""listing through the registry snapshot horizon; not a claim about future exchange metadata.""}",https://docs.bitmex.com/api-explorer/get-instruments,f02a691c7f7cfd0cd08ffb7f13a656ebaf2c6ca6,5bc9173b770774fafe09a40663570b599041f649f92f4ad321e363354ef0ac6f,Current snapshot version generated locally without network access.
EOSU19-SNAPSHOT-29ccccec37e2,EOSU19,BITMEX_INSTRUMENT_SNAPSHOT,2019-06-14T08:00:00Z,9999-12-31T00:00:00Z,LINEAR,EOS,XBT,XBT,XBT,1,EOS,100000000,OFFICIAL_EXPLICIT,,"{""multiplier_major"": ""1 / underlyingToPositionMultiplier from the frozen instrument row"", ""snapshot_fields"": ""Directly retained from the complete frozen CSV row."", ""valid_interval"": ""listing through the registry snapshot horizon; not a claim about future exchange metadata.""}",https://docs.bitmex.com/api-explorer/get-instruments,f02a691c7f7cfd0cd08ffb7f13a656ebaf2c6ca6,29ccccec37e26451259b9c95ccd76081010fb14f8ea160c90c91c999aa7bb149,Current snapshot version generated locally without network access.
EOSU20-SNAPSHOT-099be6a831f2,EOSU20,BITMEX_INSTRUMENT_SNAPSHOT,2020-06-12T08:00:00Z,9999-12-31T00:00:00Z,LINEAR,EOS,XBT,XBT,XBT,1,EOS,100000000,OFFICIAL_EXPLICIT,,"{""multiplier_major"": ""1 / underlyingToPositionMultiplier from the frozen instrument row"", ""snapshot_fields"": ""Directly retained from the complete frozen CSV row."", ""valid_interval"": ""listing through the registry snapshot horizon; not a claim about future exchange metadata.""}",https://docs.bitmex.com/api-explorer/get-instruments,f02a691c7f7cfd0cd08ffb7f13a656ebaf2c6ca6,099be6a831f2971f40ad27deda22fb4c2f413dea516df75b76a8705081c96b54,Current snapshot version generated locally without network access.
EOSU21-SNAPSHOT-7fa052e32897,EOSU21,BITMEX_INSTRUMENT_SNAPSHOT,2021-06-16T08:00:00Z,9999-12-31T00:00:00Z,LINEAR,EOS,XBT,XBT,XBT,1,EOS,100000000,OFFICIAL_EXPLICIT,,"{""multiplier_major"": ""1 / underlyingToPositionMultiplier from the frozen instrument row"", ""snapshot_fields"": ""Directly retained from the complete frozen CSV row."", ""valid_interval"": ""listing through the registry snapshot horizon; not a claim about future exchange metadata.""}",https://docs.bitmex.com/api-explorer/get-instruments,f02a691c7f7cfd0cd08ffb7f13a656ebaf2c6ca6,7fa052e32897c2811f064a4ece7def3fcba0b130b90f6d4116ab54456e638cf8,Current snapshot version generated locally without network access.
EOSUSD-SNAPSHOT-e47ef37681dc,EOSUSD,BITMEX_INSTRUMENT_SNAPSHOT,2021-10-20T04:00:00Z,9999-12-31T00:00:00Z,QUANTO,EOS,USD,XBT,XBT,0.0001,XBT,10000,OFFICIAL_EXPLICIT,,"{""multiplier_major"": ""multiplier / 100000000 XBt per the frozen BitMEX instrument snapshot"", ""snapshot_fields"": ""Directly retained from the complete frozen CSV row."", ""valid_interval"": ""listing through the registry snapshot horizon; not a claim about future exchange metadata.""}",https://docs.bitmex.com/api-explorer/get-instruments,f02a691c7f7cfd0cd08ffb7f13a656ebaf2c6ca6,e47ef37681dcc74ce7662755e21b05235cd488d32a7a82df59ca4e7703c84f6b,Current snapshot version generated locally without network access.
EOSUSDT-SNAPSHOT-8888dd451a85,EOSUSDT,BITMEX_INSTRUMENT_SNAPSHOT,2022-02-23T04:00:00Z,9999-12-31T00:00:00Z,LINEAR,EOS,USDT,USDT,USDT,0.001,EOS,1000,OFFICIAL_EXPLICIT,,"{""multiplier_major"": ""1 / underlyingToPositionMultiplier from the frozen instrument row"", ""snapshot_fields"": ""Directly retained from the complete frozen CSV row."", ""valid_interval"": ""listing through the registry snapshot horizon; not a claim about future exchange metadata.""}",https://docs.bitmex.com/api-explorer/get-instruments,f02a691c7f7cfd0cd08ffb7f13a656ebaf2c6ca6,8888dd451a85308ca139df397a11a75ea08d20d3abd0f1b970774ba7b9cb311b,Current snapshot version generated locally without network access.
EOSUSDTH21-SNAPSHOT-2f448eb3e289,EOSUSDTH21,BITMEX_INSTRUMENT_SNAPSHOT,2020-12-11T08:00:00Z,9999-12-31T00:00:00Z,QUANTO,EOS,USDT,XBT,XBT,0.0001,XBT,10000,OFFICIAL_EXPLICIT,,"{""multiplier_major"": ""multiplier / 100000000 XBt per the frozen BitMEX instrument snapshot"", ""snapshot_fields"": ""Directly retained from the complete frozen CSV row."", ""valid_interval"": ""listing through the registry snapshot horizon; not a claim about future exchange metadata.""}",https://docs.bitmex.com/api-explorer/get-instruments,f02a691c7f7cfd0cd08ffb7f13a656ebaf2c6ca6,2f448eb3e289edf4cd29ea9ae2d09b8eed4cc286923c9c63592c5667619877f5,Current snapshot version generated locally without network access.
EOSUSDTZ20-SNAPSHOT-1c7b4628e5bb,EOSUSDTZ20,BITMEX_INSTRUMENT_SNAPSHOT,2020-09-11T08:00:00Z,9999-12-31T00:00:00Z,QUANTO,EOS,USDT,XBT,XBT,0.0001,XBT,10000,OFFICIAL_EXPLICIT,,"{""multiplier_major"": ""multiplier / 100000000 XBt per the frozen BitMEX instrument snapshot"", ""snapshot_fields"": ""Directly retained from the complete frozen CSV row."", ""valid_interval"": ""listing through the registry snapshot horizon; not a claim about future exchange metadata.""}",https://docs.bitmex.com/api-explorer/get-instruments,f02a691c7f7cfd0cd08ffb7f13a656ebaf2c6ca6,1c7b4628e5bb8b438bfadeb2a566ade6c3536030133c9c5fcb7bdeb5407646e6,Current snapshot version generated locally without network access.
EOSZ18-SNAPSHOT-b3c7e6246d50,EOSZ18,BITMEX_INSTRUMENT_SNAPSHOT,2018-09-21T02:00:00Z,9999-12-31T00:00:00Z,LINEAR,EOS,XBT,XBT,XBT,1,EOS,100000000,OFFICIAL_EXPLICIT,,"{""multiplier_major"": ""1 / underlyingToPositionMultiplier from the frozen instrument row"", ""snapshot_fields"": ""Directly retained from the complete frozen CSV row."", ""valid_interval"": ""listing through the registry snapshot horizon; not a claim about future exchange metadata.""}",https://docs.bitmex.com/api-explorer/get-instruments,f02a691c7f7cfd0cd08ffb7f13a656ebaf2c6ca6,b3c7e6246d50c200f6e6999eea665653b7f094e2a53962a6ee77d00357441d47,Current snapshot version generated locally without network access.
EOSZ19-SNAPSHOT-0e166210145d,EOSZ19,BITMEX_INSTRUMENT_SNAPSHOT,2019-09-13T08:00:00Z,9999-12-31T00:00:00Z,LINEAR,EOS,XBT,XBT,XBT,1,EOS,100000000,OFFICIAL_EXPLICIT,,"{""multiplier_major"": ""1 / underlyingToPositionMultiplier from the frozen instrument row"", ""snapshot_fields"": ""Directly retained from the complete frozen CSV row."", ""valid_interval"": ""listing through the registry snapshot horizon; not a claim about future exchange metadata.""}",https://docs.bitmex.com/api-explorer/get-instruments,f02a691c7f7cfd0cd08ffb7f13a656ebaf2c6ca6,0e166210145dce4111a0b6015921e24c40f27c3cb6668ef519c281f06553520f,Current snapshot version generated locally without network access.
EOSZ20-SNAPSHOT-199a461c89a4,EOSZ20,BITMEX_INSTRUMENT_SNAPSHOT,2020-09-11T08:00:00Z,9999-12-31T00:00:00Z,LINEAR,EOS,XBT,XBT,XBT,1,EOS,100000000,OFFICIAL_EXPLICIT,,"{""multiplier_major"": ""1 / underlyingToPositionMultiplier from the frozen instrument row"", ""snapshot_fields"": ""Directly retained from the complete frozen CSV row."", ""valid_interval"": ""listing through the registry snapshot horizon; not a claim about future exchange metadata.""}",https://docs.bitmex.com/api-explorer/get-instruments,f02a691c7f7cfd0cd08ffb7f13a656ebaf2c6ca6,199a461c89a48c25f8927d1d74dcd9ac27e9831bd4b3236c98a4c565c927d02e,Current snapshot version generated locally without network access.
EOSZ21-SNAPSHOT-b54ea0212369,EOSZ21,BITMEX_INSTRUMENT_SNAPSHOT,2021-09-15T04:00:00Z,9999-12-31T00:00:00Z,LINEAR,EOS,XBT,XBT,XBT,0.00000001,EOS,1,OFFICIAL_EXPLICIT,,"{""multiplier_major"": ""1 / underlyingToPositionMultiplier from the frozen instrument row"", ""snapshot_fields"": ""Directly retained from the complete frozen CSV row."", ""valid_interval"": ""listing through the registry snapshot horizon; not a claim about future exchange metadata.""}",https://docs.bitmex.com/api-explorer/get-instruments,f02a691c7f7cfd0cd08ffb7f13a656ebaf2c6ca6,b54ea021236977c248151b8caa9dc51b6044fef26e314c73cff08132bf0c9f2a,Current snapshot version generated locally without network access.
ETC24H-SNAPSHOT-9af287bacecd,ETC24H,BITMEX_INSTRUMENT_SNAPSHOT,2016-07-28T12:00:00Z,9999-12-31T00:00:00Z,LINEAR,ETC,XBT,XBT,XBT,1,ETC,100000000,OFFICIAL_EXPLICIT,,"{""multiplier_major"": ""1 / underlyingToPositionMultiplier from the frozen instrument row"", ""snapshot_fields"": ""Directly retained from the complete frozen CSV row."", ""valid_interval"": ""listing through the registry snapshot horizon; not a claim about future exchange metadata.""}",https://docs.bitmex.com/api-explorer/get-instruments,f02a691c7f7cfd0cd08ffb7f13a656ebaf2c6ca6,9af287bacecdabcd5fde705bd07df70109c04feddc4151fba041ae863d9fc703,Current snapshot version generated locally without network access.
ETC7D-SNAPSHOT-74ea4359d601,ETC7D,BITMEX_INSTRUMENT_SNAPSHOT,2018-03-23T12:00:00Z,9999-12-31T00:00:00Z,LINEAR,ETC,XBT,XBT,XBT,1,ETC,100000000,OFFICIAL_EXPLICIT,,"{""multiplier_major"": ""1 / underlyingToPositionMultiplier from the frozen instrument row"", ""snapshot_fields"": ""Directly retained from the complete frozen CSV row."", ""valid_interval"": ""listing through the registry snapshot horizon; not a claim about future exchange metadata.""}",https://docs.bitmex.com/api-explorer/get-instruments,f02a691c7f7cfd0cd08ffb7f13a656ebaf2c6ca6,74ea4359d60175c39ec3485a3afa692ac0a3a7114a5f10603059799b02854ad1,Current snapshot version generated locally without network access.
ETH7D-SNAPSHOT-b2b4c3dc1bb2,ETH7D,BITMEX_INSTRUMENT_SNAPSHOT,2017-03-17T12:00:00Z,9999-12-31T00:00:00Z,LINEAR,ETH,XBT,XBT,XBT,1,ETH,100000000,OFFICIAL_EXPLICIT,,"{""multiplier_major"": ""1 / underlyingToPositionMultiplier from the frozen instrument row"", ""snapshot_fields"": ""Directly retained from the complete frozen CSV row."", ""valid_interval"": ""listing through the registry snapshot horizon; not a claim about future exchange metadata.""}",https://docs.bitmex.com/api-explorer/get-instruments,f02a691c7f7cfd0cd08ffb7f13a656ebaf2c6ca6,b2b4c3dc1bb22e3f0787130ac1285513df0ab0322bcc2427f620eb89324d2ead,Current snapshot version generated locally without network access.
ETHFIUSDTH24-SNAPSHOT-64a04ad810fa,ETHFIUSDTH24,BITMEX_INSTRUMENT_SNAPSHOT,2024-03-14T04:00:00Z,9999-12-31T00:00:00Z,LINEAR,ETHFI,USDT,USDT,USDT,1,ETHFI,1000000,OFFICIAL_EXPLICIT,,"{""multiplier_major"": ""1 / underlyingToPositionMultiplier from the frozen instrument row"", ""snapshot_fields"": ""Directly retained from the complete frozen CSV row."", ""valid_interval"": ""listing through the registry snapshot horizon; not a claim about future exchange metadata.""}",https://docs.bitmex.com/api-explorer/get-instruments,f02a691c7f7cfd0cd08ffb7f13a656ebaf2c6ca6,64a04ad810fa650371ea9eb4220bd042f5ac44d738cf5d78a107d9b1b0830dc0,Current snapshot version generated locally without network access.
ETHH18-SNAPSHOT-6a8c2c016a92,ETHH18,BITMEX_INSTRUMENT_SNAPSHOT,2017-12-15T04:00:00Z,9999-12-31T00:00:00Z,LINEAR,ETH,XBT,XBT,XBT,1,ETH,100000000,OFFICIAL_EXPLICIT,,"{""multiplier_major"": ""1 / underlyingToPositionMultiplier from the frozen instrument row"", ""snapshot_fields"": ""Directly retained from the complete frozen CSV row."", ""valid_interval"": ""listing through the registry snapshot horizon; not a claim about future exchange metadata.""}",https://docs.bitmex.com/api-explorer/get-instruments,f02a691c7f7cfd0cd08ffb7f13a656ebaf2c6ca6,6a8c2c016a925c343ca4076dc91ea0f634948e0e28071040a3b6855c1c8f70ff,Current snapshot version generated locally without network access.
ETHH19-SNAPSHOT-2bc1319622dc,ETHH19,BITMEX_INSTRUMENT_SNAPSHOT,2018-12-17T04:00:00Z,9999-12-31T00:00:00Z,LINEAR,ETH,XBT,XBT,XBT,1,ETH,100000000,OFFICIAL_EXPLICIT,,"{""multiplier_major"": ""1 / underlyingToPositionMultiplier from the frozen instrument row"", ""snapshot_fields"": ""Directly retained from the complete frozen CSV row."", ""valid_interval"": ""listing through the registry snapshot horizon; not a claim about future exchange metadata.""}",https://docs.bitmex.com/api-explorer/get-instruments,f02a691c7f7cfd0cd08ffb7f13a656ebaf2c6ca6,2bc1319622dc03a8e166fcbbeb53e87d34fe5db8e9e5f5183d190384e8280c3c,Current snapshot version generated locally without network access.
ETHH20-SNAPSHOT-c5098c148c69,ETHH20,BITMEX_INSTRUMENT_SNAPSHOT,2019-12-13T08:00:00Z,9999-12-31T00:00:00Z,LINEAR,ETH,XBT,XBT,XBT,1,ETH,100000000,OFFICIAL_EXPLICIT,,"{""multiplier_major"": ""1 / underlyingToPositionMultiplier from the frozen instrument row"", ""snapshot_fields"": ""Directly retained from the complete frozen CSV row."", ""valid_interval"": ""listing through the registry snapshot horizon; not a claim about future exchange metadata.""}",https://docs.bitmex.com/api-explorer/get-instruments,f02a691c7f7cfd0cd08ffb7f13a656ebaf2c6ca6,c5098c148c69ce94a3c1af6360d12854a0b06dd13052b29ca4f486e90a0c7839,Current snapshot version generated locally without network access.
ETHH21-SNAPSHOT-7defb7df634a,ETHH21,BITMEX_INSTRUMENT_SNAPSHOT,2020-12-11T08:00:00Z,9999-12-31T00:00:00Z,LINEAR,ETH,XBT,XBT,XBT,1,ETH,100000000,OFFICIAL_EXPLICIT,,"{""multiplier_major"": ""1 / underlyingToPositionMultiplier from the frozen instrument row"", ""snapshot_fields"": ""Directly retained from the complete frozen CSV row."", ""valid_interval"": ""listing through the registry snapshot horizon; not a claim about future exchange metadata.""}",https://docs.bitmex.com/api-explorer/get-instruments,f02a691c7f7cfd0cd08ffb7f13a656ebaf2c6ca6,7defb7df634a8df997bff8deca786b6a9b372610cc8a4306919c468f6b2598a2,Current snapshot version generated locally without network access.
ETHH22-SNAPSHOT-8fa76ee571cd,ETHH22,BITMEX_INSTRUMENT_SNAPSHOT,2021-12-22T04:00:00Z,9999-12-31T00:00:00Z,LINEAR,ETH,XBT,XBT,XBT,0.00001,ETH,1000,OFFICIAL_EXPLICIT,,"{""multiplier_major"": ""1 / underlyingToPositionMultiplier from the frozen instrument row"", ""snapshot_fields"": ""Directly retained from the complete frozen CSV row."", ""valid_interval"": ""listing through the registry snapshot horizon; not a claim about future exchange metadata.""}",https://docs.bitmex.com/api-explorer/get-instruments,f02a691c7f7cfd0cd08ffb7f13a656ebaf2c6ca6,8fa76ee571cd801c53e9b99b1063d3971560d9c6c83938f30df1b0168d61bb7a,Current snapshot version generated locally without network access.
ETHH23-SNAPSHOT-0bb6b2ebf515,ETHH23,BITMEX_INSTRUMENT_SNAPSHOT,2022-12-14T04:00:00Z,9999-12-31T00:00:00Z,LINEAR,ETH,XBT,XBT,XBT,0.00001,ETH,1000,OFFICIAL_EXPLICIT,,"{""multiplier_major"": ""1 / underlyingToPositionMultiplier from the frozen instrument row"", ""snapshot_fields"": ""Directly retained from the complete frozen CSV row."", ""valid_interval"": ""listing through the registry snapshot horizon; not a claim about future exchange metadata.""}",https://docs.bitmex.com/api-explorer/get-instruments,f02a691c7f7cfd0cd08ffb7f13a656ebaf2c6ca6,0bb6b2ebf5159f4c564d6611fb86c0f3b5ea95875b3d30e5c0809c3729e882c6,Current snapshot version generated locally without network access.
ETHH24-SNAPSHOT-5379934736a4,ETHH24,BITMEX_INSTRUMENT_SNAPSHOT,2023-12-12T04:00:00Z,9999-12-31T00:00:00Z,LINEAR,ETH,XBT,XBT,XBT,0.00001,ETH,1000,OFFICIAL_EXPLICIT,,"{""multiplier_major"": ""1 / underlyingToPositionMultiplier from the frozen instrument row"", ""snapshot_fields"": ""Directly retained from the complete frozen CSV row."", ""valid_interval"": ""listing through the registry snapshot horizon; not a claim about future exchange metadata.""}",https://docs.bitmex.com/api-explorer/get-instruments,f02a691c7f7cfd0cd08ffb7f13a656ebaf2c6ca6,5379934736a46e78abc895072a7a2e7ff48293b8d25f30d9e0bc843a4bf276a3,Current snapshot version generated locally without network access.
ETHH25-SNAPSHOT-40f7520bc90c,ETHH25,BITMEX_INSTRUMENT_SNAPSHOT,2024-12-10T04:00:00Z,9999-12-31T00:00:00Z,LINEAR,ETH,XBT,XBT,XBT,0.00001,ETH,1000,OFFICIAL_EXPLICIT,,"{""multiplier_major"": ""1 / underlyingToPositionMultiplier from the frozen instrument row"", ""snapshot_fields"": ""Directly retained from the complete frozen CSV row."", ""valid_interval"": ""listing through the registry snapshot horizon; not a claim about future exchange metadata.""}",https://docs.bitmex.com/api-explorer/get-instruments,f02a691c7f7cfd0cd08ffb7f13a656ebaf2c6ca6,40f7520bc90c6edbb1ed655fb816f56a223792570ae077c009dae98d835c6488,Current snapshot version generated locally without network access.
ETHH26-SNAPSHOT-6a8d5bfec8d1,ETHH26,BITMEX_INSTRUMENT_SNAPSHOT,2025-12-09T04:00:00Z,9999-12-31T00:00:00Z,LINEAR,ETH,XBT,XBT,XBT,0.00001,ETH,1000,OFFICIAL_EXPLICIT,,"{""multiplier_major"": ""1 / underlyingToPositionMultiplier from the frozen instrument row"", ""snapshot_fields"": ""Directly retained from the complete frozen CSV row."", ""valid_interval"": ""listing through the registry snapshot horizon; not a claim about future exchange metadata.""}",https://docs.bitmex.com/api-explorer/get-instruments,f02a691c7f7cfd0cd08ffb7f13a656ebaf2c6ca6,6a8d5bfec8d18a6a846c00c1908991c92448f4ae8876b1b492fdff9eee382ead,Current snapshot version generated locally without network access.
ETHJ17-SNAPSHOT-618c6fc2c26a,ETHJ17,BITMEX_INSTRUMENT_SNAPSHOT,2017-03-24T02:00:00Z,9999-12-31T00:00:00Z,LINEAR,ETH,XBT,XBT,XBT,1,ETH,100000000,OFFICIAL_EXPLICIT,,"{""multiplier_major"": ""1 / underlyingToPositionMultiplier from the frozen instrument row"", ""snapshot_fields"": ""Directly retained from the complete frozen CSV row."", ""valid_interval"": ""listing through the registry snapshot horizon; not a claim about future exchange metadata.""}",https://docs.bitmex.com/api-explorer/get-instruments,f02a691c7f7cfd0cd08ffb7f13a656ebaf2c6ca6,618c6fc2c26ae90a83dce0684313b396eae83744b9b6a97b32b455063206c55b,Current snapshot version generated locally without network access.
ETHM17-SNAPSHOT-3f896b53793b,ETHM17,BITMEX_INSTRUMENT_SNAPSHOT,2017-04-27T07:00:00Z,9999-12-31T00:00:00Z,LINEAR,ETH,XBT,XBT,XBT,1,ETH,100000000,OFFICIAL_EXPLICIT,,"{""multiplier_major"": ""1 / underlyingToPositionMultiplier from the frozen instrument row"", ""snapshot_fields"": ""Directly retained from the complete frozen CSV row."", ""valid_interval"": ""listing through the registry snapshot horizon; not a claim about future exchange metadata.""}",https://docs.bitmex.com/api-explorer/get-instruments,f02a691c7f7cfd0cd08ffb7f13a656ebaf2c6ca6,3f896b53793be5d6effa10bdea1d7c14c2c9ddae8c3403bff933aabf6e1a0d83,Current snapshot version generated locally without network access.
ETHM18-SNAPSHOT-dfdd5e5c4d93,ETHM18,BITMEX_INSTRUMENT_SNAPSHOT,2018-03-29T04:00:00Z,9999-12-31T00:00:00Z,LINEAR,ETH,XBT,XBT,XBT,1,ETH,100000000,OFFICIAL_EXPLICIT,,"{""multiplier_major"": ""1 / underlyingToPositionMultiplier from the frozen instrument row"", ""snapshot_fields"": ""Directly retained from the complete frozen CSV row."", ""valid_interval"": ""listing through the registry snapshot horizon; not a claim about future exchange metadata.""}",https://docs.bitmex.com/api-explorer/get-instruments,f02a691c7f7cfd0cd08ffb7f13a656ebaf2c6ca6,dfdd5e5c4d938c7fc19bf0ebc4eaffc85ad0a669a0cf20cb6b98b7dc7929aa58,Current snapshot version generated locally without network access.
ETHM19-SNAPSHOT-41ca0fbd7be1,ETHM19,BITMEX_INSTRUMENT_SNAPSHOT,2019-03-15T08:00:00Z,9999-12-31T00:00:00Z,LINEAR,ETH,XBT,XBT,XBT,1,ETH,100000000,OFFICIAL_EXPLICIT,,"{""multiplier_major"": ""1 / underlyingToPositionMultiplier from the frozen instrument row"", ""snapshot_fields"": ""Directly retained from the complete frozen CSV row."", ""valid_interval"": ""listing through the registry snapshot horizon; not a claim about future exchange metadata.""}",https://docs.bitmex.com/api-explorer/get-instruments,f02a691c7f7cfd0cd08ffb7f13a656ebaf2c6ca6,41ca0fbd7be1687af062dfd2bb304b049f792e9e7387e105b12bf7f1672fbaee,Current snapshot version generated locally without network access.
ETHM20-SNAPSHOT-e10ab8d3f989,ETHM20,BITMEX_INSTRUMENT_SNAPSHOT,2020-03-13T08:00:00Z,9999-12-31T00:00:00Z,LINEAR,ETH,XBT,XBT,XBT,1,ETH,100000000,OFFICIAL_EXPLICIT,,"{""multiplier_major"": ""1 / underlyingToPositionMultiplier from the frozen instrument row"", ""snapshot_fields"": ""Directly retained from the complete frozen CSV row."", ""valid_interval"": ""listing through the registry snapshot horizon; not a claim about future exchange metadata.""}",https://docs.bitmex.com/api-explorer/get-instruments,f02a691c7f7cfd0cd08ffb7f13a656ebaf2c6ca6,e10ab8d3f989c5b2f3b579e2061818eb6daf6fcff58b6d3845e6a2f2e160b4db,Current snapshot version generated locally without network access.
ETHM21-SNAPSHOT-dc0dfcb3573d,ETHM21,BITMEX_INSTRUMENT_SNAPSHOT,2021-03-12T08:00:00Z,9999-12-31T00:00:00Z,LINEAR,ETH,XBT,XBT,XBT,1,ETH,100000000,OFFICIAL_EXPLICIT,,"{""multiplier_major"": ""1 / underlyingToPositionMultiplier from the frozen instrument row"", ""snapshot_fields"": ""Directly retained from the complete frozen CSV row."", ""valid_interval"": ""listing through the registry snapshot horizon; not a claim about future exchange metadata.""}",https://docs.bitmex.com/api-explorer/get-instruments,f02a691c7f7cfd0cd08ffb7f13a656ebaf2c6ca6,dc0dfcb3573d929dbd09367d59a465fde8fc66d89ed2f77d2b5d6957645ee6d8,Current snapshot version generated locally without network access.
ETHM22-SNAPSHOT-0d7168f2d9ea,ETHM22,BITMEX_INSTRUMENT_SNAPSHOT,2022-03-16T04:00:00Z,9999-12-31T00:00:00Z,LINEAR,ETH,XBT,XBT,XBT,0.00001,ETH,1000,OFFICIAL_EXPLICIT,,"{""multiplier_major"": ""1 / underlyingToPositionMultiplier from the frozen instrument row"", ""snapshot_fields"": ""Directly retained from the complete frozen CSV row."", ""valid_interval"": ""listing through the registry snapshot horizon; not a claim about future exchange metadata.""}",https://docs.bitmex.com/api-explorer/get-instruments,f02a691c7f7cfd0cd08ffb7f13a656ebaf2c6ca6,0d7168f2d9ea3bbd5778265c7b2ac469528666dc8258359071cc1f2c13e610fe,Current snapshot version generated locally without network access.
ETHM23-SNAPSHOT-e98676f78b44,ETHM23,BITMEX_INSTRUMENT_SNAPSHOT,2023-03-14T04:00:00Z,9999-12-31T00:00:00Z,LINEAR,ETH,XBT,XBT,XBT,0.00001,ETH,1000,OFFICIAL_EXPLICIT,,"{""multiplier_major"": ""1 / underlyingToPositionMultiplier from the frozen instrument row"", ""snapshot_fields"": ""Directly retained from the complete frozen CSV row."", ""valid_interval"": ""listing through the registry snapshot horizon; not a claim about future exchange metadata.""}",https://docs.bitmex.com/api-explorer/get-instruments,f02a691c7f7cfd0cd08ffb7f13a656ebaf2c6ca6,e98676f78b449b3543635dff12de01c61d44c8ec1674f20f8c5e1634a5553934,Current snapshot version generated locally without network access.
ETHM24-SNAPSHOT-56d43ae69704,ETHM24,BITMEX_INSTRUMENT_SNAPSHOT,2024-03-12T04:00:00Z,9999-12-31T00:00:00Z,LINEAR,ETH,XBT,XBT,XBT,0.00001,ETH,1000,OFFICIAL_EXPLICIT,,"{""multiplier_major"": ""1 / underlyingToPositionMultiplier from the frozen instrument row"", ""snapshot_fields"": ""Directly retained from the complete frozen CSV row."", ""valid_interval"": ""listing through the registry snapshot horizon; not a claim about future exchange metadata.""}",https://docs.bitmex.com/api-explorer/get-instruments,f02a691c7f7cfd0cd08ffb7f13a656ebaf2c6ca6,56d43ae697045136dd5fb728223a16a5b9fb3e6e7d4b3e41f780cebfb6634d3b,Current snapshot version generated locally without network access.
ETHM25-SNAPSHOT-2c79c011d5df,ETHM25,BITMEX_INSTRUMENT_SNAPSHOT,2025-03-11T04:00:00Z,9999-12-31T00:00:00Z,LINEAR,ETH,XBT,XBT,XBT,0.00001,ETH,1000,OFFICIAL_EXPLICIT,,"{""multiplier_major"": ""1 / underlyingToPositionMultiplier from the frozen instrument row"", ""snapshot_fields"": ""Directly retained from the complete frozen CSV row."", ""valid_interval"": ""listing through the registry snapshot horizon; not a claim about future exchange metadata.""}",https://docs.bitmex.com/api-explorer/get-instruments,f02a691c7f7cfd0cd08ffb7f13a656ebaf2c6ca6,2c79c011d5dfdc8d1bdcbf63871d31f4093da02417f5d619ee2c9a19f7d44d4b,Current snapshot version generated locally without network access.
ETHM26-SNAPSHOT-9d49cd4e0acb,ETHM26,BITMEX_INSTRUMENT_SNAPSHOT,2026-03-10T04:00:00Z,9999-12-31T00:00:00Z,LINEAR,ETH,XBT,XBT,XBT,0.00001,ETH,1000,OFFICIAL_EXPLICIT,,"{""multiplier_major"": ""1 / underlyingToPositionMultiplier from the frozen instrument row"", ""snapshot_fields"": ""Directly retained from the complete frozen CSV row."", ""valid_interval"": ""listing through the registry snapshot horizon; not a claim about future exchange metadata.""}",https://docs.bitmex.com/api-explorer/get-instruments,f02a691c7f7cfd0cd08ffb7f13a656ebaf2c6ca6,9d49cd4e0acbafc70a6174d7ffa59a1d455d78b4a787583ee10ee84df0167a45,Current snapshot version generated locally without network access.
ETHPOWZ22-SNAPSHOT-0642f8353f90,ETHPOWZ22,BITMEX_INSTRUMENT_SNAPSHOT,2022-08-09T12:00:00Z,9999-12-31T00:00:00Z,LINEAR,ETHPOW,USDT,USDT,USDT,0.00001,ETHPOW,10,OFFICIAL_EXPLICIT,,"{""multiplier_major"": ""1 / underlyingToPositionMultiplier from the frozen instrument row"", ""snapshot_fields"": ""Directly retained from the complete frozen CSV row."", ""valid_interval"": ""listing through the registry snapshot horizon; not a claim about future exchange metadata.""}",https://docs.bitmex.com/api-explorer/get-instruments,f02a691c7f7cfd0cd08ffb7f13a656ebaf2c6ca6,0642f8353f90637220fb8a4c68746d4d762f81b631a5535ed92e92789ec730ba,Current snapshot version generated locally without network access.
ETHU17-SNAPSHOT-2c9ac9fd9db4,ETHU17,BITMEX_INSTRUMENT_SNAPSHOT,2017-06-16T08:00:00Z,9999-12-31T00:00:00Z,LINEAR,ETH,XBT,XBT,XBT,1,ETH,100000000,OFFICIAL_EXPLICIT,,"{""multiplier_major"": ""1 / underlyingToPositionMultiplier from the frozen instrument row"", ""snapshot_fields"": ""Directly retained from the complete frozen CSV row."", ""valid_interval"": ""listing through the registry snapshot horizon; not a claim about future exchange metadata.""}",https://docs.bitmex.com/api-explorer/get-instruments,f02a691c7f7cfd0cd08ffb7f13a656ebaf2c6ca6,2c9ac9fd9db49444a8a9619558d0b49a9582daae1dcbeae6b258063f46960d05,Current snapshot version generated locally without network access.
ETHU18-SNAPSHOT-1310f38677d7,ETHU18,BITMEX_INSTRUMENT_SNAPSHOT,2018-06-19T08:00:00Z,9999-12-31T00:00:00Z,LINEAR,ETH,XBT,XBT,XBT,1,ETH,100000000,OFFICIAL_EXPLICIT,,"{""multiplier_major"": ""1 / underlyingToPositionMultiplier from the frozen instrument row"", ""snapshot_fields"": ""Directly retained from the complete frozen CSV row."", ""valid_interval"": ""listing through the registry snapshot horizon; not a claim about future exchange metadata.""}",https://docs.bitmex.com/api-explorer/get-instruments,f02a691c7f7cfd0cd08ffb7f13a656ebaf2c6ca6,1310f38677d74e2b2bb89cbdabc022f261e97d57897b34071c15c0ef8af274e3,Current snapshot version generated locally without network access.
ETHU19-SNAPSHOT-ff51a514001f,ETHU19,BITMEX_INSTRUMENT_SNAPSHOT,2019-06-14T08:00:00Z,9999-12-31T00:00:00Z,LINEAR,ETH,XBT,XBT,XBT,1,ETH,100000000,OFFICIAL_EXPLICIT,,"{""multiplier_major"": ""1 / underlyingToPositionMultiplier from the frozen instrument row"", ""snapshot_fields"": ""Directly retained from the complete frozen CSV row."", ""valid_interval"": ""listing through the registry snapshot horizon; not a claim about future exchange metadata.""}",https://docs.bitmex.com/api-explorer/get-instruments,f02a691c7f7cfd0cd08ffb7f13a656ebaf2c6ca6,ff51a514001f5ce4a1db009ff806d6cf7cf0189cf72c4ddb2bf70b996a0af0dd,Current snapshot version generated locally without network access.
ETHU20-SNAPSHOT-811d2b4976e6,ETHU20,BITMEX_INSTRUMENT_SNAPSHOT,2020-06-12T08:00:00Z,9999-12-31T00:00:00Z,LINEAR,ETH,XBT,XBT,XBT,1,ETH,100000000,OFFICIAL_EXPLICIT,,"{""multiplier_major"": ""1 / underlyingToPositionMultiplier from the frozen instrument row"", ""snapshot_fields"": ""Directly retained from the complete frozen CSV row."", ""valid_interval"": ""listing through the registry snapshot horizon; not a claim about future exchange metadata.""}",https://docs.bitmex.com/api-explorer/get-instruments,f02a691c7f7cfd0cd08ffb7f13a656ebaf2c6ca6,811d2b4976e64842183fdeb20f10f9b61051ca743b4b8f06763daaaf39211deb,Current snapshot version generated locally without network access.
ETHU21-SNAPSHOT-8c4f587ec7d7,ETHU21,BITMEX_INSTRUMENT_SNAPSHOT,2021-06-16T08:00:00Z,9999-12-31T00:00:00Z,LINEAR,ETH,XBT,XBT,XBT,1,ETH,100000000,OFFICIAL_EXPLICIT,,"{""multiplier_major"": ""1 / underlyingToPositionMultiplier from the frozen instrument row"", ""snapshot_fields"": ""Directly retained from the complete frozen CSV row."", ""valid_interval"": ""listing through the registry snapshot horizon; not a claim about future exchange metadata.""}",https://docs.bitmex.com/api-explorer/get-instruments,f02a691c7f7cfd0cd08ffb7f13a656ebaf2c6ca6,8c4f587ec7d7c818aac611251f3e3c1b77bb311603a45803bc15efb70856a68c,Current snapshot version generated locally without network access.
ETHU22-SNAPSHOT-b2df3b9481d3,ETHU22,BITMEX_INSTRUMENT_SNAPSHOT,2022-06-15T04:00:00Z,9999-12-31T00:00:00Z,LINEAR,ETH,XBT,XBT,XBT,0.00001,ETH,1000,OFFICIAL_EXPLICIT,,"{""multiplier_major"": ""1 / underlyingToPositionMultiplier from the frozen instrument row"", ""snapshot_fields"": ""Directly retained from the complete frozen CSV row."", ""valid_interval"": ""listing through the registry snapshot horizon; not a claim about future exchange metadata.""}",https://docs.bitmex.com/api-explorer/get-instruments,f02a691c7f7cfd0cd08ffb7f13a656ebaf2c6ca6,b2df3b9481d3cd0cb0b7afccc6671efa4bd05fbd15060d9cb5158034c76affca,Current snapshot version generated locally without network access.
ETHU23-SNAPSHOT-99ec4261adc6,ETHU23,BITMEX_INSTRUMENT_SNAPSHOT,2023-06-14T04:00:00Z,9999-12-31T00:00:00Z,LINEAR,ETH,XBT,XBT,XBT,0.00001,ETH,1000,OFFICIAL_EXPLICIT,,"{""multiplier_major"": ""1 / underlyingToPositionMultiplier from the frozen instrument row"", ""snapshot_fields"": ""Directly retained from the complete frozen CSV row."", ""valid_interval"": ""listing through the registry snapshot horizon; not a claim about future exchange metadata.""}",https://docs.bitmex.com/api-explorer/get-instruments,f02a691c7f7cfd0cd08ffb7f13a656ebaf2c6ca6,99ec4261adc60f47e689e6165b40f223f5c020c9de378f1bc59b9a9349658e04,Current snapshot version generated locally without network access.
ETHU24-SNAPSHOT-8fd7ea95c5bf,ETHU24,BITMEX_INSTRUMENT_SNAPSHOT,2024-06-11T04:00:00Z,9999-12-31T00:00:00Z,LINEAR,ETH,XBT,XBT,XBT,0.00001,ETH,1000,OFFICIAL_EXPLICIT,,"{""multiplier_major"": ""1 / underlyingToPositionMultiplier from the frozen instrument row"", ""snapshot_fields"": ""Directly retained from the complete frozen CSV row."", ""valid_interval"": ""listing through the registry snapshot horizon; not a claim about future exchange metadata.""}",https://docs.bitmex.com/api-explorer/get-instruments,f02a691c7f7cfd0cd08ffb7f13a656ebaf2c6ca6,8fd7ea95c5bf6e5ae43a945b7af79624a14945bc35ef53c4cbe2be9ac975c4f6,Current snapshot version generated locally without network access.
ETHU25-SNAPSHOT-8f8037d3d3a2,ETHU25,BITMEX_INSTRUMENT_SNAPSHOT,2025-06-10T04:00:00Z,9999-12-31T00:00:00Z,LINEAR,ETH,XBT,XBT,XBT,0.00001,ETH,1000,OFFICIAL_EXPLICIT,,"{""multiplier_major"": ""1 / underlyingToPositionMultiplier from the frozen instrument row"", ""snapshot_fields"": ""Directly retained from the complete frozen CSV row."", ""valid_interval"": ""listing through the registry snapshot horizon; not a claim about future exchange metadata.""}",https://docs.bitmex.com/api-explorer/get-instruments,f02a691c7f7cfd0cd08ffb7f13a656ebaf2c6ca6,8f8037d3d3a2aae523edcaffa96e75b816041a6384c5d7302589effba6614a74,Current snapshot version generated locally without network access.
ETHU26-SNAPSHOT-739564dc68b8,ETHU26,BITMEX_INSTRUMENT_SNAPSHOT,2026-06-09T04:00:00Z,9999-12-31T00:00:00Z,LINEAR,ETH,XBT,XBT,XBT,0.00001,ETH,1000,OFFICIAL_EXPLICIT,,"{""multiplier_major"": ""1 / underlyingToPositionMultiplier from the frozen instrument row"", ""snapshot_fields"": ""Directly retained from the complete frozen CSV row."", ""valid_interval"": ""listing through the registry snapshot horizon; not a claim about future exchange metadata.""}",https://docs.bitmex.com/api-explorer/get-instruments,f02a691c7f7cfd0cd08ffb7f13a656ebaf2c6ca6,739564dc68b8e1ecd90b5892ae671fcde2d3b2ba37350f4f7b70ccfbd15cdcf0,Current snapshot version generated locally without network access.
ETHUSD-SNAPSHOT-ecbd6d823317,ETHUSD,BITMEX_INSTRUMENT_SNAPSHOT,2018-08-01T12:00:00Z,9999-12-31T00:00:00Z,QUANTO,ETH,USD,XBT,XBT,0.000001,XBT,100,OFFICIAL_EXPLICIT,,"{""multiplier_major"": ""multiplier / 100000000 XBt per the frozen BitMEX instrument snapshot"", ""snapshot_fields"": ""Directly retained from the complete frozen CSV row."", ""valid_interval"": ""listing through the registry snapshot horizon; not a claim about future exchange metadata.""}",https://docs.bitmex.com/api-explorer/get-instruments,f02a691c7f7cfd0cd08ffb7f13a656ebaf2c6ca6,ecbd6d823317777547f02b7d09e8673387a5cdd8b596abe6d266f8f33cb4dabf,Current snapshot version generated locally without network access.
ETHUSDH21-SNAPSHOT-ab54d8d93ab7,ETHUSDH21,BITMEX_INSTRUMENT_SNAPSHOT,2020-12-11T08:00:00Z,9999-12-31T00:00:00Z,QUANTO,ETH,USD,XBT,XBT,0.000001,XBT,100,OFFICIAL_EXPLICIT,,"{""multiplier_major"": ""multiplier / 100000000 XBt per the frozen BitMEX instrument snapshot"", ""snapshot_fields"": ""Directly retained from the complete frozen CSV row."", ""valid_interval"": ""listing through the registry snapshot horizon; not a claim about future exchange metadata.""}",https://docs.bitmex.com/api-explorer/get-instruments,f02a691c7f7cfd0cd08ffb7f13a656ebaf2c6ca6,ab54d8d93ab7a475d37fcdaae810ee86d0e441173962b271550a51ffa78ee5cb,Current snapshot version generated locally without network access.
ETHUSDH22-SNAPSHOT-bf6b6a166050,ETHUSDH22,BITMEX_INSTRUMENT_SNAPSHOT,2021-12-22T04:00:00Z,9999-12-31T00:00:00Z,QUANTO,ETH,USD,XBT,XBT,0.000001,XBT,100,OFFICIAL_EXPLICIT,,"{""multiplier_major"": ""multiplier / 100000000 XBt per the frozen BitMEX instrument snapshot"", ""snapshot_fields"": ""Directly retained from the complete frozen CSV row."", ""valid_interval"": ""listing through the registry snapshot horizon; not a claim about future exchange metadata.""}",https://docs.bitmex.com/api-explorer/get-instruments,f02a691c7f7cfd0cd08ffb7f13a656ebaf2c6ca6,bf6b6a16605020401ce92541613e2445bf166bff1867d37a2c28391124e322b5,Current snapshot version generated locally without network access.
ETHUSDH23-SNAPSHOT-e0371a0f8319,ETHUSDH23,BITMEX_INSTRUMENT_SNAPSHOT,2022-12-14T04:00:00Z,9999-12-31T00:00:00Z,QUANTO,ETH,USD,XBT,XBT,0.000001,XBT,100,OFFICIAL_EXPLICIT,,"{""multiplier_major"": ""multiplier / 100000000 XBt per the frozen BitMEX instrument snapshot"", ""snapshot_fields"": ""Directly retained from the complete frozen CSV row."", ""valid_interval"": ""listing through the registry snapshot horizon; not a claim about future exchange metadata.""}",https://docs.bitmex.com/api-explorer/get-instruments,f02a691c7f7cfd0cd08ffb7f13a656ebaf2c6ca6,e0371a0f83199dac9d94584676d7f9ec5d58028f51309501b920d60f3f42a996,Current snapshot version generated locally without network access.
ETHUSDH23_ETH-SNAPSHOT-deb3adb5389c,ETHUSDH23_ETH,BITMEX_INSTRUMENT_SNAPSHOT,2022-12-14T04:00:00Z,9999-12-31T00:00:00Z,INVERSE,ETH,USD,GWEI,GWEI,1,USD,-1000000000,OFFICIAL_EXPLICIT,,"{""multiplier_major"": ""multiplier / underlyingToSettleMultiplier from the frozen instrument row"", ""snapshot_fields"": ""Directly retained from the complete frozen CSV row."", ""valid_interval"": ""listing through the registry snapshot horizon; not a claim about future exchange metadata.""}",https://docs.bitmex.com/api-explorer/get-instruments,f02a691c7f7cfd0cd08ffb7f13a656ebaf2c6ca6,deb3adb5389cbb3fb5b1a56c3141e491fe7df0119ccdc53c138d8c9ae8c6cfa7,Current snapshot version generated locally without network access.
ETHUSDH24-SNAPSHOT-81e6de52a429,ETHUSDH24,BITMEX_INSTRUMENT_SNAPSHOT,2023-12-12T04:00:00Z,9999-12-31T00:00:00Z,QUANTO,ETH,USD,XBT,XBT,0.000001,XBT,100,OFFICIAL_EXPLICIT,,"{""multiplier_major"": ""multiplier / 100000000 XBt per the frozen BitMEX instrument snapshot"", ""snapshot_fields"": ""Directly retained from the complete frozen CSV row."", ""valid_interval"": ""listing through the registry snapshot horizon; not a claim about future exchange metadata.""}",https://docs.bitmex.com/api-explorer/get-instruments,f02a691c7f7cfd0cd08ffb7f13a656ebaf2c6ca6,81e6de52a42957d8dd2ae115c75d09c0a991b1b4e8d8792148153987134bd5c0,Current snapshot version generated locally without network access.
ETHUSDH25-SNAPSHOT-8ec17e71fdc1,ETHUSDH25,BITMEX_INSTRUMENT_SNAPSHOT,2024-12-10T04:00:00Z,9999-12-31T00:00:00Z,QUANTO,ETH,USD,XBT,XBT,0.000001,XBT,100,OFFICIAL_EXPLICIT,,"{""multiplier_major"": ""multiplier / 100000000 XBt per the frozen BitMEX instrument snapshot"", ""snapshot_fields"": ""Directly retained from the complete frozen CSV row."", ""valid_interval"": ""listing through the registry snapshot horizon; not a claim about future exchange metadata.""}",https://docs.bitmex.com/api-explorer/get-instruments,f02a691c7f7cfd0cd08ffb7f13a656ebaf2c6ca6,8ec17e71fdc1cce108f9a78daa1c29d343ae0d85b4603c330fed7436ff0bd2bd,Current snapshot version generated locally without network access.
ETHUSDH26-SNAPSHOT-dfbcdffbfe5b,ETHUSDH26,BITMEX_INSTRUMENT_SNAPSHOT,2025-12-09T04:00:00Z,9999-12-31T00:00:00Z,QUANTO,ETH,USD,XBT,XBT,0.000001,XBT,100,OFFICIAL_EXPLICIT,,"{""multiplier_major"": ""multiplier / 100000000 XBt per the frozen BitMEX instrument snapshot"", ""snapshot_fields"": ""Directly retained from the complete frozen CSV row."", ""valid_interval"": ""listing through the registry snapshot horizon; not a claim about future exchange metadata.""}",https://docs.bitmex.com/api-explorer/get-instruments,f02a691c7f7cfd0cd08ffb7f13a656ebaf2c6ca6,dfbcdffbfe5b90057a1d3edfc8ae51ec4f8550906f2cb1ee0db5282e54067e6f,Current snapshot version generated locally without network access.
ETHUSDM20-SNAPSHOT-3f7c92537da3,ETHUSDM20,BITMEX_INSTRUMENT_SNAPSHOT,2020-05-05T04:00:00Z,9999-12-31T00:00:00Z,QUANTO,ETH,USD,XBT,XBT,0.000001,XBT,100,OFFICIAL_EXPLICIT,,"{""multiplier_major"": ""multiplier / 100000000 XBt per the frozen BitMEX instrument snapshot"", ""snapshot_fields"": ""Directly retained from the complete frozen CSV row."", ""valid_interval"": ""listing through the registry snapshot horizon; not a claim about future exchange metadata.""}",https://docs.bitmex.com/api-explorer/get-instruments,f02a691c7f7cfd0cd08ffb7f13a656ebaf2c6ca6,3f7c92537da3eb735fdef95021fe7403b1a48d47a6231aa7e7d77dc394ad6ed0,Current snapshot version generated locally without network access.
ETHUSDM21-SNAPSHOT-9aac5f6e7913,ETHUSDM21,BITMEX_INSTRUMENT_SNAPSHOT,2021-03-12T08:00:00Z,9999-12-31T00:00:00Z,QUANTO,ETH,USD,XBT,XBT,0.000001,XBT,100,OFFICIAL_EXPLICIT,,"{""multiplier_major"": ""multiplier / 100000000 XBt per the frozen BitMEX instrument snapshot"", ""snapshot_fields"": ""Directly retained from the complete frozen CSV row."", ""valid_interval"": ""listing through the registry snapshot horizon; not a claim about future exchange metadata.""}",https://docs.bitmex.com/api-explorer/get-instruments,f02a691c7f7cfd0cd08ffb7f13a656ebaf2c6ca6,9aac5f6e79136db7289b16501ea9e0e0eb07ba3ea5c9ed6d82bfa563950fbf91,Current snapshot version generated locally without network access.
ETHUSDM22-SNAPSHOT-44828fbcc2e2,ETHUSDM22,BITMEX_INSTRUMENT_SNAPSHOT,2022-03-16T04:00:00Z,9999-12-31T00:00:00Z,QUANTO,ETH,USD,XBT,XBT,0.000001,XBT,100,OFFICIAL_EXPLICIT,,"{""multiplier_major"": ""multiplier / 100000000 XBt per the frozen BitMEX instrument snapshot"", ""snapshot_fields"": ""Directly retained from the complete frozen CSV row."", ""valid_interval"": ""listing through the registry snapshot horizon; not a claim about future exchange metadata.""}",https://docs.bitmex.com/api-explorer/get-instruments,f02a691c7f7cfd0cd08ffb7f13a656ebaf2c6ca6,44828fbcc2e205681b3ff7f03aa839c1d5801056d878acfef73f669130e6f1f9,Current snapshot version generated locally without network access.
ETHUSDM22_ETH-SNAPSHOT-7cb62a878cb5,ETHUSDM22_ETH,BITMEX_INSTRUMENT_SNAPSHOT,2022-05-31T04:00:00Z,9999-12-31T00:00:00Z,INVERSE,ETH,USD,GWEI,GWEI,1,USD,-1000000000,OFFICIAL_EXPLICIT,,"{""multiplier_major"": ""multiplier / underlyingToSettleMultiplier from the frozen instrument row"", ""snapshot_fields"": ""Directly retained from the complete frozen CSV row."", ""valid_interval"": ""listing through the registry snapshot horizon; not a claim about future exchange metadata.""}",https://docs.bitmex.com/api-explorer/get-instruments,f02a691c7f7cfd0cd08ffb7f13a656ebaf2c6ca6,7cb62a878cb52dc3679c264a1f7f4eb7a118285e4f88d73de6adb9b8695e91f3,Current snapshot version generated locally without network access.
ETHUSDM23-SNAPSHOT-697f38e08007,ETHUSDM23,BITMEX_INSTRUMENT_SNAPSHOT,2023-03-14T04:00:00Z,9999-12-31T00:00:00Z,QUANTO,ETH,USD,XBT,XBT,0.000001,XBT,100,OFFICIAL_EXPLICIT,,"{""multiplier_major"": ""multiplier / 100000000 XBt per the frozen BitMEX instrument snapshot"", ""snapshot_fields"": ""Directly retained from the complete frozen CSV row."", ""valid_interval"": ""listing through the registry snapshot horizon; not a claim about future exchange metadata.""}",https://docs.bitmex.com/api-explorer/get-instruments,f02a691c7f7cfd0cd08ffb7f13a656ebaf2c6ca6,697f38e08007353243ab0a1b6c5440465ed9889659fe902e88bc32bdd0724f61,Current snapshot version generated locally without network access.
ETHUSDM24-SNAPSHOT-88013a51e1b5,ETHUSDM24,BITMEX_INSTRUMENT_SNAPSHOT,2024-03-12T04:00:00Z,9999-12-31T00:00:00Z,QUANTO,ETH,USD,XBT,XBT,0.000001,XBT,100,OFFICIAL_EXPLICIT,,"{""multiplier_major"": ""multiplier / 100000000 XBt per the frozen BitMEX instrument snapshot"", ""snapshot_fields"": ""Directly retained from the complete frozen CSV row."", ""valid_interval"": ""listing through the registry snapshot horizon; not a claim about future exchange metadata.""}",https://docs.bitmex.com/api-explorer/get-instruments,f02a691c7f7cfd0cd08ffb7f13a656ebaf2c6ca6,88013a51e1b56386cf08b512f7adb8cf543bc1d12361a1cdad6faf4d4daa46a1,Current snapshot version generated locally without network access.
ETHUSDM25-SNAPSHOT-fef8e3867b96,ETHUSDM25,BITMEX_INSTRUMENT_SNAPSHOT,2025-03-11T04:00:00Z,9999-12-31T00:00:00Z,QUANTO,ETH,USD,XBT,XBT,0.000001,XBT,100,OFFICIAL_EXPLICIT,,"{""multiplier_major"": ""multiplier / 100000000 XBt per the frozen BitMEX instrument snapshot"", ""snapshot_fields"": ""Directly retained from the complete frozen CSV row."", ""valid_interval"": ""listing through the registry snapshot horizon; not a claim about future exchange metadata.""}",https://docs.bitmex.com/api-explorer/get-instruments,f02a691c7f7cfd0cd08ffb7f13a656ebaf2c6ca6,fef8e3867b9614d2b647d5fdd51654a64b2df88fee8854dc141fb3b758421867,Current snapshot version generated locally without network access.
ETHUSDM26-SNAPSHOT-58fc2135050a,ETHUSDM26,BITMEX_INSTRUMENT_SNAPSHOT,2026-03-10T04:00:00Z,9999-12-31T00:00:00Z,QUANTO,ETH,USD,XBT,XBT,0.000001,XBT,100,OFFICIAL_EXPLICIT,,"{""multiplier_major"": ""multiplier / 100000000 XBt per the frozen BitMEX instrument snapshot"", ""snapshot_fields"": ""Directly retained from the complete frozen CSV row."", ""valid_interval"": ""listing through the registry snapshot horizon; not a claim about future exchange metadata.""}",https://docs.bitmex.com/api-explorer/get-instruments,f02a691c7f7cfd0cd08ffb7f13a656ebaf2c6ca6,58fc2135050ab080ef582ec9c7e36f20bc96ef214541efbc742de105bb151fa2,Current snapshot version generated locally without network access.
ETHUSDT-SNAPSHOT-aa01d15f8dab,ETHUSDT,BITMEX_INSTRUMENT_SNAPSHOT,2021-11-10T04:00:00Z,9999-12-31T00:00:00Z,LINEAR,ETH,USDT,USDT,USDT,0.00001,ETH,10,OFFICIAL_EXPLICIT,,"{""multiplier_major"": ""1 / underlyingToPositionMultiplier from the frozen instrument row"", ""snapshot_fields"": ""Directly retained from the complete frozen CSV row."", ""valid_interval"": ""listing through the registry snapshot horizon; not a claim about future exchange metadata.""}",https://docs.bitmex.com/api-explorer/get-instruments,f02a691c7f7cfd0cd08ffb7f13a656ebaf2c6ca6,aa01d15f8dab7df251ce5b1ac2735b88dd18a59bc6c3db697e37bcdb9fff913f,Current snapshot version generated locally without network access.
ETHUSDTH22-SNAPSHOT-7861397eb187,ETHUSDTH22,BITMEX_INSTRUMENT_SNAPSHOT,2021-12-22T04:00:00Z,9999-12-31T00:00:00Z,LINEAR,ETH,USDT,USDT,USDT,0.00001,ETH,10,OFFICIAL_EXPLICIT,,"{""multiplier_major"": ""1 / underlyingToPositionMultiplier from the frozen instrument row"", ""snapshot_fields"": ""Directly retained from the complete frozen CSV row."", ""valid_interval"": ""listing through the registry snapshot horizon; not a claim about future exchange metadata.""}",https://docs.bitmex.com/api-explorer/get-instruments,f02a691c7f7cfd0cd08ffb7f13a656ebaf2c6ca6,7861397eb18747317832e5d5de11bde2f2c1325a1be53734c0d54a5a450d3dd9,Current snapshot version generated locally without network access.
ETHUSDTH23-SNAPSHOT-fda59a3a8895,ETHUSDTH23,BITMEX_INSTRUMENT_SNAPSHOT,2022-12-14T04:00:00Z,9999-12-31T00:00:00Z,LINEAR,ETH,USDT,USDT,USDT,0.00001,ETH,10,OFFICIAL_EXPLICIT,,"{""multiplier_major"": ""1 / underlyingToPositionMultiplier from the frozen instrument row"", ""snapshot_fields"": ""Directly retained from the complete frozen CSV row."", ""valid_interval"": ""listing through the registry snapshot horizon; not a claim about future exchange metadata.""}",https://docs.bitmex.com/api-explorer/get-instruments,f02a691c7f7cfd0cd08ffb7f13a656ebaf2c6ca6,fda59a3a8895ed4a3da2a1bd9e3c4dbe98313efc7e539b3d5fdec112dfbdf209,Current snapshot version generated locally without network access.
ETHUSDTM22-SNAPSHOT-dabf62c7383d,ETHUSDTM22,BITMEX_INSTRUMENT_SNAPSHOT,2022-03-16T04:00:00Z,9999-12-31T00:00:00Z,LINEAR,ETH,USDT,USDT,USDT,0.00001,ETH,10,OFFICIAL_EXPLICIT,,"{""multiplier_major"": ""1 / underlyingToPositionMultiplier from the frozen instrument row"", ""snapshot_fields"": ""Directly retained from the complete frozen CSV row."", ""valid_interval"": ""listing through the registry snapshot horizon; not a claim about future exchange metadata.""}",https://docs.bitmex.com/api-explorer/get-instruments,f02a691c7f7cfd0cd08ffb7f13a656ebaf2c6ca6,dabf62c7383dac1a82c69c8060ebae610a444305b1c64147bde90c9e8f9e423f,Current snapshot version generated locally without network access.
ETHUSDTM23-SNAPSHOT-c57081cb9b60,ETHUSDTM23,BITMEX_INSTRUMENT_SNAPSHOT,2023-03-14T04:00:00Z,9999-12-31T00:00:00Z,LINEAR,ETH,USDT,USDT,USDT,0.00001,ETH,10,OFFICIAL_EXPLICIT,,"{""multiplier_major"": ""1 / underlyingToPositionMultiplier from the frozen instrument row"", ""snapshot_fields"": ""Directly retained from the complete frozen CSV row."", ""valid_interval"": ""listing through the registry snapshot horizon; not a claim about future exchange metadata.""}",https://docs.bitmex.com/api-explorer/get-instruments,f02a691c7f7cfd0cd08ffb7f13a656ebaf2c6ca6,c57081cb9b6037f1ffa2733f39e599fe0e8b458cfe6fbf7f13fe55cec43cc528,Current snapshot version generated locally without network access.
ETHUSDTU22-SNAPSHOT-32fc6527ed65,ETHUSDTU22,BITMEX_INSTRUMENT_SNAPSHOT,2022-06-15T04:00:00Z,9999-12-31T00:00:00Z,LINEAR,ETH,USDT,USDT,USDT,0.00001,ETH,10,OFFICIAL_EXPLICIT,,"{""multiplier_major"": ""1 / underlyingToPositionMultiplier from the frozen instrument row"", ""snapshot_fields"": ""Directly retained from the complete frozen CSV row."", ""valid_interval"": ""listing through the registry snapshot horizon; not a claim about future exchange metadata.""}",https://docs.bitmex.com/api-explorer/get-instruments,f02a691c7f7cfd0cd08ffb7f13a656ebaf2c6ca6,32fc6527ed652afa4d69331f8bbc0beb1b8e69e09584cd624530db0f37abeb11,Current snapshot version generated locally without network access.
ETHUSDTZ21-SNAPSHOT-2637f3af4754,ETHUSDTZ21,BITMEX_INSTRUMENT_SNAPSHOT,2021-11-10T04:00:00Z,9999-12-31T00:00:00Z,LINEAR,ETH,USDT,USDT,USDT,0.00001,ETH,10,OFFICIAL_EXPLICIT,,"{""multiplier_major"": ""1 / underlyingToPositionMultiplier from the frozen instrument row"", ""snapshot_fields"": ""Directly retained from the complete frozen CSV row."", ""valid_interval"": ""listing through the registry snapshot horizon; not a claim about future exchange metadata.""}",https://docs.bitmex.com/api-explorer/get-instruments,f02a691c7f7cfd0cd08ffb7f13a656ebaf2c6ca6,2637f3af4754e76c785b10139fe8e16e6797a23b2c84f033ab7b135a724c6cc0,Current snapshot version generated locally without network access.
ETHUSDTZ22-SNAPSHOT-f2099cd300e4,ETHUSDTZ22,BITMEX_INSTRUMENT_SNAPSHOT,2022-08-12T04:00:00Z,9999-12-31T00:00:00Z,LINEAR,ETH,USDT,USDT,USDT,0.00001,ETH,10,OFFICIAL_EXPLICIT,,"{""multiplier_major"": ""1 / underlyingToPositionMultiplier from the frozen instrument row"", ""snapshot_fields"": ""Directly retained from the complete frozen CSV row."", ""valid_interval"": ""listing through the registry snapshot horizon; not a claim about future exchange metadata.""}",https://docs.bitmex.com/api-explorer/get-instruments,f02a691c7f7cfd0cd08ffb7f13a656ebaf2c6ca6,f2099cd300e48bd9fea70de76756f776b87bcc96d420dcebefb3e58ab84c43c0,Current snapshot version generated locally without network access.
ETHUSDU20-SNAPSHOT-68e9b97232cf,ETHUSDU20,BITMEX_INSTRUMENT_SNAPSHOT,2020-06-12T08:00:00Z,9999-12-31T00:00:00Z,QUANTO,ETH,USD,XBT,XBT,0.000001,XBT,100,OFFICIAL_EXPLICIT,,"{""multiplier_major"": ""multiplier / 100000000 XBt per the frozen BitMEX instrument snapshot"", ""snapshot_fields"": ""Directly retained from the complete frozen CSV row."", ""valid_interval"": ""listing through the registry snapshot horizon; not a claim about future exchange metadata.""}",https://docs.bitmex.com/api-explorer/get-instruments,f02a691c7f7cfd0cd08ffb7f13a656ebaf2c6ca6,68e9b97232cf3425fc20df10288cc31d8e82581e74a3b872fb24ddbd713d237d,Current snapshot version generated locally without network access.
ETHUSDU21-SNAPSHOT-fb632721e44a,ETHUSDU21,BITMEX_INSTRUMENT_SNAPSHOT,2021-06-16T08:00:00Z,9999-12-31T00:00:00Z,QUANTO,ETH,USD,XBT,XBT,0.000001,XBT,100,OFFICIAL_EXPLICIT,,"{""multiplier_major"": ""multiplier / 100000000 XBt per the frozen BitMEX instrument snapshot"", ""snapshot_fields"": ""Directly retained from the complete frozen CSV row."", ""valid_interval"": ""listing through the registry snapshot horizon; not a claim about future exchange metadata.""}",https://docs.bitmex.com/api-explorer/get-instruments,f02a691c7f7cfd0cd08ffb7f13a656ebaf2c6ca6,fb632721e44a8752f73ff53e076c466a7145e5795c1c66dca0c2058502e378cb,Current snapshot version generated locally without network access.
ETHUSDU22-SNAPSHOT-a9480da8d511,ETHUSDU22,BITMEX_INSTRUMENT_SNAPSHOT,2022-06-15T04:00:00Z,9999-12-31T00:00:00Z,QUANTO,ETH,USD,XBT,XBT,0.000001,XBT,100,OFFICIAL_EXPLICIT,,"{""multiplier_major"": ""multiplier / 100000000 XBt per the frozen BitMEX instrument snapshot"", ""snapshot_fields"": ""Directly retained from the complete frozen CSV row."", ""valid_interval"": ""listing through the registry snapshot horizon; not a claim about future exchange metadata.""}",https://docs.bitmex.com/api-explorer/get-instruments,f02a691c7f7cfd0cd08ffb7f13a656ebaf2c6ca6,a9480da8d511d589b1f73ac2c1965571c0cb51aebfd5f0c2bc8110f6345bbadd,Current snapshot version generated locally without network access.
ETHUSDU22_ETH-SNAPSHOT-e079e7b2bb8c,ETHUSDU22_ETH,BITMEX_INSTRUMENT_SNAPSHOT,2022-05-31T04:00:00Z,9999-12-31T00:00:00Z,INVERSE,ETH,USD,GWEI,GWEI,1,USD,-1000000000,OFFICIAL_EXPLICIT,,"{""multiplier_major"": ""multiplier / underlyingToSettleMultiplier from the frozen instrument row"", ""snapshot_fields"": ""Directly retained from the complete frozen CSV row."", ""valid_interval"": ""listing through the registry snapshot horizon; not a claim about future exchange metadata.""}",https://docs.bitmex.com/api-explorer/get-instruments,f02a691c7f7cfd0cd08ffb7f13a656ebaf2c6ca6,e079e7b2bb8c0140914c5b9d263c73faad2a2fd0824bd2d534368cf74b76e4ef,Current snapshot version generated locally without network access.
ETHUSDU23-SNAPSHOT-de8963f06717,ETHUSDU23,BITMEX_INSTRUMENT_SNAPSHOT,2023-06-14T04:00:00Z,9999-12-31T00:00:00Z,QUANTO,ETH,USD,XBT,XBT,0.000001,XBT,100,OFFICIAL_EXPLICIT,,"{""multiplier_major"": ""multiplier / 100000000 XBt per the frozen BitMEX instrument snapshot"", ""snapshot_fields"": ""Directly retained from the complete frozen CSV row."", ""valid_interval"": ""listing through the registry snapshot horizon; not a claim about future exchange metadata.""}",https://docs.bitmex.com/api-explorer/get-instruments,f02a691c7f7cfd0cd08ffb7f13a656ebaf2c6ca6,de8963f067173eda5e8891d7d1b3419f23ee05ee5e3e5dca6b2ae5b2dc84897c,Current snapshot version generated locally without network access.
ETHUSDU24-SNAPSHOT-5e8839bf4714,ETHUSDU24,BITMEX_INSTRUMENT_SNAPSHOT,2024-06-11T04:00:00Z,9999-12-31T00:00:00Z,QUANTO,ETH,USD,XBT,XBT,0.000001,XBT,100,OFFICIAL_EXPLICIT,,"{""multiplier_major"": ""multiplier / 100000000 XBt per the frozen BitMEX instrument snapshot"", ""snapshot_fields"": ""Directly retained from the complete frozen CSV row."", ""valid_interval"": ""listing through the registry snapshot horizon; not a claim about future exchange metadata.""}",https://docs.bitmex.com/api-explorer/get-instruments,f02a691c7f7cfd0cd08ffb7f13a656ebaf2c6ca6,5e8839bf4714a6d43ee639e2c55110bffa515fe50c10e549061d84f73cbe247d,Current snapshot version generated locally without network access.
ETHUSDU25-SNAPSHOT-dd8c6eb5aed9,ETHUSDU25,BITMEX_INSTRUMENT_SNAPSHOT,2025-06-10T04:00:00Z,9999-12-31T00:00:00Z,QUANTO,ETH,USD,XBT,XBT,0.000001,XBT,100,OFFICIAL_EXPLICIT,,"{""multiplier_major"": ""multiplier / 100000000 XBt per the frozen BitMEX instrument snapshot"", ""snapshot_fields"": ""Directly retained from the complete frozen CSV row."", ""valid_interval"": ""listing through the registry snapshot horizon; not a claim about future exchange metadata.""}",https://docs.bitmex.com/api-explorer/get-instruments,f02a691c7f7cfd0cd08ffb7f13a656ebaf2c6ca6,dd8c6eb5aed9730cac98a11f4d563142caa10876b5409c2da1120c936009823c,Current snapshot version generated locally without network access.
ETHUSDU26-SNAPSHOT-18b260debf91,ETHUSDU26,BITMEX_INSTRUMENT_SNAPSHOT,2026-06-09T04:00:00Z,9999-12-31T00:00:00Z,QUANTO,ETH,USD,XBT,XBT,0.000001,XBT,100,OFFICIAL_EXPLICIT,,"{""multiplier_major"": ""multiplier / 100000000 XBt per the frozen BitMEX instrument snapshot"", ""snapshot_fields"": ""Directly retained from the complete frozen CSV row."", ""valid_interval"": ""listing through the registry snapshot horizon; not a claim about future exchange metadata.""}",https://docs.bitmex.com/api-explorer/get-instruments,f02a691c7f7cfd0cd08ffb7f13a656ebaf2c6ca6,18b260debf910955e9260b86fec7bd0c8916ddadf8665d03e97fecb64dce1622,Current snapshot version generated locally without network access.
ETHUSDZ20-SNAPSHOT-5c7acb2de7d6,ETHUSDZ20,BITMEX_INSTRUMENT_SNAPSHOT,2020-09-11T08:00:00Z,9999-12-31T00:00:00Z,QUANTO,ETH,USD,XBT,XBT,0.000001,XBT,100,OFFICIAL_EXPLICIT,,"{""multiplier_major"": ""multiplier / 100000000 XBt per the frozen BitMEX instrument snapshot"", ""snapshot_fields"": ""Directly retained from the complete frozen CSV row."", ""valid_interval"": ""listing through the registry snapshot horizon; not a claim about future exchange metadata.""}",https://docs.bitmex.com/api-explorer/get-instruments,f02a691c7f7cfd0cd08ffb7f13a656ebaf2c6ca6,5c7acb2de7d634afbb8baedcfcf863c0e935ba7cb8ad92964cbaba3efcdb0c61,Current snapshot version generated locally without network access.
ETHUSDZ21-SNAPSHOT-fd95de179d01,ETHUSDZ21,BITMEX_INSTRUMENT_SNAPSHOT,2021-09-15T04:00:00Z,9999-12-31T00:00:00Z,QUANTO,ETH,USD,XBT,XBT,0.000001,XBT,100,OFFICIAL_EXPLICIT,,"{""multiplier_major"": ""multiplier / 100000000 XBt per the frozen BitMEX instrument snapshot"", ""snapshot_fields"": ""Directly retained from the complete frozen CSV row."", ""valid_interval"": ""listing through the registry snapshot horizon; not a claim about future exchange metadata.""}",https://docs.bitmex.com/api-explorer/get-instruments,f02a691c7f7cfd0cd08ffb7f13a656ebaf2c6ca6,fd95de179d01396c3d79041f9ce342145bfa1d978cc20d18423d6a294aa286a9,Current snapshot version generated locally without network access.
ETHUSDZ22-SNAPSHOT-dfdae4ba6b0d,ETHUSDZ22,BITMEX_INSTRUMENT_SNAPSHOT,2022-08-12T04:00:00Z,9999-12-31T00:00:00Z,QUANTO,ETH,USD,XBT,XBT,0.000001,XBT,100,OFFICIAL_EXPLICIT,,"{""multiplier_major"": ""multiplier / 100000000 XBt per the frozen BitMEX instrument snapshot"", ""snapshot_fields"": ""Directly retained from the complete frozen CSV row."", ""valid_interval"": ""listing through the registry snapshot horizon; not a claim about future exchange metadata.""}",https://docs.bitmex.com/api-explorer/get-instruments,f02a691c7f7cfd0cd08ffb7f13a656ebaf2c6ca6,dfdae4ba6b0d1e79b5f7b597fc3f40c5ae970f38e75503cd63ff0a6e65763fe4,Current snapshot version generated locally without network access.
ETHUSDZ22_ETH-SNAPSHOT-3c0bc2184cb7,ETHUSDZ22_ETH,BITMEX_INSTRUMENT_SNAPSHOT,2022-08-12T04:00:00Z,9999-12-31T00:00:00Z,INVERSE,ETH,USD,GWEI,GWEI,1,USD,-1000000000,OFFICIAL_EXPLICIT,,"{""multiplier_major"": ""multiplier / underlyingToSettleMultiplier from the frozen instrument row"", ""snapshot_fields"": ""Directly retained from the complete frozen CSV row."", ""valid_interval"": ""listing through the registry snapshot horizon; not a claim about future exchange metadata.""}",https://docs.bitmex.com/api-explorer/get-instruments,f02a691c7f7cfd0cd08ffb7f13a656ebaf2c6ca6,3c0bc2184cb787a33efb44c49137cc83463c18ab63ef6a6c6cc7e9047a60e42c,Current snapshot version generated locally without network access.
ETHUSDZ23-SNAPSHOT-48fb435702b1,ETHUSDZ23,BITMEX_INSTRUMENT_SNAPSHOT,2023-09-12T04:00:00Z,9999-12-31T00:00:00Z,QUANTO,ETH,USD,XBT,XBT,0.000001,XBT,100,OFFICIAL_EXPLICIT,,"{""multiplier_major"": ""multiplier / 100000000 XBt per the frozen BitMEX instrument snapshot"", ""snapshot_fields"": ""Directly retained from the complete frozen CSV row."", ""valid_interval"": ""listing through the registry snapshot horizon; not a claim about future exchange metadata.""}",https://docs.bitmex.com/api-explorer/get-instruments,f02a691c7f7cfd0cd08ffb7f13a656ebaf2c6ca6,48fb435702b144ac97d7da01fd8ef7124c22f1de4462e5a08d148bf839f112fd,Current snapshot version generated locally without network access.
ETHUSDZ24-SNAPSHOT-409f5c38c2f1,ETHUSDZ24,BITMEX_INSTRUMENT_SNAPSHOT,2024-09-10T04:00:00Z,9999-12-31T00:00:00Z,QUANTO,ETH,USD,XBT,XBT,0.000001,XBT,100,OFFICIAL_EXPLICIT,,"{""multiplier_major"": ""multiplier / 100000000 XBt per the frozen BitMEX instrument snapshot"", ""snapshot_fields"": ""Directly retained from the complete frozen CSV row."", ""valid_interval"": ""listing through the registry snapshot horizon; not a claim about future exchange metadata.""}",https://docs.bitmex.com/api-explorer/get-instruments,f02a691c7f7cfd0cd08ffb7f13a656ebaf2c6ca6,409f5c38c2f17956f265f9d2e233442c2a4a304a4b1e1bad54af1c509a3fc0e0,Current snapshot version generated locally without network access.
ETHUSDZ25-SNAPSHOT-34550ee9208b,ETHUSDZ25,BITMEX_INSTRUMENT_SNAPSHOT,2025-09-09T04:00:00Z,9999-12-31T00:00:00Z,QUANTO,ETH,USD,XBT,XBT,0.000001,XBT,100,OFFICIAL_EXPLICIT,,"{""multiplier_major"": ""multiplier / 100000000 XBt per the frozen BitMEX instrument snapshot"", ""snapshot_fields"": ""Directly retained from the complete frozen CSV row."", ""valid_interval"": ""listing through the registry snapshot horizon; not a claim about future exchange metadata.""}",https://docs.bitmex.com/api-explorer/get-instruments,f02a691c7f7cfd0cd08ffb7f13a656ebaf2c6ca6,34550ee9208b7554c50bde3b3e8a37be27a0c2ecdcb2a483c5deb42d7d3dfb9d,Current snapshot version generated locally without network access.
ETHUSD_ETH-SNAPSHOT-a6d7e270cdca,ETHUSD_ETH,BITMEX_INSTRUMENT_SNAPSHOT,2022-05-31T04:00:00Z,9999-12-31T00:00:00Z,INVERSE,ETH,USD,GWEI,GWEI,1,USD,-1000000000,OFFICIAL_EXPLICIT,,"{""multiplier_major"": ""multiplier / underlyingToSettleMultiplier from the frozen instrument row"", ""snapshot_fields"": ""Directly retained from the complete frozen CSV row."", ""valid_interval"": ""listing through the registry snapshot horizon; not a claim about future exchange metadata.""}",https://docs.bitmex.com/api-explorer/get-instruments,f02a691c7f7cfd0cd08ffb7f13a656ebaf2c6ca6,a6d7e270cdca483df05567f89f03bec57f82c27be443496f124ace7be8ac23f9,Current snapshot version generated locally without network access.
ETHXBT-SNAPSHOT-6a225f7c7c04,ETHXBT,BITMEX_INSTRUMENT_SNAPSHOT,2016-05-06T12:00:00Z,9999-12-31T00:00:00Z,LINEAR,ETH,XBT,XBT,XBT,,ETH,100000000,OFFICIAL_EXPLICIT,multiplier_major,"{""multiplier_major"": ""1 / underlyingToPositionMultiplier from the frozen instrument row"", ""snapshot_fields"": ""Directly retained from the complete frozen CSV row."", ""valid_interval"": ""listing through the registry snapshot horizon; not a claim about future exchange metadata.""}",https://docs.bitmex.com/api-explorer/get-instruments,f02a691c7f7cfd0cd08ffb7f13a656ebaf2c6ca6,6a225f7c7c04b43c21aa34bf89c204b28a63c0726b19d97477d084f5dd63e62b,Current snapshot version generated locally without network access.
ETHZ17-SNAPSHOT-06e2b1a3ab9d,ETHZ17,BITMEX_INSTRUMENT_SNAPSHOT,2017-09-14T08:00:00Z,9999-12-31T00:00:00Z,LINEAR,ETH,XBT,XBT,XBT,1,ETH,100000000,OFFICIAL_EXPLICIT,,"{""multiplier_major"": ""1 / underlyingToPositionMultiplier from the frozen instrument row"", ""snapshot_fields"": ""Directly retained from the complete frozen CSV row."", ""valid_interval"": ""listing through the registry snapshot horizon; not a claim about future exchange metadata.""}",https://docs.bitmex.com/api-explorer/get-instruments,f02a691c7f7cfd0cd08ffb7f13a656ebaf2c6ca6,06e2b1a3ab9d4e1dbc77ccb64028e263b4ee683aa01e9f1cce0c30b2441fb531,Current snapshot version generated locally without network access.
ETHZ18-SNAPSHOT-b67a954de50a,ETHZ18,BITMEX_INSTRUMENT_SNAPSHOT,2018-09-21T02:00:00Z,9999-12-31T00:00:00Z,LINEAR,ETH,XBT,XBT,XBT,1,ETH,100000000,OFFICIAL_EXPLICIT,,"{""multiplier_major"": ""1 / underlyingToPositionMultiplier from the frozen instrument row"", ""snapshot_fields"": ""Directly retained from the complete frozen CSV row."", ""valid_interval"": ""listing through the registry snapshot horizon; not a claim about future exchange metadata.""}",https://docs.bitmex.com/api-explorer/get-instruments,f02a691c7f7cfd0cd08ffb7f13a656ebaf2c6ca6,b67a954de50a7040fb0a05efb575323d84e379f60f2dc7f1f043a7101f88237f,Current snapshot version generated locally without network access.
ETHZ19-SNAPSHOT-32ae065e4cd2,ETHZ19,BITMEX_INSTRUMENT_SNAPSHOT,2019-09-13T08:00:00Z,9999-12-31T00:00:00Z,LINEAR,ETH,XBT,XBT,XBT,1,ETH,100000000,OFFICIAL_EXPLICIT,,"{""multiplier_major"": ""1 / underlyingToPositionMultiplier from the frozen instrument row"", ""snapshot_fields"": ""Directly retained from the complete frozen CSV row."", ""valid_interval"": ""listing through the registry snapshot horizon; not a claim about future exchange metadata.""}",https://docs.bitmex.com/api-explorer/get-instruments,f02a691c7f7cfd0cd08ffb7f13a656ebaf2c6ca6,32ae065e4cd20104e687320eb3552de477653ecce1e66460d715074432e58916,Current snapshot version generated locally without network access.
ETHZ20-SNAPSHOT-a3dbfc606e07,ETHZ20,BITMEX_INSTRUMENT_SNAPSHOT,2020-09-11T08:00:00Z,9999-12-31T00:00:00Z,LINEAR,ETH,XBT,XBT,XBT,1,ETH,100000000,OFFICIAL_EXPLICIT,,"{""multiplier_major"": ""1 / underlyingToPositionMultiplier from the frozen instrument row"", ""snapshot_fields"": ""Directly retained from the complete frozen CSV row."", ""valid_interval"": ""listing through the registry snapshot horizon; not a claim about future exchange metadata.""}",https://docs.bitmex.com/api-explorer/get-instruments,f02a691c7f7cfd0cd08ffb7f13a656ebaf2c6ca6,a3dbfc606e075db81c1b65bc46b58d0bfd66340f83170da0de296bb8dac8f62b,Current snapshot version generated locally without network access.
ETHZ21-SNAPSHOT-914c6371f631,ETHZ21,BITMEX_INSTRUMENT_SNAPSHOT,2021-09-15T04:00:00Z,9999-12-31T00:00:00Z,LINEAR,ETH,XBT,XBT,XBT,0.00000001,ETH,1,OFFICIAL_EXPLICIT,,"{""multiplier_major"": ""1 / underlyingToPositionMultiplier from the frozen instrument row"", ""snapshot_fields"": ""Directly retained from the complete frozen CSV row."", ""valid_interval"": ""listing through the registry snapshot horizon; not a claim about future exchange metadata.""}",https://docs.bitmex.com/api-explorer/get-instruments,f02a691c7f7cfd0cd08ffb7f13a656ebaf2c6ca6,914c6371f631cac6508f771fbcf7e70976b097051a41ff64aa98b9186b1c324a,Current snapshot version generated locally without network access.
ETHZ22-SNAPSHOT-2f6e5ad94724,ETHZ22,BITMEX_INSTRUMENT_SNAPSHOT,2022-08-12T04:00:00Z,9999-12-31T00:00:00Z,LINEAR,ETH,XBT,XBT,XBT,0.00001,ETH,1000,OFFICIAL_EXPLICIT,,"{""multiplier_major"": ""1 / underlyingToPositionMultiplier from the frozen instrument row"", ""snapshot_fields"": ""Directly retained from the complete frozen CSV row."", ""valid_interval"": ""listing through the registry snapshot horizon; not a claim about future exchange metadata.""}",https://docs.bitmex.com/api-explorer/get-instruments,f02a691c7f7cfd0cd08ffb7f13a656ebaf2c6ca6,2f6e5ad94724066a51e84631976b253a77461700dd26107e411fb6209f77c337,Current snapshot version generated locally without network access.
ETHZ23-SNAPSHOT-be69a4b3e872,ETHZ23,BITMEX_INSTRUMENT_SNAPSHOT,2023-09-12T04:00:00Z,9999-12-31T00:00:00Z,LINEAR,ETH,XBT,XBT,XBT,0.00001,ETH,1000,OFFICIAL_EXPLICIT,,"{""multiplier_major"": ""1 / underlyingToPositionMultiplier from the frozen instrument row"", ""snapshot_fields"": ""Directly retained from the complete frozen CSV row."", ""valid_interval"": ""listing through the registry snapshot horizon; not a claim about future exchange metadata.""}",https://docs.bitmex.com/api-explorer/get-instruments,f02a691c7f7cfd0cd08ffb7f13a656ebaf2c6ca6,be69a4b3e872eb854c14e42dc76260ec64b2ed39884897b10d876d871266db39,Current snapshot version generated locally without network access.
ETHZ24-SNAPSHOT-a624e9ec2f8d,ETHZ24,BITMEX_INSTRUMENT_SNAPSHOT,2024-09-10T04:00:00Z,9999-12-31T00:00:00Z,LINEAR,ETH,XBT,XBT,XBT,0.00001,ETH,1000,OFFICIAL_EXPLICIT,,"{""multiplier_major"": ""1 / underlyingToPositionMultiplier from the frozen instrument row"", ""snapshot_fields"": ""Directly retained from the complete frozen CSV row."", ""valid_interval"": ""listing through the registry snapshot horizon; not a claim about future exchange metadata.""}",https://docs.bitmex.com/api-explorer/get-instruments,f02a691c7f7cfd0cd08ffb7f13a656ebaf2c6ca6,a624e9ec2f8dffd324e611937df2b23846087377c9edbb66bc6ad47bd2ee05d8,Current snapshot version generated locally without network access.
ETHZ25-SNAPSHOT-b6a7f16d6676,ETHZ25,BITMEX_INSTRUMENT_SNAPSHOT,2025-09-09T04:00:00Z,9999-12-31T00:00:00Z,LINEAR,ETH,XBT,XBT,XBT,0.00001,ETH,1000,OFFICIAL_EXPLICIT,,"{""multiplier_major"": ""1 / underlyingToPositionMultiplier from the frozen instrument row"", ""snapshot_fields"": ""Directly retained from the complete frozen CSV row."", ""valid_interval"": ""listing through the registry snapshot horizon; not a claim about future exchange metadata.""}",https://docs.bitmex.com/api-explorer/get-instruments,f02a691c7f7cfd0cd08ffb7f13a656ebaf2c6ca6,b6a7f16d6676cf09cc7a20b8458fec3ab34571ac29fba98ce5a47f09603263a1,Current snapshot version generated locally without network access.
EURCHF-SNAPSHOT-9add7fba3d4c,EURCHF,BITMEX_INSTRUMENT_SNAPSHOT,2022-08-03T04:00:00Z,9999-12-31T00:00:00Z,QUANTO,EUR,CHF,XBT,XBT,0.0001,XBT,10000,OFFICIAL_EXPLICIT,,"{""multiplier_major"": ""multiplier / 100000000 XBt per the frozen BitMEX instrument snapshot"", ""snapshot_fields"": ""Directly retained from the complete frozen CSV row."", ""valid_interval"": ""listing through the registry snapshot horizon; not a claim about future exchange metadata.""}",https://docs.bitmex.com/api-explorer/get-instruments,f02a691c7f7cfd0cd08ffb7f13a656ebaf2c6ca6,9add7fba3d4ce947004bc1b49da71461eab15ffa405530390406d9e5fb021f6d,Current snapshot version generated locally without network access.
EURTRY-SNAPSHOT-990b30c10a7f,EURTRY,BITMEX_INSTRUMENT_SNAPSHOT,2022-08-03T04:00:00Z,9999-12-31T00:00:00Z,QUANTO,EUR,TRY,XBT,XBT,0.0001,XBT,10000,OFFICIAL_EXPLICIT,,"{""multiplier_major"": ""multiplier / 100000000 XBt per the frozen BitMEX instrument snapshot"", ""snapshot_fields"": ""Directly retained from the complete frozen CSV row."", ""valid_interval"": ""listing through the registry snapshot horizon; not a claim about future exchange metadata.""}",https://docs.bitmex.com/api-explorer/get-instruments,f02a691c7f7cfd0cd08ffb7f13a656ebaf2c6ca6,990b30c10a7f81d18ad4445eadb9c7ea080b3801b50c5259819a24d16eae1b6c,Current snapshot version generated locally without network access.
EURUSD-SNAPSHOT-fbc3a7914c2f,EURUSD,BITMEX_INSTRUMENT_SNAPSHOT,2026-04-01T12:00:00Z,9999-12-31T00:00:00Z,QUANTO,EUR,USD,USDT,USDT,0.01,XBT,1000000,OFFICIAL_EXPLICIT,,"{""multiplier_major"": ""multiplier / 100000000 XBt per the frozen BitMEX instrument snapshot"", ""snapshot_fields"": ""Directly retained from the complete frozen CSV row."", ""valid_interval"": ""listing through the registry snapshot horizon; not a claim about future exchange metadata.""}",https://docs.bitmex.com/api-explorer/get-instruments,f02a691c7f7cfd0cd08ffb7f13a656ebaf2c6ca6,fbc3a7914c2f1f4b6298dab71f75b986694ea662ea806841793f4eee51884acd,Current snapshot version generated locally without network access.
EURUSDT-SNAPSHOT-ef9f2083468a,EURUSDT,BITMEX_INSTRUMENT_SNAPSHOT,2022-08-03T04:00:00Z,9999-12-31T00:00:00Z,LINEAR,EUR,USDT,USDT,USDT,1,EUR,1000000,OFFICIAL_EXPLICIT,,"{""multiplier_major"": ""1 / underlyingToPositionMultiplier from the frozen instrument row"", ""snapshot_fields"": ""Directly retained from the complete frozen CSV row."", ""valid_interval"": ""listing through the registry snapshot horizon; not a claim about future exchange metadata.""}",https://docs.bitmex.com/api-explorer/get-instruments,f02a691c7f7cfd0cd08ffb7f13a656ebaf2c6ca6,ef9f2083468a36e301aa521f5a0c2111ca06a9a8bba2a77b6f0bf77f7bd651a6,Current snapshot version generated locally without network access.
EWYUSDT-SNAPSHOT-da09afbf8d56,EWYUSDT,BITMEX_INSTRUMENT_SNAPSHOT,2026-04-23T12:00:00Z,9999-12-31T00:00:00Z,LINEAR,EWY,USDT,USDT,USDT,0.01,EWY,10000,OFFICIAL_EXPLICIT,,"{""multiplier_major"": ""1 / underlyingToPositionMultiplier from the frozen instrument row"", ""snapshot_fields"": ""Directly retained from the complete frozen CSV row."", ""valid_interval"": ""listing through the registry snapshot horizon; not a claim about future exchange metadata.""}",https://docs.bitmex.com/api-explorer/get-instruments,f02a691c7f7cfd0cd08ffb7f13a656ebaf2c6ca6,da09afbf8d569d4487e3c9d86e603e29821c6fc06e6eb8bca5eb3751b70c563a,Current snapshot version generated locally without network access.
FARTCOINUSDT-SNAPSHOT-c4d0a690d129,FARTCOINUSDT,BITMEX_INSTRUMENT_SNAPSHOT,2024-12-24T04:00:00Z,9999-12-31T00:00:00Z,LINEAR,FARTCOIN,USDT,USDT,USDT,1,FARTCOIN,1000000,OFFICIAL_EXPLICIT,,"{""multiplier_major"": ""1 / underlyingToPositionMultiplier from the frozen instrument row"", ""snapshot_fields"": ""Directly retained from the complete frozen CSV row."", ""valid_interval"": ""listing through the registry snapshot horizon; not a claim about future exchange metadata.""}",https://docs.bitmex.com/api-explorer/get-instruments,f02a691c7f7cfd0cd08ffb7f13a656ebaf2c6ca6,c4d0a690d1292313e1240053762bb142739ab9dfc8ed2439175c4d32b9e31a21,Current snapshot version generated locally without network access.
FCT7D-SNAPSHOT-1d8dd2b6fe10,FCT7D,BITMEX_INSTRUMENT_SNAPSHOT,2017-04-21T12:00:00Z,9999-12-31T00:00:00Z,LINEAR,FCT,XBT,XBT,XBT,1,FCT,100000000,OFFICIAL_EXPLICIT,,"{""multiplier_major"": ""1 / underlyingToPositionMultiplier from the frozen instrument row"", ""snapshot_fields"": ""Directly retained from the complete frozen CSV row."", ""valid_interval"": ""listing through the registry snapshot horizon; not a claim about future exchange metadata.""}",https://docs.bitmex.com/api-explorer/get-instruments,f02a691c7f7cfd0cd08ffb7f13a656ebaf2c6ca6,1d8dd2b6fe106aa60060d59efde403e964fddedc58a78c89690e6f5344597aee,Current snapshot version generated locally without network access.
FCTM17-SNAPSHOT-98aa4dfedd04,FCTM17,BITMEX_INSTRUMENT_SNAPSHOT,2017-04-27T07:00:00Z,9999-12-31T00:00:00Z,LINEAR,FCT,XBT,XBT,XBT,1,FCT,100000000,OFFICIAL_EXPLICIT,,"{""multiplier_major"": ""1 / underlyingToPositionMultiplier from the frozen instrument row"", ""snapshot_fields"": ""Directly retained from the complete frozen CSV row."", ""valid_interval"": ""listing through the registry snapshot horizon; not a claim about future exchange metadata.""}",https://docs.bitmex.com/api-explorer/get-instruments,f02a691c7f7cfd0cd08ffb7f13a656ebaf2c6ca6,98aa4dfedd0491cb1f33ad52d471ee49e3ce2de3619add9090ef7307926dd336,Current snapshot version generated locally without network access.
FCTXBT-SNAPSHOT-293f713744f2,FCTXBT,BITMEX_INSTRUMENT_SNAPSHOT,2016-05-13T12:00:00Z,9999-12-31T00:00:00Z,LINEAR,FCT,XBT,XBT,XBT,,FCT,100000000,OFFICIAL_EXPLICIT,multiplier_major,"{""multiplier_major"": ""1 / underlyingToPositionMultiplier from the frozen instrument row"", ""snapshot_fields"": ""Directly retained from the complete frozen CSV row."", ""valid_interval"": ""listing through the registry snapshot horizon; not a claim about future exchange metadata.""}",https://docs.bitmex.com/api-explorer/get-instruments,f02a691c7f7cfd0cd08ffb7f13a656ebaf2c6ca6,293f713744f263e5d3285995e74bd88ebaf02b600fdea9cfc3184f88d0661bd5,Current snapshot version generated locally without network access.
FETUSD-SNAPSHOT-99b263caa0a7,FETUSD,BITMEX_INSTRUMENT_SNAPSHOT,2023-11-30T04:00:00Z,9999-12-31T00:00:00Z,QUANTO,FET,USD,XBT,XBT,0.0001,XBT,10000,OFFICIAL_EXPLICIT,,"{""multiplier_major"": ""multiplier / 100000000 XBt per the frozen BitMEX instrument snapshot"", ""snapshot_fields"": ""Directly retained from the complete frozen CSV row."", ""valid_interval"": ""listing through the registry snapshot horizon; not a claim about future exchange metadata.""}",https://docs.bitmex.com/api-explorer/get-instruments,f02a691c7f7cfd0cd08ffb7f13a656ebaf2c6ca6,99b263caa0a7b35ca462a8d4a6c088a26763d9f94d78aa442bc2bb1bf07042a2,Current snapshot version generated locally without network access.
FILUSD-SNAPSHOT-b009fb152638,FILUSD,BITMEX_INSTRUMENT_SNAPSHOT,2023-09-15T04:00:00Z,9999-12-31T00:00:00Z,QUANTO,FIL,USD,XBT,XBT,0.0001,XBT,10000,OFFICIAL_EXPLICIT,,"{""multiplier_major"": ""multiplier / 100000000 XBt per the frozen BitMEX instrument snapshot"", ""snapshot_fields"": ""Directly retained from the complete frozen CSV row."", ""valid_interval"": ""listing through the registry snapshot horizon; not a claim about future exchange metadata.""}",https://docs.bitmex.com/api-explorer/get-instruments,f02a691c7f7cfd0cd08ffb7f13a656ebaf2c6ca6,b009fb1526385c4b4e87dba1ea5b92cc611fb4168197a2643d226f80fc80836a,Current snapshot version generated locally without network access.
FILUSDT-SNAPSHOT-f528092145f4,FILUSDT,BITMEX_INSTRUMENT_SNAPSHOT,2023-09-15T04:00:00Z,9999-12-31T00:00:00Z,LINEAR,FIL,USDT,USDT,USDT,1,FIL,1000000,OFFICIAL_EXPLICIT,,"{""multiplier_major"": ""1 / underlyingToPositionMultiplier from the frozen instrument row"", ""snapshot_fields"": ""Directly retained from the complete frozen CSV row."", ""valid_interval"": ""listing through the registry snapshot horizon; not a claim about future exchange metadata.""}",https://docs.bitmex.com/api-explorer/get-instruments,f02a691c7f7cfd0cd08ffb7f13a656ebaf2c6ca6,f528092145f4a90d6fb8033e1544815f5ac575936b28c3b9df951b548aed9e24,Current snapshot version generated locally without network access.
FLIPUSDT-SNAPSHOT-208a99bb7752,FLIPUSDT,BITMEX_INSTRUMENT_SNAPSHOT,2023-11-28T04:00:00Z,9999-12-31T00:00:00Z,LINEAR,FLIP,USDT,USDT,USDT,1,FLIP,1000000,OFFICIAL_EXPLICIT,,"{""multiplier_major"": ""1 / underlyingToPositionMultiplier from the frozen instrument row"", ""snapshot_fields"": ""Directly retained from the complete frozen CSV row."", ""valid_interval"": ""listing through the registry snapshot horizon; not a claim about future exchange metadata.""}",https://docs.bitmex.com/api-explorer/get-instruments,f02a691c7f7cfd0cd08ffb7f13a656ebaf2c6ca6,208a99bb7752be0cd9579cea90809c2b7eb35a20556220b5531df602bc6fbd73,Current snapshot version generated locally without network access.
FLOKIUSD-SNAPSHOT-4fbe26c9d2cb,FLOKIUSD,BITMEX_INSTRUMENT_SNAPSHOT,2023-05-10T12:00:00Z,9999-12-31T00:00:00Z,QUANTO,FLOKI,USD,XBT,XBT,1,XBT,100000000,OFFICIAL_EXPLICIT,,"{""multiplier_major"": ""multiplier / 100000000 XBt per the frozen BitMEX instrument snapshot"", ""snapshot_fields"": ""Directly retained from the complete frozen CSV row."", ""valid_interval"": ""listing through the registry snapshot horizon; not a claim about future exchange metadata.""}",https://docs.bitmex.com/api-explorer/get-instruments,f02a691c7f7cfd0cd08ffb7f13a656ebaf2c6ca6,4fbe26c9d2cb7be8bab8a9c27ec88ef6037997283167d8e9997ae05082f3b600,Current snapshot version generated locally without network access.
FLOKIUSDT-SNAPSHOT-e5add59af359,FLOKIUSDT,BITMEX_INSTRUMENT_SNAPSHOT,2024-09-16T12:00:00Z,9999-12-31T00:00:00Z,LINEAR,FLOKI,USDT,USDT,USDT,0.1,FLOKI,100000,OFFICIAL_EXPLICIT,,"{""multiplier_major"": ""1 / underlyingToPositionMultiplier from the frozen instrument row"", ""snapshot_fields"": ""Directly retained from the complete frozen CSV row."", ""valid_interval"": ""listing through the registry snapshot horizon; not a claim about future exchange metadata.""}",https://docs.bitmex.com/api-explorer/get-instruments,f02a691c7f7cfd0cd08ffb7f13a656ebaf2c6ca6,e5add59af3590a6fedae12e75fdbb3123bc55c7d85e11e5f27581a8e94a7a402,Current snapshot version generated locally without network access.
FLRUSD-SNAPSHOT-ed6c67d0ce12,FLRUSD,BITMEX_INSTRUMENT_SNAPSHOT,2023-01-11T04:00:00Z,9999-12-31T00:00:00Z,QUANTO,FLR,USD,XBT,XBT,0.0001,XBT,10000,OFFICIAL_EXPLICIT,,"{""multiplier_major"": ""multiplier / 100000000 XBt per the frozen BitMEX instrument snapshot"", ""snapshot_fields"": ""Directly retained from the complete frozen CSV row."", ""valid_interval"": ""listing through the registry snapshot horizon; not a claim about future exchange metadata.""}",https://docs.bitmex.com/api-explorer/get-instruments,f02a691c7f7cfd0cd08ffb7f13a656ebaf2c6ca6,ed6c67d0ce12625f3727dc3faf1ffbde8643e8f0e6684d0fb62a8bc23811f4ed,Current snapshot version generated locally without network access.
FLRUSDT-SNAPSHOT-6f2674f3c4bc,FLRUSDT,BITMEX_INSTRUMENT_SNAPSHOT,2023-01-11T04:00:00Z,9999-12-31T00:00:00Z,LINEAR,FLR,USDT,USDT,USDT,0.001,FLR,1000,OFFICIAL_EXPLICIT,,"{""multiplier_major"": ""1 / underlyingToPositionMultiplier from the frozen instrument row"", ""snapshot_fields"": ""Directly retained from the complete frozen CSV row."", ""valid_interval"": ""listing through the registry snapshot horizon; not a claim about future exchange metadata.""}",https://docs.bitmex.com/api-explorer/get-instruments,f02a691c7f7cfd0cd08ffb7f13a656ebaf2c6ca6,6f2674f3c4bc3e04a8c3a7e56ec639d41772156ed2d67370e72d588483304e87,Current snapshot version generated locally without network access.
FLRUSDTH23-SNAPSHOT-fc4fd7cf90c3,FLRUSDTH23,BITMEX_INSTRUMENT_SNAPSHOT,2022-12-15T08:00:00Z,9999-12-31T00:00:00Z,LINEAR,FLR,USDT,USDT,USDT,0.001,FLR,1000,OFFICIAL_EXPLICIT,,"{""multiplier_major"": ""1 / underlyingToPositionMultiplier from the frozen instrument row"", ""snapshot_fields"": ""Directly retained from the complete frozen CSV row."", ""valid_interval"": ""listing through the registry snapshot horizon; not a claim about future exchange metadata.""}",https://docs.bitmex.com/api-explorer/get-instruments,f02a691c7f7cfd0cd08ffb7f13a656ebaf2c6ca6,fc4fd7cf90c3a62892606ad7b29251e4706763ee585db7be59aad9714a8f7b03,Current snapshot version generated locally without network access.
FTMUSD-SNAPSHOT-70898e420dc2,FTMUSD,BITMEX_INSTRUMENT_SNAPSHOT,2023-12-07T04:00:00Z,9999-12-31T00:00:00Z,QUANTO,FTM,USD,XBT,XBT,0.0001,XBT,10000,OFFICIAL_EXPLICIT,,"{""multiplier_major"": ""multiplier / 100000000 XBt per the frozen BitMEX instrument snapshot"", ""snapshot_fields"": ""Directly retained from the complete frozen CSV row."", ""valid_interval"": ""listing through the registry snapshot horizon; not a claim about future exchange metadata.""}",https://docs.bitmex.com/api-explorer/get-instruments,f02a691c7f7cfd0cd08ffb7f13a656ebaf2c6ca6,70898e420dc2a6e693aa048e325ba2822b1e9a81511177594b76cc200578f345,Current snapshot version generated locally without network access.
FTMUSDT-SNAPSHOT-1654c5304904,FTMUSDT,BITMEX_INSTRUMENT_SNAPSHOT,2021-12-15T04:00:00Z,9999-12-31T00:00:00Z,LINEAR,FTM,USDT,USDT,USDT,0.01,FTM,10000,OFFICIAL_EXPLICIT,,"{""multiplier_major"": ""1 / underlyingToPositionMultiplier from the frozen instrument row"", ""snapshot_fields"": ""Directly retained from the complete frozen CSV row."", ""valid_interval"": ""listing through the registry snapshot horizon; not a claim about future exchange metadata.""}",https://docs.bitmex.com/api-explorer/get-instruments,f02a691c7f7cfd0cd08ffb7f13a656ebaf2c6ca6,1654c53049041e3a0c89feb5fc17b3a5c6b8a287056c70c05dc4dc6d82097cd0,Current snapshot version generated locally without network access.
FTTUSD-SNAPSHOT-520c6d5f9e9d,FTTUSD,BITMEX_INSTRUMENT_SNAPSHOT,2022-11-08T12:00:00Z,9999-12-31T00:00:00Z,QUANTO,FTT,USD,XBT,XBT,0.000001,XBT,100,OFFICIAL_EXPLICIT,,"{""multiplier_major"": ""multiplier / 100000000 XBt per the frozen BitMEX instrument snapshot"", ""snapshot_fields"": ""Directly retained from the complete frozen CSV row."", ""valid_interval"": ""listing through the registry snapshot horizon; not a claim about future exchange metadata.""}",https://docs.bitmex.com/api-explorer/get-instruments,f02a691c7f7cfd0cd08ffb7f13a656ebaf2c6ca6,520c6d5f9e9df4e83cef94f9ee4f3493877306526ee433741c87c3473df66a88,Current snapshot version generated locally without network access.
FTTUSDT-SNAPSHOT-6c14e99487e5,FTTUSDT,BITMEX_INSTRUMENT_SNAPSHOT,2023-11-17T04:00:00Z,9999-12-31T00:00:00Z,LINEAR,FTT,USDT,USDT,USDT,0.0001,FTT,100,OFFICIAL_EXPLICIT,,"{""multiplier_major"": ""1 / underlyingToPositionMultiplier from the frozen instrument row"", ""snapshot_fields"": ""Directly retained from the complete frozen CSV row."", ""valid_interval"": ""listing through the registry snapshot horizon; not a claim about future exchange metadata.""}",https://docs.bitmex.com/api-explorer/get-instruments,f02a691c7f7cfd0cd08ffb7f13a656ebaf2c6ca6,6c14e99487e514965c9ba86d358123eab34539f5d3fe6c8b956f6f529c5e70be,Current snapshot version generated locally without network access.
GALUSD-SNAPSHOT-bb6c43fa403d,GALUSD,BITMEX_INSTRUMENT_SNAPSHOT,2022-05-19T04:00:00Z,9999-12-31T00:00:00Z,QUANTO,GAL,USD,XBT,XBT,0.0001,XBT,10000,OFFICIAL_EXPLICIT,,"{""multiplier_major"": ""multiplier / 100000000 XBt per the frozen BitMEX instrument snapshot"", ""snapshot_fields"": ""Directly retained from the complete frozen CSV row."", ""valid_interval"": ""listing through the registry snapshot horizon; not a claim about future exchange metadata.""}",https://docs.bitmex.com/api-explorer/get-instruments,f02a691c7f7cfd0cd08ffb7f13a656ebaf2c6ca6,bb6c43fa403dda4039b5ff51f75b05712e63d0d0738b0a5ab4ca62267b913319,Current snapshot version generated locally without network access.
GALUSDT-SNAPSHOT-c39324d3c1a8,GALUSDT,BITMEX_INSTRUMENT_SNAPSHOT,2022-05-19T04:00:00Z,9999-12-31T00:00:00Z,LINEAR,GAL,USDT,USDT,USDT,0.001,GAL,1000,OFFICIAL_EXPLICIT,,"{""multiplier_major"": ""1 / underlyingToPositionMultiplier from the frozen instrument row"", ""snapshot_fields"": ""Directly retained from the complete frozen CSV row."", ""valid_interval"": ""listing through the registry snapshot horizon; not a claim about future exchange metadata.""}",https://docs.bitmex.com/api-explorer/get-instruments,f02a691c7f7cfd0cd08ffb7f13a656ebaf2c6ca6,c39324d3c1a8b6fa5a7eb6137706c379601f89780ebc44d5eabd6fc52af5c878,Current snapshot version generated locally without network access.
GASUSDT-SNAPSHOT-de0e67768879,GASUSDT,BITMEX_INSTRUMENT_SNAPSHOT,2023-10-30T04:00:00Z,9999-12-31T00:00:00Z,LINEAR,GAS,USDT,USDT,USDT,1,GAS,1000000,OFFICIAL_EXPLICIT,,"{""multiplier_major"": ""1 / underlyingToPositionMultiplier from the frozen instrument row"", ""snapshot_fields"": ""Directly retained from the complete frozen CSV row."", ""valid_interval"": ""listing through the registry snapshot horizon; not a claim about future exchange metadata.""}",https://docs.bitmex.com/api-explorer/get-instruments,f02a691c7f7cfd0cd08ffb7f13a656ebaf2c6ca6,de0e67768879648d3bf29aaf0e918a9eb4784d3476ce86919dd14b6a3fa416f9,Current snapshot version generated locally without network access.
GBPUSD-SNAPSHOT-e9e1a14602e5,GBPUSD,BITMEX_INSTRUMENT_SNAPSHOT,2026-04-01T12:00:00Z,9999-12-31T00:00:00Z,QUANTO,GBP,USD,USDT,USDT,0.01,XBT,1000000,OFFICIAL_EXPLICIT,,"{""multiplier_major"": ""multiplier / 100000000 XBt per the frozen BitMEX instrument snapshot"", ""snapshot_fields"": ""Directly retained from the complete frozen CSV row."", ""valid_interval"": ""listing through the registry snapshot horizon; not a claim about future exchange metadata.""}",https://docs.bitmex.com/api-explorer/get-instruments,f02a691c7f7cfd0cd08ffb7f13a656ebaf2c6ca6,e9e1a14602e5451c56bd33d687c639adf676cacb844056069db6a7b6acc4c145,Current snapshot version generated locally without network access.
GLMRUSDT-SNAPSHOT-587117ac7ce9,GLMRUSDT,BITMEX_INSTRUMENT_SNAPSHOT,2023-09-26T12:00:00Z,9999-12-31T00:00:00Z,LINEAR,GLMR,USDT,USDT,USDT,1,GLMR,1000000,OFFICIAL_EXPLICIT,,"{""multiplier_major"": ""1 / underlyingToPositionMultiplier from the frozen instrument row"", ""snapshot_fields"": ""Directly retained from the complete frozen CSV row."", ""valid_interval"": ""listing through the registry snapshot horizon; not a claim about future exchange metadata.""}",https://docs.bitmex.com/api-explorer/get-instruments,f02a691c7f7cfd0cd08ffb7f13a656ebaf2c6ca6,587117ac7ce91b7187ec3a9978774f302db42b475e28ab478c5816a49cbe2ea6,Current snapshot version generated locally without network access.
GMEUSDT-SNAPSHOT-cf534cee622a,GMEUSDT,BITMEX_INSTRUMENT_SNAPSHOT,2024-06-03T12:00:00Z,9999-12-31T00:00:00Z,LINEAR,GME,USDT,USDT,USDT,1,GME,1000000,OFFICIAL_EXPLICIT,,"{""multiplier_major"": ""1 / underlyingToPositionMultiplier from the frozen instrument row"", ""snapshot_fields"": ""Directly retained from the complete frozen CSV row."", ""valid_interval"": ""listing through the registry snapshot horizon; not a claim about future exchange metadata.""}",https://docs.bitmex.com/api-explorer/get-instruments,f02a691c7f7cfd0cd08ffb7f13a656ebaf2c6ca6,cf534cee622ab58e2a41929ea5c6325bfd4c8c73a49fee879e5498b72cd523b6,Current snapshot version generated locally without network access.
GMTUSD-SNAPSHOT-7d680fe7b4ef,GMTUSD,BITMEX_INSTRUMENT_SNAPSHOT,2022-04-11T04:00:00Z,9999-12-31T00:00:00Z,QUANTO,GMT,USD,XBT,XBT,0.0001,XBT,10000,OFFICIAL_EXPLICIT,,"{""multiplier_major"": ""multiplier / 100000000 XBt per the frozen BitMEX instrument snapshot"", ""snapshot_fields"": ""Directly retained from the complete frozen CSV row."", ""valid_interval"": ""listing through the registry snapshot horizon; not a claim about future exchange metadata.""}",https://docs.bitmex.com/api-explorer/get-instruments,f02a691c7f7cfd0cd08ffb7f13a656ebaf2c6ca6,7d680fe7b4eff94021decb59e014df219242ca2ebc7f5f89a8ebcb34dd787f1c,Current snapshot version generated locally without network access.
GMTUSDT-SNAPSHOT-36dbfd2fabb8,GMTUSDT,BITMEX_INSTRUMENT_SNAPSHOT,2022-04-11T04:00:00Z,9999-12-31T00:00:00Z,LINEAR,GMT,USDT,USDT,USDT,0.001,GMT,1000,OFFICIAL_EXPLICIT,,"{""multiplier_major"": ""1 / underlyingToPositionMultiplier from the frozen instrument row"", ""snapshot_fields"": ""Directly retained from the complete frozen CSV row."", ""valid_interval"": ""listing through the registry snapshot horizon; not a claim about future exchange metadata.""}",https://docs.bitmex.com/api-explorer/get-instruments,f02a691c7f7cfd0cd08ffb7f13a656ebaf2c6ca6,36dbfd2fabb881d26554777f2273cc374685aa3887747668d1a30fe5ed069d39,Current snapshot version generated locally without network access.
GMXUSD-SNAPSHOT-c1e1d59e80a8,GMXUSD,BITMEX_INSTRUMENT_SNAPSHOT,2023-02-27T04:00:00Z,9999-12-31T00:00:00Z,QUANTO,GMX,USD,XBT,XBT,0.000001,XBT,100,OFFICIAL_EXPLICIT,,"{""multiplier_major"": ""multiplier / 100000000 XBt per the frozen BitMEX instrument snapshot"", ""snapshot_fields"": ""Directly retained from the complete frozen CSV row."", ""valid_interval"": ""listing through the registry snapshot horizon; not a claim about future exchange metadata.""}",https://docs.bitmex.com/api-explorer/get-instruments,f02a691c7f7cfd0cd08ffb7f13a656ebaf2c6ca6,c1e1d59e80a8e2706ee7803b440c0f727d3687f70aef6e1f592cf4e4eca4ced0,Current snapshot version generated locally without network access.
GMXUSDT-SNAPSHOT-c7f99ffbe4a0,GMXUSDT,BITMEX_INSTRUMENT_SNAPSHOT,2023-02-27T04:00:00Z,9999-12-31T00:00:00Z,LINEAR,GMX,USDT,USDT,USDT,0.0001,GMX,100,OFFICIAL_EXPLICIT,,"{""multiplier_major"": ""1 / underlyingToPositionMultiplier from the frozen instrument row"", ""snapshot_fields"": ""Directly retained from the complete frozen CSV row."", ""valid_interval"": ""listing through the registry snapshot horizon; not a claim about future exchange metadata.""}",https://docs.bitmex.com/api-explorer/get-instruments,f02a691c7f7cfd0cd08ffb7f13a656ebaf2c6ca6,c7f99ffbe4a048016e39e621f48460e6c4528685be30c59393a67d8b392b2251,Current snapshot version generated locally without network access.
GNOM17-SNAPSHOT-bcc0fded9228,GNOM17,BITMEX_INSTRUMENT_SNAPSHOT,2017-04-25T14:00:00Z,9999-12-31T00:00:00Z,LINEAR,GNO,XBT,XBT,XBT,1,GNO,100000000,OFFICIAL_EXPLICIT,,"{""multiplier_major"": ""1 / underlyingToPositionMultiplier from the frozen instrument row"", ""snapshot_fields"": ""Directly retained from the complete frozen CSV row."", ""valid_interval"": ""listing through the registry snapshot horizon; not a claim about future exchange metadata.""}",https://docs.bitmex.com/api-explorer/get-instruments,f02a691c7f7cfd0cd08ffb7f13a656ebaf2c6ca6,bcc0fded92285f67c67d86058a464e1d91d0da4fe8719b3bb675e0bb99e0a46b,Current snapshot version generated locally without network access.
GOATUSDT-SNAPSHOT-a758afa418cb,GOATUSDT,BITMEX_INSTRUMENT_SNAPSHOT,2024-10-18T12:00:00Z,9999-12-31T00:00:00Z,LINEAR,GOAT,USDT,USDT,USDT,1,GOAT,1000000,OFFICIAL_EXPLICIT,,"{""multiplier_major"": ""1 / underlyingToPositionMultiplier from the frozen instrument row"", ""snapshot_fields"": ""Directly retained from the complete frozen CSV row."", ""valid_interval"": ""listing through the registry snapshot horizon; not a claim about future exchange metadata.""}",https://docs.bitmex.com/api-explorer/get-instruments,f02a691c7f7cfd0cd08ffb7f13a656ebaf2c6ca6,a758afa418cb5b97dec18ffd9596cccc299a26dfe027daaf35271d577516177f,Current snapshot version generated locally without network access.
GOOGLUSDT-SNAPSHOT-433bbdb5c797,GOOGLUSDT,BITMEX_INSTRUMENT_SNAPSHOT,2026-03-11T04:00:00Z,9999-12-31T00:00:00Z,LINEAR,GOOGL,USDT,USDT,USDT,0.01,GOOGL,10000,OFFICIAL_EXPLICIT,,"{""multiplier_major"": ""1 / underlyingToPositionMultiplier from the frozen instrument row"", ""snapshot_fields"": ""Directly retained from the complete frozen CSV row."", ""valid_interval"": ""listing through the registry snapshot horizon; not a claim about future exchange metadata.""}",https://docs.bitmex.com/api-explorer/get-instruments,f02a691c7f7cfd0cd08ffb7f13a656ebaf2c6ca6,433bbdb5c79771be8082b2c792c2196b08855aa52d7e231298243ac3da54d73b,Current snapshot version generated locally without network access.
GPSUSDT-SNAPSHOT-1812a5db75dd,GPSUSDT,BITMEX_INSTRUMENT_SNAPSHOT,2025-03-05T04:00:00Z,9999-12-31T00:00:00Z,LINEAR,GPS,USDT,USDT,USDT,1,GPS,1000000,OFFICIAL_EXPLICIT,,"{""multiplier_major"": ""1 / underlyingToPositionMultiplier from the frozen instrument row"", ""snapshot_fields"": ""Directly retained from the complete frozen CSV row."", ""valid_interval"": ""listing through the registry snapshot horizon; not a claim about future exchange metadata.""}",https://docs.bitmex.com/api-explorer/get-instruments,f02a691c7f7cfd0cd08ffb7f13a656ebaf2c6ca6,1812a5db75dd6aac4a036aa7289292fed829beb3535f316ded278f44bb878f90,Current snapshot version generated locally without network access.
GRAMUSDT-SNAPSHOT-d56d59281d4e,GRAMUSDT,BITMEX_INSTRUMENT_SNAPSHOT,2026-07-02T04:00:00Z,9999-12-31T00:00:00Z,LINEAR,GRAM,USDT,USDT,USDT,1,GRAM,1000000,OFFICIAL_EXPLICIT,,"{""multiplier_major"": ""1 / underlyingToPositionMultiplier from the frozen instrument row"", ""snapshot_fields"": ""Directly retained from the complete frozen CSV row."", ""valid_interval"": ""listing through the registry snapshot horizon; not a claim about future exchange metadata.""}",https://docs.bitmex.com/api-explorer/get-instruments,f02a691c7f7cfd0cd08ffb7f13a656ebaf2c6ca6,d56d59281d4ed5e914e606983d0967e7ad3955ed9dacfe64ac0cecd83e0e25f9,Current snapshot version generated locally without network access.
GRASSUSDT-SNAPSHOT-796c1591fac6,GRASSUSDT,BITMEX_INSTRUMENT_SNAPSHOT,2024-10-29T04:00:00Z,9999-12-31T00:00:00Z,LINEAR,GRASS,USDT,USDT,USDT,1,GRASS,1000000,OFFICIAL_EXPLICIT,,"{""multiplier_major"": ""1 / underlyingToPositionMultiplier from the frozen instrument row"", ""snapshot_fields"": ""Directly retained from the complete frozen CSV row."", ""valid_interval"": ""listing through the registry snapshot horizon; not a claim about future exchange metadata.""}",https://docs.bitmex.com/api-explorer/get-instruments,f02a691c7f7cfd0cd08ffb7f13a656ebaf2c6ca6,796c1591fac62d6ec4f9a4bb8780b34a058ef883e8f6e5f34816921940e3cbd2,Current snapshot version generated locally without network access.
HAEDALUSDT-SNAPSHOT-047ed73f4bdf,HAEDALUSDT,BITMEX_INSTRUMENT_SNAPSHOT,2025-04-30T04:00:00Z,9999-12-31T00:00:00Z,LINEAR,HAEDAL,USDT,USDT,USDT,0.01,HAEDAL,10000,OFFICIAL_EXPLICIT,,"{""multiplier_major"": ""1 / underlyingToPositionMultiplier from the frozen instrument row"", ""snapshot_fields"": ""Directly retained from the complete frozen CSV row."", ""valid_interval"": ""listing through the registry snapshot horizon; not a claim about future exchange metadata.""}",https://docs.bitmex.com/api-explorer/get-instruments,f02a691c7f7cfd0cd08ffb7f13a656ebaf2c6ca6,047ed73f4bdfe937a819276294aedc5658c792a8b3c7d806efab4d12de150595,Current snapshot version generated locally without network access.
HIVEUSDT-SNAPSHOT-d5702226e5ec,HIVEUSDT,BITMEX_INSTRUMENT_SNAPSHOT,2024-12-24T04:00:00Z,9999-12-31T00:00:00Z,LINEAR,HIVE,USDT,USDT,USDT,1,HIVE,1000000,OFFICIAL_EXPLICIT,,"{""multiplier_major"": ""1 / underlyingToPositionMultiplier from the frozen instrument row"", ""snapshot_fields"": ""Directly retained from the complete frozen CSV row."", ""valid_interval"": ""listing through the registry snapshot horizon; not a claim about future exchange metadata.""}",https://docs.bitmex.com/api-explorer/get-instruments,f02a691c7f7cfd0cd08ffb7f13a656ebaf2c6ca6,d5702226e5ece918f8d6a6d4ca157c46d13c47bc0a90b7d93d8abaf551884e86,Current snapshot version generated locally without network access.
HMSTRUSDT-SNAPSHOT-229aa1642130,HMSTRUSDT,BITMEX_INSTRUMENT_SNAPSHOT,2024-09-27T04:00:00Z,9999-12-31T00:00:00Z,LINEAR,HMSTR,USDT,USDT,USDT,1,HMSTR,1000000,OFFICIAL_EXPLICIT,,"{""multiplier_major"": ""1 / underlyingToPositionMultiplier from the frozen instrument row"", ""snapshot_fields"": ""Directly retained from the complete frozen CSV row."", ""valid_interval"": ""listing through the registry snapshot horizon; not a claim about future exchange metadata.""}",https://docs.bitmex.com/api-explorer/get-instruments,f02a691c7f7cfd0cd08ffb7f13a656ebaf2c6ca6,229aa1642130aa4dd5f7e42c5eb0cb9e6ed518b0c1cdfb6d4c3839f271e3c116,Current snapshot version generated locally without network access.
HMSTRUSDTU24-SNAPSHOT-6e6d0390be97,HMSTRUSDTU24,BITMEX_INSTRUMENT_SNAPSHOT,2024-09-13T09:00:00Z,9999-12-31T00:00:00Z,LINEAR,HMSTR,USDT,USDT,USDT,1,HMSTR,1000000,OFFICIAL_EXPLICIT,,"{""multiplier_major"": ""1 / underlyingToPositionMultiplier from the frozen instrument row"", ""snapshot_fields"": ""Directly retained from the complete frozen CSV row."", ""valid_interval"": ""listing through the registry snapshot horizon; not a claim about future exchange metadata.""}",https://docs.bitmex.com/api-explorer/get-instruments,f02a691c7f7cfd0cd08ffb7f13a656ebaf2c6ca6,6e6d0390be976d08073a690358be220519a97aba1293aeb22d46703b1da0cb31,Current snapshot version generated locally without network access.
HOODUSDT-SNAPSHOT-296aeab646a7,HOODUSDT,BITMEX_INSTRUMENT_SNAPSHOT,2025-12-15T12:00:00Z,9999-12-31T00:00:00Z,LINEAR,HOOD,USDT,USDT,USDT,0.01,HOOD,10000,OFFICIAL_EXPLICIT,,"{""multiplier_major"": ""1 / underlyingToPositionMultiplier from the frozen instrument row"", ""snapshot_fields"": ""Directly retained from the complete frozen CSV row."", ""valid_interval"": ""listing through the registry snapshot horizon; not a claim about future exchange metadata.""}",https://docs.bitmex.com/api-explorer/get-instruments,f02a691c7f7cfd0cd08ffb7f13a656ebaf2c6ca6,296aeab646a7027a2948288a06b512795fa4d57c0da37c507bb42d3f28cf4457,Current snapshot version generated locally without network access.
HSKUSDTX24-SNAPSHOT-7efcaaa36918,HSKUSDTX24,BITMEX_INSTRUMENT_SNAPSHOT,2024-11-21T09:00:00Z,9999-12-31T00:00:00Z,LINEAR,HSK,USDT,USDT,USDT,1,HSK,1000000,OFFICIAL_EXPLICIT,,"{""multiplier_major"": ""1 / underlyingToPositionMultiplier from the frozen instrument row"", ""snapshot_fields"": ""Directly retained from the complete frozen CSV row."", ""valid_interval"": ""listing through the registry snapshot horizon; not a claim about future exchange metadata.""}",https://docs.bitmex.com/api-explorer/get-instruments,f02a691c7f7cfd0cd08ffb7f13a656ebaf2c6ca6,7efcaaa369185963e985e024cff70ae88ff4879e16eefafd07a82c19933a3660,Current snapshot version generated locally without network access.
HYPERUSDT-SNAPSHOT-e0832fa8c6ef,HYPERUSDT,BITMEX_INSTRUMENT_SNAPSHOT,2025-04-23T04:00:00Z,9999-12-31T00:00:00Z,LINEAR,HYPER,USDT,USDT,USDT,0.01,HYPER,10000,OFFICIAL_EXPLICIT,,"{""multiplier_major"": ""1 / underlyingToPositionMultiplier from the frozen instrument row"", ""snapshot_fields"": ""Directly retained from the complete frozen CSV row."", ""valid_interval"": ""listing through the registry snapshot horizon; not a claim about future exchange metadata.""}",https://docs.bitmex.com/api-explorer/get-instruments,f02a691c7f7cfd0cd08ffb7f13a656ebaf2c6ca6,e0832fa8c6ef3102534272c43e44ece96a77a1cbbbfb6e8b13ed3cb8964e43c5,Current snapshot version generated locally without network access.
HYPEUSDT-SNAPSHOT-4e158c89917d,HYPEUSDT,BITMEX_INSTRUMENT_SNAPSHOT,2024-12-24T04:00:00Z,9999-12-31T00:00:00Z,LINEAR,HYPE,USDT,USDT,USDT,0.01,HYPE,10000,OFFICIAL_EXPLICIT,,"{""multiplier_major"": ""1 / underlyingToPositionMultiplier from the frozen instrument row"", ""snapshot_fields"": ""Directly retained from the complete frozen CSV row."", ""valid_interval"": ""listing through the registry snapshot horizon; not a claim about future exchange metadata.""}",https://docs.bitmex.com/api-explorer/get-instruments,f02a691c7f7cfd0cd08ffb7f13a656ebaf2c6ca6,4e158c89917da1551d1c5284506cc3f148fac771a7821b7d322b08fbd0e82cf4,Current snapshot version generated locally without network access.
HYPEUSDTZ25-SNAPSHOT-d624d81ed386,HYPEUSDTZ25,BITMEX_INSTRUMENT_SNAPSHOT,2024-12-02T09:00:00Z,9999-12-31T00:00:00Z,LINEAR,HYPE,USDT,USDT,USDT,0.001,HYPE,1000,OFFICIAL_EXPLICIT,,"{""multiplier_major"": ""1 / underlyingToPositionMultiplier from the frozen instrument row"", ""snapshot_fields"": ""Directly retained from the complete frozen CSV row."", ""valid_interval"": ""listing through the registry snapshot horizon; not a claim about future exchange metadata.""}",https://docs.bitmex.com/api-explorer/get-instruments,f02a691c7f7cfd0cd08ffb7f13a656ebaf2c6ca6,d624d81ed386b3831c18e8bc15707c4b1634ec7a1e86f2f23a61e2b0da37a1c8,Current snapshot version generated locally without network access.
INITUSDT-SNAPSHOT-d4547ff15791,INITUSDT,BITMEX_INSTRUMENT_SNAPSHOT,2025-04-25T04:00:00Z,9999-12-31T00:00:00Z,LINEAR,INIT,USDT,USDT,USDT,0.01,INIT,10000,OFFICIAL_EXPLICIT,,"{""multiplier_major"": ""1 / underlyingToPositionMultiplier from the frozen instrument row"", ""snapshot_fields"": ""Directly retained from the complete frozen CSV row."", ""valid_interval"": ""listing through the registry snapshot horizon; not a claim about future exchange metadata.""}",https://docs.bitmex.com/api-explorer/get-instruments,f02a691c7f7cfd0cd08ffb7f13a656ebaf2c6ca6,d4547ff1579115233332250c217058dff32725313aba5c258c729a0e7ea81bfc,Current snapshot version generated locally without network access.
INJUSDT-SNAPSHOT-65970727551a,INJUSDT,BITMEX_INSTRUMENT_SNAPSHOT,2023-11-01T04:00:00Z,9999-12-31T00:00:00Z,LINEAR,INJ,USDT,USDT,USDT,1,INJ,1000000,OFFICIAL_EXPLICIT,,"{""multiplier_major"": ""1 / underlyingToPositionMultiplier from the frozen instrument row"", ""snapshot_fields"": ""Directly retained from the complete frozen CSV row."", ""valid_interval"": ""listing through the registry snapshot horizon; not a claim about future exchange metadata.""}",https://docs.bitmex.com/api-explorer/get-instruments,f02a691c7f7cfd0cd08ffb7f13a656ebaf2c6ca6,65970727551a9133d1ac79ffcaa1bec7a66ec662063342f6106d9569d30f8fc5,Current snapshot version generated locally without network access.
INTCUSDT-SNAPSHOT-1e60e8bf79bb,INTCUSDT,BITMEX_INSTRUMENT_SNAPSHOT,2026-03-11T04:00:00Z,9999-12-31T00:00:00Z,LINEAR,INTC,USDT,USDT,USDT,0.01,INTC,10000,OFFICIAL_EXPLICIT,,"{""multiplier_major"": ""1 / underlyingToPositionMultiplier from the frozen instrument row"", ""snapshot_fields"": ""Directly retained from the complete frozen CSV row."", ""valid_interval"": ""listing through the registry snapshot horizon; not a claim about future exchange metadata.""}",https://docs.bitmex.com/api-explorer/get-instruments,f02a691c7f7cfd0cd08ffb7f13a656ebaf2c6ca6,1e60e8bf79bb7efd14c2eb1b950428fb922e6d5b9fcc83b64e65a0d71980379d,Current snapshot version generated locally without network access.
IOUSDT-SNAPSHOT-a499586ffac7,IOUSDT,BITMEX_INSTRUMENT_SNAPSHOT,2024-06-12T04:00:00Z,9999-12-31T00:00:00Z,LINEAR,IO,USDT,USDT,USDT,1,IO,1000000,OFFICIAL_EXPLICIT,,"{""multiplier_major"": ""1 / underlyingToPositionMultiplier from the frozen instrument row"", ""snapshot_fields"": ""Directly retained from the complete frozen CSV row."", ""valid_interval"": ""listing through the registry snapshot horizon; not a claim about future exchange metadata.""}",https://docs.bitmex.com/api-explorer/get-instruments,f02a691c7f7cfd0cd08ffb7f13a656ebaf2c6ca6,a499586ffac7a76edba463b7d7cb4faf3fa1876e0642253298de986b93bb2036,Current snapshot version generated locally without network access.
IOUSDTM24-SNAPSHOT-8f591f812051,IOUSDTM24,BITMEX_INSTRUMENT_SNAPSHOT,2024-06-06T10:00:00Z,9999-12-31T00:00:00Z,LINEAR,IO,USDT,USDT,USDT,1,IO,1000000,OFFICIAL_EXPLICIT,,"{""multiplier_major"": ""1 / underlyingToPositionMultiplier from the frozen instrument row"", ""snapshot_fields"": ""Directly retained from the complete frozen CSV row."", ""valid_interval"": ""listing through the registry snapshot horizon; not a claim about future exchange metadata.""}",https://docs.bitmex.com/api-explorer/get-instruments,f02a691c7f7cfd0cd08ffb7f13a656ebaf2c6ca6,8f591f812051e6cb7e3fed78ac7dcd49113e6a764c6ae8a129777dd0056d7264,Current snapshot version generated locally without network access.
IPUSDT-SNAPSHOT-44435d68d99f,IPUSDT,BITMEX_INSTRUMENT_SNAPSHOT,2025-02-13T12:00:00Z,9999-12-31T00:00:00Z,LINEAR,IP,USDT,USDT,USDT,0.01,IP,10000,OFFICIAL_EXPLICIT,,"{""multiplier_major"": ""1 / underlyingToPositionMultiplier from the frozen instrument row"", ""snapshot_fields"": ""Directly retained from the complete frozen CSV row."", ""valid_interval"": ""listing through the registry snapshot horizon; not a claim about future exchange metadata.""}",https://docs.bitmex.com/api-explorer/get-instruments,f02a691c7f7cfd0cd08ffb7f13a656ebaf2c6ca6,44435d68d99fe3495a9910643658dbe79380288818ee335a25fb64af24645cf6,Current snapshot version generated locally without network access.
JAILSTOOLUSDT-SNAPSHOT-dfc04f6342c4,JAILSTOOLUSDT,BITMEX_INSTRUMENT_SNAPSHOT,2025-02-11T04:00:00Z,9999-12-31T00:00:00Z,LINEAR,JAILSTOOL,USDT,USDT,USDT,1,JAILSTOOL,1000000,OFFICIAL_EXPLICIT,,"{""multiplier_major"": ""1 / underlyingToPositionMultiplier from the frozen instrument row"", ""snapshot_fields"": ""Directly retained from the complete frozen CSV row."", ""valid_interval"": ""listing through the registry snapshot horizon; not a claim about future exchange metadata.""}",https://docs.bitmex.com/api-explorer/get-instruments,f02a691c7f7cfd0cd08ffb7f13a656ebaf2c6ca6,dfc04f6342c49716cbd762df1058873186c6d8b1fd40292ff8726969c07eb9a3,Current snapshot version generated locally without network access.
JELLYJELLYUSDT-SNAPSHOT-b4f8ca09616a,JELLYJELLYUSDT,BITMEX_INSTRUMENT_SNAPSHOT,2025-03-27T04:00:00Z,9999-12-31T00:00:00Z,LINEAR,JELLYJELLY,USDT,USDT,USDT,1,JELLYJELLY,1000000,OFFICIAL_EXPLICIT,,"{""multiplier_major"": ""1 / underlyingToPositionMultiplier from the frozen instrument row"", ""snapshot_fields"": ""Directly retained from the complete frozen CSV row."", ""valid_interval"": ""listing through the registry snapshot horizon; not a claim about future exchange metadata.""}",https://docs.bitmex.com/api-explorer/get-instruments,f02a691c7f7cfd0cd08ffb7f13a656ebaf2c6ca6,b4f8ca09616af296433c7e8470fca7de7906baaae42a4b61c4362a7566d89744,Current snapshot version generated locally without network access.
JPMUSDT-SNAPSHOT-6f25cdbf49f2,JPMUSDT,BITMEX_INSTRUMENT_SNAPSHOT,2026-03-11T04:00:00Z,9999-12-31T00:00:00Z,LINEAR,JPM,USDT,USDT,USDT,0.01,JPM,10000,OFFICIAL_EXPLICIT,,"{""multiplier_major"": ""1 / underlyingToPositionMultiplier from the frozen instrument row"", ""snapshot_fields"": ""Directly retained from the complete frozen CSV row."", ""valid_interval"": ""listing through the registry snapshot horizon; not a claim about future exchange metadata.""}",https://docs.bitmex.com/api-explorer/get-instruments,f02a691c7f7cfd0cd08ffb7f13a656ebaf2c6ca6,6f25cdbf49f202c5dba9607f3b25c1d1509ed2e3631763bb149abf79b714da1b,Current snapshot version generated locally without network access.
JSTUSDT-SNAPSHOT-bdb894e9c330,JSTUSDT,BITMEX_INSTRUMENT_SNAPSHOT,2023-11-13T04:00:00Z,9999-12-31T00:00:00Z,LINEAR,JST,USDT,USDT,USDT,1,JST,1000000,OFFICIAL_EXPLICIT,,"{""multiplier_major"": ""1 / underlyingToPositionMultiplier from the frozen instrument row"", ""snapshot_fields"": ""Directly retained from the complete frozen CSV row."", ""valid_interval"": ""listing through the registry snapshot horizon; not a claim about future exchange metadata.""}",https://docs.bitmex.com/api-explorer/get-instruments,f02a691c7f7cfd0cd08ffb7f13a656ebaf2c6ca6,bdb894e9c330758182495d37243ff831718cc6c56d253543c63bc47273cad0be,Current snapshot version generated locally without network access.
JTOUSDT-SNAPSHOT-868f1d194b50,JTOUSDT,BITMEX_INSTRUMENT_SNAPSHOT,2023-12-08T04:00:00Z,9999-12-31T00:00:00Z,LINEAR,JTO,USDT,USDT,USDT,1,JTO,1000000,OFFICIAL_EXPLICIT,,"{""multiplier_major"": ""1 / underlyingToPositionMultiplier from the frozen instrument row"", ""snapshot_fields"": ""Directly retained from the complete frozen CSV row."", ""valid_interval"": ""listing through the registry snapshot horizon; not a claim about future exchange metadata.""}",https://docs.bitmex.com/api-explorer/get-instruments,f02a691c7f7cfd0cd08ffb7f13a656ebaf2c6ca6,868f1d194b50b74f035056d7422ae1222f2ad65bb745e03f3e721d292d251d35,Current snapshot version generated locally without network access.
JUPUSDT-SNAPSHOT-1c74e06f43e7,JUPUSDT,BITMEX_INSTRUMENT_SNAPSHOT,2024-02-01T04:00:00Z,9999-12-31T00:00:00Z,LINEAR,JUP,USDT,USDT,USDT,1,JUP,1000000,OFFICIAL_EXPLICIT,,"{""multiplier_major"": ""1 / underlyingToPositionMultiplier from the frozen instrument row"", ""snapshot_fields"": ""Directly retained from the complete frozen CSV row."", ""valid_interval"": ""listing through the registry snapshot horizon; not a claim about future exchange metadata.""}",https://docs.bitmex.com/api-explorer/get-instruments,f02a691c7f7cfd0cd08ffb7f13a656ebaf2c6ca6,1c74e06f43e72bebd25a3c10b438dfbfd4184e3ce8ea8b60d08ae33e4c944f05,Current snapshot version generated locally without network access.
JUPUSDTG24-SNAPSHOT-be132bcf88b4,JUPUSDTG24,BITMEX_INSTRUMENT_SNAPSHOT,2024-01-17T10:00:00Z,9999-12-31T00:00:00Z,LINEAR,JUP,USDT,USDT,USDT,1,JUP,1000000,OFFICIAL_EXPLICIT,,"{""multiplier_major"": ""1 / underlyingToPositionMultiplier from the frozen instrument row"", ""snapshot_fields"": ""Directly retained from the complete frozen CSV row."", ""valid_interval"": ""listing through the registry snapshot horizon; not a claim about future exchange metadata.""}",https://docs.bitmex.com/api-explorer/get-instruments,f02a691c7f7cfd0cd08ffb7f13a656ebaf2c6ca6,be132bcf88b489ffb370afa2a82e491e72002f928c0792efee07a19df796ab87,Current snapshot version generated locally without network access.
JUSDT-SNAPSHOT-cd7320f450d4,JUSDT,BITMEX_INSTRUMENT_SNAPSHOT,2025-01-23T04:00:00Z,9999-12-31T00:00:00Z,LINEAR,J,USDT,USDT,USDT,0.01,J,10000,OFFICIAL_EXPLICIT,,"{""multiplier_major"": ""1 / underlyingToPositionMultiplier from the frozen instrument row"", ""snapshot_fields"": ""Directly retained from the complete frozen CSV row."", ""valid_interval"": ""listing through the registry snapshot horizon; not a claim about future exchange metadata.""}",https://docs.bitmex.com/api-explorer/get-instruments,f02a691c7f7cfd0cd08ffb7f13a656ebaf2c6ca6,cd7320f450d42fc14a5b38799c600b0e7cdfa7843997dfa1aee04804fd94318e,Current snapshot version generated locally without network access.
KAITOUSDT-SNAPSHOT-ea8a9b7b9874,KAITOUSDT,BITMEX_INSTRUMENT_SNAPSHOT,2025-02-21T04:00:00Z,9999-12-31T00:00:00Z,LINEAR,KAITO,USDT,USDT,USDT,0.01,KAITO,10000,OFFICIAL_EXPLICIT,,"{""multiplier_major"": ""1 / underlyingToPositionMultiplier from the frozen instrument row"", ""snapshot_fields"": ""Directly retained from the complete frozen CSV row."", ""valid_interval"": ""listing through the registry snapshot horizon; not a claim about future exchange metadata.""}",https://docs.bitmex.com/api-explorer/get-instruments,f02a691c7f7cfd0cd08ffb7f13a656ebaf2c6ca6,ea8a9b7b9874af6b79452ac703a7115011eb1a524474407f8c304670e871766c,Current snapshot version generated locally without network access.
KLAYUSD-SNAPSHOT-21960153f53f,KLAYUSD,BITMEX_INSTRUMENT_SNAPSHOT,2022-09-08T04:00:00Z,9999-12-31T00:00:00Z,QUANTO,KLAY,USD,XBT,XBT,0.001,XBT,100000,OFFICIAL_EXPLICIT,,"{""multiplier_major"": ""multiplier / 100000000 XBt per the frozen BitMEX instrument snapshot"", ""snapshot_fields"": ""Directly retained from the complete frozen CSV row."", ""valid_interval"": ""listing through the registry snapshot horizon; not a claim about future exchange metadata.""}",https://docs.bitmex.com/api-explorer/get-instruments,f02a691c7f7cfd0cd08ffb7f13a656ebaf2c6ca6,21960153f53f3e36b9098b17cb4de9357dcb567b771a298413df000a2876ae3b,Current snapshot version generated locally without network access.
KLAYUSDT-SNAPSHOT-4dc834e73808,KLAYUSDT,BITMEX_INSTRUMENT_SNAPSHOT,2022-09-08T04:00:00Z,9999-12-31T00:00:00Z,LINEAR,KLAY,USDT,USDT,USDT,0.01,KLAY,10000,OFFICIAL_EXPLICIT,,"{""multiplier_major"": ""1 / underlyingToPositionMultiplier from the frozen instrument row"", ""snapshot_fields"": ""Directly retained from the complete frozen CSV row."", ""valid_interval"": ""listing through the registry snapshot horizon; not a claim about future exchange metadata.""}",https://docs.bitmex.com/api-explorer/get-instruments,f02a691c7f7cfd0cd08ffb7f13a656ebaf2c6ca6,4dc834e738080ff9d3c9983885ceef4522cd0c4bcf47fc0bb71d3a1f02308140,Current snapshot version generated locally without network access.
LAUNCHCOINUSDT-SNAPSHOT-50ef742dad8b,LAUNCHCOINUSDT,BITMEX_INSTRUMENT_SNAPSHOT,2025-05-15T04:00:00Z,9999-12-31T00:00:00Z,LINEAR,LAUNCHCOIN,USDT,USDT,USDT,0.01,LAUNCHCOIN,10000,OFFICIAL_EXPLICIT,,"{""multiplier_major"": ""1 / underlyingToPositionMultiplier from the frozen instrument row"", ""snapshot_fields"": ""Directly retained from the complete frozen CSV row."", ""valid_interval"": ""listing through the registry snapshot horizon; not a claim about future exchange metadata.""}",https://docs.bitmex.com/api-explorer/get-instruments,f02a691c7f7cfd0cd08ffb7f13a656ebaf2c6ca6,50ef742dad8b5c2439db666d1a692ad034409c1e3b49274856aa86459e903cef,Current snapshot version generated locally without network access.
LAUSDT-SNAPSHOT-eb50542f40e1,LAUSDT,BITMEX_INSTRUMENT_SNAPSHOT,2025-06-05T12:00:00Z,9999-12-31T00:00:00Z,LINEAR,LA,USDT,USDT,USDT,1,LA,1000000,OFFICIAL_EXPLICIT,,"{""multiplier_major"": ""1 / underlyingToPositionMultiplier from the frozen instrument row"", ""snapshot_fields"": ""Directly retained from the complete frozen CSV row."", ""valid_interval"": ""listing through the registry snapshot horizon; not a claim about future exchange metadata.""}",https://docs.bitmex.com/api-explorer/get-instruments,f02a691c7f7cfd0cd08ffb7f13a656ebaf2c6ca6,eb50542f40e1ad0ba18064af2efb0379ccf4e21735cb9c6db598ca45988277d0,Current snapshot version generated locally without network access.
LDOUSD-SNAPSHOT-fdb921009561,LDOUSD,BITMEX_INSTRUMENT_SNAPSHOT,2024-01-11T04:00:00Z,9999-12-31T00:00:00Z,QUANTO,LDO,USD,XBT,XBT,0.0001,XBT,10000,OFFICIAL_EXPLICIT,,"{""multiplier_major"": ""multiplier / 100000000 XBt per the frozen BitMEX instrument snapshot"", ""snapshot_fields"": ""Directly retained from the complete frozen CSV row."", ""valid_interval"": ""listing through the registry snapshot horizon; not a claim about future exchange metadata.""}",https://docs.bitmex.com/api-explorer/get-instruments,f02a691c7f7cfd0cd08ffb7f13a656ebaf2c6ca6,fdb92100956155b5a6179788c1634c99ddd817f32bdc2d92a00a27b78883b216,Current snapshot version generated locally without network access.
LDOUSDT-SNAPSHOT-cdbc14b10027,LDOUSDT,BITMEX_INSTRUMENT_SNAPSHOT,2024-01-11T04:00:00Z,9999-12-31T00:00:00Z,LINEAR,LDO,USDT,USDT,USDT,1,LDO,1000000,OFFICIAL_EXPLICIT,,"{""multiplier_major"": ""1 / underlyingToPositionMultiplier from the frozen instrument row"", ""snapshot_fields"": ""Directly retained from the complete frozen CSV row."", ""valid_interval"": ""listing through the registry snapshot horizon; not a claim about future exchange metadata.""}",https://docs.bitmex.com/api-explorer/get-instruments,f02a691c7f7cfd0cd08ffb7f13a656ebaf2c6ca6,cdbc14b10027c2498afa379cb4c485cc32b1c76dd869addc59b529cd43f6871f,Current snapshot version generated locally without network access.
LINKUSD-SNAPSHOT-061a25d7d7d2,LINKUSD,BITMEX_INSTRUMENT_SNAPSHOT,2021-10-20T04:00:00Z,9999-12-31T00:00:00Z,QUANTO,LINK,USD,XBT,XBT,0.00001,XBT,1000,OFFICIAL_EXPLICIT,,"{""multiplier_major"": ""multiplier / 100000000 XBt per the frozen BitMEX instrument snapshot"", ""snapshot_fields"": ""Directly retained from the complete frozen CSV row."", ""valid_interval"": ""listing through the registry snapshot horizon; not a claim about future exchange metadata.""}",https://docs.bitmex.com/api-explorer/get-instruments,f02a691c7f7cfd0cd08ffb7f13a656ebaf2c6ca6,061a25d7d7d2ee6a1f494c4ecf0b852cfe32ada0cdb0a29baae319ee99b0a708,Current snapshot version generated locally without network access.
LINKUSDT-QUANTO-XBT-2020,LINKUSDT,CONFIGURED_HISTORICAL,2020-10-16T04:00:00Z,2021-11-02T12:00:00Z,QUANTO,.BLINKT,USDT,XBT,XBT,0.0001,XBT,10000,OFFICIAL_EXPLICIT,,"{""execution_cross_check"": ""Trade rows agree approximately after legacy integer rounding."", ""tick_size"": ""Official historical BitMEX naming-convention listing table states a 0.0005 minimum price increment.""}",https://www.bitmex.com/blog/introducing-a-new-linkusdt-quanto-perpetual-contract-and-increased-leverage-on-our-linkusdt-quanto-future-contract;https://www.bitmex.com/blog/axs-eos-link-sol-aave-matic-srm-sushi-trx-uni-vet-and-xlm-quanto-perpetuals-new-listing-and-early-settlement-of-contracts-due-to-naming-conventions,,,Old LINKUSDT Quanto version.
LINKUSDT-SNAPSHOT-2a26f3abccd3,LINKUSDT,BITMEX_INSTRUMENT_SNAPSHOT,2023-10-03T04:00:00Z,9999-12-31T00:00:00Z,LINEAR,LINK,USDT,USDT,USDT,0.001,LINK,1000,OFFICIAL_EXPLICIT,,"{""multiplier_major"": ""1 / underlyingToPositionMultiplier from the frozen instrument row"", ""snapshot_fields"": ""Directly retained from the complete frozen CSV row."", ""valid_interval"": ""listing through the registry snapshot horizon; not a claim about future exchange metadata.""}",https://docs.bitmex.com/api-explorer/get-instruments,f02a691c7f7cfd0cd08ffb7f13a656ebaf2c6ca6,2a26f3abccd32f690d6c210f782ead23cc104ce6b23460bfc5be7b5dddc8c81e,Current snapshot version generated locally without network access.
LINKUSDTH21-SNAPSHOT-55b923fe4d6d,LINKUSDTH21,BITMEX_INSTRUMENT_SNAPSHOT,2020-12-11T08:00:00Z,9999-12-31T00:00:00Z,QUANTO,LINK,USDT,XBT,XBT,0.0001,XBT,10000,OFFICIAL_EXPLICIT,,"{""multiplier_major"": ""multiplier / 100000000 XBt per the frozen BitMEX instrument snapshot"", ""snapshot_fields"": ""Directly retained from the complete frozen CSV row."", ""valid_interval"": ""listing through the registry snapshot horizon; not a claim about future exchange metadata.""}",https://docs.bitmex.com/api-explorer/get-instruments,f02a691c7f7cfd0cd08ffb7f13a656ebaf2c6ca6,55b923fe4d6d64081e206a0e2c34a05db26eec95eda8ea41eb8ab13ccc778318,Current snapshot version generated locally without network access.
LINKUSDTM21-SNAPSHOT-a1fbc248c669,LINKUSDTM21,BITMEX_INSTRUMENT_SNAPSHOT,2021-03-12T08:00:00Z,9999-12-31T00:00:00Z,QUANTO,LINK,USDT,XBT,XBT,0.0001,XBT,10000,OFFICIAL_EXPLICIT,,"{""multiplier_major"": ""multiplier / 100000000 XBt per the frozen BitMEX instrument snapshot"", ""snapshot_fields"": ""Directly retained from the complete frozen CSV row."", ""valid_interval"": ""listing through the registry snapshot horizon; not a claim about future exchange metadata.""}",https://docs.bitmex.com/api-explorer/get-instruments,f02a691c7f7cfd0cd08ffb7f13a656ebaf2c6ca6,a1fbc248c66994760faa7814af1d4fabb723d12cb0110720542b3f8d0d328d82,Current snapshot version generated locally without network access.
LINKUSDTZ20-SNAPSHOT-41ddc6ab9c4b,LINKUSDTZ20,BITMEX_INSTRUMENT_SNAPSHOT,2020-09-11T08:00:00Z,9999-12-31T00:00:00Z,QUANTO,LINK,USDT,XBT,XBT,0.0001,XBT,10000,OFFICIAL_EXPLICIT,,"{""multiplier_major"": ""multiplier / 100000000 XBt per the frozen BitMEX instrument snapshot"", ""snapshot_fields"": ""Directly retained from the complete frozen CSV row."", ""valid_interval"": ""listing through the registry snapshot horizon; not a claim about future exchange metadata.""}",https://docs.bitmex.com/api-explorer/get-instruments,f02a691c7f7cfd0cd08ffb7f13a656ebaf2c6ca6,41ddc6ab9c4b574335c5d0fb704e0a829f233450ba75da01250f02bb90b0ba74,Current snapshot version generated locally without network access.
LITUSDT-SNAPSHOT-6664360e6965,LITUSDT,BITMEX_INSTRUMENT_SNAPSHOT,2026-01-06T04:00:00Z,9999-12-31T00:00:00Z,LINEAR,LIT,USDT,USDT,USDT,0.01,LIT,10000,OFFICIAL_EXPLICIT,,"{""multiplier_major"": ""1 / underlyingToPositionMultiplier from the frozen instrument row"", ""snapshot_fields"": ""Directly retained from the complete frozen CSV row."", ""valid_interval"": ""listing through the registry snapshot horizon; not a claim about future exchange metadata.""}",https://docs.bitmex.com/api-explorer/get-instruments,f02a691c7f7cfd0cd08ffb7f13a656ebaf2c6ca6,6664360e69650e03e3b6c97f7c0652a0c938cf258563a5e2a7a4ca0994afbc48,Current snapshot version generated locally without network access.
LOOMUSDT-SNAPSHOT-0ca180ba4c40,LOOMUSDT,BITMEX_INSTRUMENT_SNAPSHOT,2023-10-12T04:00:00Z,9999-12-31T00:00:00Z,LINEAR,LOOM,USDT,USDT,USDT,1,LOOM,1000000,OFFICIAL_EXPLICIT,,"{""multiplier_major"": ""1 / underlyingToPositionMultiplier from the frozen instrument row"", ""snapshot_fields"": ""Directly retained from the complete frozen CSV row."", ""valid_interval"": ""listing through the registry snapshot horizon; not a claim about future exchange metadata.""}",https://docs.bitmex.com/api-explorer/get-instruments,f02a691c7f7cfd0cd08ffb7f13a656ebaf2c6ca6,0ca180ba4c40807fb3e0dbcf9b4ddef8dc7368094d51fec947c7bf0a721e55e8,Current snapshot version generated locally without network access.
LOTUSDT-SNAPSHOT-d0fca3d85d91,LOTUSDT,BITMEX_INSTRUMENT_SNAPSHOT,2025-06-24T12:00:00Z,9999-12-31T00:00:00Z,LINEAR,LOT,USDT,USDT,USDT,1,LOT,1000000,OFFICIAL_EXPLICIT,,"{""multiplier_major"": ""1 / underlyingToPositionMultiplier from the frozen instrument row"", ""snapshot_fields"": ""Directly retained from the complete frozen CSV row."", ""valid_interval"": ""listing through the registry snapshot horizon; not a claim about future exchange metadata.""}",https://docs.bitmex.com/api-explorer/get-instruments,f02a691c7f7cfd0cd08ffb7f13a656ebaf2c6ca6,d0fca3d85d91cfc67300da9dd102ba1376773fbf26bfb2c9e6c276ab158185c9,Current snapshot version generated locally without network access.
LSKXBT-SNAPSHOT-a82491674108,LSKXBT,BITMEX_INSTRUMENT_SNAPSHOT,2016-05-27T12:00:00Z,9999-12-31T00:00:00Z,LINEAR,LSK,XBT,XBT,XBT,,LSK,100000000,OFFICIAL_EXPLICIT,multiplier_major,"{""multiplier_major"": ""1 / underlyingToPositionMultiplier from the frozen instrument row"", ""snapshot_fields"": ""Directly retained from the complete frozen CSV row."", ""valid_interval"": ""listing through the registry snapshot horizon; not a claim about future exchange metadata.""}",https://docs.bitmex.com/api-explorer/get-instruments,f02a691c7f7cfd0cd08ffb7f13a656ebaf2c6ca6,a82491674108c9a69068672495363249facf449848d0df3a79968a55bb39460c,Current snapshot version generated locally without network access.
LTC7D-SNAPSHOT-4eb98a90beeb,LTC7D,BITMEX_INSTRUMENT_SNAPSHOT,2017-04-21T12:00:00Z,9999-12-31T00:00:00Z,LINEAR,LTC,XBT,XBT,XBT,1,LTC,100000000,OFFICIAL_EXPLICIT,,"{""multiplier_major"": ""1 / underlyingToPositionMultiplier from the frozen instrument row"", ""snapshot_fields"": ""Directly retained from the complete frozen CSV row."", ""valid_interval"": ""listing through the registry snapshot horizon; not a claim about future exchange metadata.""}",https://docs.bitmex.com/api-explorer/get-instruments,f02a691c7f7cfd0cd08ffb7f13a656ebaf2c6ca6,4eb98a90beebfffee0bb34a8c3a7aa60c5290cae400194c6b914d6a4ac2c2119,Current snapshot version generated locally without network access.
LTCH18-SNAPSHOT-936b6acf547c,LTCH18,BITMEX_INSTRUMENT_SNAPSHOT,2017-12-15T04:00:00Z,9999-12-31T00:00:00Z,LINEAR,LTC,XBT,XBT,XBT,1,LTC,100000000,OFFICIAL_EXPLICIT,,"{""multiplier_major"": ""1 / underlyingToPositionMultiplier from the frozen instrument row"", ""snapshot_fields"": ""Directly retained from the complete frozen CSV row."", ""valid_interval"": ""listing through the registry snapshot horizon; not a claim about future exchange metadata.""}",https://docs.bitmex.com/api-explorer/get-instruments,f02a691c7f7cfd0cd08ffb7f13a656ebaf2c6ca6,936b6acf547cae8361d7ea93c95b223b40d0e59be052babe531c003735b50d6e,Current snapshot version generated locally without network access.
LTCH19-SNAPSHOT-595bd21012e2,LTCH19,BITMEX_INSTRUMENT_SNAPSHOT,2018-12-17T04:00:00Z,9999-12-31T00:00:00Z,LINEAR,LTC,XBT,XBT,XBT,1,LTC,100000000,OFFICIAL_EXPLICIT,,"{""multiplier_major"": ""1 / underlyingToPositionMultiplier from the frozen instrument row"", ""snapshot_fields"": ""Directly retained from the complete frozen CSV row."", ""valid_interval"": ""listing through the registry snapshot horizon; not a claim about future exchange metadata.""}",https://docs.bitmex.com/api-explorer/get-instruments,f02a691c7f7cfd0cd08ffb7f13a656ebaf2c6ca6,595bd21012e2ce16ca6924abe5b15d9e6080f56cbc7b6e14d1b850deddfba997,Current snapshot version generated locally without network access.
LTCH20-SNAPSHOT-7ab4555ad47b,LTCH20,BITMEX_INSTRUMENT_SNAPSHOT,2019-12-13T08:00:00Z,9999-12-31T00:00:00Z,LINEAR,LTC,XBT,XBT,XBT,1,LTC,100000000,OFFICIAL_EXPLICIT,,"{""multiplier_major"": ""1 / underlyingToPositionMultiplier from the frozen instrument row"", ""snapshot_fields"": ""Directly retained from the complete frozen CSV row."", ""valid_interval"": ""listing through the registry snapshot horizon; not a claim about future exchange metadata.""}",https://docs.bitmex.com/api-explorer/get-instruments,f02a691c7f7cfd0cd08ffb7f13a656ebaf2c6ca6,7ab4555ad47bd5f96cde2d271a3e4926c263f5f7d02a8f6f81a9522d00c3836c,Current snapshot version generated locally without network access.
LTCH21-SNAPSHOT-423c9d962d83,LTCH21,BITMEX_INSTRUMENT_SNAPSHOT,2020-12-11T08:00:00Z,9999-12-31T00:00:00Z,LINEAR,LTC,XBT,XBT,XBT,1,LTC,100000000,OFFICIAL_EXPLICIT,,"{""multiplier_major"": ""1 / underlyingToPositionMultiplier from the frozen instrument row"", ""snapshot_fields"": ""Directly retained from the complete frozen CSV row."", ""valid_interval"": ""listing through the registry snapshot horizon; not a claim about future exchange metadata.""}",https://docs.bitmex.com/api-explorer/get-instruments,f02a691c7f7cfd0cd08ffb7f13a656ebaf2c6ca6,423c9d962d839a467efcc3d6f29e8d653ac54110b985ca858907d806323f2522,Current snapshot version generated locally without network access.
LTCM17-SNAPSHOT-03fa7f852b81,LTCM17,BITMEX_INSTRUMENT_SNAPSHOT,2017-04-27T07:00:00Z,9999-12-31T00:00:00Z,LINEAR,LTC,XBT,XBT,XBT,1,LTC,100000000,OFFICIAL_EXPLICIT,,"{""multiplier_major"": ""1 / underlyingToPositionMultiplier from the frozen instrument row"", ""snapshot_fields"": ""Directly retained from the complete frozen CSV row."", ""valid_interval"": ""listing through the registry snapshot horizon; not a claim about future exchange metadata.""}",https://docs.bitmex.com/api-explorer/get-instruments,f02a691c7f7cfd0cd08ffb7f13a656ebaf2c6ca6,03fa7f852b816f7bbcda89e005eac798016b64257853814a05e0079f00e663ef,Current snapshot version generated locally without network access.
LTCM18-SNAPSHOT-f204c50b185f,LTCM18,BITMEX_INSTRUMENT_SNAPSHOT,2018-03-29T04:00:00Z,9999-12-31T00:00:00Z,LINEAR,LTC,XBT,XBT,XBT,1,LTC,100000000,OFFICIAL_EXPLICIT,,"{""multiplier_major"": ""1 / underlyingToPositionMultiplier from the frozen instrument row"", ""snapshot_fields"": ""Directly retained from the complete frozen CSV row."", ""valid_interval"": ""listing through the registry snapshot horizon; not a claim about future exchange metadata.""}",https://docs.bitmex.com/api-explorer/get-instruments,f02a691c7f7cfd0cd08ffb7f13a656ebaf2c6ca6,f204c50b185ffac18533751067058a53d69b77ddcc256ca99852f8a457f728e5,Current snapshot version generated locally without network access.
LTCM19-SNAPSHOT-405f095fbdec,LTCM19,BITMEX_INSTRUMENT_SNAPSHOT,2019-03-15T08:00:00Z,9999-12-31T00:00:00Z,LINEAR,LTC,XBT,XBT,XBT,1,LTC,100000000,OFFICIAL_EXPLICIT,,"{""multiplier_major"": ""1 / underlyingToPositionMultiplier from the frozen instrument row"", ""snapshot_fields"": ""Directly retained from the complete frozen CSV row."", ""valid_interval"": ""listing through the registry snapshot horizon; not a claim about future exchange metadata.""}",https://docs.bitmex.com/api-explorer/get-instruments,f02a691c7f7cfd0cd08ffb7f13a656ebaf2c6ca6,405f095fbdec3ffe2bac06b2324b8f8fbb802c0415400cef0b0c59c2363235ca,Current snapshot version generated locally without network access.
LTCM20-SNAPSHOT-4513cfd78c7d,LTCM20,BITMEX_INSTRUMENT_SNAPSHOT,2020-03-13T08:00:00Z,9999-12-31T00:00:00Z,LINEAR,LTC,XBT,XBT,XBT,1,LTC,100000000,OFFICIAL_EXPLICIT,,"{""multiplier_major"": ""1 / underlyingToPositionMultiplier from the frozen instrument row"", ""snapshot_fields"": ""Directly retained from the complete frozen CSV row."", ""valid_interval"": ""listing through the registry snapshot horizon; not a claim about future exchange metadata.""}",https://docs.bitmex.com/api-explorer/get-instruments,f02a691c7f7cfd0cd08ffb7f13a656ebaf2c6ca6,4513cfd78c7d7aa573df984795dff5b73104b1f9125d9f72a32d91f66df1863d,Current snapshot version generated locally without network access.
LTCM21-SNAPSHOT-6f922a2884b6,LTCM21,BITMEX_INSTRUMENT_SNAPSHOT,2021-03-12T08:00:00Z,9999-12-31T00:00:00Z,LINEAR,LTC,XBT,XBT,XBT,1,LTC,100000000,OFFICIAL_EXPLICIT,,"{""multiplier_major"": ""1 / underlyingToPositionMultiplier from the frozen instrument row"", ""snapshot_fields"": ""Directly retained from the complete frozen CSV row."", ""valid_interval"": ""listing through the registry snapshot horizon; not a claim about future exchange metadata.""}",https://docs.bitmex.com/api-explorer/get-instruments,f02a691c7f7cfd0cd08ffb7f13a656ebaf2c6ca6,6f922a2884b64983b5eb0cf27bb9dc0fe91ffa1111f9806cc9813f8f6d6e7c33,Current snapshot version generated locally without network access.
LTCU17-SNAPSHOT-32bf663c899d,LTCU17,BITMEX_INSTRUMENT_SNAPSHOT,2017-06-16T08:00:00Z,9999-12-31T00:00:00Z,LINEAR,LTC,XBT,XBT,XBT,1,LTC,100000000,OFFICIAL_EXPLICIT,,"{""multiplier_major"": ""1 / underlyingToPositionMultiplier from the frozen instrument row"", ""snapshot_fields"": ""Directly retained from the complete frozen CSV row."", ""valid_interval"": ""listing through the registry snapshot horizon; not a claim about future exchange metadata.""}",https://docs.bitmex.com/api-explorer/get-instruments,f02a691c7f7cfd0cd08ffb7f13a656ebaf2c6ca6,32bf663c899df3167949fe8e5674163d0df956cdfa6b29a89a310b6a1f907f38,Current snapshot version generated locally without network access.
LTCU18-SNAPSHOT-15c097b5e459,LTCU18,BITMEX_INSTRUMENT_SNAPSHOT,2018-06-19T08:00:00Z,9999-12-31T00:00:00Z,LINEAR,LTC,XBT,XBT,XBT,1,LTC,100000000,OFFICIAL_EXPLICIT,,"{""multiplier_major"": ""1 / underlyingToPositionMultiplier from the frozen instrument row"", ""snapshot_fields"": ""Directly retained from the complete frozen CSV row."", ""valid_interval"": ""listing through the registry snapshot horizon; not a claim about future exchange metadata.""}",https://docs.bitmex.com/api-explorer/get-instruments,f02a691c7f7cfd0cd08ffb7f13a656ebaf2c6ca6,15c097b5e459e7f5f5fe7afb7c449aae7bcae6651eb473d8ac2cede68471b35c,Current snapshot version generated locally without network access.
LTCU19-SNAPSHOT-8489d4c879de,LTCU19,BITMEX_INSTRUMENT_SNAPSHOT,2019-06-14T08:00:00Z,9999-12-31T00:00:00Z,LINEAR,LTC,XBT,XBT,XBT,1,LTC,100000000,OFFICIAL_EXPLICIT,,"{""multiplier_major"": ""1 / underlyingToPositionMultiplier from the frozen instrument row"", ""snapshot_fields"": ""Directly retained from the complete frozen CSV row."", ""valid_interval"": ""listing through the registry snapshot horizon; not a claim about future exchange metadata.""}",https://docs.bitmex.com/api-explorer/get-instruments,f02a691c7f7cfd0cd08ffb7f13a656ebaf2c6ca6,8489d4c879de16b17e3134c361c831167615d1f71c67d1183e323f2e1bdbf465,Current snapshot version generated locally without network access.
LTCU20-SNAPSHOT-f887e4b4f135,LTCU20,BITMEX_INSTRUMENT_SNAPSHOT,2020-06-12T08:00:00Z,9999-12-31T00:00:00Z,LINEAR,LTC,XBT,XBT,XBT,1,LTC,100000000,OFFICIAL_EXPLICIT,,"{""multiplier_major"": ""1 / underlyingToPositionMultiplier from the frozen instrument row"", ""snapshot_fields"": ""Directly retained from the complete frozen CSV row."", ""valid_interval"": ""listing through the registry snapshot horizon; not a claim about future exchange metadata.""}",https://docs.bitmex.com/api-explorer/get-instruments,f02a691c7f7cfd0cd08ffb7f13a656ebaf2c6ca6,f887e4b4f13577f149aeb7ff2cdaaa56ed5d53b28e3da17372124e0b01591925,Current snapshot version generated locally without network access.
LTCU21-SNAPSHOT-467dc1a462b5,LTCU21,BITMEX_INSTRUMENT_SNAPSHOT,2021-06-16T08:00:00Z,9999-12-31T00:00:00Z,LINEAR,LTC,XBT,XBT,XBT,1,LTC,100000000,OFFICIAL_EXPLICIT,,"{""multiplier_major"": ""1 / underlyingToPositionMultiplier from the frozen instrument row"", ""snapshot_fields"": ""Directly retained from the complete frozen CSV row."", ""valid_interval"": ""listing through the registry snapshot horizon; not a claim about future exchange metadata.""}",https://docs.bitmex.com/api-explorer/get-instruments,f02a691c7f7cfd0cd08ffb7f13a656ebaf2c6ca6,467dc1a462b598a4c588b38cea5ce3b965029340ee2f41e3f98a66dd4f3b2408,Current snapshot version generated locally without network access.
LTCUSD-SNAPSHOT-ece3807d1fda,LTCUSD,BITMEX_INSTRUMENT_SNAPSHOT,2020-07-30T04:00:00Z,9999-12-31T00:00:00Z,QUANTO,LTC,USD,XBT,XBT,0.000002,XBT,200,OFFICIAL_EXPLICIT,,"{""multiplier_major"": ""multiplier / 100000000 XBt per the frozen BitMEX instrument snapshot"", ""snapshot_fields"": ""Directly retained from the complete frozen CSV row."", ""valid_interval"": ""listing through the registry snapshot horizon; not a claim about future exchange metadata.""}",https://docs.bitmex.com/api-explorer/get-instruments,f02a691c7f7cfd0cd08ffb7f13a656ebaf2c6ca6,ece3807d1fda97aa1c77b8ab869fd3593e25115956a42c0a79deb8869c969ec7,Current snapshot version generated locally without network access.
LTCUSDT-SNAPSHOT-553fc2e9e38d,LTCUSDT,BITMEX_INSTRUMENT_SNAPSHOT,2021-11-10T04:00:00Z,9999-12-31T00:00:00Z,LINEAR,LTC,USDT,USDT,USDT,0.0001,LTC,100,OFFICIAL_EXPLICIT,,"{""multiplier_major"": ""1 / underlyingToPositionMultiplier from the frozen instrument row"", ""snapshot_fields"": ""Directly retained from the complete frozen CSV row."", ""valid_interval"": ""listing through the registry snapshot horizon; not a claim about future exchange metadata.""}",https://docs.bitmex.com/api-explorer/get-instruments,f02a691c7f7cfd0cd08ffb7f13a656ebaf2c6ca6,553fc2e9e38dad3ca45f79ebea4c9a533e39e197b25ce0b7629b0829f29197fd,Current snapshot version generated locally without network access.
LTCXBT-SNAPSHOT-4c96ba9905d0,LTCXBT,BITMEX_INSTRUMENT_SNAPSHOT,2016-05-09T12:00:00Z,9999-12-31T00:00:00Z,LINEAR,LTC,XBT,XBT,XBT,,LTC,100000000,OFFICIAL_EXPLICIT,multiplier_major,"{""multiplier_major"": ""1 / underlyingToPositionMultiplier from the frozen instrument row"", ""snapshot_fields"": ""Directly retained from the complete frozen CSV row."", ""valid_interval"": ""listing through the registry snapshot horizon; not a claim about future exchange metadata.""}",https://docs.bitmex.com/api-explorer/get-instruments,f02a691c7f7cfd0cd08ffb7f13a656ebaf2c6ca6,4c96ba9905d04eee42699d2bc623ca2ed11731b9faa31cc27ec3cb4edb91975e,Current snapshot version generated locally without network access.
LTCZ17-SNAPSHOT-5d2c0e38ba70,LTCZ17,BITMEX_INSTRUMENT_SNAPSHOT,2017-09-14T08:00:00Z,9999-12-31T00:00:00Z,LINEAR,LTC,XBT,XBT,XBT,1,LTC,100000000,OFFICIAL_EXPLICIT,,"{""multiplier_major"": ""1 / underlyingToPositionMultiplier from the frozen instrument row"", ""snapshot_fields"": ""Directly retained from the complete frozen CSV row."", ""valid_interval"": ""listing through the registry snapshot horizon; not a claim about future exchange metadata.""}",https://docs.bitmex.com/api-explorer/get-instruments,f02a691c7f7cfd0cd08ffb7f13a656ebaf2c6ca6,5d2c0e38ba704843d4121bdc15e18794e169a67baf66dc04771d7e4b09f226a6,Current snapshot version generated locally without network access.
LTCZ18-SNAPSHOT-aa2f326ba912,LTCZ18,BITMEX_INSTRUMENT_SNAPSHOT,2018-09-21T02:00:00Z,9999-12-31T00:00:00Z,LINEAR,LTC,XBT,XBT,XBT,1,LTC,100000000,OFFICIAL_EXPLICIT,,"{""multiplier_major"": ""1 / underlyingToPositionMultiplier from the frozen instrument row"", ""snapshot_fields"": ""Directly retained from the complete frozen CSV row."", ""valid_interval"": ""listing through the registry snapshot horizon; not a claim about future exchange metadata.""}",https://docs.bitmex.com/api-explorer/get-instruments,f02a691c7f7cfd0cd08ffb7f13a656ebaf2c6ca6,aa2f326ba9122a7a80583b0b068a3dd5f87fd45c26d367739d0ee6368e0e24c2,Current snapshot version generated locally without network access.
LTCZ19-SNAPSHOT-95f64487dd85,LTCZ19,BITMEX_INSTRUMENT_SNAPSHOT,2019-09-13T08:00:00Z,9999-12-31T00:00:00Z,LINEAR,LTC,XBT,XBT,XBT,1,LTC,100000000,OFFICIAL_EXPLICIT,,"{""multiplier_major"": ""1 / underlyingToPositionMultiplier from the frozen instrument row"", ""snapshot_fields"": ""Directly retained from the complete frozen CSV row."", ""valid_interval"": ""listing through the registry snapshot horizon; not a claim about future exchange metadata.""}",https://docs.bitmex.com/api-explorer/get-instruments,f02a691c7f7cfd0cd08ffb7f13a656ebaf2c6ca6,95f64487dd855a3302498eb8dc26fdcb50b3a1c15de829055cf3ea4fa530dab4,Current snapshot version generated locally without network access.
LTCZ20-SNAPSHOT-6c0bdf235daa,LTCZ20,BITMEX_INSTRUMENT_SNAPSHOT,2020-09-11T08:00:00Z,9999-12-31T00:00:00Z,LINEAR,LTC,XBT,XBT,XBT,1,LTC,100000000,OFFICIAL_EXPLICIT,,"{""multiplier_major"": ""1 / underlyingToPositionMultiplier from the frozen instrument row"", ""snapshot_fields"": ""Directly retained from the complete frozen CSV row."", ""valid_interval"": ""listing through the registry snapshot horizon; not a claim about future exchange metadata.""}",https://docs.bitmex.com/api-explorer/get-instruments,f02a691c7f7cfd0cd08ffb7f13a656ebaf2c6ca6,6c0bdf235daa3f661a037c99808dc4319fd67086845120e72516d6616afc6e5b,Current snapshot version generated locally without network access.
LTCZ21-SNAPSHOT-88d0256cbe91,LTCZ21,BITMEX_INSTRUMENT_SNAPSHOT,2021-09-15T04:00:00Z,9999-12-31T00:00:00Z,LINEAR,LTC,XBT,XBT,XBT,0.00000001,LTC,1,OFFICIAL_EXPLICIT,,"{""multiplier_major"": ""1 / underlyingToPositionMultiplier from the frozen instrument row"", ""snapshot_fields"": ""Directly retained from the complete frozen CSV row."", ""valid_interval"": ""listing through the registry snapshot horizon; not a claim about future exchange metadata.""}",https://docs.bitmex.com/api-explorer/get-instruments,f02a691c7f7cfd0cd08ffb7f13a656ebaf2c6ca6,88d0256cbe9152588fc6eafac99c711fe7c65192834b3af5a839566b56dc4461,Current snapshot version generated locally without network access.
LUNAUSD-QUANTO-XBT-2021,LUNAUSD,CONFIGURED_HISTORICAL,2021-09-23T04:00:00Z,2022-06-02T04:00:00Z,QUANTO,.BLUNA,USD,XBT,XBT,0.00001,XBT,1000,OFFICIAL_EXPLICIT,,"{""execution_cross_check"": ""358/358 Trade rows agree.""}",https://www.bitmex.com/blog/the-lunausd-quanto-perpetual-trading-now-on-bitmex,,,Historical LUNAUSD interval ends at the later snapshot boundary.
LUNAUSD-SNAPSHOT-2a2ec37494b2,LUNAUSD,BITMEX_INSTRUMENT_SNAPSHOT,2022-06-02T04:00:00Z,9999-12-31T00:00:00Z,QUANTO,LUNA,USD,XBT,XBT,0.0001,XBT,10000,OFFICIAL_EXPLICIT,,"{""multiplier_major"": ""multiplier / 100000000 XBt per the frozen BitMEX instrument snapshot"", ""snapshot_fields"": ""Directly retained from the complete frozen CSV row."", ""valid_interval"": ""listing through the registry snapshot horizon; not a claim about future exchange metadata.""}",https://docs.bitmex.com/api-explorer/get-instruments,f02a691c7f7cfd0cd08ffb7f13a656ebaf2c6ca6,2a2ec37494b2f16cc5d463098a994ed9aefbb4e21cd95bb8323a965babdee4ed,Current snapshot version generated locally without network access.
LUNAUSDT-SNAPSHOT-dbd196dcc735,LUNAUSDT,BITMEX_INSTRUMENT_SNAPSHOT,2022-06-02T04:00:00Z,9999-12-31T00:00:00Z,LINEAR,LUNA,USDT,USDT,USDT,0.001,LUNA,1000,OFFICIAL_EXPLICIT,,"{""multiplier_major"": ""1 / underlyingToPositionMultiplier from the frozen instrument row"", ""snapshot_fields"": ""Directly retained from the complete frozen CSV row."", ""valid_interval"": ""listing through the registry snapshot horizon; not a claim about future exchange metadata.""}",https://docs.bitmex.com/api-explorer/get-instruments,f02a691c7f7cfd0cd08ffb7f13a656ebaf2c6ca6,dbd196dcc73549e6ee07c353a186f5ba9dfd9ac8fff675f1e0e9a871c7167129,Current snapshot version generated locally without network access.
LUNCUSDT-SNAPSHOT-c127f0f535c9,LUNCUSDT,BITMEX_INSTRUMENT_SNAPSHOT,2023-12-06T04:00:00Z,9999-12-31T00:00:00Z,LINEAR,LUNC,USDT,USDT,USDT,1,LUNC,1000000,OFFICIAL_EXPLICIT,,"{""multiplier_major"": ""1 / underlyingToPositionMultiplier from the frozen instrument row"", ""snapshot_fields"": ""Directly retained from the complete frozen CSV row."", ""valid_interval"": ""listing through the registry snapshot horizon; not a claim about future exchange metadata.""}",https://docs.bitmex.com/api-explorer/get-instruments,f02a691c7f7cfd0cd08ffb7f13a656ebaf2c6ca6,c127f0f535c911998007106065fad7e463b70e7675aed5c6ece8dadce370bb79,Current snapshot version generated locally without network access.
MAJORUSDT-SNAPSHOT-ec6456f7edf4,MAJORUSDT,BITMEX_INSTRUMENT_SNAPSHOT,2024-11-29T04:00:00Z,9999-12-31T00:00:00Z,LINEAR,MAJOR,USDT,USDT,USDT,1,MAJOR,1000000,OFFICIAL_EXPLICIT,,"{""multiplier_major"": ""1 / underlyingToPositionMultiplier from the frozen instrument row"", ""snapshot_fields"": ""Directly retained from the complete frozen CSV row."", ""valid_interval"": ""listing through the registry snapshot horizon; not a claim about future exchange metadata.""}",https://docs.bitmex.com/api-explorer/get-instruments,f02a691c7f7cfd0cd08ffb7f13a656ebaf2c6ca6,ec6456f7edf4c2d7366e4357549eedcd94b4c16dab5c3af74c26d3d7fee07f85,Current snapshot version generated locally without network access.
MANAUSDT-SNAPSHOT-e92cfbeec227,MANAUSDT,BITMEX_INSTRUMENT_SNAPSHOT,2022-01-12T04:00:00Z,9999-12-31T00:00:00Z,LINEAR,MANA,USDT,USDT,USDT,0.001,MANA,1000,OFFICIAL_EXPLICIT,,"{""multiplier_major"": ""1 / underlyingToPositionMultiplier from the frozen instrument row"", ""snapshot_fields"": ""Directly retained from the complete frozen CSV row."", ""valid_interval"": ""listing through the registry snapshot horizon; not a claim about future exchange metadata.""}",https://docs.bitmex.com/api-explorer/get-instruments,f02a691c7f7cfd0cd08ffb7f13a656ebaf2c6ca6,e92cfbeec2278611c6da292a7d88089812e3da81af749755281548be014eeeaa,Current snapshot version generated locally without network access.
MANTAUSDT-SNAPSHOT-05fe56de743f,MANTAUSDT,BITMEX_INSTRUMENT_SNAPSHOT,2024-01-18T12:00:00Z,9999-12-31T00:00:00Z,LINEAR,MANTA,USDT,USDT,USDT,1,MANTA,1000000,OFFICIAL_EXPLICIT,,"{""multiplier_major"": ""1 / underlyingToPositionMultiplier from the frozen instrument row"", ""snapshot_fields"": ""Directly retained from the complete frozen CSV row."", ""valid_interval"": ""listing through the registry snapshot horizon; not a claim about future exchange metadata.""}",https://docs.bitmex.com/api-explorer/get-instruments,f02a691c7f7cfd0cd08ffb7f13a656ebaf2c6ca6,05fe56de743f2ac2c21db367e32b5c192d928af6d0625ef47be7e5d9546e6f29,Current snapshot version generated locally without network access.
MANTAUSDTF24-SNAPSHOT-bf7cb7a26d5c,MANTAUSDTF24,BITMEX_INSTRUMENT_SNAPSHOT,2024-01-16T06:00:00Z,9999-12-31T00:00:00Z,LINEAR,MANTA,USDT,USDT,USDT,1,MANTA,1000000,OFFICIAL_EXPLICIT,,"{""multiplier_major"": ""1 / underlyingToPositionMultiplier from the frozen instrument row"", ""snapshot_fields"": ""Directly retained from the complete frozen CSV row."", ""valid_interval"": ""listing through the registry snapshot horizon; not a claim about future exchange metadata.""}",https://docs.bitmex.com/api-explorer/get-instruments,f02a691c7f7cfd0cd08ffb7f13a656ebaf2c6ca6,bf7cb7a26d5c44ee282c0274985a9e18d1a075eedb0329b5e7c6438d1890d688,Current snapshot version generated locally without network access.
MATICUSDT-SNAPSHOT-7520c63b863d,MATICUSDT,BITMEX_INSTRUMENT_SNAPSHOT,2022-01-12T04:00:00Z,9999-12-31T00:00:00Z,LINEAR,MATIC,USDT,USDT,USDT,0.01,MATIC,10000,OFFICIAL_EXPLICIT,,"{""multiplier_major"": ""1 / underlyingToPositionMultiplier from the frozen instrument row"", ""snapshot_fields"": ""Directly retained from the complete frozen CSV row."", ""valid_interval"": ""listing through the registry snapshot horizon; not a claim about future exchange metadata.""}",https://docs.bitmex.com/api-explorer/get-instruments,f02a691c7f7cfd0cd08ffb7f13a656ebaf2c6ca6,7520c63b863d2dffef813500803daa6366648481c9f0d31794a3df1cf1a4f77d,Current snapshot version generated locally without network access.
MBLUSDT-SNAPSHOT-f0dadb7fde96,MBLUSDT,BITMEX_INSTRUMENT_SNAPSHOT,2023-11-14T04:00:00Z,9999-12-31T00:00:00Z,LINEAR,MBL,USDT,USDT,USDT,1,MBL,1000000,OFFICIAL_EXPLICIT,,"{""multiplier_major"": ""1 / underlyingToPositionMultiplier from the frozen instrument row"", ""snapshot_fields"": ""Directly retained from the complete frozen CSV row."", ""valid_interval"": ""listing through the registry snapshot horizon; not a claim about future exchange metadata.""}",https://docs.bitmex.com/api-explorer/get-instruments,f02a691c7f7cfd0cd08ffb7f13a656ebaf2c6ca6,f0dadb7fde961cdc5dddca1596a288e72673c769452c5f0c032162f6a0707184,Current snapshot version generated locally without network access.
MELANIAUSDT-SNAPSHOT-9d3e53b553a5,MELANIAUSDT,BITMEX_INSTRUMENT_SNAPSHOT,2025-01-20T04:00:00Z,9999-12-31T00:00:00Z,LINEAR,MELANIA,USDT,USDT,USDT,0.01,MELANIA,10000,OFFICIAL_EXPLICIT,,"{""multiplier_major"": ""1 / underlyingToPositionMultiplier from the frozen instrument row"", ""snapshot_fields"": ""Directly retained from the complete frozen CSV row."", ""valid_interval"": ""listing through the registry snapshot horizon; not a claim about future exchange metadata.""}",https://docs.bitmex.com/api-explorer/get-instruments,f02a691c7f7cfd0cd08ffb7f13a656ebaf2c6ca6,9d3e53b553a516b8115fde79ce476cfc9c6e5eaa6bd0afd8dd60e5aa887a36b0,Current snapshot version generated locally without network access.
MEMEMEXTUSDT-SNAPSHOT-2dfe102de15d,MEMEMEXTUSDT,BITMEX_INSTRUMENT_SNAPSHOT,2024-07-04T04:00:00Z,9999-12-31T00:00:00Z,LINEAR,MEMEMEXT,USDT,USDT,USDT,0.0001,MEMEMEXT,100,OFFICIAL_EXPLICIT,,"{""multiplier_major"": ""1 / underlyingToPositionMultiplier from the frozen instrument row"", ""snapshot_fields"": ""Directly retained from the complete frozen CSV row."", ""valid_interval"": ""listing through the registry snapshot horizon; not a claim about future exchange metadata.""}",https://docs.bitmex.com/api-explorer/get-instruments,f02a691c7f7cfd0cd08ffb7f13a656ebaf2c6ca6,2dfe102de15d94a58b6bca64059983f4e46892742e68b5c036cef88d31ff6b89,Current snapshot version generated locally without network access.
MEMEUSDT-SNAPSHOT-091ab204d9ce,MEMEUSDT,BITMEX_INSTRUMENT_SNAPSHOT,2023-11-03T12:00:00Z,9999-12-31T00:00:00Z,LINEAR,MEME,USDT,USDT,USDT,1,MEME,1000000,OFFICIAL_EXPLICIT,,"{""multiplier_major"": ""1 / underlyingToPositionMultiplier from the frozen instrument row"", ""snapshot_fields"": ""Directly retained from the complete frozen CSV row."", ""valid_interval"": ""listing through the registry snapshot horizon; not a claim about future exchange metadata.""}",https://docs.bitmex.com/api-explorer/get-instruments,f02a691c7f7cfd0cd08ffb7f13a656ebaf2c6ca6,091ab204d9ce27d9e6b3c2f443effac412b4d8229c91a15629ee210584939344,Current snapshot version generated locally without network access.
MEMEUSDTX23-SNAPSHOT-7b1a4e6d75ae,MEMEUSDTX23,BITMEX_INSTRUMENT_SNAPSHOT,2023-10-30T06:00:00Z,9999-12-31T00:00:00Z,LINEAR,MEME,USDT,USDT,USDT,1,MEME,1000000,OFFICIAL_EXPLICIT,,"{""multiplier_major"": ""1 / underlyingToPositionMultiplier from the frozen instrument row"", ""snapshot_fields"": ""Directly retained from the complete frozen CSV row."", ""valid_interval"": ""listing through the registry snapshot horizon; not a claim about future exchange metadata.""}",https://docs.bitmex.com/api-explorer/get-instruments,f02a691c7f7cfd0cd08ffb7f13a656ebaf2c6ca6,7b1a4e6d75ae6dbf40feb0119729c39bca5fdda672c789eb8f0bff559c166ec9,Current snapshot version generated locally without network access.
MERLUSD-SNAPSHOT-f5a521526c43,MERLUSD,BITMEX_INSTRUMENT_SNAPSHOT,2024-04-19T12:00:00Z,9999-12-31T00:00:00Z,QUANTO,MERL,USD,XBT,XBT,0.0001,XBT,10000,OFFICIAL_EXPLICIT,,"{""multiplier_major"": ""multiplier / 100000000 XBt per the frozen BitMEX instrument snapshot"", ""snapshot_fields"": ""Directly retained from the complete frozen CSV row."", ""valid_interval"": ""listing through the registry snapshot horizon; not a claim about future exchange metadata.""}",https://docs.bitmex.com/api-explorer/get-instruments,f02a691c7f7cfd0cd08ffb7f13a656ebaf2c6ca6,f5a521526c43c19468fd8087be7b37a4c23d5765c6b70b74315926ae1de67be8,Current snapshot version generated locally without network access.
METAMEXTUSDT-SNAPSHOT-a3a7212325c3,METAMEXTUSDT,BITMEX_INSTRUMENT_SNAPSHOT,2022-02-16T04:00:00Z,9999-12-31T00:00:00Z,LINEAR,METAMEXT,USDT,USDT,USDT,0.0001,METAMEXT,100,OFFICIAL_EXPLICIT,,"{""multiplier_major"": ""1 / underlyingToPositionMultiplier from the frozen instrument row"", ""snapshot_fields"": ""Directly retained from the complete frozen CSV row."", ""valid_interval"": ""listing through the registry snapshot horizon; not a claim about future exchange metadata.""}",https://docs.bitmex.com/api-explorer/get-instruments,f02a691c7f7cfd0cd08ffb7f13a656ebaf2c6ca6,a3a7212325c3886cd2e3d7d67266628586b56fa21c4812510fe7fb5f9534cf02,Current snapshot version generated locally without network access.
METAUSDT-SNAPSHOT-fdad8f3685a3,METAUSDT,BITMEX_INSTRUMENT_SNAPSHOT,2025-12-15T12:00:00Z,9999-12-31T00:00:00Z,LINEAR,META,USDT,USDT,USDT,0.01,META,10000,OFFICIAL_EXPLICIT,,"{""multiplier_major"": ""1 / underlyingToPositionMultiplier from the frozen instrument row"", ""snapshot_fields"": ""Directly retained from the complete frozen CSV row."", ""valid_interval"": ""listing through the registry snapshot horizon; not a claim about future exchange metadata.""}",https://docs.bitmex.com/api-explorer/get-instruments,f02a691c7f7cfd0cd08ffb7f13a656ebaf2c6ca6,fdad8f3685a331f6ab3ccecb2fe99af5f485bd5c0ba0f6e65466cec3f1465085,Current snapshot version generated locally without network access.
MEUSDT-SNAPSHOT-a7b7c8040925,MEUSDT,BITMEX_INSTRUMENT_SNAPSHOT,2024-12-11T04:00:00Z,9999-12-31T00:00:00Z,LINEAR,ME,USDT,USDT,USDT,1,ME,1000000,OFFICIAL_EXPLICIT,,"{""multiplier_major"": ""1 / underlyingToPositionMultiplier from the frozen instrument row"", ""snapshot_fields"": ""Directly retained from the complete frozen CSV row."", ""valid_interval"": ""listing through the registry snapshot horizon; not a claim about future exchange metadata.""}",https://docs.bitmex.com/api-explorer/get-instruments,f02a691c7f7cfd0cd08ffb7f13a656ebaf2c6ca6,a7b7c80409256b294486016f07d8a2a115213ae6586d8a40b81fa47ebefe66e6,Current snapshot version generated locally without network access.
MEUSDTZ25-SNAPSHOT-48232b93fbc8,MEUSDTZ25,BITMEX_INSTRUMENT_SNAPSHOT,2024-11-21T09:00:00Z,9999-12-31T00:00:00Z,LINEAR,ME,USDT,USDT,USDT,1,ME,1000000,OFFICIAL_EXPLICIT,,"{""multiplier_major"": ""1 / underlyingToPositionMultiplier from the frozen instrument row"", ""snapshot_fields"": ""Directly retained from the complete frozen CSV row."", ""valid_interval"": ""listing through the registry snapshot horizon; not a claim about future exchange metadata.""}",https://docs.bitmex.com/api-explorer/get-instruments,f02a691c7f7cfd0cd08ffb7f13a656ebaf2c6ca6,48232b93fbc8eb093162275f4a15a13bfd648604ec62f83ee1bf7a2437de3cfd,Current snapshot version generated locally without network access.
MEWUSDT-SNAPSHOT-140b4447ded9,MEWUSDT,BITMEX_INSTRUMENT_SNAPSHOT,2024-04-04T04:00:00Z,9999-12-31T00:00:00Z,LINEAR,MEW,USDT,USDT,USDT,1,MEW,1000000,OFFICIAL_EXPLICIT,,"{""multiplier_major"": ""1 / underlyingToPositionMultiplier from the frozen instrument row"", ""snapshot_fields"": ""Directly retained from the complete frozen CSV row."", ""valid_interval"": ""listing through the registry snapshot horizon; not a claim about future exchange metadata.""}",https://docs.bitmex.com/api-explorer/get-instruments,f02a691c7f7cfd0cd08ffb7f13a656ebaf2c6ca6,140b4447ded9017e60bb00e9deac9ec95c785378449bc4918da44ef5323f8cf8,Current snapshot version generated locally without network access.
MGOUSDT-SNAPSHOT-89202d739b87,MGOUSDT,BITMEX_INSTRUMENT_SNAPSHOT,2025-06-25T04:00:00Z,9999-12-31T00:00:00Z,LINEAR,MGO,USDT,USDT,USDT,1,MGO,1000000,OFFICIAL_EXPLICIT,,"{""multiplier_major"": ""1 / underlyingToPositionMultiplier from the frozen instrument row"", ""snapshot_fields"": ""Directly retained from the complete frozen CSV row."", ""valid_interval"": ""listing through the registry snapshot horizon; not a claim about future exchange metadata.""}",https://docs.bitmex.com/api-explorer/get-instruments,f02a691c7f7cfd0cd08ffb7f13a656ebaf2c6ca6,89202d739b876c06979d683a8007119308320e5b3d7772097f5fdb8c65e566be,Current snapshot version generated locally without network access.
MINAUSDT-SNAPSHOT-82efeba966c0,MINAUSDT,BITMEX_INSTRUMENT_SNAPSHOT,2023-11-02T04:00:00Z,9999-12-31T00:00:00Z,LINEAR,MINA,USDT,USDT,USDT,1,MINA,1000000,OFFICIAL_EXPLICIT,,"{""multiplier_major"": ""1 / underlyingToPositionMultiplier from the frozen instrument row"", ""snapshot_fields"": ""Directly retained from the complete frozen CSV row."", ""valid_interval"": ""listing through the registry snapshot horizon; not a claim about future exchange metadata.""}",https://docs.bitmex.com/api-explorer/get-instruments,f02a691c7f7cfd0cd08ffb7f13a656ebaf2c6ca6,82efeba966c05b7dcc33873bc4dee3151dcf0e14417af5e92a2be9364f6b2f56,Current snapshot version generated locally without network access.
MLKUSDT-SNAPSHOT-e8c2b82dba32,MLKUSDT,BITMEX_INSTRUMENT_SNAPSHOT,2023-11-28T06:00:00Z,9999-12-31T00:00:00Z,LINEAR,MLK,USDT,USDT,USDT,1,MLK,1000000,OFFICIAL_EXPLICIT,,"{""multiplier_major"": ""1 / underlyingToPositionMultiplier from the frozen instrument row"", ""snapshot_fields"": ""Directly retained from the complete frozen CSV row."", ""valid_interval"": ""listing through the registry snapshot horizon; not a claim about future exchange metadata.""}",https://docs.bitmex.com/api-explorer/get-instruments,f02a691c7f7cfd0cd08ffb7f13a656ebaf2c6ca6,e8c2b82dba3216c7d9c6dee0c5cba1c76a7a2b3db070ce6d01c121a84008ace0,Current snapshot version generated locally without network access.
MONUSDT-SNAPSHOT-be0b278cbb48,MONUSDT,BITMEX_INSTRUMENT_SNAPSHOT,2025-11-28T04:00:00Z,9999-12-31T00:00:00Z,LINEAR,MON,USDT,USDT,USDT,0.01,MON,10000,OFFICIAL_EXPLICIT,,"{""multiplier_major"": ""1 / underlyingToPositionMultiplier from the frozen instrument row"", ""snapshot_fields"": ""Directly retained from the complete frozen CSV row."", ""valid_interval"": ""listing through the registry snapshot horizon; not a claim about future exchange metadata.""}",https://docs.bitmex.com/api-explorer/get-instruments,f02a691c7f7cfd0cd08ffb7f13a656ebaf2c6ca6,be0b278cbb48e142eafdb319f1b406c36ffbb43ae1f2ef6401f7bfbc1cab2795,Current snapshot version generated locally without network access.
MOODENGUSDT-SNAPSHOT-5f38839ab071,MOODENGUSDT,BITMEX_INSTRUMENT_SNAPSHOT,2024-10-04T04:00:00Z,9999-12-31T00:00:00Z,LINEAR,MOODENG,USDT,USDT,USDT,1,MOODENG,1000000,OFFICIAL_EXPLICIT,,"{""multiplier_major"": ""1 / underlyingToPositionMultiplier from the frozen instrument row"", ""snapshot_fields"": ""Directly retained from the complete frozen CSV row."", ""valid_interval"": ""listing through the registry snapshot horizon; not a claim about future exchange metadata.""}",https://docs.bitmex.com/api-explorer/get-instruments,f02a691c7f7cfd0cd08ffb7f13a656ebaf2c6ca6,5f38839ab0714584956e3ccb84d4836412619436c04908f302dd3495cf25a778,Current snapshot version generated locally without network access.
MOONPIGUSDT-SNAPSHOT-b3613a7bc4df,MOONPIGUSDT,BITMEX_INSTRUMENT_SNAPSHOT,2025-05-28T04:00:00Z,9999-12-31T00:00:00Z,LINEAR,MOONPIG,USDT,USDT,USDT,1,MOONPIG,1000000,OFFICIAL_EXPLICIT,,"{""multiplier_major"": ""1 / underlyingToPositionMultiplier from the frozen instrument row"", ""snapshot_fields"": ""Directly retained from the complete frozen CSV row."", ""valid_interval"": ""listing through the registry snapshot horizon; not a claim about future exchange metadata.""}",https://docs.bitmex.com/api-explorer/get-instruments,f02a691c7f7cfd0cd08ffb7f13a656ebaf2c6ca6,b3613a7bc4df899c997a3c775e99a8233d839d1165aae3e3c66afb920cc2110c,Current snapshot version generated locally without network access.
MOVEUSDT-SNAPSHOT-e9cfae56d5b5,MOVEUSDT,BITMEX_INSTRUMENT_SNAPSHOT,2024-12-10T04:00:00Z,9999-12-31T00:00:00Z,LINEAR,MOVE,USDT,USDT,USDT,1,MOVE,1000000,OFFICIAL_EXPLICIT,,"{""multiplier_major"": ""1 / underlyingToPositionMultiplier from the frozen instrument row"", ""snapshot_fields"": ""Directly retained from the complete frozen CSV row."", ""valid_interval"": ""listing through the registry snapshot horizon; not a claim about future exchange metadata.""}",https://docs.bitmex.com/api-explorer/get-instruments,f02a691c7f7cfd0cd08ffb7f13a656ebaf2c6ca6,e9cfae56d5b5c22eb69a600ec9d139a028c9fc91ec774c383091923460cb2201,Current snapshot version generated locally without network access.
MSFTUSDT-SNAPSHOT-4f4b5cefcab3,MSFTUSDT,BITMEX_INSTRUMENT_SNAPSHOT,2026-03-11T04:00:00Z,9999-12-31T00:00:00Z,LINEAR,MSFT,USDT,USDT,USDT,0.01,MSFT,10000,OFFICIAL_EXPLICIT,,"{""multiplier_major"": ""1 / underlyingToPositionMultiplier from the frozen instrument row"", ""snapshot_fields"": ""Directly retained from the complete frozen CSV row."", ""valid_interval"": ""listing through the registry snapshot horizon; not a claim about future exchange metadata.""}",https://docs.bitmex.com/api-explorer/get-instruments,f02a691c7f7cfd0cd08ffb7f13a656ebaf2c6ca6,4f4b5cefcab332bc70887b55b7ae49831b00ba87385d772f179e7bf317b9a0a9,Current snapshot version generated locally without network access.
MSTRUSDT-SNAPSHOT-b744bf620a62,MSTRUSDT,BITMEX_INSTRUMENT_SNAPSHOT,2026-03-11T04:00:00Z,9999-12-31T00:00:00Z,LINEAR,MSTR,USDT,USDT,USDT,0.01,MSTR,10000,OFFICIAL_EXPLICIT,,"{""multiplier_major"": ""1 / underlyingToPositionMultiplier from the frozen instrument row"", ""snapshot_fields"": ""Directly retained from the complete frozen CSV row."", ""valid_interval"": ""listing through the registry snapshot horizon; not a claim about future exchange metadata.""}",https://docs.bitmex.com/api-explorer/get-instruments,f02a691c7f7cfd0cd08ffb7f13a656ebaf2c6ca6,b744bf620a6204eda7fd1a7fdc006290af7bb7a27b6b60ce099b81c6b8123cbf,Current snapshot version generated locally without network access.
MUBARAKUSDT-SNAPSHOT-dc88b8d26616,MUBARAKUSDT,BITMEX_INSTRUMENT_SNAPSHOT,2025-03-17T12:00:00Z,9999-12-31T00:00:00Z,LINEAR,MUBARAK,USDT,USDT,USDT,1,MUBARAK,1000000,OFFICIAL_EXPLICIT,,"{""multiplier_major"": ""1 / underlyingToPositionMultiplier from the frozen instrument row"", ""snapshot_fields"": ""Directly retained from the complete frozen CSV row."", ""valid_interval"": ""listing through the registry snapshot horizon; not a claim about future exchange metadata.""}",https://docs.bitmex.com/api-explorer/get-instruments,f02a691c7f7cfd0cd08ffb7f13a656ebaf2c6ca6,dc88b8d2661644ec677685a483a0788f968b758b949f7370759477d07b2dc6a8,Current snapshot version generated locally without network access.
MYROUSDT-SNAPSHOT-cbd208efab40,MYROUSDT,BITMEX_INSTRUMENT_SNAPSHOT,2024-01-23T04:00:00Z,9999-12-31T00:00:00Z,LINEAR,MYRO,USDT,USDT,USDT,1,MYRO,1000000,OFFICIAL_EXPLICIT,,"{""multiplier_major"": ""1 / underlyingToPositionMultiplier from the frozen instrument row"", ""snapshot_fields"": ""Directly retained from the complete frozen CSV row."", ""valid_interval"": ""listing through the registry snapshot horizon; not a claim about future exchange metadata.""}",https://docs.bitmex.com/api-explorer/get-instruments,f02a691c7f7cfd0cd08ffb7f13a656ebaf2c6ca6,cbd208efab401dd5e19fadf76432564bf42ec1d1fcbd4f41f73da44c90e55e50,Current snapshot version generated locally without network access.
NATGASUSDT-SNAPSHOT-df40a848051e,NATGASUSDT,BITMEX_INSTRUMENT_SNAPSHOT,2026-04-16T12:00:00Z,9999-12-31T00:00:00Z,LINEAR,NATGAS,USDT,USDT,USDT,1,NATGAS,1000000,OFFICIAL_EXPLICIT,,"{""multiplier_major"": ""1 / underlyingToPositionMultiplier from the frozen instrument row"", ""snapshot_fields"": ""Directly retained from the complete frozen CSV row."", ""valid_interval"": ""listing through the registry snapshot horizon; not a claim about future exchange metadata.""}",https://docs.bitmex.com/api-explorer/get-instruments,f02a691c7f7cfd0cd08ffb7f13a656ebaf2c6ca6,df40a848051e5ac7312dccc3f610a08ea34298242f425f5debf3b4367e2b1ba6,Current snapshot version generated locally without network access.
NEARUSD-SNAPSHOT-413ec3e9733c,NEARUSD,BITMEX_INSTRUMENT_SNAPSHOT,2022-05-05T04:00:00Z,9999-12-31T00:00:00Z,QUANTO,NEAR,USD,XBT,XBT,0.0001,XBT,10000,OFFICIAL_EXPLICIT,,"{""multiplier_major"": ""multiplier / 100000000 XBt per the frozen BitMEX instrument snapshot"", ""snapshot_fields"": ""Directly retained from the complete frozen CSV row."", ""valid_interval"": ""listing through the registry snapshot horizon; not a claim about future exchange metadata.""}",https://docs.bitmex.com/api-explorer/get-instruments,f02a691c7f7cfd0cd08ffb7f13a656ebaf2c6ca6,413ec3e9733c8aae0ceeecd95ef0604635dc7dcf6d407f861151ba18f377b1b4,Current snapshot version generated locally without network access.
NEARUSDT-SNAPSHOT-44ca0aa087eb,NEARUSDT,BITMEX_INSTRUMENT_SNAPSHOT,2023-11-07T04:00:00Z,9999-12-31T00:00:00Z,LINEAR,NEAR,USDT,USDT,USDT,0.001,NEAR,1000,OFFICIAL_EXPLICIT,,"{""multiplier_major"": ""1 / underlyingToPositionMultiplier from the frozen instrument row"", ""snapshot_fields"": ""Directly retained from the complete frozen CSV row."", ""valid_interval"": ""listing through the registry snapshot horizon; not a claim about future exchange metadata.""}",https://docs.bitmex.com/api-explorer/get-instruments,f02a691c7f7cfd0cd08ffb7f13a656ebaf2c6ca6,44ca0aa087eb05005a05268426e00454e79c5453cd55147b6808eb7ef59674eb,Current snapshot version generated locally without network access.
NEIROUSDT-SNAPSHOT-2215220ffc3e,NEIROUSDT,BITMEX_INSTRUMENT_SNAPSHOT,2024-08-13T04:00:00Z,9999-12-31T00:00:00Z,LINEAR,NEIRO,USDT,USDT,USDT,1,NEIRO,1000000,OFFICIAL_EXPLICIT,,"{""multiplier_major"": ""1 / underlyingToPositionMultiplier from the frozen instrument row"", ""snapshot_fields"": ""Directly retained from the complete frozen CSV row."", ""valid_interval"": ""listing through the registry snapshot horizon; not a claim about future exchange metadata.""}",https://docs.bitmex.com/api-explorer/get-instruments,f02a691c7f7cfd0cd08ffb7f13a656ebaf2c6ca6,2215220ffc3e65b41a03c3e9ed16a0c6442d5a4d79b65107cd99c6a7990083a7,Current snapshot version generated locally without network access.
NEOG18-SNAPSHOT-bdfd198bd4c4,NEOG18,BITMEX_INSTRUMENT_SNAPSHOT,2018-02-04T20:00:00Z,9999-12-31T00:00:00Z,LINEAR,NEO,XBT,XBT,XBT,1,NEO,100000000,OFFICIAL_EXPLICIT,,"{""multiplier_major"": ""1 / underlyingToPositionMultiplier from the frozen instrument row"", ""snapshot_fields"": ""Directly retained from the complete frozen CSV row."", ""valid_interval"": ""listing through the registry snapshot horizon; not a claim about future exchange metadata.""}",https://docs.bitmex.com/api-explorer/get-instruments,f02a691c7f7cfd0cd08ffb7f13a656ebaf2c6ca6,bdfd198bd4c4a91bd0995a766eb219348c2ac66be66fde8ec126613aa07be84e,Current snapshot version generated locally without network access.
NEOH18-SNAPSHOT-cc6f269640ef,NEOH18,BITMEX_INSTRUMENT_SNAPSHOT,2018-02-23T04:00:00Z,9999-12-31T00:00:00Z,LINEAR,NEO,XBT,XBT,XBT,1,NEO,100000000,OFFICIAL_EXPLICIT,,"{""multiplier_major"": ""1 / underlyingToPositionMultiplier from the frozen instrument row"", ""snapshot_fields"": ""Directly retained from the complete frozen CSV row."", ""valid_interval"": ""listing through the registry snapshot horizon; not a claim about future exchange metadata.""}",https://docs.bitmex.com/api-explorer/get-instruments,f02a691c7f7cfd0cd08ffb7f13a656ebaf2c6ca6,cc6f269640eff4d4061aad0685c1005276abee280e6f3b6da9613fd71490c2fa,Current snapshot version generated locally without network access.
NFLXUSDT-SNAPSHOT-47419602d15c,NFLXUSDT,BITMEX_INSTRUMENT_SNAPSHOT,2026-03-11T04:00:00Z,9999-12-31T00:00:00Z,LINEAR,NFLX,USDT,USDT,USDT,0.01,NFLX,10000,OFFICIAL_EXPLICIT,,"{""multiplier_major"": ""1 / underlyingToPositionMultiplier from the frozen instrument row"", ""snapshot_fields"": ""Directly retained from the complete frozen CSV row."", ""valid_interval"": ""listing through the registry snapshot horizon; not a claim about future exchange metadata.""}",https://docs.bitmex.com/api-explorer/get-instruments,f02a691c7f7cfd0cd08ffb7f13a656ebaf2c6ca6,47419602d15c98598c0b523f18da334bdc5d7c2a36a3522636f72214c5138cc5,Current snapshot version generated locally without network access.
NILUSDT-SNAPSHOT-95e44039cbaf,NILUSDT,BITMEX_INSTRUMENT_SNAPSHOT,2025-03-25T04:00:00Z,9999-12-31T00:00:00Z,LINEAR,NIL,USDT,USDT,USDT,0.01,NIL,10000,OFFICIAL_EXPLICIT,,"{""multiplier_major"": ""1 / underlyingToPositionMultiplier from the frozen instrument row"", ""snapshot_fields"": ""Directly retained from the complete frozen CSV row."", ""valid_interval"": ""listing through the registry snapshot horizon; not a claim about future exchange metadata.""}",https://docs.bitmex.com/api-explorer/get-instruments,f02a691c7f7cfd0cd08ffb7f13a656ebaf2c6ca6,95e44039cbafb0cc6360b01a1137005181523830d5cefeac7bde1977b39237b5,Current snapshot version generated locally without network access.
NILUSDTH25-SNAPSHOT-bd19881c0b8b,NILUSDTH25,BITMEX_INSTRUMENT_SNAPSHOT,2025-03-21T09:00:00Z,9999-12-31T00:00:00Z,LINEAR,NIL,USDT,USDT,USDT,1,NIL,1000000,OFFICIAL_EXPLICIT,,"{""multiplier_major"": ""1 / underlyingToPositionMultiplier from the frozen instrument row"", ""snapshot_fields"": ""Directly retained from the complete frozen CSV row."", ""valid_interval"": ""listing through the registry snapshot horizon; not a claim about future exchange metadata.""}",https://docs.bitmex.com/api-explorer/get-instruments,f02a691c7f7cfd0cd08ffb7f13a656ebaf2c6ca6,bd19881c0b8b089d80c012878ef5ebd80717c0c177d5d5af9b235898fc9d7a99,Current snapshot version generated locally without network access.
NOTUSDT-SNAPSHOT-30ddc00aa143,NOTUSDT,BITMEX_INSTRUMENT_SNAPSHOT,2024-05-17T04:00:00Z,9999-12-31T00:00:00Z,LINEAR,NOT,USDT,USDT,USDT,1,NOT,1000000,OFFICIAL_EXPLICIT,,"{""multiplier_major"": ""1 / underlyingToPositionMultiplier from the frozen instrument row"", ""snapshot_fields"": ""Directly retained from the complete frozen CSV row."", ""valid_interval"": ""listing through the registry snapshot horizon; not a claim about future exchange metadata.""}",https://docs.bitmex.com/api-explorer/get-instruments,f02a691c7f7cfd0cd08ffb7f13a656ebaf2c6ca6,30ddc00aa1435c0ce24c82a20e9925b7755ce1c14c0eb3f1d90f844c677d2412,Current snapshot version generated locally without network access.
NOTUSDTK24-SNAPSHOT-f2d3256c9cc7,NOTUSDTK24,BITMEX_INSTRUMENT_SNAPSHOT,2024-05-10T09:00:00Z,9999-12-31T00:00:00Z,LINEAR,NOT,USDT,USDT,USDT,1,NOT,1000000,OFFICIAL_EXPLICIT,,"{""multiplier_major"": ""1 / underlyingToPositionMultiplier from the frozen instrument row"", ""snapshot_fields"": ""Directly retained from the complete frozen CSV row."", ""valid_interval"": ""listing through the registry snapshot horizon; not a claim about future exchange metadata.""}",https://docs.bitmex.com/api-explorer/get-instruments,f02a691c7f7cfd0cd08ffb7f13a656ebaf2c6ca6,f2d3256c9cc7457c1c4beea3a0aac625cadbab255422edf788bc82e3dbee7312,Current snapshot version generated locally without network access.
NTRNUSDT-SNAPSHOT-ad98af8af8b1,NTRNUSDT,BITMEX_INSTRUMENT_SNAPSHOT,2023-10-17T04:00:00Z,9999-12-31T00:00:00Z,LINEAR,NTRN,USDT,USDT,USDT,1,NTRN,1000000,OFFICIAL_EXPLICIT,,"{""multiplier_major"": ""1 / underlyingToPositionMultiplier from the frozen instrument row"", ""snapshot_fields"": ""Directly retained from the complete frozen CSV row."", ""valid_interval"": ""listing through the registry snapshot horizon; not a claim about future exchange metadata.""}",https://docs.bitmex.com/api-explorer/get-instruments,f02a691c7f7cfd0cd08ffb7f13a656ebaf2c6ca6,ad98af8af8b19fe2e8f2282fbb28c38a18b7aa56d2c432a27ae6ecaba346fdff,Current snapshot version generated locally without network access.
NVDAUSDT-SNAPSHOT-3e018a86506c,NVDAUSDT,BITMEX_INSTRUMENT_SNAPSHOT,2025-12-15T12:00:00Z,9999-12-31T00:00:00Z,LINEAR,NVDA,USDT,USDT,USDT,0.01,NVDA,10000,OFFICIAL_EXPLICIT,,"{""multiplier_major"": ""1 / underlyingToPositionMultiplier from the frozen instrument row"", ""snapshot_fields"": ""Directly retained from the complete frozen CSV row."", ""valid_interval"": ""listing through the registry snapshot horizon; not a claim about future exchange metadata.""}",https://docs.bitmex.com/api-explorer/get-instruments,f02a691c7f7cfd0cd08ffb7f13a656ebaf2c6ca6,3e018a86506c658d28990c64eb17254636fa2a5c2ebc8b0f2f5317adc795f384,Current snapshot version generated locally without network access.
NZDUSD-SNAPSHOT-35c0119d90e6,NZDUSD,BITMEX_INSTRUMENT_SNAPSHOT,2022-08-03T04:00:00Z,9999-12-31T00:00:00Z,QUANTO,NZD,USD,XBT,XBT,0.0001,XBT,10000,OFFICIAL_EXPLICIT,,"{""multiplier_major"": ""multiplier / 100000000 XBt per the frozen BitMEX instrument snapshot"", ""snapshot_fields"": ""Directly retained from the complete frozen CSV row."", ""valid_interval"": ""listing through the registry snapshot horizon; not a claim about future exchange metadata.""}",https://docs.bitmex.com/api-explorer/get-instruments,f02a691c7f7cfd0cd08ffb7f13a656ebaf2c6ca6,35c0119d90e601c00a67c229364e99f1758d130fcf28538872882a8f21280687,Current snapshot version generated locally without network access.
NZDUSDT-SNAPSHOT-49887d6367a8,NZDUSDT,BITMEX_INSTRUMENT_SNAPSHOT,2022-08-03T04:00:00Z,9999-12-31T00:00:00Z,LINEAR,NZD,USDT,USDT,USDT,1,NZD,1000000,OFFICIAL_EXPLICIT,,"{""multiplier_major"": ""1 / underlyingToPositionMultiplier from the frozen instrument row"", ""snapshot_fields"": ""Directly retained from the complete frozen CSV row."", ""valid_interval"": ""listing through the registry snapshot horizon; not a claim about future exchange metadata.""}",https://docs.bitmex.com/api-explorer/get-instruments,f02a691c7f7cfd0cd08ffb7f13a656ebaf2c6ca6,49887d6367a82b238cdafc7a669a747d6fcaef0730e9a3086ce29e9179a31563,Current snapshot version generated locally without network access.
OKBUSDT-SNAPSHOT-123095edc5ca,OKBUSDT,BITMEX_INSTRUMENT_SNAPSHOT,2023-11-17T04:00:00Z,9999-12-31T00:00:00Z,LINEAR,OKB,USDT,USDT,USDT,0.0001,OKB,100,OFFICIAL_EXPLICIT,,"{""multiplier_major"": ""1 / underlyingToPositionMultiplier from the frozen instrument row"", ""snapshot_fields"": ""Directly retained from the complete frozen CSV row."", ""valid_interval"": ""listing through the registry snapshot horizon; not a claim about future exchange metadata.""}",https://docs.bitmex.com/api-explorer/get-instruments,f02a691c7f7cfd0cd08ffb7f13a656ebaf2c6ca6,123095edc5ca131aaa0a2c1fa5a87a569afd100e3727de10a6a9e34b710371ae,Current snapshot version generated locally without network access.
OMUSDT-SNAPSHOT-febf3bdad771,OMUSDT,BITMEX_INSTRUMENT_SNAPSHOT,2025-04-14T12:00:00Z,9999-12-31T00:00:00Z,LINEAR,OM,USDT,USDT,USDT,0.01,OM,10000,OFFICIAL_EXPLICIT,,"{""multiplier_major"": ""1 / underlyingToPositionMultiplier from the frozen instrument row"", ""snapshot_fields"": ""Directly retained from the complete frozen CSV row."", ""valid_interval"": ""listing through the registry snapshot horizon; not a claim about future exchange metadata.""}",https://docs.bitmex.com/api-explorer/get-instruments,f02a691c7f7cfd0cd08ffb7f13a656ebaf2c6ca6,febf3bdad77132f09f20a6d491747cb0cbe545b6c9320296b5e14c2c6bb0f126,Current snapshot version generated locally without network access.
ONDOUSDT-SNAPSHOT-7e03550ebc2b,ONDOUSDT,BITMEX_INSTRUMENT_SNAPSHOT,2024-01-19T04:00:00Z,9999-12-31T00:00:00Z,LINEAR,ONDO,USDT,USDT,USDT,1,ONDO,1000000,OFFICIAL_EXPLICIT,,"{""multiplier_major"": ""1 / underlyingToPositionMultiplier from the frozen instrument row"", ""snapshot_fields"": ""Directly retained from the complete frozen CSV row."", ""valid_interval"": ""listing through the registry snapshot horizon; not a claim about future exchange metadata.""}",https://docs.bitmex.com/api-explorer/get-instruments,f02a691c7f7cfd0cd08ffb7f13a656ebaf2c6ca6,7e03550ebc2bb093a973beba595d6fd14b4d38e19c416426787db882500f5054,Current snapshot version generated locally without network access.
OPNUSDT-SNAPSHOT-d58d3d72de6b,OPNUSDT,BITMEX_INSTRUMENT_SNAPSHOT,2026-03-06T04:00:00Z,9999-12-31T00:00:00Z,LINEAR,OPN,USDT,USDT,USDT,1,OPN,1000000,OFFICIAL_EXPLICIT,,"{""multiplier_major"": ""1 / underlyingToPositionMultiplier from the frozen instrument row"", ""snapshot_fields"": ""Directly retained from the complete frozen CSV row."", ""valid_interval"": ""listing through the registry snapshot horizon; not a claim about future exchange metadata.""}",https://docs.bitmex.com/api-explorer/get-instruments,f02a691c7f7cfd0cd08ffb7f13a656ebaf2c6ca6,d58d3d72de6be56e482a83a547039e1c73c0bc207f7b957559e662494cb3fb52,Current snapshot version generated locally without network access.
OPUSD-SNAPSHOT-ce0ab42689d1,OPUSD,BITMEX_INSTRUMENT_SNAPSHOT,2024-01-16T04:00:00Z,9999-12-31T00:00:00Z,QUANTO,OP,USD,XBT,XBT,0.0001,XBT,10000,OFFICIAL_EXPLICIT,,"{""multiplier_major"": ""multiplier / 100000000 XBt per the frozen BitMEX instrument snapshot"", ""snapshot_fields"": ""Directly retained from the complete frozen CSV row."", ""valid_interval"": ""listing through the registry snapshot horizon; not a claim about future exchange metadata.""}",https://docs.bitmex.com/api-explorer/get-instruments,f02a691c7f7cfd0cd08ffb7f13a656ebaf2c6ca6,ce0ab42689d13df1b775a236a63a6e19bb8a0391063053bba28ccf9dfac4c4fa,Current snapshot version generated locally without network access.
OPUSDT-SNAPSHOT-3ead7d58ad86,OPUSDT,BITMEX_INSTRUMENT_SNAPSHOT,2024-01-16T04:00:00Z,9999-12-31T00:00:00Z,LINEAR,OP,USDT,USDT,USDT,1,OP,1000000,OFFICIAL_EXPLICIT,,"{""multiplier_major"": ""1 / underlyingToPositionMultiplier from the frozen instrument row"", ""snapshot_fields"": ""Directly retained from the complete frozen CSV row."", ""valid_interval"": ""listing through the registry snapshot horizon; not a claim about future exchange metadata.""}",https://docs.bitmex.com/api-explorer/get-instruments,f02a691c7f7cfd0cd08ffb7f13a656ebaf2c6ca6,3ead7d58ad8626f62d77fca571e26770e1ced80dccba46a900b5a908d1fe9f77,Current snapshot version generated locally without network access.
ORBSUSDT-SNAPSHOT-e02b796c0575,ORBSUSDT,BITMEX_INSTRUMENT_SNAPSHOT,2023-10-17T04:00:00Z,9999-12-31T00:00:00Z,LINEAR,ORBS,USDT,USDT,USDT,1,ORBS,1000000,OFFICIAL_EXPLICIT,,"{""multiplier_major"": ""1 / underlyingToPositionMultiplier from the frozen instrument row"", ""snapshot_fields"": ""Directly retained from the complete frozen CSV row."", ""valid_interval"": ""listing through the registry snapshot horizon; not a claim about future exchange metadata.""}",https://docs.bitmex.com/api-explorer/get-instruments,f02a691c7f7cfd0cd08ffb7f13a656ebaf2c6ca6,e02b796c0575636f78878c3128b80d6a8f25902ca7987b781b5eae5dcd8d7c22,Current snapshot version generated locally without network access.
ORCLUSDT-SNAPSHOT-d48532575885,ORCLUSDT,BITMEX_INSTRUMENT_SNAPSHOT,2026-03-11T04:00:00Z,9999-12-31T00:00:00Z,LINEAR,ORCL,USDT,USDT,USDT,0.01,ORCL,10000,OFFICIAL_EXPLICIT,,"{""multiplier_major"": ""1 / underlyingToPositionMultiplier from the frozen instrument row"", ""snapshot_fields"": ""Directly retained from the complete frozen CSV row."", ""valid_interval"": ""listing through the registry snapshot horizon; not a claim about future exchange metadata.""}",https://docs.bitmex.com/api-explorer/get-instruments,f02a691c7f7cfd0cd08ffb7f13a656ebaf2c6ca6,d4853257588548519810e306a34c21ef3a9b6ea97c00509e29937d4d135d5ced,Current snapshot version generated locally without network access.
ORDIUSD-QUANTO-XBT-2023,ORDIUSD,CONFIGURED_HISTORICAL,2023-05-30T04:00:00Z,2023-11-13T04:00:00Z,QUANTO,.BORDI,USD,XBT,XBT,0.00001,XBT,1000,OFFICIAL_EXPLICIT,,"{""execution_cross_check"": ""9/9 Trade rows agree.""}",https://www.bitmex.com/blog/ordi-contracts,,,Historical ORDIUSD interval ends at the later snapshot boundary.
ORDIUSD-SNAPSHOT-dc1862fef4ec,ORDIUSD,BITMEX_INSTRUMENT_SNAPSHOT,2023-11-13T04:00:00Z,9999-12-31T00:00:00Z,QUANTO,ORDI,USD,XBT,XBT,0.00001,XBT,1000,OFFICIAL_EXPLICIT,,"{""multiplier_major"": ""multiplier / 100000000 XBt per the frozen BitMEX instrument snapshot"", ""snapshot_fields"": ""Directly retained from the complete frozen CSV row."", ""valid_interval"": ""listing through the registry snapshot horizon; not a claim about future exchange metadata.""}",https://docs.bitmex.com/api-explorer/get-instruments,f02a691c7f7cfd0cd08ffb7f13a656ebaf2c6ca6,dc1862fef4ecfcfbb32700637ba481686915d882f5cd2b165b35857ee487e7f8,Current snapshot version generated locally without network access.
PARCLUSDTK24-SNAPSHOT-73bec682067e,PARCLUSDTK24,BITMEX_INSTRUMENT_SNAPSHOT,2024-03-05T09:00:00Z,9999-12-31T00:00:00Z,LINEAR,PARCL,USDT,USDT,USDT,1,PARCL,1000000,OFFICIAL_EXPLICIT,,"{""multiplier_major"": ""1 / underlyingToPositionMultiplier from the frozen instrument row"", ""snapshot_fields"": ""Directly retained from the complete frozen CSV row."", ""valid_interval"": ""listing through the registry snapshot horizon; not a claim about future exchange metadata.""}",https://docs.bitmex.com/api-explorer/get-instruments,f02a691c7f7cfd0cd08ffb7f13a656ebaf2c6ca6,73bec682067ec00d0b31cf928d7c709e721749b941be6b86dc69430ac31dbfa9,Current snapshot version generated locally without network access.
PENGUUSDT-SNAPSHOT-03038c20b8df,PENGUUSDT,BITMEX_INSTRUMENT_SNAPSHOT,2024-12-18T12:00:00Z,9999-12-31T00:00:00Z,LINEAR,PENGU,USDT,USDT,USDT,1,PENGU,1000000,OFFICIAL_EXPLICIT,,"{""multiplier_major"": ""1 / underlyingToPositionMultiplier from the frozen instrument row"", ""snapshot_fields"": ""Directly retained from the complete frozen CSV row."", ""valid_interval"": ""listing through the registry snapshot horizon; not a claim about future exchange metadata.""}",https://docs.bitmex.com/api-explorer/get-instruments,f02a691c7f7cfd0cd08ffb7f13a656ebaf2c6ca6,03038c20b8dfb6abeb583329bf5c51aef22efec98e2b4c715a8a80b9053d3772,Current snapshot version generated locally without network access.
PEPEUSD-SNAPSHOT-85928265f364,PEPEUSD,BITMEX_INSTRUMENT_SNAPSHOT,2023-05-03T04:00:00Z,9999-12-31T00:00:00Z,QUANTO,PEPE,USD,XBT,XBT,1,XBT,1000000000,OFFICIAL_EXPLICIT,,"{""multiplier_major"": ""multiplier / 100000000 XBt per the frozen BitMEX instrument snapshot"", ""snapshot_fields"": ""Directly retained from the complete frozen CSV row."", ""valid_interval"": ""listing through the registry snapshot horizon; not a claim about future exchange metadata.""}",https://docs.bitmex.com/api-explorer/get-instruments,f02a691c7f7cfd0cd08ffb7f13a656ebaf2c6ca6,85928265f3647e74272f8114d3136093b6e86f07fff197bb3bd1934c59bb7e3f,Current snapshot version generated locally without network access.
PEPEUSDT-SNAPSHOT-8efdb17c4e40,PEPEUSDT,BITMEX_INSTRUMENT_SNAPSHOT,2023-05-03T04:00:00Z,9999-12-31T00:00:00Z,LINEAR,PEPE,USDT,USDT,USDT,1,PEPE,1000000,OFFICIAL_EXPLICIT,,"{""multiplier_major"": ""1 / underlyingToPositionMultiplier from the frozen instrument row"", ""snapshot_fields"": ""Directly retained from the complete frozen CSV row."", ""valid_interval"": ""listing through the registry snapshot horizon; not a claim about future exchange metadata.""}",https://docs.bitmex.com/api-explorer/get-instruments,f02a691c7f7cfd0cd08ffb7f13a656ebaf2c6ca6,8efdb17c4e40fec0a0b25b328bc972f7dfbf9a228e671e1909c2e4caabbe78d1,Current snapshot version generated locally without network access.
PIUSDT-SNAPSHOT-1f10215dfbfa,PIUSDT,BITMEX_INSTRUMENT_SNAPSHOT,2025-02-21T04:00:00Z,9999-12-31T00:00:00Z,LINEAR,PI,USDT,USDT,USDT,0.01,PI,10000,OFFICIAL_EXPLICIT,,"{""multiplier_major"": ""1 / underlyingToPositionMultiplier from the frozen instrument row"", ""snapshot_fields"": ""Directly retained from the complete frozen CSV row."", ""valid_interval"": ""listing through the registry snapshot horizon; not a claim about future exchange metadata.""}",https://docs.bitmex.com/api-explorer/get-instruments,f02a691c7f7cfd0cd08ffb7f13a656ebaf2c6ca6,1f10215dfbfa4c9e7172ba0b127bd8c3495b80f4a239f5119e7a55f687c26cc0,Current snapshot version generated locally without network access.
PIXELUSDT-SNAPSHOT-ed9e6703654f,PIXELUSDT,BITMEX_INSTRUMENT_SNAPSHOT,2024-02-19T12:00:00Z,9999-12-31T00:00:00Z,LINEAR,PIXEL,USDT,USDT,USDT,1,PIXEL,1000000,OFFICIAL_EXPLICIT,,"{""multiplier_major"": ""1 / underlyingToPositionMultiplier from the frozen instrument row"", ""snapshot_fields"": ""Directly retained from the complete frozen CSV row."", ""valid_interval"": ""listing through the registry snapshot horizon; not a claim about future exchange metadata.""}",https://docs.bitmex.com/api-explorer/get-instruments,f02a691c7f7cfd0cd08ffb7f13a656ebaf2c6ca6,ed9e6703654fef1e3ca7800335ad8fcefa5ef862aa9c91a49b9540365944d391,Current snapshot version generated locally without network access.
PIXELUSDTG24-SNAPSHOT-eca75dd1efa5,PIXELUSDTG24,BITMEX_INSTRUMENT_SNAPSHOT,2024-02-08T10:00:00Z,9999-12-31T00:00:00Z,LINEAR,PIXEL,USDT,USDT,USDT,1,PIXEL,1000000,OFFICIAL_EXPLICIT,,"{""multiplier_major"": ""1 / underlyingToPositionMultiplier from the frozen instrument row"", ""snapshot_fields"": ""Directly retained from the complete frozen CSV row."", ""valid_interval"": ""listing through the registry snapshot horizon; not a claim about future exchange metadata.""}",https://docs.bitmex.com/api-explorer/get-instruments,f02a691c7f7cfd0cd08ffb7f13a656ebaf2c6ca6,eca75dd1efa56475d2c559d879c71383ba05fd5f0f25a865c459b35812d4a855,Current snapshot version generated locally without network access.
PLTRUSDT-SNAPSHOT-3bdfaeb4aa0c,PLTRUSDT,BITMEX_INSTRUMENT_SNAPSHOT,2026-03-11T04:00:00Z,9999-12-31T00:00:00Z,LINEAR,PLTR,USDT,USDT,USDT,0.01,PLTR,10000,OFFICIAL_EXPLICIT,,"{""multiplier_major"": ""1 / underlyingToPositionMultiplier from the frozen instrument row"", ""snapshot_fields"": ""Directly retained from the complete frozen CSV row."", ""valid_interval"": ""listing through the registry snapshot horizon; not a claim about future exchange metadata.""}",https://docs.bitmex.com/api-explorer/get-instruments,f02a691c7f7cfd0cd08ffb7f13a656ebaf2c6ca6,3bdfaeb4aa0cbb62f853561c6e415df3f299e29daccb5f373694c3f067b0c168,Current snapshot version generated locally without network access.
PNUTUSDT-SNAPSHOT-722a7c9d2fef,PNUTUSDT,BITMEX_INSTRUMENT_SNAPSHOT,2024-11-11T12:00:00Z,9999-12-31T00:00:00Z,LINEAR,PNUT,USDT,USDT,USDT,1,PNUT,1000000,OFFICIAL_EXPLICIT,,"{""multiplier_major"": ""1 / underlyingToPositionMultiplier from the frozen instrument row"", ""snapshot_fields"": ""Directly retained from the complete frozen CSV row."", ""valid_interval"": ""listing through the registry snapshot horizon; not a claim about future exchange metadata.""}",https://docs.bitmex.com/api-explorer/get-instruments,f02a691c7f7cfd0cd08ffb7f13a656ebaf2c6ca6,722a7c9d2fef80e57f3d29c678954dd64ddd1545980a1c6fcb31bccddfc577c8,Current snapshot version generated locally without network access.
POKTUSDT-SNAPSHOT-ed7f14923c0e,POKTUSDT,BITMEX_INSTRUMENT_SNAPSHOT,2025-06-13T04:00:00Z,9999-12-31T00:00:00Z,LINEAR,POKT,USDT,USDT,USDT,1,POKT,1000000,OFFICIAL_EXPLICIT,,"{""multiplier_major"": ""1 / underlyingToPositionMultiplier from the frozen instrument row"", ""snapshot_fields"": ""Directly retained from the complete frozen CSV row."", ""valid_interval"": ""listing through the registry snapshot horizon; not a claim about future exchange metadata.""}",https://docs.bitmex.com/api-explorer/get-instruments,f02a691c7f7cfd0cd08ffb7f13a656ebaf2c6ca6,ed7f14923c0efd9dcb62dc19538af694843dadd8b025d5084fdba32ce2a953f4,Current snapshot version generated locally without network access.
POLUSDT-SNAPSHOT-f32ffffefc59,POLUSDT,BITMEX_INSTRUMENT_SNAPSHOT,2024-09-05T04:00:00Z,9999-12-31T00:00:00Z,LINEAR,POL,USDT,USDT,USDT,0.01,POL,10000,OFFICIAL_EXPLICIT,,"{""multiplier_major"": ""1 / underlyingToPositionMultiplier from the frozen instrument row"", ""snapshot_fields"": ""Directly retained from the complete frozen CSV row."", ""valid_interval"": ""listing through the registry snapshot horizon; not a claim about future exchange metadata.""}",https://docs.bitmex.com/api-explorer/get-instruments,f02a691c7f7cfd0cd08ffb7f13a656ebaf2c6ca6,f32ffffefc594d14f81fba90f05095affc26f4fdd36ae75cdcaa3aad63092ae0,Current snapshot version generated locally without network access.
POLYXUSDT-SNAPSHOT-4940c0d98352,POLYXUSDT,BITMEX_INSTRUMENT_SNAPSHOT,2023-11-06T04:00:00Z,9999-12-31T00:00:00Z,LINEAR,POLYX,USDT,USDT,USDT,1,POLYX,1000000,OFFICIAL_EXPLICIT,,"{""multiplier_major"": ""1 / underlyingToPositionMultiplier from the frozen instrument row"", ""snapshot_fields"": ""Directly retained from the complete frozen CSV row."", ""valid_interval"": ""listing through the registry snapshot horizon; not a claim about future exchange metadata.""}",https://docs.bitmex.com/api-explorer/get-instruments,f02a691c7f7cfd0cd08ffb7f13a656ebaf2c6ca6,4940c0d983527d53d6712046513e8a20071f310fc43f8b3409b6d291f662a6a4,Current snapshot version generated locally without network access.
POPCATUSDT-SNAPSHOT-8c4d6adf4ead,POPCATUSDT,BITMEX_INSTRUMENT_SNAPSHOT,2024-07-24T04:00:00Z,9999-12-31T00:00:00Z,LINEAR,POPCAT,USDT,USDT,USDT,1,POPCAT,1000000,OFFICIAL_EXPLICIT,,"{""multiplier_major"": ""1 / underlyingToPositionMultiplier from the frozen instrument row"", ""snapshot_fields"": ""Directly retained from the complete frozen CSV row."", ""valid_interval"": ""listing through the registry snapshot horizon; not a claim about future exchange metadata.""}",https://docs.bitmex.com/api-explorer/get-instruments,f02a691c7f7cfd0cd08ffb7f13a656ebaf2c6ca6,8c4d6adf4ead49765c94514ca9b1c760dbb2ce9c149c870a7bd69901231e5025,Current snapshot version generated locally without network access.
PORTALUSDT-SNAPSHOT-837d0b8ebfc9,PORTALUSDT,BITMEX_INSTRUMENT_SNAPSHOT,2024-02-29T12:00:00Z,9999-12-31T00:00:00Z,LINEAR,PORTAL,USDT,USDT,USDT,1,PORTAL,1000000,OFFICIAL_EXPLICIT,,"{""multiplier_major"": ""1 / underlyingToPositionMultiplier from the frozen instrument row"", ""snapshot_fields"": ""Directly retained from the complete frozen CSV row."", ""valid_interval"": ""listing through the registry snapshot horizon; not a claim about future exchange metadata.""}",https://docs.bitmex.com/api-explorer/get-instruments,f02a691c7f7cfd0cd08ffb7f13a656ebaf2c6ca6,837d0b8ebfc9961a84308a716d3e90884062704a6115e3f8ba49b2f1d708cf0d,Current snapshot version generated locally without network access.
PORTALUSDTH24-SNAPSHOT-85bbbd4b4e0f,PORTALUSDTH24,BITMEX_INSTRUMENT_SNAPSHOT,2024-02-21T11:00:00Z,9999-12-31T00:00:00Z,LINEAR,PORTAL,USDT,USDT,USDT,1,PORTAL,1000000,OFFICIAL_EXPLICIT,,"{""multiplier_major"": ""1 / underlyingToPositionMultiplier from the frozen instrument row"", ""snapshot_fields"": ""Directly retained from the complete frozen CSV row."", ""valid_interval"": ""listing through the registry snapshot horizon; not a claim about future exchange metadata.""}",https://docs.bitmex.com/api-explorer/get-instruments,f02a691c7f7cfd0cd08ffb7f13a656ebaf2c6ca6,85bbbd4b4e0f0c6ba1b740e25d6461dadf98febfde3cf2e6e14461407fb1e1d9,Current snapshot version generated locally without network access.
PUFFERUSDT-SNAPSHOT-3e2d426ed39c,PUFFERUSDT,BITMEX_INSTRUMENT_SNAPSHOT,2024-10-15T12:00:00Z,9999-12-31T00:00:00Z,LINEAR,PUFFER,USDT,USDT,USDT,1,PUFFER,1000000,OFFICIAL_EXPLICIT,,"{""multiplier_major"": ""1 / underlyingToPositionMultiplier from the frozen instrument row"", ""snapshot_fields"": ""Directly retained from the complete frozen CSV row."", ""valid_interval"": ""listing through the registry snapshot horizon; not a claim about future exchange metadata.""}",https://docs.bitmex.com/api-explorer/get-instruments,f02a691c7f7cfd0cd08ffb7f13a656ebaf2c6ca6,3e2d426ed39c44b8df33330d3bae6b942fd9faaeb898073ea32fe353ea69caa1,Current snapshot version generated locally without network access.
PUMPUSDT-SNAPSHOT-2c4c0cf23933,PUMPUSDT,BITMEX_INSTRUMENT_SNAPSHOT,2025-07-15T12:00:00Z,9999-12-31T00:00:00Z,LINEAR,PUMP,USDT,USDT,USDT,0.01,PUMP,10000,OFFICIAL_EXPLICIT,,"{""multiplier_major"": ""1 / underlyingToPositionMultiplier from the frozen instrument row"", ""snapshot_fields"": ""Directly retained from the complete frozen CSV row."", ""valid_interval"": ""listing through the registry snapshot horizon; not a claim about future exchange metadata.""}",https://docs.bitmex.com/api-explorer/get-instruments,f02a691c7f7cfd0cd08ffb7f13a656ebaf2c6ca6,2c4c0cf2393389b080b3357736f8f2b36ebdeb1e4cd2e9dff848615e9b8580f9,Current snapshot version generated locally without network access.
PUMPUSDTN25-SNAPSHOT-518ebafc4509,PUMPUSDTN25,BITMEX_INSTRUMENT_SNAPSHOT,2025-07-10T05:00:00Z,9999-12-31T00:00:00Z,LINEAR,PUMP,USDT,USDT,USDT,1,PUMP,1000000,OFFICIAL_EXPLICIT,,"{""multiplier_major"": ""1 / underlyingToPositionMultiplier from the frozen instrument row"", ""snapshot_fields"": ""Directly retained from the complete frozen CSV row."", ""valid_interval"": ""listing through the registry snapshot horizon; not a claim about future exchange metadata.""}",https://docs.bitmex.com/api-explorer/get-instruments,f02a691c7f7cfd0cd08ffb7f13a656ebaf2c6ca6,518ebafc45093072c57103c924e93bd1c1f50fd211623f7082471dd1f6f56f4b,Current snapshot version generated locally without network access.
PYTHUSDT-SNAPSHOT-70cbcd4d7f1f,PYTHUSDT,BITMEX_INSTRUMENT_SNAPSHOT,2023-11-20T14:15:00Z,9999-12-31T00:00:00Z,LINEAR,PYTH,USDT,USDT,USDT,1,PYTH,1000000,OFFICIAL_EXPLICIT,,"{""multiplier_major"": ""1 / underlyingToPositionMultiplier from the frozen instrument row"", ""snapshot_fields"": ""Directly retained from the complete frozen CSV row."", ""valid_interval"": ""listing through the registry snapshot horizon; not a claim about future exchange metadata.""}",https://docs.bitmex.com/api-explorer/get-instruments,f02a691c7f7cfd0cd08ffb7f13a656ebaf2c6ca6,70cbcd4d7f1f6be9620502f21e831ed9026026d9ff4d28bcec0b2907e24357a6,Current snapshot version generated locally without network access.
PYTHUSDTZ23-SNAPSHOT-abf94def61dc,PYTHUSDTZ23,BITMEX_INSTRUMENT_SNAPSHOT,2023-11-15T04:00:00Z,9999-12-31T00:00:00Z,LINEAR,PYTH,USDT,USDT,USDT,1,PYTH,1000000,OFFICIAL_EXPLICIT,,"{""multiplier_major"": ""1 / underlyingToPositionMultiplier from the frozen instrument row"", ""snapshot_fields"": ""Directly retained from the complete frozen CSV row."", ""valid_interval"": ""listing through the registry snapshot horizon; not a claim about future exchange metadata.""}",https://docs.bitmex.com/api-explorer/get-instruments,f02a691c7f7cfd0cd08ffb7f13a656ebaf2c6ca6,abf94def61dca921c2974172cabb63e01986f47cb94497cbdfcd50744bf89c9c,Current snapshot version generated locally without network access.
QQQUSDT-SNAPSHOT-65a424ad6b4a,QQQUSDT,BITMEX_INSTRUMENT_SNAPSHOT,2025-12-15T12:00:00Z,9999-12-31T00:00:00Z,LINEAR,QQQ,USDT,USDT,USDT,0.01,QQQ,10000,OFFICIAL_EXPLICIT,,"{""multiplier_major"": ""1 / underlyingToPositionMultiplier from the frozen instrument row"", ""snapshot_fields"": ""Directly retained from the complete frozen CSV row."", ""valid_interval"": ""listing through the registry snapshot horizon; not a claim about future exchange metadata.""}",https://docs.bitmex.com/api-explorer/get-instruments,f02a691c7f7cfd0cd08ffb7f13a656ebaf2c6ca6,65a424ad6b4a262a7f700b4191b1adc6eb6e38cfe899e9068cb83f1ed31209bd,Current snapshot version generated locally without network access.
QTUMU17-SNAPSHOT-085d9d15dbd5,QTUMU17,BITMEX_INSTRUMENT_SNAPSHOT,2017-05-31T00:00:00Z,9999-12-31T00:00:00Z,LINEAR,QTUM,XBT,XBT,XBT,1,QTUM,100000000,OFFICIAL_EXPLICIT,,"{""multiplier_major"": ""1 / underlyingToPositionMultiplier from the frozen instrument row"", ""snapshot_fields"": ""Directly retained from the complete frozen CSV row."", ""valid_interval"": ""listing through the registry snapshot horizon; not a claim about future exchange metadata.""}",https://docs.bitmex.com/api-explorer/get-instruments,f02a691c7f7cfd0cd08ffb7f13a656ebaf2c6ca6,085d9d15dbd585ee8fda6496b67f335f50bbfc531421281a35b8d7ea0ca38bba,Current snapshot version generated locally without network access.
RAYUSDT-SNAPSHOT-25f308e2c2e2,RAYUSDT,BITMEX_INSTRUMENT_SNAPSHOT,2025-01-15T04:00:00Z,9999-12-31T00:00:00Z,LINEAR,RAY,USDT,USDT,USDT,0.01,RAY,10000,OFFICIAL_EXPLICIT,,"{""multiplier_major"": ""1 / underlyingToPositionMultiplier from the frozen instrument row"", ""snapshot_fields"": ""Directly retained from the complete frozen CSV row."", ""valid_interval"": ""listing through the registry snapshot horizon; not a claim about future exchange metadata.""}",https://docs.bitmex.com/api-explorer/get-instruments,f02a691c7f7cfd0cd08ffb7f13a656ebaf2c6ca6,25f308e2c2e26b2ba4ab1b02d23d52fab7cc09e2d438bb693b227c78508592bb,Current snapshot version generated locally without network access.
RBNUSDT-SNAPSHOT-1e4320ffd63c,RBNUSDT,BITMEX_INSTRUMENT_SNAPSHOT,2024-03-05T04:00:00Z,9999-12-31T00:00:00Z,LINEAR,RBN,USDT,USDT,USDT,1,RBN,1000000,OFFICIAL_EXPLICIT,,"{""multiplier_major"": ""1 / underlyingToPositionMultiplier from the frozen instrument row"", ""snapshot_fields"": ""Directly retained from the complete frozen CSV row."", ""valid_interval"": ""listing through the registry snapshot horizon; not a claim about future exchange metadata.""}",https://docs.bitmex.com/api-explorer/get-instruments,f02a691c7f7cfd0cd08ffb7f13a656ebaf2c6ca6,1e4320ffd63c0937e984eb38c876b256d9300545eb2facba32d9922478697914,Current snapshot version generated locally without network access.
REDUSDT-SNAPSHOT-cfc80385855a,REDUSDT,BITMEX_INSTRUMENT_SNAPSHOT,2025-03-07T04:00:00Z,9999-12-31T00:00:00Z,LINEAR,RED,USDT,USDT,USDT,1,RED,1000000,OFFICIAL_EXPLICIT,,"{""multiplier_major"": ""1 / underlyingToPositionMultiplier from the frozen instrument row"", ""snapshot_fields"": ""Directly retained from the complete frozen CSV row."", ""valid_interval"": ""listing through the registry snapshot horizon; not a claim about future exchange metadata.""}",https://docs.bitmex.com/api-explorer/get-instruments,f02a691c7f7cfd0cd08ffb7f13a656ebaf2c6ca6,cfc80385855ac40a5d74a7cf5ba690824648b4d8c595a09f0c4b7ab35dc86cec,Current snapshot version generated locally without network access.
REDUSDTZ25-SNAPSHOT-c1fc59d562e7,REDUSDTZ25,BITMEX_INSTRUMENT_SNAPSHOT,2025-02-26T04:00:00Z,9999-12-31T00:00:00Z,LINEAR,RED,USDT,USDT,USDT,1,RED,1000000,OFFICIAL_EXPLICIT,,"{""multiplier_major"": ""1 / underlyingToPositionMultiplier from the frozen instrument row"", ""snapshot_fields"": ""Directly retained from the complete frozen CSV row."", ""valid_interval"": ""listing through the registry snapshot horizon; not a claim about future exchange metadata.""}",https://docs.bitmex.com/api-explorer/get-instruments,f02a691c7f7cfd0cd08ffb7f13a656ebaf2c6ca6,c1fc59d562e7ab166946b537f11760e2e4ebffada1ce2f10feb02463cc20adcb,Current snapshot version generated locally without network access.
REP7D-SNAPSHOT-663c6db545d2,REP7D,BITMEX_INSTRUMENT_SNAPSHOT,2017-06-09T12:00:00Z,9999-12-31T00:00:00Z,LINEAR,REP,XBT,XBT,XBT,1,REP,100000000,OFFICIAL_EXPLICIT,,"{""multiplier_major"": ""1 / underlyingToPositionMultiplier from the frozen instrument row"", ""snapshot_fields"": ""Directly retained from the complete frozen CSV row."", ""valid_interval"": ""listing through the registry snapshot horizon; not a claim about future exchange metadata.""}",https://docs.bitmex.com/api-explorer/get-instruments,f02a691c7f7cfd0cd08ffb7f13a656ebaf2c6ca6,663c6db545d2e71c633594df799691ecf8098693906c13518baf395f0a5cc487,Current snapshot version generated locally without network access.
REZUSDTK24-SNAPSHOT-a0fc0aa0ca2b,REZUSDTK24,BITMEX_INSTRUMENT_SNAPSHOT,2024-04-24T06:00:00Z,9999-12-31T00:00:00Z,LINEAR,REZ,USDT,USDT,USDT,1,REZ,1000000,OFFICIAL_EXPLICIT,,"{""multiplier_major"": ""1 / underlyingToPositionMultiplier from the frozen instrument row"", ""snapshot_fields"": ""Directly retained from the complete frozen CSV row."", ""valid_interval"": ""listing through the registry snapshot horizon; not a claim about future exchange metadata.""}",https://docs.bitmex.com/api-explorer/get-instruments,f02a691c7f7cfd0cd08ffb7f13a656ebaf2c6ca6,a0fc0aa0ca2b4c0a00d84383955a79399345a6989cae5b4d2071037996853e1b,Current snapshot version generated locally without network access.
RNDRUSD-SNAPSHOT-472cceaf986a,RNDRUSD,BITMEX_INSTRUMENT_SNAPSHOT,2023-05-23T04:00:00Z,9999-12-31T00:00:00Z,QUANTO,RNDR,USD,XBT,XBT,0.00001,XBT,1000,OFFICIAL_EXPLICIT,,"{""multiplier_major"": ""multiplier / 100000000 XBt per the frozen BitMEX instrument snapshot"", ""snapshot_fields"": ""Directly retained from the complete frozen CSV row."", ""valid_interval"": ""listing through the registry snapshot horizon; not a claim about future exchange metadata.""}",https://docs.bitmex.com/api-explorer/get-instruments,f02a691c7f7cfd0cd08ffb7f13a656ebaf2c6ca6,472cceaf986a1932dc99f6e3357f5a17ecdffbbe1d2f45d68407aa4d7bc19334,Current snapshot version generated locally without network access.
SAGAUSDT-SNAPSHOT-06210b13974b,SAGAUSDT,BITMEX_INSTRUMENT_SNAPSHOT,2024-04-10T12:00:00Z,9999-12-31T00:00:00Z,LINEAR,SAGA,USDT,USDT,USDT,1,SAGA,1000000,OFFICIAL_EXPLICIT,,"{""multiplier_major"": ""1 / underlyingToPositionMultiplier from the frozen instrument row"", ""snapshot_fields"": ""Directly retained from the complete frozen CSV row."", ""valid_interval"": ""listing through the registry snapshot horizon; not a claim about future exchange metadata.""}",https://docs.bitmex.com/api-explorer/get-instruments,f02a691c7f7cfd0cd08ffb7f13a656ebaf2c6ca6,06210b13974bccda47a8a9a9d8949a0cc6a5299db2a76ff1dc7906707e6ccc3c,Current snapshot version generated locally without network access.
SAGAUSDTJ24-SNAPSHOT-fcf1d2568987,SAGAUSDTJ24,BITMEX_INSTRUMENT_SNAPSHOT,2024-04-05T12:00:00Z,9999-12-31T00:00:00Z,LINEAR,SAGA,USDT,USDT,USDT,1,SAGA,1000000,OFFICIAL_EXPLICIT,,"{""multiplier_major"": ""1 / underlyingToPositionMultiplier from the frozen instrument row"", ""snapshot_fields"": ""Directly retained from the complete frozen CSV row."", ""valid_interval"": ""listing through the registry snapshot horizon; not a claim about future exchange metadata.""}",https://docs.bitmex.com/api-explorer/get-instruments,f02a691c7f7cfd0cd08ffb7f13a656ebaf2c6ca6,fcf1d2568987d3fe416cf25cf37323e3a2fd3a8c02f0b5bfedb2f2099dbbc09e,Current snapshot version generated locally without network access.
SAHARAUSDT-SNAPSHOT-056227954112,SAHARAUSDT,BITMEX_INSTRUMENT_SNAPSHOT,2025-06-27T04:00:00Z,9999-12-31T00:00:00Z,LINEAR,SAHARA,USDT,USDT,USDT,0.01,SAHARA,10000,OFFICIAL_EXPLICIT,,"{""multiplier_major"": ""1 / underlyingToPositionMultiplier from the frozen instrument row"", ""snapshot_fields"": ""Directly retained from the complete frozen CSV row."", ""valid_interval"": ""listing through the registry snapshot horizon; not a claim about future exchange metadata.""}",https://docs.bitmex.com/api-explorer/get-instruments,f02a691c7f7cfd0cd08ffb7f13a656ebaf2c6ca6,0562279541127a7f12ef6e61219755290a6904bbaa31ab9f530f5acf3cd3e459,Current snapshot version generated locally without network access.
SANDUSDT-SNAPSHOT-7ad582a16556,SANDUSDT,BITMEX_INSTRUMENT_SNAPSHOT,2022-01-12T04:00:00Z,9999-12-31T00:00:00Z,LINEAR,SAND,USDT,USDT,USDT,0.001,SAND,1000,OFFICIAL_EXPLICIT,,"{""multiplier_major"": ""1 / underlyingToPositionMultiplier from the frozen instrument row"", ""snapshot_fields"": ""Directly retained from the complete frozen CSV row."", ""valid_interval"": ""listing through the registry snapshot horizon; not a claim about future exchange metadata.""}",https://docs.bitmex.com/api-explorer/get-instruments,f02a691c7f7cfd0cd08ffb7f13a656ebaf2c6ca6,7ad582a16556d9aa979116b099601564575fdfaedac62a150a23361782c3fb96,Current snapshot version generated locally without network access.
SCRUSDT-SNAPSHOT-a350f29b3fe9,SCRUSDT,BITMEX_INSTRUMENT_SNAPSHOT,2024-10-22T12:00:00Z,9999-12-31T00:00:00Z,LINEAR,SCR,USDT,USDT,USDT,1,SCR,1000000,OFFICIAL_EXPLICIT,,"{""multiplier_major"": ""1 / underlyingToPositionMultiplier from the frozen instrument row"", ""snapshot_fields"": ""Directly retained from the complete frozen CSV row."", ""valid_interval"": ""listing through the registry snapshot horizon; not a claim about future exchange metadata.""}",https://docs.bitmex.com/api-explorer/get-instruments,f02a691c7f7cfd0cd08ffb7f13a656ebaf2c6ca6,a350f29b3fe937701862ea50a179d0b9364ee04a6d7d9b546fd09f9ef8bc7a21,Current snapshot version generated locally without network access.
SCRUSDTH25-SNAPSHOT-09b697350eb0,SCRUSDTH25,BITMEX_INSTRUMENT_SNAPSHOT,2024-10-09T09:00:00Z,9999-12-31T00:00:00Z,LINEAR,SCR,USDT,USDT,USDT,1,SCR,1000000,OFFICIAL_EXPLICIT,,"{""multiplier_major"": ""1 / underlyingToPositionMultiplier from the frozen instrument row"", ""snapshot_fields"": ""Directly retained from the complete frozen CSV row."", ""valid_interval"": ""listing through the registry snapshot horizon; not a claim about future exchange metadata.""}",https://docs.bitmex.com/api-explorer/get-instruments,f02a691c7f7cfd0cd08ffb7f13a656ebaf2c6ca6,09b697350eb0319b86236c36f3eb23db3464e37e95432e652e236c20c5d296b7,Current snapshot version generated locally without network access.
SEIUSDT-SNAPSHOT-c23ffefbcc83,SEIUSDT,BITMEX_INSTRUMENT_SNAPSHOT,2023-08-15T13:00:00Z,9999-12-31T00:00:00Z,LINEAR,SEI,USDT,USDT,USDT,1,SEI,1000000,OFFICIAL_EXPLICIT,,"{""multiplier_major"": ""1 / underlyingToPositionMultiplier from the frozen instrument row"", ""snapshot_fields"": ""Directly retained from the complete frozen CSV row."", ""valid_interval"": ""listing through the registry snapshot horizon; not a claim about future exchange metadata.""}",https://docs.bitmex.com/api-explorer/get-instruments,f02a691c7f7cfd0cd08ffb7f13a656ebaf2c6ca6,c23ffefbcc83cbde44b7c6622bbaadc713bd0fc9f1bffcf019a9e990bb9989f3,Current snapshot version generated locally without network access.
SEIUSDTQ23-SNAPSHOT-3837782510bb,SEIUSDTQ23,BITMEX_INSTRUMENT_SNAPSHOT,2023-08-10T08:00:00Z,9999-12-31T00:00:00Z,LINEAR,SEI,USDT,USDT,USDT,1,SEI,1000000,OFFICIAL_EXPLICIT,,"{""multiplier_major"": ""1 / underlyingToPositionMultiplier from the frozen instrument row"", ""snapshot_fields"": ""Directly retained from the complete frozen CSV row."", ""valid_interval"": ""listing through the registry snapshot horizon; not a claim about future exchange metadata.""}",https://docs.bitmex.com/api-explorer/get-instruments,f02a691c7f7cfd0cd08ffb7f13a656ebaf2c6ca6,3837782510bb1518855791fb1ce77792c922a6b758b153dc1acefc9d393a2145,Current snapshot version generated locally without network access.
SHELLUSDT-SNAPSHOT-0598ff567feb,SHELLUSDT,BITMEX_INSTRUMENT_SNAPSHOT,2025-02-28T04:00:00Z,9999-12-31T00:00:00Z,LINEAR,SHELL,USDT,USDT,USDT,0.1,SHELL,100000,OFFICIAL_EXPLICIT,,"{""multiplier_major"": ""1 / underlyingToPositionMultiplier from the frozen instrument row"", ""snapshot_fields"": ""Directly retained from the complete frozen CSV row."", ""valid_interval"": ""listing through the registry snapshot horizon; not a claim about future exchange metadata.""}",https://docs.bitmex.com/api-explorer/get-instruments,f02a691c7f7cfd0cd08ffb7f13a656ebaf2c6ca6,0598ff567febf0c1d91273c80be834b4705c90e85a3dc47d046bdbed1566d9f8,Current snapshot version generated locally without network access.
SHIBUSD-SNAPSHOT-c35ecb52aef4,SHIBUSD,BITMEX_INSTRUMENT_SNAPSHOT,2023-08-30T04:00:00Z,9999-12-31T00:00:00Z,QUANTO,SHIB,USD,XBT,XBT,1,XBT,1000000000,OFFICIAL_EXPLICIT,,"{""multiplier_major"": ""multiplier / 100000000 XBt per the frozen BitMEX instrument snapshot"", ""snapshot_fields"": ""Directly retained from the complete frozen CSV row."", ""valid_interval"": ""listing through the registry snapshot horizon; not a claim about future exchange metadata.""}",https://docs.bitmex.com/api-explorer/get-instruments,f02a691c7f7cfd0cd08ffb7f13a656ebaf2c6ca6,c35ecb52aef4e4ce31df8e81a4d306b3d7e8c729e1aafeccf924cae19493129c,Current snapshot version generated locally without network access.
SHIBUSDT-SNAPSHOT-0325d0a8f759,SHIBUSDT,BITMEX_INSTRUMENT_SNAPSHOT,2023-08-30T04:00:00Z,9999-12-31T00:00:00Z,LINEAR,SHIB,USDT,USDT,USDT,1,SHIB,1000000,OFFICIAL_EXPLICIT,,"{""multiplier_major"": ""1 / underlyingToPositionMultiplier from the frozen instrument row"", ""snapshot_fields"": ""Directly retained from the complete frozen CSV row."", ""valid_interval"": ""listing through the registry snapshot horizon; not a claim about future exchange metadata.""}",https://docs.bitmex.com/api-explorer/get-instruments,f02a691c7f7cfd0cd08ffb7f13a656ebaf2c6ca6,0325d0a8f75976915322953c5b31c9aeffde173c4804ca112423b0a75b9b8e31,Current snapshot version generated locally without network access.
SIGNUSDT-SNAPSHOT-8b189d5c84cb,SIGNUSDT,BITMEX_INSTRUMENT_SNAPSHOT,2025-04-29T04:00:00Z,9999-12-31T00:00:00Z,LINEAR,SIGN,USDT,USDT,USDT,0.01,SIGN,10000,OFFICIAL_EXPLICIT,,"{""multiplier_major"": ""1 / underlyingToPositionMultiplier from the frozen instrument row"", ""snapshot_fields"": ""Directly retained from the complete frozen CSV row."", ""valid_interval"": ""listing through the registry snapshot horizon; not a claim about future exchange metadata.""}",https://docs.bitmex.com/api-explorer/get-instruments,f02a691c7f7cfd0cd08ffb7f13a656ebaf2c6ca6,8b189d5c84cbdd69eb37bf8642766e1c745a03c49cb6ddec4ee4bddd77014c39,Current snapshot version generated locally without network access.
SLERFUSDT-SNAPSHOT-6f9d144a6a78,SLERFUSDT,BITMEX_INSTRUMENT_SNAPSHOT,2024-03-20T04:00:00Z,9999-12-31T00:00:00Z,LINEAR,SLERF,USDT,USDT,USDT,1,SLERF,1000000,OFFICIAL_EXPLICIT,,"{""multiplier_major"": ""1 / underlyingToPositionMultiplier from the frozen instrument row"", ""snapshot_fields"": ""Directly retained from the complete frozen CSV row."", ""valid_interval"": ""listing through the registry snapshot horizon; not a claim about future exchange metadata.""}",https://docs.bitmex.com/api-explorer/get-instruments,f02a691c7f7cfd0cd08ffb7f13a656ebaf2c6ca6,6f9d144a6a78d68396c6b9c581767a7b3d203d0a5a2cda448ba57287048cffe9,Current snapshot version generated locally without network access.
SNTN17-SNAPSHOT-4cb1c96276bc,SNTN17,BITMEX_INSTRUMENT_SNAPSHOT,2017-06-08T06:00:00Z,9999-12-31T00:00:00Z,LINEAR,SNT,XBT,XBT,XBT,1,SNT,100000000,OFFICIAL_EXPLICIT,,"{""multiplier_major"": ""1 / underlyingToPositionMultiplier from the frozen instrument row"", ""snapshot_fields"": ""Directly retained from the complete frozen CSV row."", ""valid_interval"": ""listing through the registry snapshot horizon; not a claim about future exchange metadata.""}",https://docs.bitmex.com/api-explorer/get-instruments,f02a691c7f7cfd0cd08ffb7f13a656ebaf2c6ca6,4cb1c96276bca9a6214c0c6da5944731737a682306867331fb21cbf5ef41b94b,Current snapshot version generated locally without network access.
SNTUSDT-SNAPSHOT-bfbc412252b0,SNTUSDT,BITMEX_INSTRUMENT_SNAPSHOT,2023-11-08T04:00:00Z,9999-12-31T00:00:00Z,LINEAR,SNT,USDT,USDT,USDT,1,SNT,1000000,OFFICIAL_EXPLICIT,,"{""multiplier_major"": ""1 / underlyingToPositionMultiplier from the frozen instrument row"", ""snapshot_fields"": ""Directly retained from the complete frozen CSV row."", ""valid_interval"": ""listing through the registry snapshot horizon; not a claim about future exchange metadata.""}",https://docs.bitmex.com/api-explorer/get-instruments,f02a691c7f7cfd0cd08ffb7f13a656ebaf2c6ca6,bfbc412252b02d204986476d4b85e2ca7e3568a2af8573f21822d12213ce62f0,Current snapshot version generated locally without network access.
SOLUSD-SNAPSHOT-3f7a8d870661,SOLUSD,BITMEX_INSTRUMENT_SNAPSHOT,2021-10-20T04:00:00Z,9999-12-31T00:00:00Z,QUANTO,SOL,USD,XBT,XBT,0.000001,XBT,100,OFFICIAL_EXPLICIT,,"{""multiplier_major"": ""multiplier / 100000000 XBt per the frozen BitMEX instrument snapshot"", ""snapshot_fields"": ""Directly retained from the complete frozen CSV row."", ""valid_interval"": ""listing through the registry snapshot horizon; not a claim about future exchange metadata.""}",https://docs.bitmex.com/api-explorer/get-instruments,f02a691c7f7cfd0cd08ffb7f13a656ebaf2c6ca6,3f7a8d87066166bd7bb9f7e76202098c3535ec60e715fa05fe4ae184221370f6,Current snapshot version generated locally without network access.
SOLUSDT-SNAPSHOT-3486a30e7957,SOLUSDT,BITMEX_INSTRUMENT_SNAPSHOT,2021-11-10T04:00:00Z,9999-12-31T00:00:00Z,LINEAR,SOL,USDT,USDT,USDT,0.0001,SOL,100,OFFICIAL_EXPLICIT,,"{""multiplier_major"": ""1 / underlyingToPositionMultiplier from the frozen instrument row"", ""snapshot_fields"": ""Directly retained from the complete frozen CSV row."", ""valid_interval"": ""listing through the registry snapshot horizon; not a claim about future exchange metadata.""}",https://docs.bitmex.com/api-explorer/get-instruments,f02a691c7f7cfd0cd08ffb7f13a656ebaf2c6ca6,3486a30e795790d817c0c8c379cdacac01100e81166eb2f936ec493c1e32860f,Current snapshot version generated locally without network access.
SOLVUSDT-SNAPSHOT-9293b721906f,SOLVUSDT,BITMEX_INSTRUMENT_SNAPSHOT,2025-01-23T04:00:00Z,9999-12-31T00:00:00Z,LINEAR,SOLV,USDT,USDT,USDT,1,SOLV,1000000,OFFICIAL_EXPLICIT,,"{""multiplier_major"": ""1 / underlyingToPositionMultiplier from the frozen instrument row"", ""snapshot_fields"": ""Directly retained from the complete frozen CSV row."", ""valid_interval"": ""listing through the registry snapshot horizon; not a claim about future exchange metadata.""}",https://docs.bitmex.com/api-explorer/get-instruments,f02a691c7f7cfd0cd08ffb7f13a656ebaf2c6ca6,9293b721906fe0067d7af31ee4f340dc679abf722ef300539e782d2e709cefe9,Current snapshot version generated locally without network access.
SOPHUSDT-SNAPSHOT-8e82f1af951d,SOPHUSDT,BITMEX_INSTRUMENT_SNAPSHOT,2025-05-29T04:00:00Z,9999-12-31T00:00:00Z,LINEAR,SOPH,USDT,USDT,USDT,1,SOPH,1000000,OFFICIAL_EXPLICIT,,"{""multiplier_major"": ""1 / underlyingToPositionMultiplier from the frozen instrument row"", ""snapshot_fields"": ""Directly retained from the complete frozen CSV row."", ""valid_interval"": ""listing through the registry snapshot horizon; not a claim about future exchange metadata.""}",https://docs.bitmex.com/api-explorer/get-instruments,f02a691c7f7cfd0cd08ffb7f13a656ebaf2c6ca6,8e82f1af951d14112c9d79457c8d2364c2709a8a1df6fcf22a499a16c9df96ad,Current snapshot version generated locally without network access.
SPCXUSDT-SNAPSHOT-23f75e639c25,SPCXUSDT,BITMEX_INSTRUMENT_SNAPSHOT,2026-06-05T12:00:00Z,9999-12-31T00:00:00Z,LINEAR,SPCX,USDT,USDT,USDT,0.01,SPCX,10000,OFFICIAL_EXPLICIT,,"{""multiplier_major"": ""1 / underlyingToPositionMultiplier from the frozen instrument row"", ""snapshot_fields"": ""Directly retained from the complete frozen CSV row."", ""valid_interval"": ""listing through the registry snapshot horizon; not a claim about future exchange metadata.""}",https://docs.bitmex.com/api-explorer/get-instruments,f02a691c7f7cfd0cd08ffb7f13a656ebaf2c6ca6,23f75e639c255b7262a19b166cc5119bf68c238a6c961afb85580fd7a08f3b9c,Current snapshot version generated locally without network access.
SPYUSDT-SNAPSHOT-418f7df18bd7,SPYUSDT,BITMEX_INSTRUMENT_SNAPSHOT,2025-12-15T12:00:00Z,9999-12-31T00:00:00Z,LINEAR,SPY,USDT,USDT,USDT,0.0001,SPY,100,OFFICIAL_EXPLICIT,,"{""multiplier_major"": ""1 / underlyingToPositionMultiplier from the frozen instrument row"", ""snapshot_fields"": ""Directly retained from the complete frozen CSV row."", ""valid_interval"": ""listing through the registry snapshot horizon; not a claim about future exchange metadata.""}",https://docs.bitmex.com/api-explorer/get-instruments,f02a691c7f7cfd0cd08ffb7f13a656ebaf2c6ca6,418f7df18bd7665ad7b5695f869b5b1099cc6d704b39cd5e6b5dd7977e1e18c1,Current snapshot version generated locally without network access.
SRMUSDT-SNAPSHOT-c58c47b4c026,SRMUSDT,BITMEX_INSTRUMENT_SNAPSHOT,2021-08-24T04:00:00Z,9999-12-31T00:00:00Z,QUANTO,SRM,USDT,XBT,XBT,0.00001,XBT,1000,OFFICIAL_EXPLICIT,,"{""multiplier_major"": ""multiplier / 100000000 XBt per the frozen BitMEX instrument snapshot"", ""snapshot_fields"": ""Directly retained from the complete frozen CSV row."", ""valid_interval"": ""listing through the registry snapshot horizon; not a claim about future exchange metadata.""}",https://docs.bitmex.com/api-explorer/get-instruments,f02a691c7f7cfd0cd08ffb7f13a656ebaf2c6ca6,c58c47b4c0269ee501421eecd06c13d484bd07cb93c8f2509679eed209b1d2c1,Current snapshot version generated locally without network access.
STRAXUSDT-SNAPSHOT-d9b3256c597b,STRAXUSDT,BITMEX_INSTRUMENT_SNAPSHOT,2023-11-16T04:00:00Z,9999-12-31T00:00:00Z,LINEAR,STRAX,USDT,USDT,USDT,1,STRAX,1000000,OFFICIAL_EXPLICIT,,"{""multiplier_major"": ""1 / underlyingToPositionMultiplier from the frozen instrument row"", ""snapshot_fields"": ""Directly retained from the complete frozen CSV row."", ""valid_interval"": ""listing through the registry snapshot horizon; not a claim about future exchange metadata.""}",https://docs.bitmex.com/api-explorer/get-instruments,f02a691c7f7cfd0cd08ffb7f13a656ebaf2c6ca6,d9b3256c597b72917217e747237eed10aa814a28bb88f1b63c12f624ca13a334,Current snapshot version generated locally without network access.
STRKUSDT-SNAPSHOT-0bbf8f2c311a,STRKUSDT,BITMEX_INSTRUMENT_SNAPSHOT,2024-02-21T04:00:00Z,9999-12-31T00:00:00Z,LINEAR,STRK,USDT,USDT,USDT,1,STRK,1000000,OFFICIAL_EXPLICIT,,"{""multiplier_major"": ""1 / underlyingToPositionMultiplier from the frozen instrument row"", ""snapshot_fields"": ""Directly retained from the complete frozen CSV row."", ""valid_interval"": ""listing through the registry snapshot horizon; not a claim about future exchange metadata.""}",https://docs.bitmex.com/api-explorer/get-instruments,f02a691c7f7cfd0cd08ffb7f13a656ebaf2c6ca6,0bbf8f2c311a0754d211bf1c002fbece275761795229d20fee5dc39f669d54f5,Current snapshot version generated locally without network access.
STRKUSDTG24-SNAPSHOT-4e1cf55d8f2a,STRKUSDTG24,BITMEX_INSTRUMENT_SNAPSHOT,2024-02-14T11:00:00Z,9999-12-31T00:00:00Z,LINEAR,STRK,USDT,USDT,USDT,1,STRK,1000000,OFFICIAL_EXPLICIT,,"{""multiplier_major"": ""1 / underlyingToPositionMultiplier from the frozen instrument row"", ""snapshot_fields"": ""Directly retained from the complete frozen CSV row."", ""valid_interval"": ""listing through the registry snapshot horizon; not a claim about future exchange metadata.""}",https://docs.bitmex.com/api-explorer/get-instruments,f02a691c7f7cfd0cd08ffb7f13a656ebaf2c6ca6,4e1cf55d8f2ad0465b647616ff9df5ef59eb828a26e3c36938234a3aca9d5a12,Current snapshot version generated locally without network access.
SUIUSD-SNAPSHOT-e3c33892d6d6,SUIUSD,BITMEX_INSTRUMENT_SNAPSHOT,2023-05-03T12:00:00Z,9999-12-31T00:00:00Z,QUANTO,SUI,USD,XBT,XBT,0.00001,XBT,1000,OFFICIAL_EXPLICIT,,"{""multiplier_major"": ""multiplier / 100000000 XBt per the frozen BitMEX instrument snapshot"", ""snapshot_fields"": ""Directly retained from the complete frozen CSV row."", ""valid_interval"": ""listing through the registry snapshot horizon; not a claim about future exchange metadata.""}",https://docs.bitmex.com/api-explorer/get-instruments,f02a691c7f7cfd0cd08ffb7f13a656ebaf2c6ca6,e3c33892d6d602cc1e1270c56e449808de3e0aa2751ab3c9b5dba7525db9c015,Current snapshot version generated locally without network access.
SUIUSDT-SNAPSHOT-d3d1a8c5b184,SUIUSDT,BITMEX_INSTRUMENT_SNAPSHOT,2023-05-03T12:00:00Z,9999-12-31T00:00:00Z,LINEAR,SUI,USDT,USDT,USDT,0.001,SUI,1000,OFFICIAL_EXPLICIT,,"{""multiplier_major"": ""1 / underlyingToPositionMultiplier from the frozen instrument row"", ""snapshot_fields"": ""Directly retained from the complete frozen CSV row."", ""valid_interval"": ""listing through the registry snapshot horizon; not a claim about future exchange metadata.""}",https://docs.bitmex.com/api-explorer/get-instruments,f02a691c7f7cfd0cd08ffb7f13a656ebaf2c6ca6,d3d1a8c5b1843c92d8b072708d50d4397ddfa2e6c67920c7f488b358e2253bc8,Current snapshot version generated locally without network access.
SUNDOGUSDT-SNAPSHOT-c19748c6d0f8,SUNDOGUSDT,BITMEX_INSTRUMENT_SNAPSHOT,2024-08-23T04:00:00Z,9999-12-31T00:00:00Z,LINEAR,SUNDOG,USDT,USDT,USDT,1,SUNDOG,1000000,OFFICIAL_EXPLICIT,,"{""multiplier_major"": ""1 / underlyingToPositionMultiplier from the frozen instrument row"", ""snapshot_fields"": ""Directly retained from the complete frozen CSV row."", ""valid_interval"": ""listing through the registry snapshot horizon; not a claim about future exchange metadata.""}",https://docs.bitmex.com/api-explorer/get-instruments,f02a691c7f7cfd0cd08ffb7f13a656ebaf2c6ca6,c19748c6d0f8bc6c18d9162651c245bdea6ce3127350a36f92168d1afa11c618,Current snapshot version generated locally without network access.
SUPERUSDT-SNAPSHOT-325d286759fe,SUPERUSDT,BITMEX_INSTRUMENT_SNAPSHOT,2023-11-29T04:00:00Z,9999-12-31T00:00:00Z,LINEAR,SUPER,USDT,USDT,USDT,1,SUPER,1000000,OFFICIAL_EXPLICIT,,"{""multiplier_major"": ""1 / underlyingToPositionMultiplier from the frozen instrument row"", ""snapshot_fields"": ""Directly retained from the complete frozen CSV row."", ""valid_interval"": ""listing through the registry snapshot horizon; not a claim about future exchange metadata.""}",https://docs.bitmex.com/api-explorer/get-instruments,f02a691c7f7cfd0cd08ffb7f13a656ebaf2c6ca6,325d286759fe7ec10490a1e00439876e83044d9c3dad6a5be3c8d627aea75848,Current snapshot version generated locally without network access.
SUSDT-SNAPSHOT-8668d37723b2,SUSDT,BITMEX_INSTRUMENT_SNAPSHOT,2025-01-22T04:00:00Z,9999-12-31T00:00:00Z,LINEAR,S,USDT,USDT,USDT,0.01,S,10000,OFFICIAL_EXPLICIT,,"{""multiplier_major"": ""1 / underlyingToPositionMultiplier from the frozen instrument row"", ""snapshot_fields"": ""Directly retained from the complete frozen CSV row."", ""valid_interval"": ""listing through the registry snapshot horizon; not a claim about future exchange metadata.""}",https://docs.bitmex.com/api-explorer/get-instruments,f02a691c7f7cfd0cd08ffb7f13a656ebaf2c6ca6,8668d37723b2781bfcbba593c8a925cc2c9ee677271524050959fca2d7a8966f,Current snapshot version generated locally without network access.
SUSHIUSDT-SNAPSHOT-2f42c675db6d,SUSHIUSDT,BITMEX_INSTRUMENT_SNAPSHOT,2021-07-21T04:00:00Z,9999-12-31T00:00:00Z,QUANTO,SUSHI,USDT,XBT,XBT,0.00001,XBT,1000,OFFICIAL_EXPLICIT,,"{""multiplier_major"": ""multiplier / 100000000 XBt per the frozen BitMEX instrument snapshot"", ""snapshot_fields"": ""Directly retained from the complete frozen CSV row."", ""valid_interval"": ""listing through the registry snapshot horizon; not a claim about future exchange metadata.""}",https://docs.bitmex.com/api-explorer/get-instruments,f02a691c7f7cfd0cd08ffb7f13a656ebaf2c6ca6,2f42c675db6dcfce37a8ca6838557934ad53b1380ab14b2516efe50676d25ced,Current snapshot version generated locally without network access.
SWELLUSDT-SNAPSHOT-a7d43d356ea5,SWELLUSDT,BITMEX_INSTRUMENT_SNAPSHOT,2024-11-15T04:00:00Z,9999-12-31T00:00:00Z,LINEAR,SWELL,USDT,USDT,USDT,1,SWELL,1000000,OFFICIAL_EXPLICIT,,"{""multiplier_major"": ""1 / underlyingToPositionMultiplier from the frozen instrument row"", ""snapshot_fields"": ""Directly retained from the complete frozen CSV row."", ""valid_interval"": ""listing through the registry snapshot horizon; not a claim about future exchange metadata.""}",https://docs.bitmex.com/api-explorer/get-instruments,f02a691c7f7cfd0cd08ffb7f13a656ebaf2c6ca6,a7d43d356ea5eda5bf213e26f7153648941fb4f4d1747cf8ad0f9429feb4e42e,Current snapshot version generated locally without network access.
SXTUSDT-SNAPSHOT-c3ac450cdb0d,SXTUSDT,BITMEX_INSTRUMENT_SNAPSHOT,2025-05-09T04:00:00Z,9999-12-31T00:00:00Z,LINEAR,SXT,USDT,USDT,USDT,0.01,SXT,10000,OFFICIAL_EXPLICIT,,"{""multiplier_major"": ""1 / underlyingToPositionMultiplier from the frozen instrument row"", ""snapshot_fields"": ""Directly retained from the complete frozen CSV row."", ""valid_interval"": ""listing through the registry snapshot horizon; not a claim about future exchange metadata.""}",https://docs.bitmex.com/api-explorer/get-instruments,f02a691c7f7cfd0cd08ffb7f13a656ebaf2c6ca6,c3ac450cdb0d6aae2e8d985904915e65f99d959b66e214ccbae82c0a48fc6a12,Current snapshot version generated locally without network access.
TAIKOUSDT-SNAPSHOT-eec031512a37,TAIKOUSDT,BITMEX_INSTRUMENT_SNAPSHOT,2024-06-06T04:00:00Z,9999-12-31T00:00:00Z,LINEAR,TAIKO,USDT,USDT,USDT,1,TAIKO,1000000,OFFICIAL_EXPLICIT,,"{""multiplier_major"": ""1 / underlyingToPositionMultiplier from the frozen instrument row"", ""snapshot_fields"": ""Directly retained from the complete frozen CSV row."", ""valid_interval"": ""listing through the registry snapshot horizon; not a claim about future exchange metadata.""}",https://docs.bitmex.com/api-explorer/get-instruments,f02a691c7f7cfd0cd08ffb7f13a656ebaf2c6ca6,eec031512a372d850638fca9c82f74e8d359ca69a1a72a6ebfcf7b1ad56fbeee,Current snapshot version generated locally without network access.
TIAUSDT-SNAPSHOT-2bd92896e7b1,TIAUSDT,BITMEX_INSTRUMENT_SNAPSHOT,2023-11-01T04:00:00Z,9999-12-31T00:00:00Z,LINEAR,TIA,USDT,USDT,USDT,1,TIA,1000000,OFFICIAL_EXPLICIT,,"{""multiplier_major"": ""1 / underlyingToPositionMultiplier from the frozen instrument row"", ""snapshot_fields"": ""Directly retained from the complete frozen CSV row."", ""valid_interval"": ""listing through the registry snapshot horizon; not a claim about future exchange metadata.""}",https://docs.bitmex.com/api-explorer/get-instruments,f02a691c7f7cfd0cd08ffb7f13a656ebaf2c6ca6,2bd92896e7b17a6f40b0015c80a98cf9d9b1a4c8c7f3a829537dd953916ccacf,Current snapshot version generated locally without network access.
TIAUSDTZ23-SNAPSHOT-6a31acbd35fa,TIAUSDTZ23,BITMEX_INSTRUMENT_SNAPSHOT,2023-10-27T04:00:00Z,9999-12-31T00:00:00Z,LINEAR,TIA,USDT,USDT,USDT,1,TIA,1000000,OFFICIAL_EXPLICIT,,"{""multiplier_major"": ""1 / underlyingToPositionMultiplier from the frozen instrument row"", ""snapshot_fields"": ""Directly retained from the complete frozen CSV row."", ""valid_interval"": ""listing through the registry snapshot horizon; not a claim about future exchange metadata.""}",https://docs.bitmex.com/api-explorer/get-instruments,f02a691c7f7cfd0cd08ffb7f13a656ebaf2c6ca6,6a31acbd35fa9cd523527912759d1b185eca5e53868ecb45e4ef47a4edf00882,Current snapshot version generated locally without network access.
TKOUSDTZ24-SNAPSHOT-bb5743ffdb3b,TKOUSDTZ24,BITMEX_INSTRUMENT_SNAPSHOT,2024-05-24T04:00:00Z,9999-12-31T00:00:00Z,LINEAR,TKO,USDT,USDT,USDT,1,TKO,1000000,OFFICIAL_EXPLICIT,,"{""multiplier_major"": ""1 / underlyingToPositionMultiplier from the frozen instrument row"", ""snapshot_fields"": ""Directly retained from the complete frozen CSV row."", ""valid_interval"": ""listing through the registry snapshot horizon; not a claim about future exchange metadata.""}",https://docs.bitmex.com/api-explorer/get-instruments,f02a691c7f7cfd0cd08ffb7f13a656ebaf2c6ca6,bb5743ffdb3b52845b30200e46cb72967e76e44737b403114bf00fbb60dacfe4,Current snapshot version generated locally without network access.
TNSRUSDT-SNAPSHOT-154886abf95d,TNSRUSDT,BITMEX_INSTRUMENT_SNAPSHOT,2024-04-10T12:00:00Z,9999-12-31T00:00:00Z,LINEAR,TNSR,USDT,USDT,USDT,1,TNSR,1000000,OFFICIAL_EXPLICIT,,"{""multiplier_major"": ""1 / underlyingToPositionMultiplier from the frozen instrument row"", ""snapshot_fields"": ""Directly retained from the complete frozen CSV row."", ""valid_interval"": ""listing through the registry snapshot horizon; not a claim about future exchange metadata.""}",https://docs.bitmex.com/api-explorer/get-instruments,f02a691c7f7cfd0cd08ffb7f13a656ebaf2c6ca6,154886abf95d896b833244388a65407e013314fc4af75e2b1fab027c8c32f8ff,Current snapshot version generated locally without network access.
TONUSD-SNAPSHOT-93ae9d6ff95b,TONUSD,BITMEX_INSTRUMENT_SNAPSHOT,2024-04-23T04:00:00Z,9999-12-31T00:00:00Z,QUANTO,TON,USD,XBT,XBT,0.0001,XBT,10000,OFFICIAL_EXPLICIT,,"{""multiplier_major"": ""multiplier / 100000000 XBt per the frozen BitMEX instrument snapshot"", ""snapshot_fields"": ""Directly retained from the complete frozen CSV row."", ""valid_interval"": ""listing through the registry snapshot horizon; not a claim about future exchange metadata.""}",https://docs.bitmex.com/api-explorer/get-instruments,f02a691c7f7cfd0cd08ffb7f13a656ebaf2c6ca6,93ae9d6ff95bf46230f13246372b7439c923b884b919572ca22368fc40a60268,Current snapshot version generated locally without network access.
TONUSDT-SNAPSHOT-197563e2b6cb,TONUSDT,BITMEX_INSTRUMENT_SNAPSHOT,2024-08-19T04:00:00Z,9999-12-31T00:00:00Z,LINEAR,TON,USDT,USDT,USDT,1,TON,1000000,OFFICIAL_EXPLICIT,,"{""multiplier_major"": ""1 / underlyingToPositionMultiplier from the frozen instrument row"", ""snapshot_fields"": ""Directly retained from the complete frozen CSV row."", ""valid_interval"": ""listing through the registry snapshot horizon; not a claim about future exchange metadata.""}",https://docs.bitmex.com/api-explorer/get-instruments,f02a691c7f7cfd0cd08ffb7f13a656ebaf2c6ca6,197563e2b6cb5e2b31488dfd549b55c4c683ea6dbe7301effe244fcf2e1c1d2b,Current snapshot version generated locally without network access.
TREMPUSDT-SNAPSHOT-3b4341347d8e,TREMPUSDT,BITMEX_INSTRUMENT_SNAPSHOT,2024-06-21T04:00:00Z,9999-12-31T00:00:00Z,LINEAR,TREMP,USDT,USDT,USDT,1,TREMP,1000000,OFFICIAL_EXPLICIT,,"{""multiplier_major"": ""1 / underlyingToPositionMultiplier from the frozen instrument row"", ""snapshot_fields"": ""Directly retained from the complete frozen CSV row."", ""valid_interval"": ""listing through the registry snapshot horizon; not a claim about future exchange metadata.""}",https://docs.bitmex.com/api-explorer/get-instruments,f02a691c7f7cfd0cd08ffb7f13a656ebaf2c6ca6,3b4341347d8ebcbeec10579eb1f17594f0dc05b318b5481d0a67f8e1d41a4116,Current snapshot version generated locally without network access.
TRUMPOFFICIALUSDT-SNAPSHOT-fee3be21ce11,TRUMPOFFICIALUSDT,BITMEX_INSTRUMENT_SNAPSHOT,2025-01-18T12:00:00Z,9999-12-31T00:00:00Z,LINEAR,TRUMPOFFICIAL,USDT,USDT,USDT,0.01,TRUMPOFFICIAL,10000,OFFICIAL_EXPLICIT,,"{""multiplier_major"": ""1 / underlyingToPositionMultiplier from the frozen instrument row"", ""snapshot_fields"": ""Directly retained from the complete frozen CSV row."", ""valid_interval"": ""listing through the registry snapshot horizon; not a claim about future exchange metadata.""}",https://docs.bitmex.com/api-explorer/get-instruments,f02a691c7f7cfd0cd08ffb7f13a656ebaf2c6ca6,fee3be21ce11cd471228c34bcc7e4c75c47effb5d7e0dba5510847213525a857,Current snapshot version generated locally without network access.
TRXH19-SNAPSHOT-b9fc7f5df7f7,TRXH19,BITMEX_INSTRUMENT_SNAPSHOT,2018-12-17T04:00:00Z,9999-12-31T00:00:00Z,LINEAR,TRX,XBT,XBT,XBT,1,TRX,100000000,OFFICIAL_EXPLICIT,,"{""multiplier_major"": ""1 / underlyingToPositionMultiplier from the frozen instrument row"", ""snapshot_fields"": ""Directly retained from the complete frozen CSV row."", ""valid_interval"": ""listing through the registry snapshot horizon; not a claim about future exchange metadata.""}",https://docs.bitmex.com/api-explorer/get-instruments,f02a691c7f7cfd0cd08ffb7f13a656ebaf2c6ca6,b9fc7f5df7f770934a29bf708ec28940c6afb9b5ea3f0d9bdcaf05aba6b3b624,Current snapshot version generated locally without network access.
TRXH20-SNAPSHOT-5a313dc91dd6,TRXH20,BITMEX_INSTRUMENT_SNAPSHOT,2019-12-13T08:00:00Z,9999-12-31T00:00:00Z,LINEAR,TRX,XBT,XBT,XBT,1,TRX,100000000,OFFICIAL_EXPLICIT,,"{""multiplier_major"": ""1 / underlyingToPositionMultiplier from the frozen instrument row"", ""snapshot_fields"": ""Directly retained from the complete frozen CSV row."", ""valid_interval"": ""listing through the registry snapshot horizon; not a claim about future exchange metadata.""}",https://docs.bitmex.com/api-explorer/get-instruments,f02a691c7f7cfd0cd08ffb7f13a656ebaf2c6ca6,5a313dc91dd69c674ca96c118c9157f4bf5eab5e1585ea3b831f965b68a9615f,Current snapshot version generated locally without network access.
TRXH21-SNAPSHOT-c794544209a1,TRXH21,BITMEX_INSTRUMENT_SNAPSHOT,2020-12-11T08:00:00Z,9999-12-31T00:00:00Z,LINEAR,TRX,XBT,XBT,XBT,1,TRX,100000000,OFFICIAL_EXPLICIT,,"{""multiplier_major"": ""1 / underlyingToPositionMultiplier from the frozen instrument row"", ""snapshot_fields"": ""Directly retained from the complete frozen CSV row."", ""valid_interval"": ""listing through the registry snapshot horizon; not a claim about future exchange metadata.""}",https://docs.bitmex.com/api-explorer/get-instruments,f02a691c7f7cfd0cd08ffb7f13a656ebaf2c6ca6,c794544209a101571762df0a5c3fc4443290921a6604dd97577dae92ede88566,Current snapshot version generated locally without network access.
TRXM19-SNAPSHOT-4c3d53da0781,TRXM19,BITMEX_INSTRUMENT_SNAPSHOT,2019-03-15T08:00:00Z,9999-12-31T00:00:00Z,LINEAR,TRX,XBT,XBT,XBT,1,TRX,100000000,OFFICIAL_EXPLICIT,,"{""multiplier_major"": ""1 / underlyingToPositionMultiplier from the frozen instrument row"", ""snapshot_fields"": ""Directly retained from the complete frozen CSV row."", ""valid_interval"": ""listing through the registry snapshot horizon; not a claim about future exchange metadata.""}",https://docs.bitmex.com/api-explorer/get-instruments,f02a691c7f7cfd0cd08ffb7f13a656ebaf2c6ca6,4c3d53da07818bc19b8f3471473f35a5da3a1a69018500b95559f96da2e53f6e,Current snapshot version generated locally without network access.
TRXM20-SNAPSHOT-8c363616877a,TRXM20,BITMEX_INSTRUMENT_SNAPSHOT,2020-03-13T08:00:00Z,9999-12-31T00:00:00Z,LINEAR,TRX,XBT,XBT,XBT,1,TRX,100000000,OFFICIAL_EXPLICIT,,"{""multiplier_major"": ""1 / underlyingToPositionMultiplier from the frozen instrument row"", ""snapshot_fields"": ""Directly retained from the complete frozen CSV row."", ""valid_interval"": ""listing through the registry snapshot horizon; not a claim about future exchange metadata.""}",https://docs.bitmex.com/api-explorer/get-instruments,f02a691c7f7cfd0cd08ffb7f13a656ebaf2c6ca6,8c363616877ac570b0b71cdc9410019286395ba21ae5b38f82fdb54f4379b9bf,Current snapshot version generated locally without network access.
TRXM21-SNAPSHOT-67b9db1c45f3,TRXM21,BITMEX_INSTRUMENT_SNAPSHOT,2021-03-12T08:00:00Z,9999-12-31T00:00:00Z,LINEAR,TRX,XBT,XBT,XBT,1,TRX,100000000,OFFICIAL_EXPLICIT,,"{""multiplier_major"": ""1 / underlyingToPositionMultiplier from the frozen instrument row"", ""snapshot_fields"": ""Directly retained from the complete frozen CSV row."", ""valid_interval"": ""listing through the registry snapshot horizon; not a claim about future exchange metadata.""}",https://docs.bitmex.com/api-explorer/get-instruments,f02a691c7f7cfd0cd08ffb7f13a656ebaf2c6ca6,67b9db1c45f370c47c0216e38e4a74d93de4afbae66e2e2f9ad580bb1c98f9b5,Current snapshot version generated locally without network access.
TRXU18-SNAPSHOT-459e097194a1,TRXU18,BITMEX_INSTRUMENT_SNAPSHOT,2018-06-27T08:00:00Z,9999-12-31T00:00:00Z,LINEAR,TRX,XBT,XBT,XBT,1,TRX,100000000,OFFICIAL_EXPLICIT,,"{""multiplier_major"": ""1 / underlyingToPositionMultiplier from the frozen instrument row"", ""snapshot_fields"": ""Directly retained from the complete frozen CSV row."", ""valid_interval"": ""listing through the registry snapshot horizon; not a claim about future exchange metadata.""}",https://docs.bitmex.com/api-explorer/get-instruments,f02a691c7f7cfd0cd08ffb7f13a656ebaf2c6ca6,459e097194a18c26c292df23c98395f849ae29a50efdc09313051b0ed9137b10,Current snapshot version generated locally without network access.
TRXU19-SNAPSHOT-c794cbf6f554,TRXU19,BITMEX_INSTRUMENT_SNAPSHOT,2019-06-14T08:00:00Z,9999-12-31T00:00:00Z,LINEAR,TRX,XBT,XBT,XBT,1,TRX,100000000,OFFICIAL_EXPLICIT,,"{""multiplier_major"": ""1 / underlyingToPositionMultiplier from the frozen instrument row"", ""snapshot_fields"": ""Directly retained from the complete frozen CSV row."", ""valid_interval"": ""listing through the registry snapshot horizon; not a claim about future exchange metadata.""}",https://docs.bitmex.com/api-explorer/get-instruments,f02a691c7f7cfd0cd08ffb7f13a656ebaf2c6ca6,c794cbf6f554a81c1d0a51a5fef3d41487a07a2ecf96596aeebf48ee5a226242,Current snapshot version generated locally without network access.
TRXU20-SNAPSHOT-83452f5e7c14,TRXU20,BITMEX_INSTRUMENT_SNAPSHOT,2020-06-12T08:00:00Z,9999-12-31T00:00:00Z,LINEAR,TRX,XBT,XBT,XBT,1,TRX,100000000,OFFICIAL_EXPLICIT,,"{""multiplier_major"": ""1 / underlyingToPositionMultiplier from the frozen instrument row"", ""snapshot_fields"": ""Directly retained from the complete frozen CSV row."", ""valid_interval"": ""listing through the registry snapshot horizon; not a claim about future exchange metadata.""}",https://docs.bitmex.com/api-explorer/get-instruments,f02a691c7f7cfd0cd08ffb7f13a656ebaf2c6ca6,83452f5e7c14cc30f461f4e68fb707b9f560481c010b415f3af20f871d68decf,Current snapshot version generated locally without network access.
TRXU21-SNAPSHOT-69ba84614693,TRXU21,BITMEX_INSTRUMENT_SNAPSHOT,2021-06-16T08:00:00Z,9999-12-31T00:00:00Z,LINEAR,TRX,XBT,XBT,XBT,1,TRX,100000000,OFFICIAL_EXPLICIT,,"{""multiplier_major"": ""1 / underlyingToPositionMultiplier from the frozen instrument row"", ""snapshot_fields"": ""Directly retained from the complete frozen CSV row."", ""valid_interval"": ""listing through the registry snapshot horizon; not a claim about future exchange metadata.""}",https://docs.bitmex.com/api-explorer/get-instruments,f02a691c7f7cfd0cd08ffb7f13a656ebaf2c6ca6,69ba84614693365189b53f82a61b975607ac9b40bc190a41935d6880aa6e19f2,Current snapshot version generated locally without network access.
TRXUSD-SNAPSHOT-766a471b98a5,TRXUSD,BITMEX_INSTRUMENT_SNAPSHOT,2023-11-06T04:00:00Z,9999-12-31T00:00:00Z,QUANTO,TRX,USD,XBT,XBT,0.001,XBT,100000,OFFICIAL_EXPLICIT,,"{""multiplier_major"": ""multiplier / 100000000 XBt per the frozen BitMEX instrument snapshot"", ""snapshot_fields"": ""Directly retained from the complete frozen CSV row."", ""valid_interval"": ""listing through the registry snapshot horizon; not a claim about future exchange metadata.""}",https://docs.bitmex.com/api-explorer/get-instruments,f02a691c7f7cfd0cd08ffb7f13a656ebaf2c6ca6,766a471b98a544945875bb97064fc164f3abd8215ba3df388a4a274b2efb42a7,Current snapshot version generated locally without network access.
TRXUSDT-QUANTO-XBT-2021,TRXUSDT,CONFIGURED_HISTORICAL,2021-03-17T04:00:00Z,2021-11-02T12:00:00Z,QUANTO,.BTRXT,USDT,XBT,XBT,0.001,XBT,100000,OFFICIAL_EXPLICIT,,"{""execution_cross_check"": ""15/15 Trade rows agree.""}",https://www.bitmex.com/zh-hant/blog/introducing-the-trxusdt-and-eosusdt-quanto-perpetual-contracts;https://www.bitmex.com/blog/axs-eos-link-sol-aave-matic-srm-sushi-trx-uni-vet-and-xlm-quanto-perpetuals-new-listing-and-early-settlement-of-contracts-due-to-naming-conventions,,,Old TRXUSDT Quanto version.
TRXUSDT-SNAPSHOT-e51bef587175,TRXUSDT,BITMEX_INSTRUMENT_SNAPSHOT,2023-11-07T04:00:00Z,9999-12-31T00:00:00Z,LINEAR,TRX,USDT,USDT,USDT,0.1,TRX,100000,OFFICIAL_EXPLICIT,,"{""multiplier_major"": ""1 / underlyingToPositionMultiplier from the frozen instrument row"", ""snapshot_fields"": ""Directly retained from the complete frozen CSV row."", ""valid_interval"": ""listing through the registry snapshot horizon; not a claim about future exchange metadata.""}",https://docs.bitmex.com/api-explorer/get-instruments,f02a691c7f7cfd0cd08ffb7f13a656ebaf2c6ca6,e51bef5871757b40630848a245dde1df2165a19f13fa6a9e89da7e98b714ae18,Current snapshot version generated locally without network access.
TRXZ18-SNAPSHOT-b012def1da22,TRXZ18,BITMEX_INSTRUMENT_SNAPSHOT,2018-09-21T02:00:00Z,9999-12-31T00:00:00Z,LINEAR,TRX,XBT,XBT,XBT,1,TRX,100000000,OFFICIAL_EXPLICIT,,"{""multiplier_major"": ""1 / underlyingToPositionMultiplier from the frozen instrument row"", ""snapshot_fields"": ""Directly retained from the complete frozen CSV row."", ""valid_interval"": ""listing through the registry snapshot horizon; not a claim about future exchange metadata.""}",https://docs.bitmex.com/api-explorer/get-instruments,f02a691c7f7cfd0cd08ffb7f13a656ebaf2c6ca6,b012def1da225cbb83722e10f850c7ee368ec843f9d4cf5eaa5917949b3d331e,Current snapshot version generated locally without network access.
TRXZ19-SNAPSHOT-747430485482,TRXZ19,BITMEX_INSTRUMENT_SNAPSHOT,2019-09-13T08:00:00Z,9999-12-31T00:00:00Z,LINEAR,TRX,XBT,XBT,XBT,1,TRX,100000000,OFFICIAL_EXPLICIT,,"{""multiplier_major"": ""1 / underlyingToPositionMultiplier from the frozen instrument row"", ""snapshot_fields"": ""Directly retained from the complete frozen CSV row."", ""valid_interval"": ""listing through the registry snapshot horizon; not a claim about future exchange metadata.""}",https://docs.bitmex.com/api-explorer/get-instruments,f02a691c7f7cfd0cd08ffb7f13a656ebaf2c6ca6,747430485482a5854c7c1472e6b8b86303ecd891d66c4f8ce38b6571ad1bd13f,Current snapshot version generated locally without network access.
TRXZ20-SNAPSHOT-58aa1bb09790,TRXZ20,BITMEX_INSTRUMENT_SNAPSHOT,2020-09-11T08:00:00Z,9999-12-31T00:00:00Z,LINEAR,TRX,XBT,XBT,XBT,1,TRX,100000000,OFFICIAL_EXPLICIT,,"{""multiplier_major"": ""1 / underlyingToPositionMultiplier from the frozen instrument row"", ""snapshot_fields"": ""Directly retained from the complete frozen CSV row."", ""valid_interval"": ""listing through the registry snapshot horizon; not a claim about future exchange metadata.""}",https://docs.bitmex.com/api-explorer/get-instruments,f02a691c7f7cfd0cd08ffb7f13a656ebaf2c6ca6,58aa1bb0979005ea33e943b08e298b9df136dd28e0bf5f64bacee3cafdc2f9bd,Current snapshot version generated locally without network access.
TRXZ21-SNAPSHOT-e0892550c129,TRXZ21,BITMEX_INSTRUMENT_SNAPSHOT,2021-09-15T04:00:00Z,9999-12-31T00:00:00Z,LINEAR,TRX,XBT,XBT,XBT,0.00000001,TRX,1,OFFICIAL_EXPLICIT,,"{""multiplier_major"": ""1 / underlyingToPositionMultiplier from the frozen instrument row"", ""snapshot_fields"": ""Directly retained from the complete frozen CSV row."", ""valid_interval"": ""listing through the registry snapshot horizon; not a claim about future exchange metadata.""}",https://docs.bitmex.com/api-explorer/get-instruments,f02a691c7f7cfd0cd08ffb7f13a656ebaf2c6ca6,e0892550c129f80e1ade8cb4d9703eca2335656fa814469843fdcf67c1bf808e,Current snapshot version generated locally without network access.
TSLAUSDT-SNAPSHOT-a510039388c3,TSLAUSDT,BITMEX_INSTRUMENT_SNAPSHOT,2025-12-15T12:00:00Z,9999-12-31T00:00:00Z,LINEAR,TSLA,USDT,USDT,USDT,0.01,TSLA,10000,OFFICIAL_EXPLICIT,,"{""multiplier_major"": ""1 / underlyingToPositionMultiplier from the frozen instrument row"", ""snapshot_fields"": ""Directly retained from the complete frozen CSV row."", ""valid_interval"": ""listing through the registry snapshot horizon; not a claim about future exchange metadata.""}",https://docs.bitmex.com/api-explorer/get-instruments,f02a691c7f7cfd0cd08ffb7f13a656ebaf2c6ca6,a510039388c37747e986a813440d8bef5c0a303c2621911a059fad422546476a,Current snapshot version generated locally without network access.
TSTUSDT-SNAPSHOT-48825d0cd872,TSTUSDT,BITMEX_INSTRUMENT_SNAPSHOT,2025-02-10T12:00:00Z,9999-12-31T00:00:00Z,LINEAR,TST,USDT,USDT,USDT,1,TST,1000000,OFFICIAL_EXPLICIT,,"{""multiplier_major"": ""1 / underlyingToPositionMultiplier from the frozen instrument row"", ""snapshot_fields"": ""Directly retained from the complete frozen CSV row."", ""valid_interval"": ""listing through the registry snapshot horizon; not a claim about future exchange metadata.""}",https://docs.bitmex.com/api-explorer/get-instruments,f02a691c7f7cfd0cd08ffb7f13a656ebaf2c6ca6,48825d0cd8723cffe1d03c20cd7e810a1d19e781f53bd8f34683bfbd0cc332f1,Current snapshot version generated locally without network access.
TURBOUSD-SNAPSHOT-757a3b877668,TURBOUSD,BITMEX_INSTRUMENT_SNAPSHOT,2023-05-26T04:00:00Z,9999-12-31T00:00:00Z,QUANTO,TURBO,USD,XBT,XBT,0.01,XBT,1000000,OFFICIAL_EXPLICIT,,"{""multiplier_major"": ""multiplier / 100000000 XBt per the frozen BitMEX instrument snapshot"", ""snapshot_fields"": ""Directly retained from the complete frozen CSV row."", ""valid_interval"": ""listing through the registry snapshot horizon; not a claim about future exchange metadata.""}",https://docs.bitmex.com/api-explorer/get-instruments,f02a691c7f7cfd0cd08ffb7f13a656ebaf2c6ca6,757a3b877668f448e24b6985c671e75889e36eea24860120249d594ff04ba18a,Current snapshot version generated locally without network access.
TUTUSDT-SNAPSHOT-8b3745520ce4,TUTUSDT,BITMEX_INSTRUMENT_SNAPSHOT,2025-03-19T04:00:00Z,9999-12-31T00:00:00Z,LINEAR,TUT,USDT,USDT,USDT,1,TUT,1000000,OFFICIAL_EXPLICIT,,"{""multiplier_major"": ""1 / underlyingToPositionMultiplier from the frozen instrument row"", ""snapshot_fields"": ""Directly retained from the complete frozen CSV row."", ""valid_interval"": ""listing through the registry snapshot horizon; not a claim about future exchange metadata.""}",https://docs.bitmex.com/api-explorer/get-instruments,f02a691c7f7cfd0cd08ffb7f13a656ebaf2c6ca6,8b3745520ce48e71203e69ab03d0f07447225488b58280a698cbc36b958d3f4e,Current snapshot version generated locally without network access.
UNIUSDT-QUANTO-XBT-2021,UNIUSDT,CONFIGURED_HISTORICAL,2021-03-03T04:00:00Z,2021-11-02T12:00:00Z,QUANTO,,USDT,XBT,XBT,0.00001,XBT,1000,OFFICIAL_PARTIAL_EXECUTION_VALIDATED,underlying,"{""execution_cross_check"": ""806/806 Trade rows agree."", ""multiplier_major"": ""Execution-derived and exact across 806 Trade rows; official source validates Quanto/XBT.""}",https://www.bitmex.com/blog/six-new-altcoin-perpetual-swaps-launching-on-bitmex-in-march;https://www.bitmex.com/blog/axs-eos-link-sol-aave-matic-srm-sushi-trx-uni-vet-and-xlm-quanto-perpetuals-new-listing-and-early-settlement-of-contracts-due-to-naming-conventions,,,Multiplier is explicitly execution-validated; underlying is null rather than guessed.
UNIUSDT-SNAPSHOT-4fa1bca17fa1,UNIUSDT,BITMEX_INSTRUMENT_SNAPSHOT,2025-04-02T04:00:00Z,9999-12-31T00:00:00Z,LINEAR,UNI,USDT,USDT,USDT,0.01,UNI,10000,OFFICIAL_EXPLICIT,,"{""multiplier_major"": ""1 / underlyingToPositionMultiplier from the frozen instrument row"", ""snapshot_fields"": ""Directly retained from the complete frozen CSV row."", ""valid_interval"": ""listing through the registry snapshot horizon; not a claim about future exchange metadata.""}",https://docs.bitmex.com/api-explorer/get-instruments,f02a691c7f7cfd0cd08ffb7f13a656ebaf2c6ca6,4fa1bca17fa149d8df39bec401a94a4b12975e3e2978f66e631a5aadca865f9c,Current snapshot version generated locally without network access.
USDBRL-SNAPSHOT-6993009139c3,USDBRL,BITMEX_INSTRUMENT_SNAPSHOT,2022-08-03T04:00:00Z,9999-12-31T00:00:00Z,QUANTO,USD,BRL,XBT,XBT,0.0001,XBT,10000,OFFICIAL_EXPLICIT,,"{""multiplier_major"": ""multiplier / 100000000 XBt per the frozen BitMEX instrument snapshot"", ""snapshot_fields"": ""Directly retained from the complete frozen CSV row."", ""valid_interval"": ""listing through the registry snapshot horizon; not a claim about future exchange metadata.""}",https://docs.bitmex.com/api-explorer/get-instruments,f02a691c7f7cfd0cd08ffb7f13a656ebaf2c6ca6,6993009139c3639bfd6e76bd16deeae0281d13f674706a7cc59910c5cf70a3a7,Current snapshot version generated locally without network access.
USDCAD-SNAPSHOT-937913ea5af5,USDCAD,BITMEX_INSTRUMENT_SNAPSHOT,2026-04-27T12:00:00Z,9999-12-31T00:00:00Z,QUANTO,USD,CAD,USDT,USDT,0.01,XBT,1000000,OFFICIAL_EXPLICIT,,"{""multiplier_major"": ""multiplier / 100000000 XBt per the frozen BitMEX instrument snapshot"", ""snapshot_fields"": ""Directly retained from the complete frozen CSV row."", ""valid_interval"": ""listing through the registry snapshot horizon; not a claim about future exchange metadata.""}",https://docs.bitmex.com/api-explorer/get-instruments,f02a691c7f7cfd0cd08ffb7f13a656ebaf2c6ca6,937913ea5af558dd86f44c52d04edc2f416b62a4c12e4189d2d60bbe86f9f9ff,Current snapshot version generated locally without network access.
USDCHF-SNAPSHOT-b83f1bf8d390,USDCHF,BITMEX_INSTRUMENT_SNAPSHOT,2026-04-01T12:00:00Z,9999-12-31T00:00:00Z,QUANTO,USD,CHF,USDT,USDT,0.01,XBT,1000000,OFFICIAL_EXPLICIT,,"{""multiplier_major"": ""multiplier / 100000000 XBt per the frozen BitMEX instrument snapshot"", ""snapshot_fields"": ""Directly retained from the complete frozen CSV row."", ""valid_interval"": ""listing through the registry snapshot horizon; not a claim about future exchange metadata.""}",https://docs.bitmex.com/api-explorer/get-instruments,f02a691c7f7cfd0cd08ffb7f13a656ebaf2c6ca6,b83f1bf8d390c4581fc11de08f5d2b852bb9f9840d0be7c5f65605b7aeaeb813,Current snapshot version generated locally without network access.
USDCNH-SNAPSHOT-49b440a71b53,USDCNH,BITMEX_INSTRUMENT_SNAPSHOT,2022-08-03T04:00:00Z,9999-12-31T00:00:00Z,QUANTO,USD,CNH,XBT,XBT,0.0001,XBT,10000,OFFICIAL_EXPLICIT,,"{""multiplier_major"": ""multiplier / 100000000 XBt per the frozen BitMEX instrument snapshot"", ""snapshot_fields"": ""Directly retained from the complete frozen CSV row."", ""valid_interval"": ""listing through the registry snapshot horizon; not a claim about future exchange metadata.""}",https://docs.bitmex.com/api-explorer/get-instruments,f02a691c7f7cfd0cd08ffb7f13a656ebaf2c6ca6,49b440a71b5395a9f971db07ecd3e5ed66f74aabd0657d8289149af81b48521a,Current snapshot version generated locally without network access.
USDINR-SNAPSHOT-91ac383ea853,USDINR,BITMEX_INSTRUMENT_SNAPSHOT,2022-08-03T04:00:00Z,9999-12-31T00:00:00Z,QUANTO,USD,INR,XBT,XBT,0.0001,XBT,10000,OFFICIAL_EXPLICIT,,"{""multiplier_major"": ""multiplier / 100000000 XBt per the frozen BitMEX instrument snapshot"", ""snapshot_fields"": ""Directly retained from the complete frozen CSV row."", ""valid_interval"": ""listing through the registry snapshot horizon; not a claim about future exchange metadata.""}",https://docs.bitmex.com/api-explorer/get-instruments,f02a691c7f7cfd0cd08ffb7f13a656ebaf2c6ca6,91ac383ea85398fd15d6c4d2e9967ca5fda9fb4be38b1e671188966b038e53a6,Current snapshot version generated locally without network access.
USDJPY-SNAPSHOT-1db26bb22216,USDJPY,BITMEX_INSTRUMENT_SNAPSHOT,2026-04-01T12:00:00Z,9999-12-31T00:00:00Z,QUANTO,USD,JPY,USDT,USDT,0.0001,XBT,10000,OFFICIAL_EXPLICIT,,"{""multiplier_major"": ""multiplier / 100000000 XBt per the frozen BitMEX instrument snapshot"", ""snapshot_fields"": ""Directly retained from the complete frozen CSV row."", ""valid_interval"": ""listing through the registry snapshot horizon; not a claim about future exchange metadata.""}",https://docs.bitmex.com/api-explorer/get-instruments,f02a691c7f7cfd0cd08ffb7f13a656ebaf2c6ca6,1db26bb22216bfe9c136c549040bae9d6e9289fea467d5ad27ed0d76d3e50cc1,Current snapshot version generated locally without network access.
USDMXN-SNAPSHOT-766b12f7e55e,USDMXN,BITMEX_INSTRUMENT_SNAPSHOT,2022-08-03T04:00:00Z,9999-12-31T00:00:00Z,QUANTO,USD,MXN,XBT,XBT,0.0001,XBT,10000,OFFICIAL_EXPLICIT,,"{""multiplier_major"": ""multiplier / 100000000 XBt per the frozen BitMEX instrument snapshot"", ""snapshot_fields"": ""Directly retained from the complete frozen CSV row."", ""valid_interval"": ""listing through the registry snapshot horizon; not a claim about future exchange metadata.""}",https://docs.bitmex.com/api-explorer/get-instruments,f02a691c7f7cfd0cd08ffb7f13a656ebaf2c6ca6,766b12f7e55e085de92289f956d83e24b4883610adcf36b3a0c2dd5210266e52,Current snapshot version generated locally without network access.
USDSEK-SNAPSHOT-804d811f2b1e,USDSEK,BITMEX_INSTRUMENT_SNAPSHOT,2022-08-03T04:00:00Z,9999-12-31T00:00:00Z,QUANTO,USD,SEK,XBT,XBT,0.0001,XBT,10000,OFFICIAL_EXPLICIT,,"{""multiplier_major"": ""multiplier / 100000000 XBt per the frozen BitMEX instrument snapshot"", ""snapshot_fields"": ""Directly retained from the complete frozen CSV row."", ""valid_interval"": ""listing through the registry snapshot horizon; not a claim about future exchange metadata.""}",https://docs.bitmex.com/api-explorer/get-instruments,f02a691c7f7cfd0cd08ffb7f13a656ebaf2c6ca6,804d811f2b1ef2f9fc939e1d039482e5576522d845d102c859dcfbbb4b89c4bd,Current snapshot version generated locally without network access.
USDTBRL-SNAPSHOT-ec217fb485f8,USDTBRL,BITMEX_INSTRUMENT_SNAPSHOT,2022-08-03T04:00:00Z,9999-12-31T00:00:00Z,INVERSE,USDT,BRL,USDT,USDT,1,BRL,-1000000,OFFICIAL_EXPLICIT,,"{""multiplier_major"": ""multiplier / underlyingToSettleMultiplier from the frozen instrument row"", ""snapshot_fields"": ""Directly retained from the complete frozen CSV row."", ""valid_interval"": ""listing through the registry snapshot horizon; not a claim about future exchange metadata.""}",https://docs.bitmex.com/api-explorer/get-instruments,f02a691c7f7cfd0cd08ffb7f13a656ebaf2c6ca6,ec217fb485f8b25c08ce9d3f283a3faa2a64415d94e1567635f2b517bdad7b8f,Current snapshot version generated locally without network access.
USDTCHF-SNAPSHOT-95e7b4742fdf,USDTCHF,BITMEX_INSTRUMENT_SNAPSHOT,2022-08-03T04:00:00Z,9999-12-31T00:00:00Z,INVERSE,USDT,CHF,USDT,USDT,1,CHF,-1000000,OFFICIAL_EXPLICIT,,"{""multiplier_major"": ""multiplier / underlyingToSettleMultiplier from the frozen instrument row"", ""snapshot_fields"": ""Directly retained from the complete frozen CSV row."", ""valid_interval"": ""listing through the registry snapshot horizon; not a claim about future exchange metadata.""}",https://docs.bitmex.com/api-explorer/get-instruments,f02a691c7f7cfd0cd08ffb7f13a656ebaf2c6ca6,95e7b4742fdf9e3ed192242cfb22b8ae7f23d33c5a7fdb09d5971f04ae9770bd,Current snapshot version generated locally without network access.
USDTCNH-SNAPSHOT-e545b97cff5c,USDTCNH,BITMEX_INSTRUMENT_SNAPSHOT,2022-08-03T04:00:00Z,9999-12-31T00:00:00Z,INVERSE,USDT,CNH,USDT,USDT,1,CNH,-1000000,OFFICIAL_EXPLICIT,,"{""multiplier_major"": ""multiplier / underlyingToSettleMultiplier from the frozen instrument row"", ""snapshot_fields"": ""Directly retained from the complete frozen CSV row."", ""valid_interval"": ""listing through the registry snapshot horizon; not a claim about future exchange metadata.""}",https://docs.bitmex.com/api-explorer/get-instruments,f02a691c7f7cfd0cd08ffb7f13a656ebaf2c6ca6,e545b97cff5c6831815f04a680a736518e37c7a2803f72e90bf612cb8471004d,Current snapshot version generated locally without network access.
USDTINR-SNAPSHOT-9b9a1d167a25,USDTINR,BITMEX_INSTRUMENT_SNAPSHOT,2022-08-03T04:00:00Z,9999-12-31T00:00:00Z,INVERSE,USDT,INR,USDT,USDT,1,INR,-1000000,OFFICIAL_EXPLICIT,,"{""multiplier_major"": ""multiplier / underlyingToSettleMultiplier from the frozen instrument row"", ""snapshot_fields"": ""Directly retained from the complete frozen CSV row."", ""valid_interval"": ""listing through the registry snapshot horizon; not a claim about future exchange metadata.""}",https://docs.bitmex.com/api-explorer/get-instruments,f02a691c7f7cfd0cd08ffb7f13a656ebaf2c6ca6,9b9a1d167a252a2229a33fe673a3d8a271bbd80ba1818b0df7d504421a1fb7a3,Current snapshot version generated locally without network access.
USDTMXN-SNAPSHOT-ebad713e6ee0,USDTMXN,BITMEX_INSTRUMENT_SNAPSHOT,2022-08-03T04:00:00Z,9999-12-31T00:00:00Z,INVERSE,USDT,MXN,USDT,USDT,1,MXN,-1000000,OFFICIAL_EXPLICIT,,"{""multiplier_major"": ""multiplier / underlyingToSettleMultiplier from the frozen instrument row"", ""snapshot_fields"": ""Directly retained from the complete frozen CSV row."", ""valid_interval"": ""listing through the registry snapshot horizon; not a claim about future exchange metadata.""}",https://docs.bitmex.com/api-explorer/get-instruments,f02a691c7f7cfd0cd08ffb7f13a656ebaf2c6ca6,ebad713e6ee07c029bf49637bbc3fab776a519b1a4ac02075f5e33bdf3bac00c,Current snapshot version generated locally without network access.
USDTRY-SNAPSHOT-5c67e06243fc,USDTRY,BITMEX_INSTRUMENT_SNAPSHOT,2022-08-03T04:00:00Z,9999-12-31T00:00:00Z,QUANTO,USD,TRY,XBT,XBT,0.0001,XBT,10000,OFFICIAL_EXPLICIT,,"{""multiplier_major"": ""multiplier / 100000000 XBt per the frozen BitMEX instrument snapshot"", ""snapshot_fields"": ""Directly retained from the complete frozen CSV row."", ""valid_interval"": ""listing through the registry snapshot horizon; not a claim about future exchange metadata.""}",https://docs.bitmex.com/api-explorer/get-instruments,f02a691c7f7cfd0cd08ffb7f13a656ebaf2c6ca6,5c67e06243fce1878ada31c158061494e1ac5f9fd9893dc3607848bd45ad1b02,Current snapshot version generated locally without network access.
USDTSEK-SNAPSHOT-61b089b452d3,USDTSEK,BITMEX_INSTRUMENT_SNAPSHOT,2022-08-03T04:00:00Z,9999-12-31T00:00:00Z,INVERSE,USDT,SEK,USDT,USDT,1,SEK,-1000000,OFFICIAL_EXPLICIT,,"{""multiplier_major"": ""multiplier / underlyingToSettleMultiplier from the frozen instrument row"", ""snapshot_fields"": ""Directly retained from the complete frozen CSV row."", ""valid_interval"": ""listing through the registry snapshot horizon; not a claim about future exchange metadata.""}",https://docs.bitmex.com/api-explorer/get-instruments,f02a691c7f7cfd0cd08ffb7f13a656ebaf2c6ca6,61b089b452d3ef707d694bc4176420e02deb55dd9be8cc4056af8bc921e73963,Current snapshot version generated locally without network access.
USDTTRY-SNAPSHOT-edd3a5d48b6b,USDTTRY,BITMEX_INSTRUMENT_SNAPSHOT,2022-08-03T04:00:00Z,9999-12-31T00:00:00Z,INVERSE,USDT,TRY,USDT,USDT,1,TRY,-1000000,OFFICIAL_EXPLICIT,,"{""multiplier_major"": ""multiplier / underlyingToSettleMultiplier from the frozen instrument row"", ""snapshot_fields"": ""Directly retained from the complete frozen CSV row."", ""valid_interval"": ""listing through the registry snapshot horizon; not a claim about future exchange metadata.""}",https://docs.bitmex.com/api-explorer/get-instruments,f02a691c7f7cfd0cd08ffb7f13a656ebaf2c6ca6,edd3a5d48b6bbaf77d5652c2d4b753f809e968c35f3ee11c72f3f2c8b91cb3aa,Current snapshot version generated locally without network access.
USDTUSDC-SNAPSHOT-ea036c57b388,USDTUSDC,BITMEX_INSTRUMENT_SNAPSHOT,2023-03-12T04:00:00Z,9999-12-31T00:00:00Z,QUANTO,USDT,USDC,XBT,XBT,0.0001,XBT,10000,OFFICIAL_EXPLICIT,,"{""multiplier_major"": ""multiplier / 100000000 XBt per the frozen BitMEX instrument snapshot"", ""snapshot_fields"": ""Directly retained from the complete frozen CSV row."", ""valid_interval"": ""listing through the registry snapshot horizon; not a claim about future exchange metadata.""}",https://docs.bitmex.com/api-explorer/get-instruments,f02a691c7f7cfd0cd08ffb7f13a656ebaf2c6ca6,ea036c57b3888c0989830887d12039b31d0fc5af9cd8508d089aa63350ce30db,Current snapshot version generated locally without network access.
USDTZAR-SNAPSHOT-7e538d68a524,USDTZAR,BITMEX_INSTRUMENT_SNAPSHOT,2022-08-03T04:00:00Z,9999-12-31T00:00:00Z,INVERSE,USDT,ZAR,USDT,USDT,1,ZAR,-1000000,OFFICIAL_EXPLICIT,,"{""multiplier_major"": ""multiplier / underlyingToSettleMultiplier from the frozen instrument row"", ""snapshot_fields"": ""Directly retained from the complete frozen CSV row."", ""valid_interval"": ""listing through the registry snapshot horizon; not a claim about future exchange metadata.""}",https://docs.bitmex.com/api-explorer/get-instruments,f02a691c7f7cfd0cd08ffb7f13a656ebaf2c6ca6,7e538d68a524643b35bb74c5c65c37c080572e39b85e39223ee59bc3ad1adfd6,Current snapshot version generated locally without network access.
USDZAR-SNAPSHOT-7811872eb4d6,USDZAR,BITMEX_INSTRUMENT_SNAPSHOT,2022-08-03T04:00:00Z,9999-12-31T00:00:00Z,QUANTO,USD,ZAR,XBT,XBT,0.0001,XBT,10000,OFFICIAL_EXPLICIT,,"{""multiplier_major"": ""multiplier / 100000000 XBt per the frozen BitMEX instrument snapshot"", ""snapshot_fields"": ""Directly retained from the complete frozen CSV row."", ""valid_interval"": ""listing through the registry snapshot horizon; not a claim about future exchange metadata.""}",https://docs.bitmex.com/api-explorer/get-instruments,f02a691c7f7cfd0cd08ffb7f13a656ebaf2c6ca6,7811872eb4d6ce16042e799bda7d4342ee112646d1f675782705d1e981750f3f,Current snapshot version generated locally without network access.
USTCUSDT-SNAPSHOT-f8b7a7d83f84,USTCUSDT,BITMEX_INSTRUMENT_SNAPSHOT,2023-11-28T04:00:00Z,9999-12-31T00:00:00Z,LINEAR,USTC,USDT,USDT,USDT,1,USTC,1000000,OFFICIAL_EXPLICIT,,"{""multiplier_major"": ""1 / underlyingToPositionMultiplier from the frozen instrument row"", ""snapshot_fields"": ""Directly retained from the complete frozen CSV row."", ""valid_interval"": ""listing through the registry snapshot horizon; not a claim about future exchange metadata.""}",https://docs.bitmex.com/api-explorer/get-instruments,f02a691c7f7cfd0cd08ffb7f13a656ebaf2c6ca6,f8b7a7d83f84afc7a20a0f488dbd1822825a3a1bab37614fa9c05014cfb357e5,Current snapshot version generated locally without network access.
USUALUSDT-SNAPSHOT-0dc29afe7b8c,USUALUSDT,BITMEX_INSTRUMENT_SNAPSHOT,2024-12-19T04:00:00Z,9999-12-31T00:00:00Z,LINEAR,USUAL,USDT,USDT,USDT,1,USUAL,1000000,OFFICIAL_EXPLICIT,,"{""multiplier_major"": ""1 / underlyingToPositionMultiplier from the frozen instrument row"", ""snapshot_fields"": ""Directly retained from the complete frozen CSV row."", ""valid_interval"": ""listing through the registry snapshot horizon; not a claim about future exchange metadata.""}",https://docs.bitmex.com/api-explorer/get-instruments,f02a691c7f7cfd0cd08ffb7f13a656ebaf2c6ca6,0dc29afe7b8c8ac5fbd7b2b944780a2f17d54513a2837d0f7f4ced42f16b24b3,Current snapshot version generated locally without network access.
USUALUSDTZ25-SNAPSHOT-9ca8528fb5a5,USUALUSDTZ25,BITMEX_INSTRUMENT_SNAPSHOT,2024-11-21T09:00:00Z,9999-12-31T00:00:00Z,LINEAR,USUAL,USDT,USDT,USDT,1,USUAL,1000000,OFFICIAL_EXPLICIT,,"{""multiplier_major"": ""1 / underlyingToPositionMultiplier from the frozen instrument row"", ""snapshot_fields"": ""Directly retained from the complete frozen CSV row."", ""valid_interval"": ""listing through the registry snapshot horizon; not a claim about future exchange metadata.""}",https://docs.bitmex.com/api-explorer/get-instruments,f02a691c7f7cfd0cd08ffb7f13a656ebaf2c6ca6,9ca8528fb5a5fd104c1d022e3179a2a89d430b98c280e82dac899b0457c48616,Current snapshot version generated locally without network access.
VELOUSDT-SNAPSHOT-bde0e1850751,VELOUSDT,BITMEX_INSTRUMENT_SNAPSHOT,2024-12-16T04:00:00Z,9999-12-31T00:00:00Z,LINEAR,VELO,USDT,USDT,USDT,1,VELO,1000000,OFFICIAL_EXPLICIT,,"{""multiplier_major"": ""1 / underlyingToPositionMultiplier from the frozen instrument row"", ""snapshot_fields"": ""Directly retained from the complete frozen CSV row."", ""valid_interval"": ""listing through the registry snapshot horizon; not a claim about future exchange metadata.""}",https://docs.bitmex.com/api-explorer/get-instruments,f02a691c7f7cfd0cd08ffb7f13a656ebaf2c6ca6,bde0e1850751ca0e7d1557180de344a4985cab9c87fb02d3036ccafcf67163e5,Current snapshot version generated locally without network access.
VETUSDT-SNAPSHOT-e42cd0519c13,VETUSDT,BITMEX_INSTRUMENT_SNAPSHOT,2021-06-30T04:00:00Z,9999-12-31T00:00:00Z,QUANTO,VET,USDT,XBT,XBT,0.001,XBT,100000,OFFICIAL_EXPLICIT,,"{""multiplier_major"": ""multiplier / 100000000 XBt per the frozen BitMEX instrument snapshot"", ""snapshot_fields"": ""Directly retained from the complete frozen CSV row."", ""valid_interval"": ""listing through the registry snapshot horizon; not a claim about future exchange metadata.""}",https://docs.bitmex.com/api-explorer/get-instruments,f02a691c7f7cfd0cd08ffb7f13a656ebaf2c6ca6,e42cd0519c132ad92c4bef8d095a46925eebbf478f98b0e46e3023eefadaa0ab,Current snapshot version generated locally without network access.
VINEUSDT-SNAPSHOT-a9668c011c54,VINEUSDT,BITMEX_INSTRUMENT_SNAPSHOT,2025-01-24T04:00:00Z,9999-12-31T00:00:00Z,LINEAR,VINE,USDT,USDT,USDT,1,VINE,1000000,OFFICIAL_EXPLICIT,,"{""multiplier_major"": ""1 / underlyingToPositionMultiplier from the frozen instrument row"", ""snapshot_fields"": ""Directly retained from the complete frozen CSV row."", ""valid_interval"": ""listing through the registry snapshot horizon; not a claim about future exchange metadata.""}",https://docs.bitmex.com/api-explorer/get-instruments,f02a691c7f7cfd0cd08ffb7f13a656ebaf2c6ca6,a9668c011c5433170ee9a0586d54dc76fd246e4a56e5013a1a37cc41fe7dc331,Current snapshot version generated locally without network access.
VVVUSDT-SNAPSHOT-e381ccd1774a,VVVUSDT,BITMEX_INSTRUMENT_SNAPSHOT,2025-01-28T12:00:00Z,9999-12-31T00:00:00Z,LINEAR,VVV,USDT,USDT,USDT,0.01,VVV,10000,OFFICIAL_EXPLICIT,,"{""multiplier_major"": ""1 / underlyingToPositionMultiplier from the frozen instrument row"", ""snapshot_fields"": ""Directly retained from the complete frozen CSV row."", ""valid_interval"": ""listing through the registry snapshot horizon; not a claim about future exchange metadata.""}",https://docs.bitmex.com/api-explorer/get-instruments,f02a691c7f7cfd0cd08ffb7f13a656ebaf2c6ca6,e381ccd1774ab70f4924e473d58c594cea75f7eafaa6c31f11717ada31d255b5,Current snapshot version generated locally without network access.
WCTUSDT-SNAPSHOT-b56d534050f0,WCTUSDT,BITMEX_INSTRUMENT_SNAPSHOT,2025-04-22T04:00:00Z,9999-12-31T00:00:00Z,LINEAR,WCT,USDT,USDT,USDT,0.01,WCT,10000,OFFICIAL_EXPLICIT,,"{""multiplier_major"": ""1 / underlyingToPositionMultiplier from the frozen instrument row"", ""snapshot_fields"": ""Directly retained from the complete frozen CSV row."", ""valid_interval"": ""listing through the registry snapshot horizon; not a claim about future exchange metadata.""}",https://docs.bitmex.com/api-explorer/get-instruments,f02a691c7f7cfd0cd08ffb7f13a656ebaf2c6ca6,b56d534050f0d551d02aca7a7c1c52c7051be97afe90006f710660a9cb6a4f35,Current snapshot version generated locally without network access.
WIFUSDT-SNAPSHOT-750cbe41965a,WIFUSDT,BITMEX_INSTRUMENT_SNAPSHOT,2024-01-17T04:00:00Z,9999-12-31T00:00:00Z,LINEAR,WIF,USDT,USDT,USDT,1,WIF,1000000,OFFICIAL_EXPLICIT,,"{""multiplier_major"": ""1 / underlyingToPositionMultiplier from the frozen instrument row"", ""snapshot_fields"": ""Directly retained from the complete frozen CSV row."", ""valid_interval"": ""listing through the registry snapshot horizon; not a claim about future exchange metadata.""}",https://docs.bitmex.com/api-explorer/get-instruments,f02a691c7f7cfd0cd08ffb7f13a656ebaf2c6ca6,750cbe41965a4269cd8d30fdd64d3f088240a2bf5327a5caeef6cf1386166fe4,Current snapshot version generated locally without network access.
WINZ16-SNAPSHOT-783a8890d85f,WINZ16,BITMEX_INSTRUMENT_SNAPSHOT,2016-12-05T04:00:00Z,9999-12-31T00:00:00Z,LINEAR,WIN,XBT,XBT,XBT,1,WIN,100000000,OFFICIAL_EXPLICIT,,"{""multiplier_major"": ""1 / underlyingToPositionMultiplier from the frozen instrument row"", ""snapshot_fields"": ""Directly retained from the complete frozen CSV row."", ""valid_interval"": ""listing through the registry snapshot horizon; not a claim about future exchange metadata.""}",https://docs.bitmex.com/api-explorer/get-instruments,f02a691c7f7cfd0cd08ffb7f13a656ebaf2c6ca6,783a8890d85f848f713b1203a0dd35e62b2b8312249a901d6fdc6be8fd8b6cc2,Current snapshot version generated locally without network access.
WLDUSD-SNAPSHOT-481dd7ef0345,WLDUSD,BITMEX_INSTRUMENT_SNAPSHOT,2023-07-25T04:00:00Z,9999-12-31T00:00:00Z,QUANTO,WLD,USD,XBT,XBT,0.0001,XBT,10000,OFFICIAL_EXPLICIT,,"{""multiplier_major"": ""multiplier / 100000000 XBt per the frozen BitMEX instrument snapshot"", ""snapshot_fields"": ""Directly retained from the complete frozen CSV row."", ""valid_interval"": ""listing through the registry snapshot horizon; not a claim about future exchange metadata.""}",https://docs.bitmex.com/api-explorer/get-instruments,f02a691c7f7cfd0cd08ffb7f13a656ebaf2c6ca6,481dd7ef0345e3713b40879a919417bed84915b400c4bb78fad98946c04251f8,Current snapshot version generated locally without network access.
WLDUSDT-SNAPSHOT-dbfc93c5c0d7,WLDUSDT,BITMEX_INSTRUMENT_SNAPSHOT,2024-02-22T04:00:00Z,9999-12-31T00:00:00Z,LINEAR,WLD,USDT,USDT,USDT,1,WLD,1000000,OFFICIAL_EXPLICIT,,"{""multiplier_major"": ""1 / underlyingToPositionMultiplier from the frozen instrument row"", ""snapshot_fields"": ""Directly retained from the complete frozen CSV row."", ""valid_interval"": ""listing through the registry snapshot horizon; not a claim about future exchange metadata.""}",https://docs.bitmex.com/api-explorer/get-instruments,f02a691c7f7cfd0cd08ffb7f13a656ebaf2c6ca6,dbfc93c5c0d77ba9343b49bc2a27f0615a127e6e2d5abc230bcc068be80d963f,Current snapshot version generated locally without network access.
WLFIUSDT-SNAPSHOT-5b234d797e5d,WLFIUSDT,BITMEX_INSTRUMENT_SNAPSHOT,2025-09-01T14:00:00Z,9999-12-31T00:00:00Z,LINEAR,WLFI,USDT,USDT,USDT,0.1,WLFI,100000,OFFICIAL_EXPLICIT,,"{""multiplier_major"": ""1 / underlyingToPositionMultiplier from the frozen instrument row"", ""snapshot_fields"": ""Directly retained from the complete frozen CSV row."", ""valid_interval"": ""listing through the registry snapshot horizon; not a claim about future exchange metadata.""}",https://docs.bitmex.com/api-explorer/get-instruments,f02a691c7f7cfd0cd08ffb7f13a656ebaf2c6ca6,5b234d797e5d7eea2846c6c9d83a4918dc24c546e404dda127e28e35185c2a2d,Current snapshot version generated locally without network access.
WOOUSDT-SNAPSHOT-9e6b2958eef0,WOOUSDT,BITMEX_INSTRUMENT_SNAPSHOT,2023-12-14T04:00:00Z,9999-12-31T00:00:00Z,LINEAR,WOO,USDT,USDT,USDT,1,WOO,1000000,OFFICIAL_EXPLICIT,,"{""multiplier_major"": ""1 / underlyingToPositionMultiplier from the frozen instrument row"", ""snapshot_fields"": ""Directly retained from the complete frozen CSV row."", ""valid_interval"": ""listing through the registry snapshot horizon; not a claim about future exchange metadata.""}",https://docs.bitmex.com/api-explorer/get-instruments,f02a691c7f7cfd0cd08ffb7f13a656ebaf2c6ca6,9e6b2958eef0e1ccb8fc452ace4235ad8de5dcaa4e6f149e66e57230df2c8d7a,Current snapshot version generated locally without network access.
WSMUSDT-SNAPSHOT-3ae07720f15e,WSMUSDT,BITMEX_INSTRUMENT_SNAPSHOT,2023-10-09T04:00:00Z,9999-12-31T00:00:00Z,LINEAR,WSM,USDT,USDT,USDT,1,WSM,1000000,OFFICIAL_EXPLICIT,,"{""multiplier_major"": ""1 / underlyingToPositionMultiplier from the frozen instrument row"", ""snapshot_fields"": ""Directly retained from the complete frozen CSV row."", ""valid_interval"": ""listing through the registry snapshot horizon; not a claim about future exchange metadata.""}",https://docs.bitmex.com/api-explorer/get-instruments,f02a691c7f7cfd0cd08ffb7f13a656ebaf2c6ca6,3ae07720f15e85172099dd549f50e020be74d7f55295757d43bf862021b35dfd,Current snapshot version generated locally without network access.
WTIUSDT-SNAPSHOT-67b57422a224,WTIUSDT,BITMEX_INSTRUMENT_SNAPSHOT,2026-03-24T04:00:00Z,9999-12-31T00:00:00Z,LINEAR,WTI,USDT,USDT,USDT,0.1,WTI,100000,OFFICIAL_EXPLICIT,,"{""multiplier_major"": ""1 / underlyingToPositionMultiplier from the frozen instrument row"", ""snapshot_fields"": ""Directly retained from the complete frozen CSV row."", ""valid_interval"": ""listing through the registry snapshot horizon; not a claim about future exchange metadata.""}",https://docs.bitmex.com/api-explorer/get-instruments,f02a691c7f7cfd0cd08ffb7f13a656ebaf2c6ca6,67b57422a2244b4a0bedeac49ac3dd6ff90a7a0d608c9f852ce9cbdce91d6e0c,Current snapshot version generated locally without network access.
WUSDT-SNAPSHOT-662fd45e5be1,WUSDT,BITMEX_INSTRUMENT_SNAPSHOT,2024-04-03T13:00:00Z,9999-12-31T00:00:00Z,LINEAR,W,USDT,USDT,USDT,1,W,1000000,OFFICIAL_EXPLICIT,,"{""multiplier_major"": ""1 / underlyingToPositionMultiplier from the frozen instrument row"", ""snapshot_fields"": ""Directly retained from the complete frozen CSV row."", ""valid_interval"": ""listing through the registry snapshot horizon; not a claim about future exchange metadata.""}",https://docs.bitmex.com/api-explorer/get-instruments,f02a691c7f7cfd0cd08ffb7f13a656ebaf2c6ca6,662fd45e5be1a807e8da55667fc2f2e4c15d2534df1051701716858816c5df3f,Current snapshot version generated locally without network access.
WUSDTZ24-SNAPSHOT-55a8ed2b74bb,WUSDTZ24,BITMEX_INSTRUMENT_SNAPSHOT,2024-03-05T09:00:00Z,9999-12-31T00:00:00Z,LINEAR,W,USDT,USDT,USDT,1,W,1000000,OFFICIAL_EXPLICIT,,"{""multiplier_major"": ""1 / underlyingToPositionMultiplier from the frozen instrument row"", ""snapshot_fields"": ""Directly retained from the complete frozen CSV row."", ""valid_interval"": ""listing through the registry snapshot horizon; not a claim about future exchange metadata.""}",https://docs.bitmex.com/api-explorer/get-instruments,f02a691c7f7cfd0cd08ffb7f13a656ebaf2c6ca6,55a8ed2b74bbb81d009c3e5e1d6424047df9ae5c32cbd5d02e263339fff12715,Current snapshot version generated locally without network access.
XAGUSDT-SNAPSHOT-c22b3fe3b4f0,XAGUSDT,BITMEX_INSTRUMENT_SNAPSHOT,2026-03-11T12:00:00Z,9999-12-31T00:00:00Z,LINEAR,XAG,USDT,USDT,USDT,0.0001,XAG,100,OFFICIAL_EXPLICIT,,"{""multiplier_major"": ""1 / underlyingToPositionMultiplier from the frozen instrument row"", ""snapshot_fields"": ""Directly retained from the complete frozen CSV row."", ""valid_interval"": ""listing through the registry snapshot horizon; not a claim about future exchange metadata.""}",https://docs.bitmex.com/api-explorer/get-instruments,f02a691c7f7cfd0cd08ffb7f13a656ebaf2c6ca6,c22b3fe3b4f0ae16babd67d9a34e3da5f0f1d88d1ad7c0e6078a1745084b575c,Current snapshot version generated locally without network access.
XAIUSDT-SNAPSHOT-6a788cdbbc18,XAIUSDT,BITMEX_INSTRUMENT_SNAPSHOT,2024-01-09T12:00:00Z,9999-12-31T00:00:00Z,LINEAR,XAI,USDT,USDT,USDT,1,XAI,1000000,OFFICIAL_EXPLICIT,,"{""multiplier_major"": ""1 / underlyingToPositionMultiplier from the frozen instrument row"", ""snapshot_fields"": ""Directly retained from the complete frozen CSV row."", ""valid_interval"": ""listing through the registry snapshot horizon; not a claim about future exchange metadata.""}",https://docs.bitmex.com/api-explorer/get-instruments,f02a691c7f7cfd0cd08ffb7f13a656ebaf2c6ca6,6a788cdbbc1854a6511d5a396e4c606f0678d140283826ffe0b50ea7fbd92bee,Current snapshot version generated locally without network access.
XAIUSDTF24-SNAPSHOT-e4daa2c81589,XAIUSDTF24,BITMEX_INSTRUMENT_SNAPSHOT,2024-01-04T04:00:00Z,9999-12-31T00:00:00Z,LINEAR,XAI,USDT,USDT,USDT,1,XAI,1000000,OFFICIAL_EXPLICIT,,"{""multiplier_major"": ""1 / underlyingToPositionMultiplier from the frozen instrument row"", ""snapshot_fields"": ""Directly retained from the complete frozen CSV row."", ""valid_interval"": ""listing through the registry snapshot horizon; not a claim about future exchange metadata.""}",https://docs.bitmex.com/api-explorer/get-instruments,f02a691c7f7cfd0cd08ffb7f13a656ebaf2c6ca6,e4daa2c815897a28fd8de82450e734842e754a245b0511f3a3acfb14e399ae43,Current snapshot version generated locally without network access.
XAUTUSD-SNAPSHOT-248fe7730e2b,XAUTUSD,BITMEX_INSTRUMENT_SNAPSHOT,2024-04-18T04:00:00Z,9999-12-31T00:00:00Z,QUANTO,XAUT,USD,XBT,XBT,0.000001,XBT,100,OFFICIAL_EXPLICIT,,"{""multiplier_major"": ""multiplier / 100000000 XBt per the frozen BitMEX instrument snapshot"", ""snapshot_fields"": ""Directly retained from the complete frozen CSV row."", ""valid_interval"": ""listing through the registry snapshot horizon; not a claim about future exchange metadata.""}",https://docs.bitmex.com/api-explorer/get-instruments,f02a691c7f7cfd0cd08ffb7f13a656ebaf2c6ca6,248fe7730e2bb5eb426c76ae12f869a0bc0a233adf31535d2438eff31803aabb,Current snapshot version generated locally without network access.
XAUTUSDT-SNAPSHOT-4fb34dbc7401,XAUTUSDT,BITMEX_INSTRUMENT_SNAPSHOT,2026-01-27T04:00:00Z,9999-12-31T00:00:00Z,LINEAR,XAUT,USDT,USDT,USDT,0.00001,XAUT,10,OFFICIAL_EXPLICIT,,"{""multiplier_major"": ""1 / underlyingToPositionMultiplier from the frozen instrument row"", ""snapshot_fields"": ""Directly retained from the complete frozen CSV row."", ""valid_interval"": ""listing through the registry snapshot horizon; not a claim about future exchange metadata.""}",https://docs.bitmex.com/api-explorer/get-instruments,f02a691c7f7cfd0cd08ffb7f13a656ebaf2c6ca6,4fb34dbc74016da9297b594d32670583417626445e8d3a98a436008ceb19727f,Current snapshot version generated locally without network access.
XBCH17-SNAPSHOT-b5be97a78587,XBCH17,BITMEX_INSTRUMENT_SNAPSHOT,2016-12-16T08:00:00Z,9999-12-31T00:00:00Z,INVERSE,XBT,CNY,XBT,XBT,1,CNY,-1000000000,OFFICIAL_EXPLICIT,,"{""multiplier_major"": ""multiplier / underlyingToSettleMultiplier from the frozen instrument row"", ""snapshot_fields"": ""Directly retained from the complete frozen CSV row."", ""valid_interval"": ""listing through the registry snapshot horizon; not a claim about future exchange metadata.""}",https://docs.bitmex.com/api-explorer/get-instruments,f02a691c7f7cfd0cd08ffb7f13a656ebaf2c6ca6,b5be97a785872147b5aa904efffe7a894092329d1fbf28205291603d640ddbb0,Current snapshot version generated locally without network access.
XBCM17-SNAPSHOT-d52b1fd2199f,XBCM17,BITMEX_INSTRUMENT_SNAPSHOT,2017-03-17T12:00:00Z,9999-12-31T00:00:00Z,INVERSE,XBT,CNY,XBT,XBT,1,CNY,-1000000000,OFFICIAL_EXPLICIT,,"{""multiplier_major"": ""multiplier / underlyingToSettleMultiplier from the frozen instrument row"", ""snapshot_fields"": ""Directly retained from the complete frozen CSV row."", ""valid_interval"": ""listing through the registry snapshot horizon; not a claim about future exchange metadata.""}",https://docs.bitmex.com/api-explorer/get-instruments,f02a691c7f7cfd0cd08ffb7f13a656ebaf2c6ca6,d52b1fd2199fd9e45ca4568fcb897c95e40ee03f1a05695137e5b7f0922fd153,Current snapshot version generated locally without network access.
XBCZ16-SNAPSHOT-b20ffc1788a5,XBCZ16,BITMEX_INSTRUMENT_SNAPSHOT,2016-12-05T04:00:00Z,9999-12-31T00:00:00Z,INVERSE,XBT,CNY,XBT,XBT,1,CNY,-1000000000,OFFICIAL_EXPLICIT,,"{""multiplier_major"": ""multiplier / underlyingToSettleMultiplier from the frozen instrument row"", ""snapshot_fields"": ""Directly retained from the complete frozen CSV row."", ""valid_interval"": ""listing through the registry snapshot horizon; not a claim about future exchange metadata.""}",https://docs.bitmex.com/api-explorer/get-instruments,f02a691c7f7cfd0cd08ffb7f13a656ebaf2c6ca6,b20ffc1788a5ea795e941cb0c8165f7a84bc2b4f0089eafe67bae54abb644d1f,Current snapshot version generated locally without network access.
XBJ24H-SNAPSHOT-009cac68c6a6,XBJ24H,BITMEX_INSTRUMENT_SNAPSHOT,2017-02-21T12:00:00Z,9999-12-31T00:00:00Z,INVERSE,XBT,JPY,XBT,XBT,1,JPY,-10000000000,OFFICIAL_EXPLICIT,,"{""multiplier_major"": ""multiplier / underlyingToSettleMultiplier from the frozen instrument row"", ""snapshot_fields"": ""Directly retained from the complete frozen CSV row."", ""valid_interval"": ""listing through the registry snapshot horizon; not a claim about future exchange metadata.""}",https://docs.bitmex.com/api-explorer/get-instruments,f02a691c7f7cfd0cd08ffb7f13a656ebaf2c6ca6,009cac68c6a6c4ade34cd7ff3c9ec17f16b7e83b1b82a08f87bd9f8ed1e6f659,Current snapshot version generated locally without network access.
XBJ7D-SNAPSHOT-bd3142dd0489,XBJ7D,BITMEX_INSTRUMENT_SNAPSHOT,2016-12-09T12:00:00Z,9999-12-31T00:00:00Z,INVERSE,XBT,JPY,XBT,XBT,1,JPY,-10000000000,OFFICIAL_EXPLICIT,,"{""multiplier_major"": ""multiplier / underlyingToSettleMultiplier from the frozen instrument row"", ""snapshot_fields"": ""Directly retained from the complete frozen CSV row."", ""valid_interval"": ""listing through the registry snapshot horizon; not a claim about future exchange metadata.""}",https://docs.bitmex.com/api-explorer/get-instruments,f02a691c7f7cfd0cd08ffb7f13a656ebaf2c6ca6,bd3142dd048913d64a74fbf194b468eb9887173cc85f6a002483d66771d2198f,Current snapshot version generated locally without network access.
XBJH17-SNAPSHOT-064b5a8e193f,XBJH17,BITMEX_INSTRUMENT_SNAPSHOT,2017-02-22T12:00:00Z,9999-12-31T00:00:00Z,INVERSE,XBT,JPY,XBT,XBT,1,JPY,-10000000000,OFFICIAL_EXPLICIT,,"{""multiplier_major"": ""multiplier / underlyingToSettleMultiplier from the frozen instrument row"", ""snapshot_fields"": ""Directly retained from the complete frozen CSV row."", ""valid_interval"": ""listing through the registry snapshot horizon; not a claim about future exchange metadata.""}",https://docs.bitmex.com/api-explorer/get-instruments,f02a691c7f7cfd0cd08ffb7f13a656ebaf2c6ca6,064b5a8e193f9f0842c2c59a383cc8d50d0ef969dc624e12361d49361d16c2f2,Current snapshot version generated locally without network access.
XBJM17-SNAPSHOT-43647ee2c2a9,XBJM17,BITMEX_INSTRUMENT_SNAPSHOT,2017-03-17T12:00:00Z,9999-12-31T00:00:00Z,INVERSE,XBT,JPY,XBT,XBT,1,JPY,-10000000000,OFFICIAL_EXPLICIT,,"{""multiplier_major"": ""multiplier / underlyingToSettleMultiplier from the frozen instrument row"", ""snapshot_fields"": ""Directly retained from the complete frozen CSV row."", ""valid_interval"": ""listing through the registry snapshot horizon; not a claim about future exchange metadata.""}",https://docs.bitmex.com/api-explorer/get-instruments,f02a691c7f7cfd0cd08ffb7f13a656ebaf2c6ca6,43647ee2c2a9d6e3dcfaaaaf73b22e544c4cfc217b12f83d579c1fe164d46880,Current snapshot version generated locally without network access.
XBJU17-SNAPSHOT-97ef218c134f,XBJU17,BITMEX_INSTRUMENT_SNAPSHOT,2017-06-16T08:00:00Z,9999-12-31T00:00:00Z,INVERSE,XBT,JPY,XBT,XBT,1,JPY,-10000000000,OFFICIAL_EXPLICIT,,"{""multiplier_major"": ""multiplier / underlyingToSettleMultiplier from the frozen instrument row"", ""snapshot_fields"": ""Directly retained from the complete frozen CSV row."", ""valid_interval"": ""listing through the registry snapshot horizon; not a claim about future exchange metadata.""}",https://docs.bitmex.com/api-explorer/get-instruments,f02a691c7f7cfd0cd08ffb7f13a656ebaf2c6ca6,97ef218c134fd3ad4775844306f3a9cc92fb3a689c22c5558f0907d5fbf61f37,Current snapshot version generated locally without network access.
XBJZ16-SNAPSHOT-dac28af50d63,XBJZ16,BITMEX_INSTRUMENT_SNAPSHOT,2016-10-03T12:00:00Z,9999-12-31T00:00:00Z,INVERSE,XBT,JPY,XBT,XBT,1,JPY,-10000000000,OFFICIAL_EXPLICIT,,"{""multiplier_major"": ""multiplier / underlyingToSettleMultiplier from the frozen instrument row"", ""snapshot_fields"": ""Directly retained from the complete frozen CSV row."", ""valid_interval"": ""listing through the registry snapshot horizon; not a claim about future exchange metadata.""}",https://docs.bitmex.com/api-explorer/get-instruments,f02a691c7f7cfd0cd08ffb7f13a656ebaf2c6ca6,dac28af50d6328330c6eccf5fa3dc2a8412db5168cf75f1e315861a45a938f54,Current snapshot version generated locally without network access.
XBJZ17-SNAPSHOT-071ce97a9f02,XBJZ17,BITMEX_INSTRUMENT_SNAPSHOT,2017-09-14T08:00:00Z,9999-12-31T00:00:00Z,INVERSE,XBT,JPY,XBT,XBT,1,JPY,-10000000000,OFFICIAL_EXPLICIT,,"{""multiplier_major"": ""multiplier / underlyingToSettleMultiplier from the frozen instrument row"", ""snapshot_fields"": ""Directly retained from the complete frozen CSV row."", ""valid_interval"": ""listing through the registry snapshot horizon; not a claim about future exchange metadata.""}",https://docs.bitmex.com/api-explorer/get-instruments,f02a691c7f7cfd0cd08ffb7f13a656ebaf2c6ca6,071ce97a9f023302fd6dc498ad9cde13105bbec3a1455687cc4d8e9bab301730,Current snapshot version generated locally without network access.
XBT24H-SNAPSHOT-05558085e069,XBT24H,BITMEX_INSTRUMENT_SNAPSHOT,2016-05-12T12:00:00Z,9999-12-31T00:00:00Z,QUANTO,XBT,USD,XBT,XBT,0.00001,XBT,1000,OFFICIAL_EXPLICIT,,"{""multiplier_major"": ""multiplier / 100000000 XBt per the frozen BitMEX instrument snapshot"", ""snapshot_fields"": ""Directly retained from the complete frozen CSV row."", ""valid_interval"": ""listing through the registry snapshot horizon; not a claim about future exchange metadata.""}",https://docs.bitmex.com/api-explorer/get-instruments,f02a691c7f7cfd0cd08ffb7f13a656ebaf2c6ca6,05558085e0698ffb1ab384e0d2d4ac2a8f71fbf655e84634680b05245a9a67ee,Current snapshot version generated locally without network access.
XBT48H-SNAPSHOT-0b2ccc8a7b8c,XBT48H,BITMEX_INSTRUMENT_SNAPSHOT,2016-05-11T12:00:00Z,9999-12-31T00:00:00Z,QUANTO,XBT,USD,XBT,XBT,0.00001,XBT,1000,OFFICIAL_EXPLICIT,,"{""multiplier_major"": ""multiplier / 100000000 XBt per the frozen BitMEX instrument snapshot"", ""snapshot_fields"": ""Directly retained from the complete frozen CSV row."", ""valid_interval"": ""listing through the registry snapshot horizon; not a claim about future exchange metadata.""}",https://docs.bitmex.com/api-explorer/get-instruments,f02a691c7f7cfd0cd08ffb7f13a656ebaf2c6ca6,0b2ccc8a7b8c5ad45495c971dc701dcbfb053ad4f009ddcab45b6583b7b09747,Current snapshot version generated locally without network access.
XBT7D-SNAPSHOT-fcfc110a1d05,XBT7D,BITMEX_INSTRUMENT_SNAPSHOT,2016-05-06T12:00:00Z,9999-12-31T00:00:00Z,QUANTO,XBT,USD,XBT,XBT,0.00001,XBT,1000,OFFICIAL_EXPLICIT,,"{""multiplier_major"": ""multiplier / 100000000 XBt per the frozen BitMEX instrument snapshot"", ""snapshot_fields"": ""Directly retained from the complete frozen CSV row."", ""valid_interval"": ""listing through the registry snapshot horizon; not a claim about future exchange metadata.""}",https://docs.bitmex.com/api-explorer/get-instruments,f02a691c7f7cfd0cd08ffb7f13a656ebaf2c6ca6,fcfc110a1d0537210ac85b0b70a44a8662c2dd9e2895109fdc48d86dc793757c,Current snapshot version generated locally without network access.
XBTETH-SNAPSHOT-f40c49dc225b,XBTETH,BITMEX_INSTRUMENT_SNAPSHOT,2023-08-01T04:00:00Z,9999-12-31T00:00:00Z,INVERSE,XBT,ETH,XBT,XBT,0.01,ETH,-1000000,OFFICIAL_EXPLICIT,,"{""multiplier_major"": ""multiplier / underlyingToSettleMultiplier from the frozen instrument row"", ""snapshot_fields"": ""Directly retained from the complete frozen CSV row."", ""valid_interval"": ""listing through the registry snapshot horizon; not a claim about future exchange metadata.""}",https://docs.bitmex.com/api-explorer/get-instruments,f02a691c7f7cfd0cd08ffb7f13a656ebaf2c6ca6,f40c49dc225b3eab05dee3c8bf9df9032ceb3cec044d1f57305e3621969aeee9,Current snapshot version generated locally without network access.
XBTEUR-SNAPSHOT-1d7eb857eaf6,XBTEUR,BITMEX_INSTRUMENT_SNAPSHOT,2021-06-16T04:00:00Z,9999-12-31T00:00:00Z,INVERSE,XBT,EUR,XBT,XBT,1,EUR,-100000000,OFFICIAL_EXPLICIT,,"{""multiplier_major"": ""multiplier / underlyingToSettleMultiplier from the frozen instrument row"", ""snapshot_fields"": ""Directly retained from the complete frozen CSV row."", ""valid_interval"": ""listing through the registry snapshot horizon; not a claim about future exchange metadata.""}",https://docs.bitmex.com/api-explorer/get-instruments,f02a691c7f7cfd0cd08ffb7f13a656ebaf2c6ca6,1d7eb857eaf64a1cb996e71e47cee2627b9952fc9ea112b315a2a107a1f11a39,Current snapshot version generated locally without network access.
XBTEURU21-SNAPSHOT-f7bc5043be84,XBTEURU21,BITMEX_INSTRUMENT_SNAPSHOT,2021-06-16T08:00:00Z,9999-12-31T00:00:00Z,INVERSE,XBT,EUR,XBT,XBT,1,EUR,-100000000,OFFICIAL_EXPLICIT,,"{""multiplier_major"": ""multiplier / underlyingToSettleMultiplier from the frozen instrument row"", ""snapshot_fields"": ""Directly retained from the complete frozen CSV row."", ""valid_interval"": ""listing through the registry snapshot horizon; not a claim about future exchange metadata.""}",https://docs.bitmex.com/api-explorer/get-instruments,f02a691c7f7cfd0cd08ffb7f13a656ebaf2c6ca6,f7bc5043be843c14e05325d818293bf9dc8f75988b7de9a6c5024b406f3799a8,Current snapshot version generated locally without network access.
XBTEURZ21-SNAPSHOT-8e92f4c03761,XBTEURZ21,BITMEX_INSTRUMENT_SNAPSHOT,2021-09-15T04:00:00Z,9999-12-31T00:00:00Z,INVERSE,XBT,EUR,XBT,XBT,1,EUR,-100000000,OFFICIAL_EXPLICIT,,"{""multiplier_major"": ""multiplier / underlyingToSettleMultiplier from the frozen instrument row"", ""snapshot_fields"": ""Directly retained from the complete frozen CSV row."", ""valid_interval"": ""listing through the registry snapshot horizon; not a claim about future exchange metadata.""}",https://docs.bitmex.com/api-explorer/get-instruments,f02a691c7f7cfd0cd08ffb7f13a656ebaf2c6ca6,8e92f4c037618540535d8db865bcb3e94769ac9a9dae9d7e12b5edb2652fa573,Current snapshot version generated locally without network access.
XBTF22-SNAPSHOT-08fcbd6921bf,XBTF22,BITMEX_INSTRUMENT_SNAPSHOT,2021-12-01T04:00:00Z,9999-12-31T00:00:00Z,INVERSE,XBT,USD,XBT,XBT,1,USD,-100000000,OFFICIAL_EXPLICIT,,"{""multiplier_major"": ""multiplier / underlyingToSettleMultiplier from the frozen instrument row"", ""snapshot_fields"": ""Directly retained from the complete frozen CSV row."", ""valid_interval"": ""listing through the registry snapshot horizon; not a claim about future exchange metadata.""}",https://docs.bitmex.com/api-explorer/get-instruments,f02a691c7f7cfd0cd08ffb7f13a656ebaf2c6ca6,08fcbd6921bf9d98bb3ab312573db4a2f3712563d841711891200f32fb5e346b,Current snapshot version generated locally without network access.
XBTF23-SNAPSHOT-43c35dd942d2,XBTF23,BITMEX_INSTRUMENT_SNAPSHOT,2022-12-06T04:00:00Z,9999-12-31T00:00:00Z,INVERSE,XBT,USD,XBT,XBT,1,USD,-100000000,OFFICIAL_EXPLICIT,,"{""multiplier_major"": ""multiplier / underlyingToSettleMultiplier from the frozen instrument row"", ""snapshot_fields"": ""Directly retained from the complete frozen CSV row."", ""valid_interval"": ""listing through the registry snapshot horizon; not a claim about future exchange metadata.""}",https://docs.bitmex.com/api-explorer/get-instruments,f02a691c7f7cfd0cd08ffb7f13a656ebaf2c6ca6,43c35dd942d29174e56827b676f378ab93829b4d14ac23679124fed3106f8858,Current snapshot version generated locally without network access.
XBTF24-SNAPSHOT-4531fa2db02d,XBTF24,BITMEX_INSTRUMENT_SNAPSHOT,2023-11-21T04:00:00Z,9999-12-31T00:00:00Z,INVERSE,XBT,USD,XBT,XBT,1,USD,-100000000,OFFICIAL_EXPLICIT,,"{""multiplier_major"": ""multiplier / underlyingToSettleMultiplier from the frozen instrument row"", ""snapshot_fields"": ""Directly retained from the complete frozen CSV row."", ""valid_interval"": ""listing through the registry snapshot horizon; not a claim about future exchange metadata.""}",https://docs.bitmex.com/api-explorer/get-instruments,f02a691c7f7cfd0cd08ffb7f13a656ebaf2c6ca6,4531fa2db02d5781f8809609ecd7c35c445c01ac6c97ac680e5a0a52117d4d11,Current snapshot version generated locally without network access.
XBTF25-SNAPSHOT-7b193a607b31,XBTF25,BITMEX_INSTRUMENT_SNAPSHOT,2024-11-26T04:00:00Z,9999-12-31T00:00:00Z,INVERSE,XBT,USD,XBT,XBT,1,USD,-100000000,OFFICIAL_EXPLICIT,,"{""multiplier_major"": ""multiplier / underlyingToSettleMultiplier from the frozen instrument row"", ""snapshot_fields"": ""Directly retained from the complete frozen CSV row."", ""valid_interval"": ""listing through the registry snapshot horizon; not a claim about future exchange metadata.""}",https://docs.bitmex.com/api-explorer/get-instruments,f02a691c7f7cfd0cd08ffb7f13a656ebaf2c6ca6,7b193a607b31d126cd882e4020c551454a108164cb6b2700c532adcfd5654d06,Current snapshot version generated locally without network access.
XBTF26-SNAPSHOT-d3af8e5b6883,XBTF26,BITMEX_INSTRUMENT_SNAPSHOT,2025-11-25T04:00:00Z,9999-12-31T00:00:00Z,INVERSE,XBT,USD,XBT,XBT,1,USD,-100000000,OFFICIAL_EXPLICIT,,"{""multiplier_major"": ""multiplier / underlyingToSettleMultiplier from the frozen instrument row"", ""snapshot_fields"": ""Directly retained from the complete frozen CSV row."", ""valid_interval"": ""listing through the registry snapshot horizon; not a claim about future exchange metadata.""}",https://docs.bitmex.com/api-explorer/get-instruments,f02a691c7f7cfd0cd08ffb7f13a656ebaf2c6ca6,d3af8e5b6883e38dc011dd947924a2e55bde6c0cca93b67542c3d7f2a283274f,Current snapshot version generated locally without network access.
XBTG22-SNAPSHOT-1d8ad2adce08,XBTG22,BITMEX_INSTRUMENT_SNAPSHOT,2022-01-05T04:00:00Z,9999-12-31T00:00:00Z,INVERSE,XBT,USD,XBT,XBT,1,USD,-100000000,OFFICIAL_EXPLICIT,,"{""multiplier_major"": ""multiplier / underlyingToSettleMultiplier from the frozen instrument row"", ""snapshot_fields"": ""Directly retained from the complete frozen CSV row."", ""valid_interval"": ""listing through the registry snapshot horizon; not a claim about future exchange metadata.""}",https://docs.bitmex.com/api-explorer/get-instruments,f02a691c7f7cfd0cd08ffb7f13a656ebaf2c6ca6,1d8ad2adce086f4ea3d915634cd552cd718aa77006b85bbeac4c56f62cdd34ad,Current snapshot version generated locally without network access.
XBTG23-SNAPSHOT-4c3f0e785efd,XBTG23,BITMEX_INSTRUMENT_SNAPSHOT,2023-01-10T04:00:00Z,9999-12-31T00:00:00Z,INVERSE,XBT,USD,XBT,XBT,1,USD,-100000000,OFFICIAL_EXPLICIT,,"{""multiplier_major"": ""multiplier / underlyingToSettleMultiplier from the frozen instrument row"", ""snapshot_fields"": ""Directly retained from the complete frozen CSV row."", ""valid_interval"": ""listing through the registry snapshot horizon; not a claim about future exchange metadata.""}",https://docs.bitmex.com/api-explorer/get-instruments,f02a691c7f7cfd0cd08ffb7f13a656ebaf2c6ca6,4c3f0e785efd6aa3915042fae89cd3e2968fd4ea676dfd7db897a3286219a89f,Current snapshot version generated locally without network access.
XBTG24-SNAPSHOT-88fa0888c7bb,XBTG24,BITMEX_INSTRUMENT_SNAPSHOT,2023-12-26T04:00:00Z,9999-12-31T00:00:00Z,INVERSE,XBT,USD,XBT,XBT,1,USD,-100000000,OFFICIAL_EXPLICIT,,"{""multiplier_major"": ""multiplier / underlyingToSettleMultiplier from the frozen instrument row"", ""snapshot_fields"": ""Directly retained from the complete frozen CSV row."", ""valid_interval"": ""listing through the registry snapshot horizon; not a claim about future exchange metadata.""}",https://docs.bitmex.com/api-explorer/get-instruments,f02a691c7f7cfd0cd08ffb7f13a656ebaf2c6ca6,88fa0888c7bbcf06f424809f701f8ee9a5864157cad2a9560dfc51840d3b150f,Current snapshot version generated locally without network access.
XBTG25-SNAPSHOT-0b8ebd2d3e4b,XBTG25,BITMEX_INSTRUMENT_SNAPSHOT,2024-12-24T04:00:00Z,9999-12-31T00:00:00Z,INVERSE,XBT,USD,XBT,XBT,1,USD,-100000000,OFFICIAL_EXPLICIT,,"{""multiplier_major"": ""multiplier / underlyingToSettleMultiplier from the frozen instrument row"", ""snapshot_fields"": ""Directly retained from the complete frozen CSV row."", ""valid_interval"": ""listing through the registry snapshot horizon; not a claim about future exchange metadata.""}",https://docs.bitmex.com/api-explorer/get-instruments,f02a691c7f7cfd0cd08ffb7f13a656ebaf2c6ca6,0b8ebd2d3e4bb1d2c292b742275d07093eb0b015e1ee1f22964356d1d539d74a,Current snapshot version generated locally without network access.
XBTG26-SNAPSHOT-cac68b53e4de,XBTG26,BITMEX_INSTRUMENT_SNAPSHOT,2025-12-23T04:00:00Z,9999-12-31T00:00:00Z,INVERSE,XBT,USD,XBT,XBT,1,USD,-100000000,OFFICIAL_EXPLICIT,,"{""multiplier_major"": ""multiplier / underlyingToSettleMultiplier from the frozen instrument row"", ""snapshot_fields"": ""Directly retained from the complete frozen CSV row."", ""valid_interval"": ""listing through the registry snapshot horizon; not a claim about future exchange metadata.""}",https://docs.bitmex.com/api-explorer/get-instruments,f02a691c7f7cfd0cd08ffb7f13a656ebaf2c6ca6,cac68b53e4de0df7872e054982a49a045d59427b5c105bfd783ae960628ac4d2,Current snapshot version generated locally without network access.
XBTH17-SNAPSHOT-06544c63b464,XBTH17,BITMEX_INSTRUMENT_SNAPSHOT,2016-12-16T08:00:00Z,9999-12-31T00:00:00Z,INVERSE,XBT,USD,XBT,XBT,1,USD,-100000000,OFFICIAL_EXPLICIT,,"{""multiplier_major"": ""multiplier / underlyingToSettleMultiplier from the frozen instrument row"", ""snapshot_fields"": ""Directly retained from the complete frozen CSV row."", ""valid_interval"": ""listing through the registry snapshot horizon; not a claim about future exchange metadata.""}",https://docs.bitmex.com/api-explorer/get-instruments,f02a691c7f7cfd0cd08ffb7f13a656ebaf2c6ca6,06544c63b464d387df4ac19026a7f20d087a6eb74f979882f03368d5da00d551,Current snapshot version generated locally without network access.
XBTH18-SNAPSHOT-05970c988137,XBTH18,BITMEX_INSTRUMENT_SNAPSHOT,2017-12-15T04:00:00Z,9999-12-31T00:00:00Z,INVERSE,XBT,USD,XBT,XBT,1,USD,-100000000,OFFICIAL_EXPLICIT,,"{""multiplier_major"": ""multiplier / underlyingToSettleMultiplier from the frozen instrument row"", ""snapshot_fields"": ""Directly retained from the complete frozen CSV row."", ""valid_interval"": ""listing through the registry snapshot horizon; not a claim about future exchange metadata.""}",https://docs.bitmex.com/api-explorer/get-instruments,f02a691c7f7cfd0cd08ffb7f13a656ebaf2c6ca6,05970c9881378abfc92b353dcffaaaac69d47bbed1c63b204fd335aaf8f79492,Current snapshot version generated locally without network access.
XBTH19-SNAPSHOT-47f5a02ad6f4,XBTH19,BITMEX_INSTRUMENT_SNAPSHOT,2018-09-17T02:00:00Z,9999-12-31T00:00:00Z,INVERSE,XBT,USD,XBT,XBT,1,USD,-100000000,OFFICIAL_EXPLICIT,,"{""multiplier_major"": ""multiplier / underlyingToSettleMultiplier from the frozen instrument row"", ""snapshot_fields"": ""Directly retained from the complete frozen CSV row."", ""valid_interval"": ""listing through the registry snapshot horizon; not a claim about future exchange metadata.""}",https://docs.bitmex.com/api-explorer/get-instruments,f02a691c7f7cfd0cd08ffb7f13a656ebaf2c6ca6,47f5a02ad6f4368f8e6303c6bf3f83b96b5dce1cc3da230c9c299ce0cd280ed2,Current snapshot version generated locally without network access.
XBTH20-SNAPSHOT-58935042440f,XBTH20,BITMEX_INSTRUMENT_SNAPSHOT,2019-09-13T08:00:00Z,9999-12-31T00:00:00Z,INVERSE,XBT,USD,XBT,XBT,1,USD,-100000000,OFFICIAL_EXPLICIT,,"{""multiplier_major"": ""multiplier / underlyingToSettleMultiplier from the frozen instrument row"", ""snapshot_fields"": ""Directly retained from the complete frozen CSV row."", ""valid_interval"": ""listing through the registry snapshot horizon; not a claim about future exchange metadata.""}",https://docs.bitmex.com/api-explorer/get-instruments,f02a691c7f7cfd0cd08ffb7f13a656ebaf2c6ca6,58935042440f94973147f8cb476c0c0a9324e63b02f62b8a6cf5209b3a9f600b,Current snapshot version generated locally without network access.
XBTH21-SNAPSHOT-d1e603aba6f1,XBTH21,BITMEX_INSTRUMENT_SNAPSHOT,2020-09-11T08:00:00Z,9999-12-31T00:00:00Z,INVERSE,XBT,USD,XBT,XBT,1,USD,-100000000,OFFICIAL_EXPLICIT,,"{""multiplier_major"": ""multiplier / underlyingToSettleMultiplier from the frozen instrument row"", ""snapshot_fields"": ""Directly retained from the complete frozen CSV row."", ""valid_interval"": ""listing through the registry snapshot horizon; not a claim about future exchange metadata.""}",https://docs.bitmex.com/api-explorer/get-instruments,f02a691c7f7cfd0cd08ffb7f13a656ebaf2c6ca6,d1e603aba6f171147293006a743c8ad82770460b73833eded790adad353b065b,Current snapshot version generated locally without network access.
XBTH22-SNAPSHOT-f8d2365d0238,XBTH22,BITMEX_INSTRUMENT_SNAPSHOT,2021-09-15T04:00:00Z,9999-12-31T00:00:00Z,INVERSE,XBT,USD,XBT,XBT,1,USD,-100000000,OFFICIAL_EXPLICIT,,"{""multiplier_major"": ""multiplier / underlyingToSettleMultiplier from the frozen instrument row"", ""snapshot_fields"": ""Directly retained from the complete frozen CSV row."", ""valid_interval"": ""listing through the registry snapshot horizon; not a claim about future exchange metadata.""}",https://docs.bitmex.com/api-explorer/get-instruments,f02a691c7f7cfd0cd08ffb7f13a656ebaf2c6ca6,f8d2365d0238f0c1dbbe7202448e2d8fd241f1b6ef79172c0b6d85d3c0cc0eb2,Current snapshot version generated locally without network access.
XBTH23-SNAPSHOT-d059e909fc55,XBTH23,BITMEX_INSTRUMENT_SNAPSHOT,2022-06-15T04:00:00Z,9999-12-31T00:00:00Z,INVERSE,XBT,USD,XBT,XBT,1,USD,-100000000,OFFICIAL_EXPLICIT,,"{""multiplier_major"": ""multiplier / underlyingToSettleMultiplier from the frozen instrument row"", ""snapshot_fields"": ""Directly retained from the complete frozen CSV row."", ""valid_interval"": ""listing through the registry snapshot horizon; not a claim about future exchange metadata.""}",https://docs.bitmex.com/api-explorer/get-instruments,f02a691c7f7cfd0cd08ffb7f13a656ebaf2c6ca6,d059e909fc55530bf5953dbc46dd775b993b48b73c8e31df2f00345c73fcd38c,Current snapshot version generated locally without network access.
XBTH24-SNAPSHOT-08cff53ab4e1,XBTH24,BITMEX_INSTRUMENT_SNAPSHOT,2023-06-14T04:00:00Z,9999-12-31T00:00:00Z,INVERSE,XBT,USD,XBT,XBT,1,USD,-100000000,OFFICIAL_EXPLICIT,,"{""multiplier_major"": ""multiplier / underlyingToSettleMultiplier from the frozen instrument row"", ""snapshot_fields"": ""Directly retained from the complete frozen CSV row."", ""valid_interval"": ""listing through the registry snapshot horizon; not a claim about future exchange metadata.""}",https://docs.bitmex.com/api-explorer/get-instruments,f02a691c7f7cfd0cd08ffb7f13a656ebaf2c6ca6,08cff53ab4e15b86e45faeb36bb7e45d7fb3f8e2d809f3dcfff5a8a902cb1bbb,Current snapshot version generated locally without network access.
XBTH25-SNAPSHOT-0647a611188a,XBTH25,BITMEX_INSTRUMENT_SNAPSHOT,2024-06-11T04:00:00Z,9999-12-31T00:00:00Z,INVERSE,XBT,USD,XBT,XBT,1,USD,-100000000,OFFICIAL_EXPLICIT,,"{""multiplier_major"": ""multiplier / underlyingToSettleMultiplier from the frozen instrument row"", ""snapshot_fields"": ""Directly retained from the complete frozen CSV row."", ""valid_interval"": ""listing through the registry snapshot horizon; not a claim about future exchange metadata.""}",https://docs.bitmex.com/api-explorer/get-instruments,f02a691c7f7cfd0cd08ffb7f13a656ebaf2c6ca6,0647a611188a89c70d599f363015bc093f4429110ec402b83bd2f57959e2dafc,Current snapshot version generated locally without network access.
XBTH26-SNAPSHOT-c8c6a11152ed,XBTH26,BITMEX_INSTRUMENT_SNAPSHOT,2025-07-02T04:00:00Z,9999-12-31T00:00:00Z,INVERSE,XBT,USD,XBT,XBT,1,USD,-100000000,OFFICIAL_EXPLICIT,,"{""multiplier_major"": ""multiplier / underlyingToSettleMultiplier from the frozen instrument row"", ""snapshot_fields"": ""Directly retained from the complete frozen CSV row."", ""valid_interval"": ""listing through the registry snapshot horizon; not a claim about future exchange metadata.""}",https://docs.bitmex.com/api-explorer/get-instruments,f02a691c7f7cfd0cd08ffb7f13a656ebaf2c6ca6,c8c6a11152ed057a5c3141b1bb6bd34954413caaa9f1f1911dff60c75eaf9db7,Current snapshot version generated locally without network access.
XBTH27-SNAPSHOT-80ecf1d15482,XBTH27,BITMEX_INSTRUMENT_SNAPSHOT,2026-06-09T04:00:00Z,9999-12-31T00:00:00Z,INVERSE,XBT,USD,XBT,XBT,1,USD,-100000000,OFFICIAL_EXPLICIT,,"{""multiplier_major"": ""multiplier / underlyingToSettleMultiplier from the frozen instrument row"", ""snapshot_fields"": ""Directly retained from the complete frozen CSV row."", ""valid_interval"": ""listing through the registry snapshot horizon; not a claim about future exchange metadata.""}",https://docs.bitmex.com/api-explorer/get-instruments,f02a691c7f7cfd0cd08ffb7f13a656ebaf2c6ca6,80ecf1d1548211cad82018ac76711616b29f25f267918e350c8fdb41704af5b1,Current snapshot version generated locally without network access.
XBTJ22-SNAPSHOT-09492321989b,XBTJ22,BITMEX_INSTRUMENT_SNAPSHOT,2022-03-02T04:00:00Z,9999-12-31T00:00:00Z,INVERSE,XBT,USD,XBT,XBT,1,USD,-100000000,OFFICIAL_EXPLICIT,,"{""multiplier_major"": ""multiplier / underlyingToSettleMultiplier from the frozen instrument row"", ""snapshot_fields"": ""Directly retained from the complete frozen CSV row."", ""valid_interval"": ""listing through the registry snapshot horizon; not a claim about future exchange metadata.""}",https://docs.bitmex.com/api-explorer/get-instruments,f02a691c7f7cfd0cd08ffb7f13a656ebaf2c6ca6,09492321989b2669d04f9d3e7b7821f26ab80f570aea7ff5a1d68f44fbb71af0,Current snapshot version generated locally without network access.
XBTJ23-SNAPSHOT-5440aaa02068,XBTJ23,BITMEX_INSTRUMENT_SNAPSHOT,2023-03-14T04:00:00Z,9999-12-31T00:00:00Z,INVERSE,XBT,USD,XBT,XBT,1,USD,-100000000,OFFICIAL_EXPLICIT,,"{""multiplier_major"": ""multiplier / underlyingToSettleMultiplier from the frozen instrument row"", ""snapshot_fields"": ""Directly retained from the complete frozen CSV row."", ""valid_interval"": ""listing through the registry snapshot horizon; not a claim about future exchange metadata.""}",https://docs.bitmex.com/api-explorer/get-instruments,f02a691c7f7cfd0cd08ffb7f13a656ebaf2c6ca6,5440aaa0206823358a0d062bbf11be17b6089801dced06058d6c1896a0e4af7f,Current snapshot version generated locally without network access.
XBTJ24-SNAPSHOT-8777c62774bc,XBTJ24,BITMEX_INSTRUMENT_SNAPSHOT,2024-02-20T04:00:00Z,9999-12-31T00:00:00Z,INVERSE,XBT,USD,XBT,XBT,1,USD,-100000000,OFFICIAL_EXPLICIT,,"{""multiplier_major"": ""multiplier / underlyingToSettleMultiplier from the frozen instrument row"", ""snapshot_fields"": ""Directly retained from the complete frozen CSV row."", ""valid_interval"": ""listing through the registry snapshot horizon; not a claim about future exchange metadata.""}",https://docs.bitmex.com/api-explorer/get-instruments,f02a691c7f7cfd0cd08ffb7f13a656ebaf2c6ca6,8777c62774bc5aebb0893442af56118cf3413978adb8f24386523b2463dc8035,Current snapshot version generated locally without network access.
XBTJ25-SNAPSHOT-e1a3fef99a67,XBTJ25,BITMEX_INSTRUMENT_SNAPSHOT,2025-02-25T04:00:00Z,9999-12-31T00:00:00Z,INVERSE,XBT,USD,XBT,XBT,1,USD,-100000000,OFFICIAL_EXPLICIT,,"{""multiplier_major"": ""multiplier / underlyingToSettleMultiplier from the frozen instrument row"", ""snapshot_fields"": ""Directly retained from the complete frozen CSV row."", ""valid_interval"": ""listing through the registry snapshot horizon; not a claim about future exchange metadata.""}",https://docs.bitmex.com/api-explorer/get-instruments,f02a691c7f7cfd0cd08ffb7f13a656ebaf2c6ca6,e1a3fef99a6738d29fbdba2aa4d00ba6875a6ab24be4e05a80a19efadbce2def,Current snapshot version generated locally without network access.
XBTJ26-SNAPSHOT-ca3a5e40dc6a,XBTJ26,BITMEX_INSTRUMENT_SNAPSHOT,2026-02-24T04:00:00Z,9999-12-31T00:00:00Z,INVERSE,XBT,USD,XBT,XBT,1,USD,-100000000,OFFICIAL_EXPLICIT,,"{""multiplier_major"": ""multiplier / underlyingToSettleMultiplier from the frozen instrument row"", ""snapshot_fields"": ""Directly retained from the complete frozen CSV row."", ""valid_interval"": ""listing through the registry snapshot horizon; not a claim about future exchange metadata.""}",https://docs.bitmex.com/api-explorer/get-instruments,f02a691c7f7cfd0cd08ffb7f13a656ebaf2c6ca6,ca3a5e40dc6a5847d65384ed58b0bb04a78a1232ba69e008352a474423ca7079,Current snapshot version generated locally without network access.
XBTK22-SNAPSHOT-091aeaad139b,XBTK22,BITMEX_INSTRUMENT_SNAPSHOT,2022-04-06T04:00:00Z,9999-12-31T00:00:00Z,INVERSE,XBT,USD,XBT,XBT,1,USD,-100000000,OFFICIAL_EXPLICIT,,"{""multiplier_major"": ""multiplier / underlyingToSettleMultiplier from the frozen instrument row"", ""snapshot_fields"": ""Directly retained from the complete frozen CSV row."", ""valid_interval"": ""listing through the registry snapshot horizon; not a claim about future exchange metadata.""}",https://docs.bitmex.com/api-explorer/get-instruments,f02a691c7f7cfd0cd08ffb7f13a656ebaf2c6ca6,091aeaad139ba52140068a1ef6debc81e17b2380320df2ce5268fbd25ad450dd,Current snapshot version generated locally without network access.
XBTK23-SNAPSHOT-cf6524fdacbf,XBTK23,BITMEX_INSTRUMENT_SNAPSHOT,2023-04-27T04:00:00Z,9999-12-31T00:00:00Z,INVERSE,XBT,USD,XBT,XBT,1,USD,-100000000,OFFICIAL_EXPLICIT,,"{""multiplier_major"": ""multiplier / underlyingToSettleMultiplier from the frozen instrument row"", ""snapshot_fields"": ""Directly retained from the complete frozen CSV row."", ""valid_interval"": ""listing through the registry snapshot horizon; not a claim about future exchange metadata.""}",https://docs.bitmex.com/api-explorer/get-instruments,f02a691c7f7cfd0cd08ffb7f13a656ebaf2c6ca6,cf6524fdacbf5051e92a79c4e2bb3edf5b06adefe89657415c686b26f96dae11,Current snapshot version generated locally without network access.
XBTK24-SNAPSHOT-106c0c56b40c,XBTK24,BITMEX_INSTRUMENT_SNAPSHOT,2024-03-26T04:00:00Z,9999-12-31T00:00:00Z,INVERSE,XBT,USD,XBT,XBT,1,USD,-100000000,OFFICIAL_EXPLICIT,,"{""multiplier_major"": ""multiplier / underlyingToSettleMultiplier from the frozen instrument row"", ""snapshot_fields"": ""Directly retained from the complete frozen CSV row."", ""valid_interval"": ""listing through the registry snapshot horizon; not a claim about future exchange metadata.""}",https://docs.bitmex.com/api-explorer/get-instruments,f02a691c7f7cfd0cd08ffb7f13a656ebaf2c6ca6,106c0c56b40c948eb6aea68581791b555bb628725c1f4c7827781185c08086c8,Current snapshot version generated locally without network access.
XBTK25-SNAPSHOT-6b79350520c8,XBTK25,BITMEX_INSTRUMENT_SNAPSHOT,2025-03-25T04:00:00Z,9999-12-31T00:00:00Z,INVERSE,XBT,USD,XBT,XBT,1,USD,-100000000,OFFICIAL_EXPLICIT,,"{""multiplier_major"": ""multiplier / underlyingToSettleMultiplier from the frozen instrument row"", ""snapshot_fields"": ""Directly retained from the complete frozen CSV row."", ""valid_interval"": ""listing through the registry snapshot horizon; not a claim about future exchange metadata.""}",https://docs.bitmex.com/api-explorer/get-instruments,f02a691c7f7cfd0cd08ffb7f13a656ebaf2c6ca6,6b79350520c81387de52dc54ff81458f2ceb515bd849e2feadc83b8d8aae5c45,Current snapshot version generated locally without network access.
XBTK26-SNAPSHOT-410c3c1c5c76,XBTK26,BITMEX_INSTRUMENT_SNAPSHOT,2026-03-24T04:00:00Z,9999-12-31T00:00:00Z,INVERSE,XBT,USD,XBT,XBT,1,USD,-100000000,OFFICIAL_EXPLICIT,,"{""multiplier_major"": ""multiplier / underlyingToSettleMultiplier from the frozen instrument row"", ""snapshot_fields"": ""Directly retained from the complete frozen CSV row."", ""valid_interval"": ""listing through the registry snapshot horizon; not a claim about future exchange metadata.""}",https://docs.bitmex.com/api-explorer/get-instruments,f02a691c7f7cfd0cd08ffb7f13a656ebaf2c6ca6,410c3c1c5c765227f97d5eb90420e614a18173fa04e949e03a17799eda93a2e2,Current snapshot version generated locally without network access.
XBTM16-SNAPSHOT-c1f3265724f4,XBTM16,BITMEX_INSTRUMENT_SNAPSHOT,2015-12-25T12:00:00Z,9999-12-31T00:00:00Z,QUANTO,XBT,USD,XBT,XBT,0.00001,XBT,1000,OFFICIAL_EXPLICIT,,"{""multiplier_major"": ""multiplier / 100000000 XBt per the frozen BitMEX instrument snapshot"", ""snapshot_fields"": ""Directly retained from the complete frozen CSV row."", ""valid_interval"": ""listing through the registry snapshot horizon; not a claim about future exchange metadata.""}",https://docs.bitmex.com/api-explorer/get-instruments,f02a691c7f7cfd0cd08ffb7f13a656ebaf2c6ca6,c1f3265724f4756ec4f71621007ebed77c80f9fd4fce4bd1683e145d975f8418,Current snapshot version generated locally without network access.
XBTM17-SNAPSHOT-cacb910ee640,XBTM17,BITMEX_INSTRUMENT_SNAPSHOT,2017-03-17T12:00:00Z,9999-12-31T00:00:00Z,INVERSE,XBT,USD,XBT,XBT,1,USD,-100000000,OFFICIAL_EXPLICIT,,"{""multiplier_major"": ""multiplier / underlyingToSettleMultiplier from the frozen instrument row"", ""snapshot_fields"": ""Directly retained from the complete frozen CSV row."", ""valid_interval"": ""listing through the registry snapshot horizon; not a claim about future exchange metadata.""}",https://docs.bitmex.com/api-explorer/get-instruments,f02a691c7f7cfd0cd08ffb7f13a656ebaf2c6ca6,cacb910ee640ce8cf6b99608630f07469e6349130aaf9a94a63d6afe404d8b9e,Current snapshot version generated locally without network access.
XBTM18-SNAPSHOT-be89da3ba718,XBTM18,BITMEX_INSTRUMENT_SNAPSHOT,2018-01-02T22:00:00Z,9999-12-31T00:00:00Z,INVERSE,XBT,USD,XBT,XBT,1,USD,-100000000,OFFICIAL_EXPLICIT,,"{""multiplier_major"": ""multiplier / underlyingToSettleMultiplier from the frozen instrument row"", ""snapshot_fields"": ""Directly retained from the complete frozen CSV row."", ""valid_interval"": ""listing through the registry snapshot horizon; not a claim about future exchange metadata.""}",https://docs.bitmex.com/api-explorer/get-instruments,f02a691c7f7cfd0cd08ffb7f13a656ebaf2c6ca6,be89da3ba7180d71c13703d32c8e9dfa52f1e9f923e1e9604da9f1c35b121b90,Current snapshot version generated locally without network access.
XBTM19-SNAPSHOT-2f891cd40000,XBTM19,BITMEX_INSTRUMENT_SNAPSHOT,2018-12-17T04:00:00Z,9999-12-31T00:00:00Z,INVERSE,XBT,USD,XBT,XBT,1,USD,-100000000,OFFICIAL_EXPLICIT,,"{""multiplier_major"": ""multiplier / underlyingToSettleMultiplier from the frozen instrument row"", ""snapshot_fields"": ""Directly retained from the complete frozen CSV row."", ""valid_interval"": ""listing through the registry snapshot horizon; not a claim about future exchange metadata.""}",https://docs.bitmex.com/api-explorer/get-instruments,f02a691c7f7cfd0cd08ffb7f13a656ebaf2c6ca6,2f891cd40000ccb3df3d5395a510f582715ac556b51d2c9168471a203c06a7e6,Current snapshot version generated locally without network access.
XBTM20-SNAPSHOT-607e94f7e90d,XBTM20,BITMEX_INSTRUMENT_SNAPSHOT,2019-12-13T08:00:00Z,9999-12-31T00:00:00Z,INVERSE,XBT,USD,XBT,XBT,1,USD,-100000000,OFFICIAL_EXPLICIT,,"{""multiplier_major"": ""multiplier / underlyingToSettleMultiplier from the frozen instrument row"", ""snapshot_fields"": ""Directly retained from the complete frozen CSV row."", ""valid_interval"": ""listing through the registry snapshot horizon; not a claim about future exchange metadata.""}",https://docs.bitmex.com/api-explorer/get-instruments,f02a691c7f7cfd0cd08ffb7f13a656ebaf2c6ca6,607e94f7e90d2605da4ed32e9e44f4a1939c5b02968507b420647e016dcb2649,Current snapshot version generated locally without network access.
XBTM21-SNAPSHOT-c8c93f909864,XBTM21,BITMEX_INSTRUMENT_SNAPSHOT,2020-12-11T08:00:00Z,9999-12-31T00:00:00Z,INVERSE,XBT,USD,XBT,XBT,1,USD,-100000000,OFFICIAL_EXPLICIT,,"{""multiplier_major"": ""multiplier / underlyingToSettleMultiplier from the frozen instrument row"", ""snapshot_fields"": ""Directly retained from the complete frozen CSV row."", ""valid_interval"": ""listing through the registry snapshot horizon; not a claim about future exchange metadata.""}",https://docs.bitmex.com/api-explorer/get-instruments,f02a691c7f7cfd0cd08ffb7f13a656ebaf2c6ca6,c8c93f909864f0e2bf740addc7c929a30503a8ac1b9cecc4cebf92ffad1eb63a,Current snapshot version generated locally without network access.
XBTM22-SNAPSHOT-5e134a8dbf7d,XBTM22,BITMEX_INSTRUMENT_SNAPSHOT,2021-12-22T04:00:00Z,9999-12-31T00:00:00Z,INVERSE,XBT,USD,XBT,XBT,1,USD,-100000000,OFFICIAL_EXPLICIT,,"{""multiplier_major"": ""multiplier / underlyingToSettleMultiplier from the frozen instrument row"", ""snapshot_fields"": ""Directly retained from the complete frozen CSV row."", ""valid_interval"": ""listing through the registry snapshot horizon; not a claim about future exchange metadata.""}",https://docs.bitmex.com/api-explorer/get-instruments,f02a691c7f7cfd0cd08ffb7f13a656ebaf2c6ca6,5e134a8dbf7d042c94d704cf171c36a9b13343231747b82f0a97b56fc031a844,Current snapshot version generated locally without network access.
XBTM23-SNAPSHOT-96f61dd13e86,XBTM23,BITMEX_INSTRUMENT_SNAPSHOT,2022-09-14T04:00:00Z,9999-12-31T00:00:00Z,INVERSE,XBT,USD,XBT,XBT,1,USD,-100000000,OFFICIAL_EXPLICIT,,"{""multiplier_major"": ""multiplier / underlyingToSettleMultiplier from the frozen instrument row"", ""snapshot_fields"": ""Directly retained from the complete frozen CSV row."", ""valid_interval"": ""listing through the registry snapshot horizon; not a claim about future exchange metadata.""}",https://docs.bitmex.com/api-explorer/get-instruments,f02a691c7f7cfd0cd08ffb7f13a656ebaf2c6ca6,96f61dd13e869ccd434a4f0834ed8707cbe5a1634d92e31f7712c8408e9f75e6,Current snapshot version generated locally without network access.
XBTM24-SNAPSHOT-d4227655efe7,XBTM24,BITMEX_INSTRUMENT_SNAPSHOT,2023-09-12T04:00:00Z,9999-12-31T00:00:00Z,INVERSE,XBT,USD,XBT,XBT,1,USD,-100000000,OFFICIAL_EXPLICIT,,"{""multiplier_major"": ""multiplier / underlyingToSettleMultiplier from the frozen instrument row"", ""snapshot_fields"": ""Directly retained from the complete frozen CSV row."", ""valid_interval"": ""listing through the registry snapshot horizon; not a claim about future exchange metadata.""}",https://docs.bitmex.com/api-explorer/get-instruments,f02a691c7f7cfd0cd08ffb7f13a656ebaf2c6ca6,d4227655efe7dfb53802cff84f248901159505047b1690ae94354081ed3f9bef,Current snapshot version generated locally without network access.
XBTM25-SNAPSHOT-bd1cacf3823a,XBTM25,BITMEX_INSTRUMENT_SNAPSHOT,2024-09-10T04:00:00Z,9999-12-31T00:00:00Z,INVERSE,XBT,USD,XBT,XBT,1,USD,-100000000,OFFICIAL_EXPLICIT,,"{""multiplier_major"": ""multiplier / underlyingToSettleMultiplier from the frozen instrument row"", ""snapshot_fields"": ""Directly retained from the complete frozen CSV row."", ""valid_interval"": ""listing through the registry snapshot horizon; not a claim about future exchange metadata.""}",https://docs.bitmex.com/api-explorer/get-instruments,f02a691c7f7cfd0cd08ffb7f13a656ebaf2c6ca6,bd1cacf3823a3cddec178b43f143423171fc705e5203236c49d3d4310bdab8be,Current snapshot version generated locally without network access.
XBTM26-SNAPSHOT-31dc847ed591,XBTM26,BITMEX_INSTRUMENT_SNAPSHOT,2025-09-15T04:00:00Z,9999-12-31T00:00:00Z,INVERSE,XBT,USD,XBT,XBT,1,USD,-100000000,OFFICIAL_EXPLICIT,,"{""multiplier_major"": ""multiplier / underlyingToSettleMultiplier from the frozen instrument row"", ""snapshot_fields"": ""Directly retained from the complete frozen CSV row."", ""valid_interval"": ""listing through the registry snapshot horizon; not a claim about future exchange metadata.""}",https://docs.bitmex.com/api-explorer/get-instruments,f02a691c7f7cfd0cd08ffb7f13a656ebaf2c6ca6,31dc847ed5910520317b2e716aa3dc031f1b7f5af3afbbcc92b1c4eab8e1e0b7,Current snapshot version generated locally without network access.
XBTN22-SNAPSHOT-710a17456cc5,XBTN22,BITMEX_INSTRUMENT_SNAPSHOT,2022-06-01T04:00:00Z,9999-12-31T00:00:00Z,INVERSE,XBT,USD,XBT,XBT,1,USD,-100000000,OFFICIAL_EXPLICIT,,"{""multiplier_major"": ""multiplier / underlyingToSettleMultiplier from the frozen instrument row"", ""snapshot_fields"": ""Directly retained from the complete frozen CSV row."", ""valid_interval"": ""listing through the registry snapshot horizon; not a claim about future exchange metadata.""}",https://docs.bitmex.com/api-explorer/get-instruments,f02a691c7f7cfd0cd08ffb7f13a656ebaf2c6ca6,710a17456cc5a121cdbd8ed5cb126aa5aff1556b3070e51a1431e7adfbb894a1,Current snapshot version generated locally without network access.
XBTN23-SNAPSHOT-fbbd0d2cc7e2,XBTN23,BITMEX_INSTRUMENT_SNAPSHOT,2023-06-14T04:00:00Z,9999-12-31T00:00:00Z,INVERSE,XBT,USD,XBT,XBT,1,USD,-100000000,OFFICIAL_EXPLICIT,,"{""multiplier_major"": ""multiplier / underlyingToSettleMultiplier from the frozen instrument row"", ""snapshot_fields"": ""Directly retained from the complete frozen CSV row."", ""valid_interval"": ""listing through the registry snapshot horizon; not a claim about future exchange metadata.""}",https://docs.bitmex.com/api-explorer/get-instruments,f02a691c7f7cfd0cd08ffb7f13a656ebaf2c6ca6,fbbd0d2cc7e2dd4ea1386048cb3e98cd8e3af45c83ae1b8912e5bfbdc4f90472,Current snapshot version generated locally without network access.
XBTN24-SNAPSHOT-0f0b2e73fec1,XBTN24,BITMEX_INSTRUMENT_SNAPSHOT,2024-05-28T04:00:00Z,9999-12-31T00:00:00Z,INVERSE,XBT,USD,XBT,XBT,1,USD,-100000000,OFFICIAL_EXPLICIT,,"{""multiplier_major"": ""multiplier / underlyingToSettleMultiplier from the frozen instrument row"", ""snapshot_fields"": ""Directly retained from the complete frozen CSV row."", ""valid_interval"": ""listing through the registry snapshot horizon; not a claim about future exchange metadata.""}",https://docs.bitmex.com/api-explorer/get-instruments,f02a691c7f7cfd0cd08ffb7f13a656ebaf2c6ca6,0f0b2e73fec1bc9e4f7c40ae433670f1594e117a42ffb70e0bff7c697b7597a1,Current snapshot version generated locally without network access.
XBTN25-SNAPSHOT-898067c0d215,XBTN25,BITMEX_INSTRUMENT_SNAPSHOT,2025-05-27T04:00:00Z,9999-12-31T00:00:00Z,INVERSE,XBT,USD,XBT,XBT,1,USD,-100000000,OFFICIAL_EXPLICIT,,"{""multiplier_major"": ""multiplier / underlyingToSettleMultiplier from the frozen instrument row"", ""snapshot_fields"": ""Directly retained from the complete frozen CSV row."", ""valid_interval"": ""listing through the registry snapshot horizon; not a claim about future exchange metadata.""}",https://docs.bitmex.com/api-explorer/get-instruments,f02a691c7f7cfd0cd08ffb7f13a656ebaf2c6ca6,898067c0d2157c68fbf02417a90d919859e076de6d2bfc7ee1ae5f67fa6e6b2f,Current snapshot version generated locally without network access.
XBTN26-SNAPSHOT-19d2b3498bcf,XBTN26,BITMEX_INSTRUMENT_SNAPSHOT,2026-05-26T04:00:00Z,9999-12-31T00:00:00Z,INVERSE,XBT,USD,XBT,XBT,1,USD,-100000000,OFFICIAL_EXPLICIT,,"{""multiplier_major"": ""multiplier / underlyingToSettleMultiplier from the frozen instrument row"", ""snapshot_fields"": ""Directly retained from the complete frozen CSV row."", ""valid_interval"": ""listing through the registry snapshot horizon; not a claim about future exchange metadata.""}",https://docs.bitmex.com/api-explorer/get-instruments,f02a691c7f7cfd0cd08ffb7f13a656ebaf2c6ca6,19d2b3498bcf11e8d208c48ae2901aea9876a6974e60f9687a2268c2f4e22eb7,Current snapshot version generated locally without network access.
XBTQ22-SNAPSHOT-cdbd4c4a24da,XBTQ22,BITMEX_INSTRUMENT_SNAPSHOT,2022-07-27T04:00:00Z,9999-12-31T00:00:00Z,INVERSE,XBT,USD,XBT,XBT,1,USD,-100000000,OFFICIAL_EXPLICIT,,"{""multiplier_major"": ""multiplier / underlyingToSettleMultiplier from the frozen instrument row"", ""snapshot_fields"": ""Directly retained from the complete frozen CSV row."", ""valid_interval"": ""listing through the registry snapshot horizon; not a claim about future exchange metadata.""}",https://docs.bitmex.com/api-explorer/get-instruments,f02a691c7f7cfd0cd08ffb7f13a656ebaf2c6ca6,cdbd4c4a24daba2d5f29caa77f38da943cfb2478d9916f461cb5bb73fa9b7522,Current snapshot version generated locally without network access.
XBTQ23-SNAPSHOT-beadf0e56eaf,XBTQ23,BITMEX_INSTRUMENT_SNAPSHOT,2023-08-08T04:00:00Z,9999-12-31T00:00:00Z,INVERSE,XBT,USD,XBT,XBT,1,USD,-100000000,OFFICIAL_EXPLICIT,,"{""multiplier_major"": ""multiplier / underlyingToSettleMultiplier from the frozen instrument row"", ""snapshot_fields"": ""Directly retained from the complete frozen CSV row."", ""valid_interval"": ""listing through the registry snapshot horizon; not a claim about future exchange metadata.""}",https://docs.bitmex.com/api-explorer/get-instruments,f02a691c7f7cfd0cd08ffb7f13a656ebaf2c6ca6,beadf0e56eaf5e9a73d0faa83497abfe491975fdb6032c7752bcea7e17835230,Current snapshot version generated locally without network access.
XBTQ24-SNAPSHOT-916e2437b193,XBTQ24,BITMEX_INSTRUMENT_SNAPSHOT,2024-06-25T04:00:00Z,9999-12-31T00:00:00Z,INVERSE,XBT,USD,XBT,XBT,1,USD,-100000000,OFFICIAL_EXPLICIT,,"{""multiplier_major"": ""multiplier / underlyingToSettleMultiplier from the frozen instrument row"", ""snapshot_fields"": ""Directly retained from the complete frozen CSV row."", ""valid_interval"": ""listing through the registry snapshot horizon; not a claim about future exchange metadata.""}",https://docs.bitmex.com/api-explorer/get-instruments,f02a691c7f7cfd0cd08ffb7f13a656ebaf2c6ca6,916e2437b1936511f6b5334cf98e2649088898f9186d6a99f0a7d83f4abc0fb4,Current snapshot version generated locally without network access.
XBTQ25-SNAPSHOT-165d12fc43fe,XBTQ25,BITMEX_INSTRUMENT_SNAPSHOT,2025-06-24T04:00:00Z,9999-12-31T00:00:00Z,INVERSE,XBT,USD,XBT,XBT,1,USD,-100000000,OFFICIAL_EXPLICIT,,"{""multiplier_major"": ""multiplier / underlyingToSettleMultiplier from the frozen instrument row"", ""snapshot_fields"": ""Directly retained from the complete frozen CSV row."", ""valid_interval"": ""listing through the registry snapshot horizon; not a claim about future exchange metadata.""}",https://docs.bitmex.com/api-explorer/get-instruments,f02a691c7f7cfd0cd08ffb7f13a656ebaf2c6ca6,165d12fc43fe398d634f6a6e6ff3483d43e790545088520c8c695b81851dde34,Current snapshot version generated locally without network access.
XBTQ26-SNAPSHOT-a5ef60fa1a3a,XBTQ26,BITMEX_INSTRUMENT_SNAPSHOT,2026-06-23T04:00:00Z,9999-12-31T00:00:00Z,INVERSE,XBT,USD,XBT,XBT,1,USD,-100000000,OFFICIAL_EXPLICIT,,"{""multiplier_major"": ""multiplier / underlyingToSettleMultiplier from the frozen instrument row"", ""snapshot_fields"": ""Directly retained from the complete frozen CSV row."", ""valid_interval"": ""listing through the registry snapshot horizon; not a claim about future exchange metadata.""}",https://docs.bitmex.com/api-explorer/get-instruments,f02a691c7f7cfd0cd08ffb7f13a656ebaf2c6ca6,a5ef60fa1a3a92710f590bd07639830a488bb45526ca056f6d9e694b0a35a98c,Current snapshot version generated locally without network access.
XBTU16-SNAPSHOT-bc6e35b6c040,XBTU16,BITMEX_INSTRUMENT_SNAPSHOT,2016-03-18T12:00:00Z,9999-12-31T00:00:00Z,QUANTO,XBT,USD,XBT,XBT,0.00001,XBT,1000,OFFICIAL_EXPLICIT,,"{""multiplier_major"": ""multiplier / 100000000 XBt per the frozen BitMEX instrument snapshot"", ""snapshot_fields"": ""Directly retained from the complete frozen CSV row."", ""valid_interval"": ""listing through the registry snapshot horizon; not a claim about future exchange metadata.""}",https://docs.bitmex.com/api-explorer/get-instruments,f02a691c7f7cfd0cd08ffb7f13a656ebaf2c6ca6,bc6e35b6c040618e3279dc1104f0a70881448291da4412608862c73351a5dd22,Current snapshot version generated locally without network access.
XBTU17-SNAPSHOT-f4626749f481,XBTU17,BITMEX_INSTRUMENT_SNAPSHOT,2017-06-16T08:00:00Z,9999-12-31T00:00:00Z,INVERSE,XBT,USD,XBT,XBT,1,USD,-100000000,OFFICIAL_EXPLICIT,,"{""multiplier_major"": ""multiplier / underlyingToSettleMultiplier from the frozen instrument row"", ""snapshot_fields"": ""Directly retained from the complete frozen CSV row."", ""valid_interval"": ""listing through the registry snapshot horizon; not a claim about future exchange metadata.""}",https://docs.bitmex.com/api-explorer/get-instruments,f02a691c7f7cfd0cd08ffb7f13a656ebaf2c6ca6,f4626749f481f69667cf46259c605d1fc7beacf0b19b0e5b3b6200315edfc596,Current snapshot version generated locally without network access.
XBTU18-SNAPSHOT-bdaf9d60b2a6,XBTU18,BITMEX_INSTRUMENT_SNAPSHOT,2018-03-31T06:00:00Z,9999-12-31T00:00:00Z,INVERSE,XBT,USD,XBT,XBT,1,USD,-100000000,OFFICIAL_EXPLICIT,,"{""multiplier_major"": ""multiplier / underlyingToSettleMultiplier from the frozen instrument row"", ""snapshot_fields"": ""Directly retained from the complete frozen CSV row."", ""valid_interval"": ""listing through the registry snapshot horizon; not a claim about future exchange metadata.""}",https://docs.bitmex.com/api-explorer/get-instruments,f02a691c7f7cfd0cd08ffb7f13a656ebaf2c6ca6,bdaf9d60b2a65a946b3873ca9c5d142363b3f34751612aec641088afa018ae01,Current snapshot version generated locally without network access.
XBTU19-SNAPSHOT-681f041ecd5a,XBTU19,BITMEX_INSTRUMENT_SNAPSHOT,2019-03-15T08:00:00Z,9999-12-31T00:00:00Z,INVERSE,XBT,USD,XBT,XBT,1,USD,-100000000,OFFICIAL_EXPLICIT,,"{""multiplier_major"": ""multiplier / underlyingToSettleMultiplier from the frozen instrument row"", ""snapshot_fields"": ""Directly retained from the complete frozen CSV row."", ""valid_interval"": ""listing through the registry snapshot horizon; not a claim about future exchange metadata.""}",https://docs.bitmex.com/api-explorer/get-instruments,f02a691c7f7cfd0cd08ffb7f13a656ebaf2c6ca6,681f041ecd5ae66c4736d517ff94555581c2ff6f9f11433a91f854a1845f0bdf,Current snapshot version generated locally without network access.
XBTU20-SNAPSHOT-05dcde8111f3,XBTU20,BITMEX_INSTRUMENT_SNAPSHOT,2020-03-13T08:00:00Z,9999-12-31T00:00:00Z,INVERSE,XBT,USD,XBT,XBT,1,USD,-100000000,OFFICIAL_EXPLICIT,,"{""multiplier_major"": ""multiplier / underlyingToSettleMultiplier from the frozen instrument row"", ""snapshot_fields"": ""Directly retained from the complete frozen CSV row."", ""valid_interval"": ""listing through the registry snapshot horizon; not a claim about future exchange metadata.""}",https://docs.bitmex.com/api-explorer/get-instruments,f02a691c7f7cfd0cd08ffb7f13a656ebaf2c6ca6,05dcde8111f3c70a02bbdaf14ef6906e2cfe4f485f9ebb1704520504fb62001e,Current snapshot version generated locally without network access.
XBTU21-SNAPSHOT-366367d1c370,XBTU21,BITMEX_INSTRUMENT_SNAPSHOT,2021-03-12T08:00:00Z,9999-12-31T00:00:00Z,INVERSE,XBT,USD,XBT,XBT,1,USD,-100000000,OFFICIAL_EXPLICIT,,"{""multiplier_major"": ""multiplier / underlyingToSettleMultiplier from the frozen instrument row"", ""snapshot_fields"": ""Directly retained from the complete frozen CSV row."", ""valid_interval"": ""listing through the registry snapshot horizon; not a claim about future exchange metadata.""}",https://docs.bitmex.com/api-explorer/get-instruments,f02a691c7f7cfd0cd08ffb7f13a656ebaf2c6ca6,366367d1c370c74c5ba84b423e8bc4ae252ebf8dd42db03122caba3d498fe5b4,Current snapshot version generated locally without network access.
XBTU22-SNAPSHOT-cdf9d7f80f19,XBTU22,BITMEX_INSTRUMENT_SNAPSHOT,2022-03-16T04:00:00Z,9999-12-31T00:00:00Z,INVERSE,XBT,USD,XBT,XBT,1,USD,-100000000,OFFICIAL_EXPLICIT,,"{""multiplier_major"": ""multiplier / underlyingToSettleMultiplier from the frozen instrument row"", ""snapshot_fields"": ""Directly retained from the complete frozen CSV row."", ""valid_interval"": ""listing through the registry snapshot horizon; not a claim about future exchange metadata.""}",https://docs.bitmex.com/api-explorer/get-instruments,f02a691c7f7cfd0cd08ffb7f13a656ebaf2c6ca6,cdf9d7f80f19014ad390d4ae67db115ccee53d1f24e77dcfcffecf3346f552d4,Current snapshot version generated locally without network access.
XBTU23-SNAPSHOT-65fd23b0ed24,XBTU23,BITMEX_INSTRUMENT_SNAPSHOT,2022-12-14T04:00:00Z,9999-12-31T00:00:00Z,INVERSE,XBT,USD,XBT,XBT,1,USD,-100000000,OFFICIAL_EXPLICIT,,"{""multiplier_major"": ""multiplier / underlyingToSettleMultiplier from the frozen instrument row"", ""snapshot_fields"": ""Directly retained from the complete frozen CSV row."", ""valid_interval"": ""listing through the registry snapshot horizon; not a claim about future exchange metadata.""}",https://docs.bitmex.com/api-explorer/get-instruments,f02a691c7f7cfd0cd08ffb7f13a656ebaf2c6ca6,65fd23b0ed24f5cd48497b48b431548b30e2d836c5e2dc193a42e83e9ac664ec,Current snapshot version generated locally without network access.
XBTU24-SNAPSHOT-782aa6659129,XBTU24,BITMEX_INSTRUMENT_SNAPSHOT,2023-12-12T04:00:00Z,9999-12-31T00:00:00Z,INVERSE,XBT,USD,XBT,XBT,1,USD,-100000000,OFFICIAL_EXPLICIT,,"{""multiplier_major"": ""multiplier / underlyingToSettleMultiplier from the frozen instrument row"", ""snapshot_fields"": ""Directly retained from the complete frozen CSV row."", ""valid_interval"": ""listing through the registry snapshot horizon; not a claim about future exchange metadata.""}",https://docs.bitmex.com/api-explorer/get-instruments,f02a691c7f7cfd0cd08ffb7f13a656ebaf2c6ca6,782aa6659129a240f776ed8186b9139f407a73531d829878b585fae6dc935ccd,Current snapshot version generated locally without network access.
XBTU25-SNAPSHOT-7ebb5e3ec6a3,XBTU25,BITMEX_INSTRUMENT_SNAPSHOT,2024-11-18T04:00:00Z,9999-12-31T00:00:00Z,INVERSE,XBT,USD,XBT,XBT,1,USD,-100000000,OFFICIAL_EXPLICIT,,"{""multiplier_major"": ""multiplier / underlyingToSettleMultiplier from the frozen instrument row"", ""snapshot_fields"": ""Directly retained from the complete frozen CSV row."", ""valid_interval"": ""listing through the registry snapshot horizon; not a claim about future exchange metadata.""}",https://docs.bitmex.com/api-explorer/get-instruments,f02a691c7f7cfd0cd08ffb7f13a656ebaf2c6ca6,7ebb5e3ec6a3d6ef75306d021b208efcbee282efdcd808e5fe49cf8859d53a8d,Current snapshot version generated locally without network access.
XBTU26-SNAPSHOT-f9a73b3e4cc1,XBTU26,BITMEX_INSTRUMENT_SNAPSHOT,2025-12-09T04:00:00Z,9999-12-31T00:00:00Z,INVERSE,XBT,USD,XBT,XBT,1,USD,-100000000,OFFICIAL_EXPLICIT,,"{""multiplier_major"": ""multiplier / underlyingToSettleMultiplier from the frozen instrument row"", ""snapshot_fields"": ""Directly retained from the complete frozen CSV row."", ""valid_interval"": ""listing through the registry snapshot horizon; not a claim about future exchange metadata.""}",https://docs.bitmex.com/api-explorer/get-instruments,f02a691c7f7cfd0cd08ffb7f13a656ebaf2c6ca6,f9a73b3e4cc16fb02f8322411d8f64f2142a3b27f29c6cdecbcebc3b9105ffd2,Current snapshot version generated locally without network access.
XBTU26-XBTH27-SNAPSHOT-939454726067,XBTU26-XBTH27,BITMEX_INSTRUMENT_SNAPSHOT,2026-07-13T04:00:00Z,9999-12-31T00:00:00Z,LINEAR,XBT,USD,XBT,XBT,,USD,1,OFFICIAL_EXPLICIT,multiplier_major,"{""multiplier_major"": ""1 / underlyingToPositionMultiplier from the frozen instrument row"", ""snapshot_fields"": ""Directly retained from the complete frozen CSV row."", ""valid_interval"": ""listing through the registry snapshot horizon; not a claim about future exchange metadata.""}",https://docs.bitmex.com/api-explorer/get-instruments,f02a691c7f7cfd0cd08ffb7f13a656ebaf2c6ca6,9394547260672efdb48a0e3934160e5864285feb44a5ec78ca1fe07667ffa5bb,Current snapshot version generated locally without network access.
XBTU26-XBTZ26-SNAPSHOT-164174a964d7,XBTU26-XBTZ26,BITMEX_INSTRUMENT_SNAPSHOT,2026-06-10T08:00:00Z,9999-12-31T00:00:00Z,LINEAR,XBT,USD,XBT,XBT,,USD,1,OFFICIAL_EXPLICIT,multiplier_major,"{""multiplier_major"": ""1 / underlyingToPositionMultiplier from the frozen instrument row"", ""snapshot_fields"": ""Directly retained from the complete frozen CSV row."", ""valid_interval"": ""listing through the registry snapshot horizon; not a claim about future exchange metadata.""}",https://docs.bitmex.com/api-explorer/get-instruments,f02a691c7f7cfd0cd08ffb7f13a656ebaf2c6ca6,164174a964d7f797830e4b50f86f9ccbb261fd020aa93b967e74a6147bdbc412,Current snapshot version generated locally without network access.
XBTUSD-SNAPSHOT-19d9fb1b3d79,XBTUSD,BITMEX_INSTRUMENT_SNAPSHOT,2016-05-13T12:00:00Z,9999-12-31T00:00:00Z,INVERSE,XBT,USD,XBT,XBT,1,USD,-100000000,OFFICIAL_EXPLICIT,,"{""multiplier_major"": ""multiplier / underlyingToSettleMultiplier from the frozen instrument row"", ""snapshot_fields"": ""Directly retained from the complete frozen CSV row."", ""valid_interval"": ""listing through the registry snapshot horizon; not a claim about future exchange metadata.""}",https://docs.bitmex.com/api-explorer/get-instruments,f02a691c7f7cfd0cd08ffb7f13a656ebaf2c6ca6,19d9fb1b3d795e2a05bd6bdd720f7b504f20189a2b6269ae11062c629c46504f,Current snapshot version generated locally without network access.
XBTUSD-XBTH27-SNAPSHOT-bd523923e8d7,XBTUSD-XBTH27,BITMEX_INSTRUMENT_SNAPSHOT,2026-07-13T04:00:00Z,9999-12-31T00:00:00Z,LINEAR,XBT,USD,XBT,XBT,,USD,1,OFFICIAL_EXPLICIT,multiplier_major,"{""multiplier_major"": ""1 / underlyingToPositionMultiplier from the frozen instrument row"", ""snapshot_fields"": ""Directly retained from the complete frozen CSV row."", ""valid_interval"": ""listing through the registry snapshot horizon; not a claim about future exchange metadata.""}",https://docs.bitmex.com/api-explorer/get-instruments,f02a691c7f7cfd0cd08ffb7f13a656ebaf2c6ca6,bd523923e8d739ebb7c8fb3180216a7795b2a7608a1b82ef7ea0923c76dce97a,Current snapshot version generated locally without network access.
XBTUSD-XBTU26-SNAPSHOT-d35e1f907fb7,XBTUSD-XBTU26,BITMEX_INSTRUMENT_SNAPSHOT,2026-06-10T08:00:00Z,9999-12-31T00:00:00Z,LINEAR,XBT,USD,XBT,XBT,,USD,1,OFFICIAL_EXPLICIT,multiplier_major,"{""multiplier_major"": ""1 / underlyingToPositionMultiplier from the frozen instrument row"", ""snapshot_fields"": ""Directly retained from the complete frozen CSV row."", ""valid_interval"": ""listing through the registry snapshot horizon; not a claim about future exchange metadata.""}",https://docs.bitmex.com/api-explorer/get-instruments,f02a691c7f7cfd0cd08ffb7f13a656ebaf2c6ca6,d35e1f907fb7605adf98bd3fbc3ab1008c076054aeb3af0c073d76aab204395b,Current snapshot version generated locally without network access.
XBTUSD-XBTZ26-SNAPSHOT-a89b4fbf6d2f,XBTUSD-XBTZ26,BITMEX_INSTRUMENT_SNAPSHOT,2026-07-07T09:00:00Z,9999-12-31T00:00:00Z,LINEAR,XBT,USD,XBT,XBT,,USD,1,OFFICIAL_EXPLICIT,multiplier_major,"{""multiplier_major"": ""1 / underlyingToPositionMultiplier from the frozen instrument row"", ""snapshot_fields"": ""Directly retained from the complete frozen CSV row."", ""valid_interval"": ""listing through the registry snapshot horizon; not a claim about future exchange metadata.""}",https://docs.bitmex.com/api-explorer/get-instruments,f02a691c7f7cfd0cd08ffb7f13a656ebaf2c6ca6,a89b4fbf6d2fd1bd01be22c0062f62a5320d42d01f4f1c3922314918409fd86f,Current snapshot version generated locally without network access.
XBTUSDT-SNAPSHOT-5760a926cb57,XBTUSDT,BITMEX_INSTRUMENT_SNAPSHOT,2021-11-10T04:00:00Z,9999-12-31T00:00:00Z,LINEAR,XBT,USDT,USDT,USDT,0.000001,XBT,1,OFFICIAL_EXPLICIT,,"{""multiplier_major"": ""1 / underlyingToPositionMultiplier from the frozen instrument row"", ""snapshot_fields"": ""Directly retained from the complete frozen CSV row."", ""valid_interval"": ""listing through the registry snapshot horizon; not a claim about future exchange metadata.""}",https://docs.bitmex.com/api-explorer/get-instruments,f02a691c7f7cfd0cd08ffb7f13a656ebaf2c6ca6,5760a926cb574e18ed8d36e6fef4b081776146f7b2fce08f5e6d04adaf959bdb,Current snapshot version generated locally without network access.
XBTUSDT-XBTUSDTU26-SNAPSHOT-e81e441925df,XBTUSDT-XBTUSDTU26,BITMEX_INSTRUMENT_SNAPSHOT,2026-06-10T08:00:00Z,9999-12-31T00:00:00Z,LINEAR,XBT,USDT,USDT,USDT,0.000001,XBT,1,OFFICIAL_EXPLICIT,,"{""multiplier_major"": ""1 / underlyingToPositionMultiplier from the frozen instrument row"", ""snapshot_fields"": ""Directly retained from the complete frozen CSV row."", ""valid_interval"": ""listing through the registry snapshot horizon; not a claim about future exchange metadata.""}",https://docs.bitmex.com/api-explorer/get-instruments,f02a691c7f7cfd0cd08ffb7f13a656ebaf2c6ca6,e81e441925dfa2d61945e0b4a432aac11da961272434b0a5a341bd7ec6f6929c,Current snapshot version generated locally without network access.
XBTUSDTH22-SNAPSHOT-c263c64cd5a8,XBTUSDTH22,BITMEX_INSTRUMENT_SNAPSHOT,2021-12-22T04:00:00Z,9999-12-31T00:00:00Z,LINEAR,XBT,USDT,USDT,USDT,0.000001,XBT,1,OFFICIAL_EXPLICIT,,"{""multiplier_major"": ""1 / underlyingToPositionMultiplier from the frozen instrument row"", ""snapshot_fields"": ""Directly retained from the complete frozen CSV row."", ""valid_interval"": ""listing through the registry snapshot horizon; not a claim about future exchange metadata.""}",https://docs.bitmex.com/api-explorer/get-instruments,f02a691c7f7cfd0cd08ffb7f13a656ebaf2c6ca6,c263c64cd5a8e0ac5c109a35c5e4c00264ede20f86875646bcafc4a8225bc364,Current snapshot version generated locally without network access.
XBTUSDTH23-SNAPSHOT-897ce73bcae8,XBTUSDTH23,BITMEX_INSTRUMENT_SNAPSHOT,2022-09-14T04:00:00Z,9999-12-31T00:00:00Z,LINEAR,XBT,USDT,USDT,USDT,0.000001,XBT,1,OFFICIAL_EXPLICIT,,"{""multiplier_major"": ""1 / underlyingToPositionMultiplier from the frozen instrument row"", ""snapshot_fields"": ""Directly retained from the complete frozen CSV row."", ""valid_interval"": ""listing through the registry snapshot horizon; not a claim about future exchange metadata.""}",https://docs.bitmex.com/api-explorer/get-instruments,f02a691c7f7cfd0cd08ffb7f13a656ebaf2c6ca6,897ce73bcae8f70c71df4bd87feaeefac3faace0829e61cb47976a21e6a7f497,Current snapshot version generated locally without network access.
XBTUSDTH24-SNAPSHOT-4200a4f48978,XBTUSDTH24,BITMEX_INSTRUMENT_SNAPSHOT,2023-12-12T04:00:00Z,9999-12-31T00:00:00Z,LINEAR,XBT,USDT,USDT,USDT,0.000001,XBT,1,OFFICIAL_EXPLICIT,,"{""multiplier_major"": ""1 / underlyingToPositionMultiplier from the frozen instrument row"", ""snapshot_fields"": ""Directly retained from the complete frozen CSV row."", ""valid_interval"": ""listing through the registry snapshot horizon; not a claim about future exchange metadata.""}",https://docs.bitmex.com/api-explorer/get-instruments,f02a691c7f7cfd0cd08ffb7f13a656ebaf2c6ca6,4200a4f48978d4803a832420ebf630404c718f689ab067f056e4a408e0860c94,Current snapshot version generated locally without network access.
XBTUSDTH25-SNAPSHOT-3c020270dd79,XBTUSDTH25,BITMEX_INSTRUMENT_SNAPSHOT,2024-12-10T04:00:00Z,9999-12-31T00:00:00Z,LINEAR,XBT,USDT,USDT,USDT,0.000001,XBT,1,OFFICIAL_EXPLICIT,,"{""multiplier_major"": ""1 / underlyingToPositionMultiplier from the frozen instrument row"", ""snapshot_fields"": ""Directly retained from the complete frozen CSV row."", ""valid_interval"": ""listing through the registry snapshot horizon; not a claim about future exchange metadata.""}",https://docs.bitmex.com/api-explorer/get-instruments,f02a691c7f7cfd0cd08ffb7f13a656ebaf2c6ca6,3c020270dd79856f00efdc0de6ee2ed545f2a2add2d26a79b33bc7d661f97bde,Current snapshot version generated locally without network access.
XBTUSDTH26-SNAPSHOT-5be8e993a2f5,XBTUSDTH26,BITMEX_INSTRUMENT_SNAPSHOT,2025-12-09T04:00:00Z,9999-12-31T00:00:00Z,LINEAR,XBT,USDT,USDT,USDT,0.000001,XBT,1,OFFICIAL_EXPLICIT,,"{""multiplier_major"": ""1 / underlyingToPositionMultiplier from the frozen instrument row"", ""snapshot_fields"": ""Directly retained from the complete frozen CSV row."", ""valid_interval"": ""listing through the registry snapshot horizon; not a claim about future exchange metadata.""}",https://docs.bitmex.com/api-explorer/get-instruments,f02a691c7f7cfd0cd08ffb7f13a656ebaf2c6ca6,5be8e993a2f5dff49e84614e478824148c3cc34cd5770fe94f364e2603183b0e,Current snapshot version generated locally without network access.
XBTUSDTM22-SNAPSHOT-644c80f10e9a,XBTUSDTM22,BITMEX_INSTRUMENT_SNAPSHOT,2022-03-16T04:00:00Z,9999-12-31T00:00:00Z,LINEAR,XBT,USDT,USDT,USDT,0.000001,XBT,1,OFFICIAL_EXPLICIT,,"{""multiplier_major"": ""1 / underlyingToPositionMultiplier from the frozen instrument row"", ""snapshot_fields"": ""Directly retained from the complete frozen CSV row."", ""valid_interval"": ""listing through the registry snapshot horizon; not a claim about future exchange metadata.""}",https://docs.bitmex.com/api-explorer/get-instruments,f02a691c7f7cfd0cd08ffb7f13a656ebaf2c6ca6,644c80f10e9ad5c2251489924d36f9707f2136750be26d0725539f4ccb8d7d30,Current snapshot version generated locally without network access.
XBTUSDTM23-SNAPSHOT-aa335940b33b,XBTUSDTM23,BITMEX_INSTRUMENT_SNAPSHOT,2022-12-14T09:00:00Z,9999-12-31T00:00:00Z,LINEAR,XBT,USDT,USDT,USDT,0.000001,XBT,1,OFFICIAL_EXPLICIT,,"{""multiplier_major"": ""1 / underlyingToPositionMultiplier from the frozen instrument row"", ""snapshot_fields"": ""Directly retained from the complete frozen CSV row."", ""valid_interval"": ""listing through the registry snapshot horizon; not a claim about future exchange metadata.""}",https://docs.bitmex.com/api-explorer/get-instruments,f02a691c7f7cfd0cd08ffb7f13a656ebaf2c6ca6,aa335940b33b783b5ec547e8f6f84a97162e50e3ca8fe98a0a2c937cd77fd151,Current snapshot version generated locally without network access.
XBTUSDTM24-SNAPSHOT-4f21f6ab1311,XBTUSDTM24,BITMEX_INSTRUMENT_SNAPSHOT,2024-03-12T04:00:00Z,9999-12-31T00:00:00Z,LINEAR,XBT,USDT,USDT,USDT,0.000001,XBT,1,OFFICIAL_EXPLICIT,,"{""multiplier_major"": ""1 / underlyingToPositionMultiplier from the frozen instrument row"", ""snapshot_fields"": ""Directly retained from the complete frozen CSV row."", ""valid_interval"": ""listing through the registry snapshot horizon; not a claim about future exchange metadata.""}",https://docs.bitmex.com/api-explorer/get-instruments,f02a691c7f7cfd0cd08ffb7f13a656ebaf2c6ca6,4f21f6ab13113d6991b57527aa0e3b400f12c56d9fc69a434ae35a5bfb01dd85,Current snapshot version generated locally without network access.
XBTUSDTM25-SNAPSHOT-41476b97a0b5,XBTUSDTM25,BITMEX_INSTRUMENT_SNAPSHOT,2025-03-11T04:00:00Z,9999-12-31T00:00:00Z,LINEAR,XBT,USDT,USDT,USDT,0.000001,XBT,1,OFFICIAL_EXPLICIT,,"{""multiplier_major"": ""1 / underlyingToPositionMultiplier from the frozen instrument row"", ""snapshot_fields"": ""Directly retained from the complete frozen CSV row."", ""valid_interval"": ""listing through the registry snapshot horizon; not a claim about future exchange metadata.""}",https://docs.bitmex.com/api-explorer/get-instruments,f02a691c7f7cfd0cd08ffb7f13a656ebaf2c6ca6,41476b97a0b50a8f35c9a4cb0728b255f701db0f951b4cbe300c7e70a7759a70,Current snapshot version generated locally without network access.
XBTUSDTM26-SNAPSHOT-75aac82b1440,XBTUSDTM26,BITMEX_INSTRUMENT_SNAPSHOT,2026-03-10T04:00:00Z,9999-12-31T00:00:00Z,LINEAR,XBT,USDT,USDT,USDT,0.000001,XBT,1,OFFICIAL_EXPLICIT,,"{""multiplier_major"": ""1 / underlyingToPositionMultiplier from the frozen instrument row"", ""snapshot_fields"": ""Directly retained from the complete frozen CSV row."", ""valid_interval"": ""listing through the registry snapshot horizon; not a claim about future exchange metadata.""}",https://docs.bitmex.com/api-explorer/get-instruments,f02a691c7f7cfd0cd08ffb7f13a656ebaf2c6ca6,75aac82b144091df1f8786a0fb687ecbf5e04dffebd2afb739aa94673961a089,Current snapshot version generated locally without network access.
XBTUSDTU22-SNAPSHOT-0b46f0d41cc2,XBTUSDTU22,BITMEX_INSTRUMENT_SNAPSHOT,2022-03-16T04:00:00Z,9999-12-31T00:00:00Z,LINEAR,XBT,USDT,USDT,USDT,0.000001,XBT,1,OFFICIAL_EXPLICIT,,"{""multiplier_major"": ""1 / underlyingToPositionMultiplier from the frozen instrument row"", ""snapshot_fields"": ""Directly retained from the complete frozen CSV row."", ""valid_interval"": ""listing through the registry snapshot horizon; not a claim about future exchange metadata.""}",https://docs.bitmex.com/api-explorer/get-instruments,f02a691c7f7cfd0cd08ffb7f13a656ebaf2c6ca6,0b46f0d41cc29d2e4324b4e8aa364a535498ec8d704af566fabef043ee249fe3,Current snapshot version generated locally without network access.
XBTUSDTU23-SNAPSHOT-e0c114db6a03,XBTUSDTU23,BITMEX_INSTRUMENT_SNAPSHOT,2022-12-14T04:00:00Z,9999-12-31T00:00:00Z,LINEAR,XBT,USDT,USDT,USDT,0.000001,XBT,1,OFFICIAL_EXPLICIT,,"{""multiplier_major"": ""1 / underlyingToPositionMultiplier from the frozen instrument row"", ""snapshot_fields"": ""Directly retained from the complete frozen CSV row."", ""valid_interval"": ""listing through the registry snapshot horizon; not a claim about future exchange metadata.""}",https://docs.bitmex.com/api-explorer/get-instruments,f02a691c7f7cfd0cd08ffb7f13a656ebaf2c6ca6,e0c114db6a03d11f96655ece53de9d3205a8500d41763fcb53731778ef518712,Current snapshot version generated locally without network access.
XBTUSDTU24-SNAPSHOT-77e510a1b5ee,XBTUSDTU24,BITMEX_INSTRUMENT_SNAPSHOT,2024-06-11T04:00:00Z,9999-12-31T00:00:00Z,LINEAR,XBT,USDT,USDT,USDT,0.000001,XBT,1,OFFICIAL_EXPLICIT,,"{""multiplier_major"": ""1 / underlyingToPositionMultiplier from the frozen instrument row"", ""snapshot_fields"": ""Directly retained from the complete frozen CSV row."", ""valid_interval"": ""listing through the registry snapshot horizon; not a claim about future exchange metadata.""}",https://docs.bitmex.com/api-explorer/get-instruments,f02a691c7f7cfd0cd08ffb7f13a656ebaf2c6ca6,77e510a1b5eed3532541fe2c5e2c71ce527d6a1bda86bcdc67a43ba2355ef070,Current snapshot version generated locally without network access.
XBTUSDTU25-SNAPSHOT-11b723a1b9a8,XBTUSDTU25,BITMEX_INSTRUMENT_SNAPSHOT,2025-06-10T04:00:00Z,9999-12-31T00:00:00Z,LINEAR,XBT,USDT,USDT,USDT,0.000001,XBT,1,OFFICIAL_EXPLICIT,,"{""multiplier_major"": ""1 / underlyingToPositionMultiplier from the frozen instrument row"", ""snapshot_fields"": ""Directly retained from the complete frozen CSV row."", ""valid_interval"": ""listing through the registry snapshot horizon; not a claim about future exchange metadata.""}",https://docs.bitmex.com/api-explorer/get-instruments,f02a691c7f7cfd0cd08ffb7f13a656ebaf2c6ca6,11b723a1b9a8c23727fdd8c9670d6b802382d66baf90347c887b110fc62179d5,Current snapshot version generated locally without network access.
XBTUSDTU26-SNAPSHOT-2d99abeb9aa7,XBTUSDTU26,BITMEX_INSTRUMENT_SNAPSHOT,2026-06-09T04:00:00Z,9999-12-31T00:00:00Z,LINEAR,XBT,USDT,USDT,USDT,0.000001,XBT,1,OFFICIAL_EXPLICIT,,"{""multiplier_major"": ""1 / underlyingToPositionMultiplier from the frozen instrument row"", ""snapshot_fields"": ""Directly retained from the complete frozen CSV row."", ""valid_interval"": ""listing through the registry snapshot horizon; not a claim about future exchange metadata.""}",https://docs.bitmex.com/api-explorer/get-instruments,f02a691c7f7cfd0cd08ffb7f13a656ebaf2c6ca6,2d99abeb9aa7e9d755c254d98df204d1a9ef572915f8c48014e118d5fe8fc13d,Current snapshot version generated locally without network access.
XBTUSDTZ21-SNAPSHOT-7b208342981a,XBTUSDTZ21,BITMEX_INSTRUMENT_SNAPSHOT,2021-11-10T04:00:00Z,9999-12-31T00:00:00Z,LINEAR,XBT,USDT,USDT,USDT,0.000001,XBT,1,OFFICIAL_EXPLICIT,,"{""multiplier_major"": ""1 / underlyingToPositionMultiplier from the frozen instrument row"", ""snapshot_fields"": ""Directly retained from the complete frozen CSV row."", ""valid_interval"": ""listing through the registry snapshot horizon; not a claim about future exchange metadata.""}",https://docs.bitmex.com/api-explorer/get-instruments,f02a691c7f7cfd0cd08ffb7f13a656ebaf2c6ca6,7b208342981a604f7016b1e4421952e5fb198f22524ef3096907002045bf6cec,Current snapshot version generated locally without network access.
XBTUSDTZ22-SNAPSHOT-62e1ed26cdda,XBTUSDTZ22,BITMEX_INSTRUMENT_SNAPSHOT,2022-06-15T04:00:00Z,9999-12-31T00:00:00Z,LINEAR,XBT,USDT,USDT,USDT,0.000001,XBT,1,OFFICIAL_EXPLICIT,,"{""multiplier_major"": ""1 / underlyingToPositionMultiplier from the frozen instrument row"", ""snapshot_fields"": ""Directly retained from the complete frozen CSV row."", ""valid_interval"": ""listing through the registry snapshot horizon; not a claim about future exchange metadata.""}",https://docs.bitmex.com/api-explorer/get-instruments,f02a691c7f7cfd0cd08ffb7f13a656ebaf2c6ca6,62e1ed26cdda98e50c283378d22510cb23ffd1cefd3a7396b8604a21c73cfe43,Current snapshot version generated locally without network access.
XBTUSDTZ23-SNAPSHOT-26172191fe6d,XBTUSDTZ23,BITMEX_INSTRUMENT_SNAPSHOT,2023-09-12T04:00:00Z,9999-12-31T00:00:00Z,LINEAR,XBT,USDT,USDT,USDT,0.000001,XBT,1,OFFICIAL_EXPLICIT,,"{""multiplier_major"": ""1 / underlyingToPositionMultiplier from the frozen instrument row"", ""snapshot_fields"": ""Directly retained from the complete frozen CSV row."", ""valid_interval"": ""listing through the registry snapshot horizon; not a claim about future exchange metadata.""}",https://docs.bitmex.com/api-explorer/get-instruments,f02a691c7f7cfd0cd08ffb7f13a656ebaf2c6ca6,26172191fe6de1616f15d68edc5d4910cda2f44079ce41e06b82c258c3864a27,Current snapshot version generated locally without network access.
XBTUSDTZ24-SNAPSHOT-2baaf8bc1470,XBTUSDTZ24,BITMEX_INSTRUMENT_SNAPSHOT,2024-09-10T04:00:00Z,9999-12-31T00:00:00Z,LINEAR,XBT,USDT,USDT,USDT,0.000001,XBT,1,OFFICIAL_EXPLICIT,,"{""multiplier_major"": ""1 / underlyingToPositionMultiplier from the frozen instrument row"", ""snapshot_fields"": ""Directly retained from the complete frozen CSV row."", ""valid_interval"": ""listing through the registry snapshot horizon; not a claim about future exchange metadata.""}",https://docs.bitmex.com/api-explorer/get-instruments,f02a691c7f7cfd0cd08ffb7f13a656ebaf2c6ca6,2baaf8bc14709c32a97a83a25fd018d41723cb083dd939073164db9d256c0e73,Current snapshot version generated locally without network access.
XBTUSDTZ25-SNAPSHOT-ad75a56792ee,XBTUSDTZ25,BITMEX_INSTRUMENT_SNAPSHOT,2025-09-09T04:00:00Z,9999-12-31T00:00:00Z,LINEAR,XBT,USDT,USDT,USDT,0.000001,XBT,1,OFFICIAL_EXPLICIT,,"{""multiplier_major"": ""1 / underlyingToPositionMultiplier from the frozen instrument row"", ""snapshot_fields"": ""Directly retained from the complete frozen CSV row."", ""valid_interval"": ""listing through the registry snapshot horizon; not a claim about future exchange metadata.""}",https://docs.bitmex.com/api-explorer/get-instruments,f02a691c7f7cfd0cd08ffb7f13a656ebaf2c6ca6,ad75a56792ee774e69145406c24f547cbe60bbcfb1908fb18aff2567368cb6d7,Current snapshot version generated locally without network access.
XBTV21-SNAPSHOT-40299075cc3d,XBTV21,BITMEX_INSTRUMENT_SNAPSHOT,2021-09-23T04:00:00Z,9999-12-31T00:00:00Z,INVERSE,XBT,USD,XBT,XBT,1,USD,-100000000,OFFICIAL_EXPLICIT,,"{""multiplier_major"": ""multiplier / underlyingToSettleMultiplier from the frozen instrument row"", ""snapshot_fields"": ""Directly retained from the complete frozen CSV row."", ""valid_interval"": ""listing through the registry snapshot horizon; not a claim about future exchange metadata.""}",https://docs.bitmex.com/api-explorer/get-instruments,f02a691c7f7cfd0cd08ffb7f13a656ebaf2c6ca6,40299075cc3d6c40c41e75160dd973801f59f3c228352c192d6bb7eb5197e70a,Current snapshot version generated locally without network access.
XBTV22-SNAPSHOT-99d1b8a98e73,XBTV22,BITMEX_INSTRUMENT_SNAPSHOT,2022-09-01T04:00:00Z,9999-12-31T00:00:00Z,INVERSE,XBT,USD,XBT,XBT,1,USD,-100000000,OFFICIAL_EXPLICIT,,"{""multiplier_major"": ""multiplier / underlyingToSettleMultiplier from the frozen instrument row"", ""snapshot_fields"": ""Directly retained from the complete frozen CSV row."", ""valid_interval"": ""listing through the registry snapshot horizon; not a claim about future exchange metadata.""}",https://docs.bitmex.com/api-explorer/get-instruments,f02a691c7f7cfd0cd08ffb7f13a656ebaf2c6ca6,99d1b8a98e738f8e582163747481e23b2b4a8299d3f8e34348b1f2dc1288123e,Current snapshot version generated locally without network access.
XBTV23-SNAPSHOT-ed70c44b12cf,XBTV23,BITMEX_INSTRUMENT_SNAPSHOT,2023-08-29T04:00:00Z,9999-12-31T00:00:00Z,INVERSE,XBT,USD,XBT,XBT,1,USD,-100000000,OFFICIAL_EXPLICIT,,"{""multiplier_major"": ""multiplier / underlyingToSettleMultiplier from the frozen instrument row"", ""snapshot_fields"": ""Directly retained from the complete frozen CSV row."", ""valid_interval"": ""listing through the registry snapshot horizon; not a claim about future exchange metadata.""}",https://docs.bitmex.com/api-explorer/get-instruments,f02a691c7f7cfd0cd08ffb7f13a656ebaf2c6ca6,ed70c44b12cf18006aa4e80fdfde11b40432b2e2fe740f0952e48c8bf4c8f3a0,Current snapshot version generated locally without network access.
XBTV24-SNAPSHOT-a142b72dbeab,XBTV24,BITMEX_INSTRUMENT_SNAPSHOT,2024-08-27T04:00:00Z,9999-12-31T00:00:00Z,INVERSE,XBT,USD,XBT,XBT,1,USD,-100000000,OFFICIAL_EXPLICIT,,"{""multiplier_major"": ""multiplier / underlyingToSettleMultiplier from the frozen instrument row"", ""snapshot_fields"": ""Directly retained from the complete frozen CSV row."", ""valid_interval"": ""listing through the registry snapshot horizon; not a claim about future exchange metadata.""}",https://docs.bitmex.com/api-explorer/get-instruments,f02a691c7f7cfd0cd08ffb7f13a656ebaf2c6ca6,a142b72dbeabf22657cd7ea5e16981e6675c04ddb9a5e297caae77e09ae3b0be,Current snapshot version generated locally without network access.
XBTV25-SNAPSHOT-5560ee1dcf86,XBTV25,BITMEX_INSTRUMENT_SNAPSHOT,2025-08-26T04:00:00Z,9999-12-31T00:00:00Z,INVERSE,XBT,USD,XBT,XBT,1,USD,-100000000,OFFICIAL_EXPLICIT,,"{""multiplier_major"": ""multiplier / underlyingToSettleMultiplier from the frozen instrument row"", ""snapshot_fields"": ""Directly retained from the complete frozen CSV row."", ""valid_interval"": ""listing through the registry snapshot horizon; not a claim about future exchange metadata.""}",https://docs.bitmex.com/api-explorer/get-instruments,f02a691c7f7cfd0cd08ffb7f13a656ebaf2c6ca6,5560ee1dcf8683802bc9642c306feea6d5d173c60240a6bde95cdfb9a4d4b8c3,Current snapshot version generated locally without network access.
XBTX21-SNAPSHOT-4576c662aaa5,XBTX21,BITMEX_INSTRUMENT_SNAPSHOT,2021-10-20T04:00:00Z,9999-12-31T00:00:00Z,INVERSE,XBT,USD,XBT,XBT,1,USD,-100000000,OFFICIAL_EXPLICIT,,"{""multiplier_major"": ""multiplier / underlyingToSettleMultiplier from the frozen instrument row"", ""snapshot_fields"": ""Directly retained from the complete frozen CSV row."", ""valid_interval"": ""listing through the registry snapshot horizon; not a claim about future exchange metadata.""}",https://docs.bitmex.com/api-explorer/get-instruments,f02a691c7f7cfd0cd08ffb7f13a656ebaf2c6ca6,4576c662aaa56f9d3f1b56046b165d889981a49fc3c0e38e3c1fd4829229f5c7,Current snapshot version generated locally without network access.
XBTX22-SNAPSHOT-d6acf4123ef3,XBTX22,BITMEX_INSTRUMENT_SNAPSHOT,2022-10-12T04:00:00Z,9999-12-31T00:00:00Z,INVERSE,XBT,USD,XBT,XBT,1,USD,-100000000,OFFICIAL_EXPLICIT,,"{""multiplier_major"": ""multiplier / underlyingToSettleMultiplier from the frozen instrument row"", ""snapshot_fields"": ""Directly retained from the complete frozen CSV row."", ""valid_interval"": ""listing through the registry snapshot horizon; not a claim about future exchange metadata.""}",https://docs.bitmex.com/api-explorer/get-instruments,f02a691c7f7cfd0cd08ffb7f13a656ebaf2c6ca6,d6acf4123ef35c6548727c0921a8107eaee4f80d1bad867527770dfddd15de5a,Current snapshot version generated locally without network access.
XBTX23-SNAPSHOT-5aa8fa70e8f6,XBTX23,BITMEX_INSTRUMENT_SNAPSHOT,2023-09-26T04:00:00Z,9999-12-31T00:00:00Z,INVERSE,XBT,USD,XBT,XBT,1,USD,-100000000,OFFICIAL_EXPLICIT,,"{""multiplier_major"": ""multiplier / underlyingToSettleMultiplier from the frozen instrument row"", ""snapshot_fields"": ""Directly retained from the complete frozen CSV row."", ""valid_interval"": ""listing through the registry snapshot horizon; not a claim about future exchange metadata.""}",https://docs.bitmex.com/api-explorer/get-instruments,f02a691c7f7cfd0cd08ffb7f13a656ebaf2c6ca6,5aa8fa70e8f6d1c143d9285bd80a52e975af49e7dea6d9beb5868497bcede651,Current snapshot version generated locally without network access.
XBTX24-SNAPSHOT-357dc404f79a,XBTX24,BITMEX_INSTRUMENT_SNAPSHOT,2024-09-24T04:00:00Z,9999-12-31T00:00:00Z,INVERSE,XBT,USD,XBT,XBT,1,USD,-100000000,OFFICIAL_EXPLICIT,,"{""multiplier_major"": ""multiplier / underlyingToSettleMultiplier from the frozen instrument row"", ""snapshot_fields"": ""Directly retained from the complete frozen CSV row."", ""valid_interval"": ""listing through the registry snapshot horizon; not a claim about future exchange metadata.""}",https://docs.bitmex.com/api-explorer/get-instruments,f02a691c7f7cfd0cd08ffb7f13a656ebaf2c6ca6,357dc404f79a00ee15987bb289ee0ddeb9b16ca73e8ce075e73d60741185c3a7,Current snapshot version generated locally without network access.
XBTX25-SNAPSHOT-6896a9a99870,XBTX25,BITMEX_INSTRUMENT_SNAPSHOT,2025-09-23T04:00:00Z,9999-12-31T00:00:00Z,INVERSE,XBT,USD,XBT,XBT,1,USD,-100000000,OFFICIAL_EXPLICIT,,"{""multiplier_major"": ""multiplier / underlyingToSettleMultiplier from the frozen instrument row"", ""snapshot_fields"": ""Directly retained from the complete frozen CSV row."", ""valid_interval"": ""listing through the registry snapshot horizon; not a claim about future exchange metadata.""}",https://docs.bitmex.com/api-explorer/get-instruments,f02a691c7f7cfd0cd08ffb7f13a656ebaf2c6ca6,6896a9a9987097424fab999dcf8668750e57117cfed80b8e2d0c245ec92aa915,Current snapshot version generated locally without network access.
XBTZ16-SNAPSHOT-2d8fd42f3412,XBTZ16,BITMEX_INSTRUMENT_SNAPSHOT,2016-10-26T12:00:00Z,9999-12-31T00:00:00Z,INVERSE,XBT,USD,XBT,XBT,1,USD,-100000000,OFFICIAL_EXPLICIT,,"{""multiplier_major"": ""multiplier / underlyingToSettleMultiplier from the frozen instrument row"", ""snapshot_fields"": ""Directly retained from the complete frozen CSV row."", ""valid_interval"": ""listing through the registry snapshot horizon; not a claim about future exchange metadata.""}",https://docs.bitmex.com/api-explorer/get-instruments,f02a691c7f7cfd0cd08ffb7f13a656ebaf2c6ca6,2d8fd42f3412943c5133b4c6a8acaca3f11a0dd4ccddad77f0fd90683e9623f5,Current snapshot version generated locally without network access.
XBTZ17-SNAPSHOT-69befa6126d7,XBTZ17,BITMEX_INSTRUMENT_SNAPSHOT,2017-09-14T08:00:00Z,9999-12-31T00:00:00Z,INVERSE,XBT,USD,XBT,XBT,1,USD,-100000000,OFFICIAL_EXPLICIT,,"{""multiplier_major"": ""multiplier / underlyingToSettleMultiplier from the frozen instrument row"", ""snapshot_fields"": ""Directly retained from the complete frozen CSV row."", ""valid_interval"": ""listing through the registry snapshot horizon; not a claim about future exchange metadata.""}",https://docs.bitmex.com/api-explorer/get-instruments,f02a691c7f7cfd0cd08ffb7f13a656ebaf2c6ca6,69befa6126d79559bfeeadbfb92ffd25d446ac1a87ea4442bf8183818a786d73,Current snapshot version generated locally without network access.
XBTZ18-SNAPSHOT-36b02a0736ef,XBTZ18,BITMEX_INSTRUMENT_SNAPSHOT,2018-07-02T00:00:00Z,9999-12-31T00:00:00Z,INVERSE,XBT,USD,XBT,XBT,1,USD,-100000000,OFFICIAL_EXPLICIT,,"{""multiplier_major"": ""multiplier / underlyingToSettleMultiplier from the frozen instrument row"", ""snapshot_fields"": ""Directly retained from the complete frozen CSV row."", ""valid_interval"": ""listing through the registry snapshot horizon; not a claim about future exchange metadata.""}",https://docs.bitmex.com/api-explorer/get-instruments,f02a691c7f7cfd0cd08ffb7f13a656ebaf2c6ca6,36b02a0736efd484be2f53240cb16fcf7c1bf5f68b608e691dc8089af3c64768,Current snapshot version generated locally without network access.
XBTZ19-SNAPSHOT-56996c9b7e31,XBTZ19,BITMEX_INSTRUMENT_SNAPSHOT,2019-06-14T08:00:00Z,9999-12-31T00:00:00Z,INVERSE,XBT,USD,XBT,XBT,1,USD,-100000000,OFFICIAL_EXPLICIT,,"{""multiplier_major"": ""multiplier / underlyingToSettleMultiplier from the frozen instrument row"", ""snapshot_fields"": ""Directly retained from the complete frozen CSV row."", ""valid_interval"": ""listing through the registry snapshot horizon; not a claim about future exchange metadata.""}",https://docs.bitmex.com/api-explorer/get-instruments,f02a691c7f7cfd0cd08ffb7f13a656ebaf2c6ca6,56996c9b7e319ba58ccd11725f4c579b6432ed16d860cc1270fdcec800f1b358,Current snapshot version generated locally without network access.
XBTZ20-SNAPSHOT-7ec75e59ff78,XBTZ20,BITMEX_INSTRUMENT_SNAPSHOT,2020-06-12T08:00:00Z,9999-12-31T00:00:00Z,INVERSE,XBT,USD,XBT,XBT,1,USD,-100000000,OFFICIAL_EXPLICIT,,"{""multiplier_major"": ""multiplier / underlyingToSettleMultiplier from the frozen instrument row"", ""snapshot_fields"": ""Directly retained from the complete frozen CSV row."", ""valid_interval"": ""listing through the registry snapshot horizon; not a claim about future exchange metadata.""}",https://docs.bitmex.com/api-explorer/get-instruments,f02a691c7f7cfd0cd08ffb7f13a656ebaf2c6ca6,7ec75e59ff781fc91951be5fac3e74101f40bf1926599e5fc97ee52e11fcbbe7,Current snapshot version generated locally without network access.
XBTZ21-SNAPSHOT-15829e5dcf09,XBTZ21,BITMEX_INSTRUMENT_SNAPSHOT,2021-06-16T08:00:00Z,9999-12-31T00:00:00Z,INVERSE,XBT,USD,XBT,XBT,1,USD,-100000000,OFFICIAL_EXPLICIT,,"{""multiplier_major"": ""multiplier / underlyingToSettleMultiplier from the frozen instrument row"", ""snapshot_fields"": ""Directly retained from the complete frozen CSV row."", ""valid_interval"": ""listing through the registry snapshot horizon; not a claim about future exchange metadata.""}",https://docs.bitmex.com/api-explorer/get-instruments,f02a691c7f7cfd0cd08ffb7f13a656ebaf2c6ca6,15829e5dcf09044aa42b5ced964aff38af2b5e0fc3509ff6d6d4fa74f051b9e2,Current snapshot version generated locally without network access.
XBTZ22-SNAPSHOT-0f919cabf044,XBTZ22,BITMEX_INSTRUMENT_SNAPSHOT,2022-03-16T04:00:00Z,9999-12-31T00:00:00Z,INVERSE,XBT,USD,XBT,XBT,1,USD,-100000000,OFFICIAL_EXPLICIT,,"{""multiplier_major"": ""multiplier / underlyingToSettleMultiplier from the frozen instrument row"", ""snapshot_fields"": ""Directly retained from the complete frozen CSV row."", ""valid_interval"": ""listing through the registry snapshot horizon; not a claim about future exchange metadata.""}",https://docs.bitmex.com/api-explorer/get-instruments,f02a691c7f7cfd0cd08ffb7f13a656ebaf2c6ca6,0f919cabf044e46d016ad0c3736dad310774930503e60107041024c817e255e9,Current snapshot version generated locally without network access.
XBTZ23-SNAPSHOT-40f61c503481,XBTZ23,BITMEX_INSTRUMENT_SNAPSHOT,2023-03-14T04:00:00Z,9999-12-31T00:00:00Z,INVERSE,XBT,USD,XBT,XBT,1,USD,-100000000,OFFICIAL_EXPLICIT,,"{""multiplier_major"": ""multiplier / underlyingToSettleMultiplier from the frozen instrument row"", ""snapshot_fields"": ""Directly retained from the complete frozen CSV row."", ""valid_interval"": ""listing through the registry snapshot horizon; not a claim about future exchange metadata.""}",https://docs.bitmex.com/api-explorer/get-instruments,f02a691c7f7cfd0cd08ffb7f13a656ebaf2c6ca6,40f61c50348126b8a46e06b23d2f0c9758cd055aca8c51f1d1dbbca72bfcdedf,Current snapshot version generated locally without network access.
XBTZ24-SNAPSHOT-cc3e2fdd695e,XBTZ24,BITMEX_INSTRUMENT_SNAPSHOT,2024-03-12T04:00:00Z,9999-12-31T00:00:00Z,INVERSE,XBT,USD,XBT,XBT,1,USD,-100000000,OFFICIAL_EXPLICIT,,"{""multiplier_major"": ""multiplier / underlyingToSettleMultiplier from the frozen instrument row"", ""snapshot_fields"": ""Directly retained from the complete frozen CSV row."", ""valid_interval"": ""listing through the registry snapshot horizon; not a claim about future exchange metadata.""}",https://docs.bitmex.com/api-explorer/get-instruments,f02a691c7f7cfd0cd08ffb7f13a656ebaf2c6ca6,cc3e2fdd695e64c48debbf66ba1fe1188f88b3b8c861c1c57682fdb81bc93ae3,Current snapshot version generated locally without network access.
XBTZ25-SNAPSHOT-25deb0e5f179,XBTZ25,BITMEX_INSTRUMENT_SNAPSHOT,2025-03-11T04:00:00Z,9999-12-31T00:00:00Z,INVERSE,XBT,USD,XBT,XBT,1,USD,-100000000,OFFICIAL_EXPLICIT,,"{""multiplier_major"": ""multiplier / underlyingToSettleMultiplier from the frozen instrument row"", ""snapshot_fields"": ""Directly retained from the complete frozen CSV row."", ""valid_interval"": ""listing through the registry snapshot horizon; not a claim about future exchange metadata.""}",https://docs.bitmex.com/api-explorer/get-instruments,f02a691c7f7cfd0cd08ffb7f13a656ebaf2c6ca6,25deb0e5f179adf163bca9d6124628c22588127eb9bbcf15f308820d5a424ad1,Current snapshot version generated locally without network access.
XBTZ26-SNAPSHOT-b8a12f940a30,XBTZ26,BITMEX_INSTRUMENT_SNAPSHOT,2026-03-10T04:00:00Z,9999-12-31T00:00:00Z,INVERSE,XBT,USD,XBT,XBT,1,USD,-100000000,OFFICIAL_EXPLICIT,,"{""multiplier_major"": ""multiplier / underlyingToSettleMultiplier from the frozen instrument row"", ""snapshot_fields"": ""Directly retained from the complete frozen CSV row."", ""valid_interval"": ""listing through the registry snapshot horizon; not a claim about future exchange metadata.""}",https://docs.bitmex.com/api-explorer/get-instruments,f02a691c7f7cfd0cd08ffb7f13a656ebaf2c6ca6,b8a12f940a3070ffb182d3c1741fb155e20ad086f6e5bdb85acf12e0c73464bd,Current snapshot version generated locally without network access.
XBTZ26-XBTH27-SNAPSHOT-d9e1470d7435,XBTZ26-XBTH27,BITMEX_INSTRUMENT_SNAPSHOT,2026-07-13T04:00:00Z,9999-12-31T00:00:00Z,LINEAR,XBT,USD,XBT,XBT,,USD,1,OFFICIAL_EXPLICIT,multiplier_major,"{""multiplier_major"": ""1 / underlyingToPositionMultiplier from the frozen instrument row"", ""snapshot_fields"": ""Directly retained from the complete frozen CSV row."", ""valid_interval"": ""listing through the registry snapshot horizon; not a claim about future exchange metadata.""}",https://docs.bitmex.com/api-explorer/get-instruments,f02a691c7f7cfd0cd08ffb7f13a656ebaf2c6ca6,d9e1470d7435f8beb74a4be625a54e5274cda20c231c08a2a321fbd000e9098a,Current snapshot version generated locally without network access.
XBT_USDT-XBTUSDT-SNAPSHOT-332a51da3308,XBT_USDT-XBTUSDT,BITMEX_INSTRUMENT_SNAPSHOT,2026-06-10T08:00:00Z,9999-12-31T00:00:00Z,LINEAR,XBT,USDT,USDT,USDT,0.000001,XBT,1,OFFICIAL_EXPLICIT,,"{""multiplier_major"": ""1 / underlyingToPositionMultiplier from the frozen instrument row"", ""snapshot_fields"": ""Directly retained from the complete frozen CSV row."", ""valid_interval"": ""listing through the registry snapshot horizon; not a claim about future exchange metadata.""}",https://docs.bitmex.com/api-explorer/get-instruments,f02a691c7f7cfd0cd08ffb7f13a656ebaf2c6ca6,332a51da3308154ecaabfe9580903b32a642fa77f07148bd147eb1b3cca8fec3,Current snapshot version generated locally without network access.
XBT_USDT-XBTUSDTU26-SNAPSHOT-1571d1ec9623,XBT_USDT-XBTUSDTU26,BITMEX_INSTRUMENT_SNAPSHOT,2026-07-13T10:00:00Z,9999-12-31T00:00:00Z,LINEAR,XBT,USDT,USDT,USDT,0.000001,USDT,1,OFFICIAL_EXPLICIT,,"{""multiplier_major"": ""1 / underlyingToPositionMultiplier from the frozen instrument row"", ""snapshot_fields"": ""Directly retained from the complete frozen CSV row."", ""valid_interval"": ""listing through the registry snapshot horizon; not a claim about future exchange metadata.""}",https://docs.bitmex.com/api-explorer/get-instruments,f02a691c7f7cfd0cd08ffb7f13a656ebaf2c6ca6,1571d1ec96233b6c04b09b73d82f2d0aaa1cf56370c748afb8cbaea51f421eae,Current snapshot version generated locally without network access.
XBU24H-SNAPSHOT-d4da151896d9,XBU24H,BITMEX_INSTRUMENT_SNAPSHOT,2015-09-22T12:00:00Z,9999-12-31T00:00:00Z,INVERSE,XBT,USD,XBT,XBT,1,USD,-100000000,OFFICIAL_EXPLICIT,,"{""multiplier_major"": ""multiplier / underlyingToSettleMultiplier from the frozen instrument row"", ""snapshot_fields"": ""Directly retained from the complete frozen CSV row."", ""valid_interval"": ""listing through the registry snapshot horizon; not a claim about future exchange metadata.""}",https://docs.bitmex.com/api-explorer/get-instruments,f02a691c7f7cfd0cd08ffb7f13a656ebaf2c6ca6,d4da151896d9df43531f6b06b85059e1aed9beb76c9f5371b1bc8d8c17bac73d,Current snapshot version generated locally without network access.
XBU7D-SNAPSHOT-f5ca41256a77,XBU7D,BITMEX_INSTRUMENT_SNAPSHOT,2016-05-06T12:00:00Z,9999-12-31T00:00:00Z,INVERSE,XBT,USD,XBT,XBT,1,USD,-10000000000,OFFICIAL_EXPLICIT,,"{""multiplier_major"": ""multiplier / underlyingToSettleMultiplier from the frozen instrument row"", ""snapshot_fields"": ""Directly retained from the complete frozen CSV row."", ""valid_interval"": ""listing through the registry snapshot horizon; not a claim about future exchange metadata.""}",https://docs.bitmex.com/api-explorer/get-instruments,f02a691c7f7cfd0cd08ffb7f13a656ebaf2c6ca6,f5ca41256a77ee614497f602b571a9f8bdb679695f6e9c560a1b8cbe5d168926,Current snapshot version generated locally without network access.
XLMF18-SNAPSHOT-beccdd551c69,XLMF18,BITMEX_INSTRUMENT_SNAPSHOT,2018-01-16T02:00:00Z,9999-12-31T00:00:00Z,LINEAR,XLM,XBT,XBT,XBT,1,XLM,100000000,OFFICIAL_EXPLICIT,,"{""multiplier_major"": ""1 / underlyingToPositionMultiplier from the frozen instrument row"", ""snapshot_fields"": ""Directly retained from the complete frozen CSV row."", ""valid_interval"": ""listing through the registry snapshot horizon; not a claim about future exchange metadata.""}",https://docs.bitmex.com/api-explorer/get-instruments,f02a691c7f7cfd0cd08ffb7f13a656ebaf2c6ca6,beccdd551c69aa24caef4fa3034632e9274111bf33e758a769bc436b794da6b0,Current snapshot version generated locally without network access.
XLMH18-SNAPSHOT-3bd3bcab5f31,XLMH18,BITMEX_INSTRUMENT_SNAPSHOT,2018-01-25T02:00:00Z,9999-12-31T00:00:00Z,LINEAR,XLM,XBT,XBT,XBT,1,XLM,100000000,OFFICIAL_EXPLICIT,,"{""multiplier_major"": ""1 / underlyingToPositionMultiplier from the frozen instrument row"", ""snapshot_fields"": ""Directly retained from the complete frozen CSV row."", ""valid_interval"": ""listing through the registry snapshot horizon; not a claim about future exchange metadata.""}",https://docs.bitmex.com/api-explorer/get-instruments,f02a691c7f7cfd0cd08ffb7f13a656ebaf2c6ca6,3bd3bcab5f314042ed23c258808003811b4549af6cd0bac23c1e6b9775fcf45b,Current snapshot version generated locally without network access.
XLMUSDT-QUANTO-XBT-2021,XLMUSDT,CONFIGURED_HISTORICAL,2021-03-17T04:00:00Z,2021-11-02T12:00:00Z,QUANTO,,USDT,XBT,XBT,0.001,XBT,100000,OFFICIAL_PARTIAL_EXECUTION_VALIDATED,underlying,"{""execution_cross_check"": ""53/53 Trade rows agree."", ""multiplier_major"": ""Execution-derived and exact across 53 Trade rows; official source validates Quanto/XBT.""}",https://www.bitmex.com/blog/six-new-altcoin-perpetual-swaps-launching-on-bitmex-in-march;https://www.bitmex.com/blog/axs-eos-link-sol-aave-matic-srm-sushi-trx-uni-vet-and-xlm-quanto-perpetuals-new-listing-and-early-settlement-of-contracts-due-to-naming-conventions,,,Multiplier is explicitly execution-validated; underlying is null rather than guessed.
XLMUSDT-SNAPSHOT-5e4f9e7e7f8e,XLMUSDT,BITMEX_INSTRUMENT_SNAPSHOT,2025-07-15T12:00:00Z,9999-12-31T00:00:00Z,LINEAR,XLM,USDT,USDT,USDT,0.01,XLM,10000,OFFICIAL_EXPLICIT,,"{""multiplier_major"": ""1 / underlyingToPositionMultiplier from the frozen instrument row"", ""snapshot_fields"": ""Directly retained from the complete frozen CSV row."", ""valid_interval"": ""listing through the registry snapshot horizon; not a claim about future exchange metadata.""}",https://docs.bitmex.com/api-explorer/get-instruments,f02a691c7f7cfd0cd08ffb7f13a656ebaf2c6ca6,5e4f9e7e7f8ee713466343ead443ca697af793aed783976de28052c9b7133f67,Current snapshot version generated locally without network access.
XLT7D-SNAPSHOT-5e9ffb4f1a22,XLT7D,BITMEX_INSTRUMENT_SNAPSHOT,2016-02-12T12:00:00Z,9999-12-31T00:00:00Z,QUANTO,XLT,USD,XBT,XBT,0.001,XBT,100000,OFFICIAL_EXPLICIT,,"{""multiplier_major"": ""multiplier / 100000000 XBt per the frozen BitMEX instrument snapshot"", ""snapshot_fields"": ""Directly retained from the complete frozen CSV row."", ""valid_interval"": ""listing through the registry snapshot horizon; not a claim about future exchange metadata.""}",https://docs.bitmex.com/api-explorer/get-instruments,f02a691c7f7cfd0cd08ffb7f13a656ebaf2c6ca6,5e9ffb4f1a226afaf7d76c6419c44663a6d8397c9224d63d3b5de10d520952d7,Current snapshot version generated locally without network access.
XMR7D-SNAPSHOT-e0a4330721d2,XMR7D,BITMEX_INSTRUMENT_SNAPSHOT,2017-03-17T12:00:00Z,9999-12-31T00:00:00Z,LINEAR,XMR,XBT,XBT,XBT,1,XMR,100000000,OFFICIAL_EXPLICIT,,"{""multiplier_major"": ""1 / underlyingToPositionMultiplier from the frozen instrument row"", ""snapshot_fields"": ""Directly retained from the complete frozen CSV row."", ""valid_interval"": ""listing through the registry snapshot horizon; not a claim about future exchange metadata.""}",https://docs.bitmex.com/api-explorer/get-instruments,f02a691c7f7cfd0cd08ffb7f13a656ebaf2c6ca6,e0a4330721d2cf51ee88cfc5ddede00d431949b3f757f468d52527d4a5ba4cd5,Current snapshot version generated locally without network access.
XMRH18-SNAPSHOT-d7cf83717824,XMRH18,BITMEX_INSTRUMENT_SNAPSHOT,2017-12-15T04:00:00Z,9999-12-31T00:00:00Z,LINEAR,XMR,XBT,XBT,XBT,1,XMR,100000000,OFFICIAL_EXPLICIT,,"{""multiplier_major"": ""1 / underlyingToPositionMultiplier from the frozen instrument row"", ""snapshot_fields"": ""Directly retained from the complete frozen CSV row."", ""valid_interval"": ""listing through the registry snapshot horizon; not a claim about future exchange metadata.""}",https://docs.bitmex.com/api-explorer/get-instruments,f02a691c7f7cfd0cd08ffb7f13a656ebaf2c6ca6,d7cf8371782441e2be34f4c4698e2fc89ab1188c2da9d09e0543b76b467ab3cd,Current snapshot version generated locally without network access.
XMRJ17-SNAPSHOT-747fc5bfdbbf,XMRJ17,BITMEX_INSTRUMENT_SNAPSHOT,2017-03-24T02:00:00Z,9999-12-31T00:00:00Z,LINEAR,XMR,XBT,XBT,XBT,1,XMR,100000000,OFFICIAL_EXPLICIT,,"{""multiplier_major"": ""1 / underlyingToPositionMultiplier from the frozen instrument row"", ""snapshot_fields"": ""Directly retained from the complete frozen CSV row."", ""valid_interval"": ""listing through the registry snapshot horizon; not a claim about future exchange metadata.""}",https://docs.bitmex.com/api-explorer/get-instruments,f02a691c7f7cfd0cd08ffb7f13a656ebaf2c6ca6,747fc5bfdbbfc0e30720bd506d4d9bed17a5a583ef3092defeda42e2c225e352,Current snapshot version generated locally without network access.
XMRM17-SNAPSHOT-0215af379ee1,XMRM17,BITMEX_INSTRUMENT_SNAPSHOT,2017-04-27T07:00:00Z,9999-12-31T00:00:00Z,LINEAR,XMR,XBT,XBT,XBT,1,XMR,100000000,OFFICIAL_EXPLICIT,,"{""multiplier_major"": ""1 / underlyingToPositionMultiplier from the frozen instrument row"", ""snapshot_fields"": ""Directly retained from the complete frozen CSV row."", ""valid_interval"": ""listing through the registry snapshot horizon; not a claim about future exchange metadata.""}",https://docs.bitmex.com/api-explorer/get-instruments,f02a691c7f7cfd0cd08ffb7f13a656ebaf2c6ca6,0215af379ee1846855c1293c77fdf65061c41f51a2c35582f668f2e0f03d2683,Current snapshot version generated locally without network access.
XMRU17-SNAPSHOT-2b6c5caae37f,XMRU17,BITMEX_INSTRUMENT_SNAPSHOT,2017-06-16T08:00:00Z,9999-12-31T00:00:00Z,LINEAR,XMR,XBT,XBT,XBT,1,XMR,100000000,OFFICIAL_EXPLICIT,,"{""multiplier_major"": ""1 / underlyingToPositionMultiplier from the frozen instrument row"", ""snapshot_fields"": ""Directly retained from the complete frozen CSV row."", ""valid_interval"": ""listing through the registry snapshot horizon; not a claim about future exchange metadata.""}",https://docs.bitmex.com/api-explorer/get-instruments,f02a691c7f7cfd0cd08ffb7f13a656ebaf2c6ca6,2b6c5caae37f303bf843f2f71634242deee767c550c522428c911257c864fbfe,Current snapshot version generated locally without network access.
XMRUSDT-SNAPSHOT-bc9ef0dd094d,XMRUSDT,BITMEX_INSTRUMENT_SNAPSHOT,2025-10-31T04:00:00Z,9999-12-31T00:00:00Z,LINEAR,XMR,USDT,USDT,USDT,0.0001,XMR,100,OFFICIAL_EXPLICIT,,"{""multiplier_major"": ""1 / underlyingToPositionMultiplier from the frozen instrument row"", ""snapshot_fields"": ""Directly retained from the complete frozen CSV row."", ""valid_interval"": ""listing through the registry snapshot horizon; not a claim about future exchange metadata.""}",https://docs.bitmex.com/api-explorer/get-instruments,f02a691c7f7cfd0cd08ffb7f13a656ebaf2c6ca6,bc9ef0dd094d47f1ff7c7ec2d307757e9d78221b6830f34d7fe30f4dcfeec735,Current snapshot version generated locally without network access.
XMRZ17-SNAPSHOT-8353f41dd065,XMRZ17,BITMEX_INSTRUMENT_SNAPSHOT,2017-09-14T08:00:00Z,9999-12-31T00:00:00Z,LINEAR,XMR,XBT,XBT,XBT,1,XMR,100000000,OFFICIAL_EXPLICIT,,"{""multiplier_major"": ""1 / underlyingToPositionMultiplier from the frozen instrument row"", ""snapshot_fields"": ""Directly retained from the complete frozen CSV row."", ""valid_interval"": ""listing through the registry snapshot horizon; not a claim about future exchange metadata.""}",https://docs.bitmex.com/api-explorer/get-instruments,f02a691c7f7cfd0cd08ffb7f13a656ebaf2c6ca6,8353f41dd0655d2295fe2cee95c95eae6a2fcd014bdd6641dd688c33c1250cbf,Current snapshot version generated locally without network access.
XOMUSDT-SNAPSHOT-2ecfd6324a15,XOMUSDT,BITMEX_INSTRUMENT_SNAPSHOT,2026-03-11T04:00:00Z,9999-12-31T00:00:00Z,LINEAR,XOM,USDT,USDT,USDT,0.01,XOM,10000,OFFICIAL_EXPLICIT,,"{""multiplier_major"": ""1 / underlyingToPositionMultiplier from the frozen instrument row"", ""snapshot_fields"": ""Directly retained from the complete frozen CSV row."", ""valid_interval"": ""listing through the registry snapshot horizon; not a claim about future exchange metadata.""}",https://docs.bitmex.com/api-explorer/get-instruments,f02a691c7f7cfd0cd08ffb7f13a656ebaf2c6ca6,2ecfd6324a15d0188e4f45a068225a33f14c2a9dee8eb5090f439afa45df8632,Current snapshot version generated locally without network access.
XPLAUSDT-SNAPSHOT-2bb813efe7d7,XPLAUSDT,BITMEX_INSTRUMENT_SNAPSHOT,2023-11-09T04:00:00Z,9999-12-31T00:00:00Z,LINEAR,XPLA,USDT,USDT,USDT,1,XPLA,1000000,OFFICIAL_EXPLICIT,,"{""multiplier_major"": ""1 / underlyingToPositionMultiplier from the frozen instrument row"", ""snapshot_fields"": ""Directly retained from the complete frozen CSV row."", ""valid_interval"": ""listing through the registry snapshot horizon; not a claim about future exchange metadata.""}",https://docs.bitmex.com/api-explorer/get-instruments,f02a691c7f7cfd0cd08ffb7f13a656ebaf2c6ca6,2bb813efe7d75f46615a260000d569a6af3fe80adc8f196b63d70d3effa0dcc4,Current snapshot version generated locally without network access.
XPLUSDT-SNAPSHOT-1b09180c8825,XPLUSDT,BITMEX_INSTRUMENT_SNAPSHOT,2025-10-28T04:00:00Z,9999-12-31T00:00:00Z,LINEAR,XPL,USDT,USDT,USDT,0.1,XPL,100000,OFFICIAL_EXPLICIT,,"{""multiplier_major"": ""1 / underlyingToPositionMultiplier from the frozen instrument row"", ""snapshot_fields"": ""Directly retained from the complete frozen CSV row."", ""valid_interval"": ""listing through the registry snapshot horizon; not a claim about future exchange metadata.""}",https://docs.bitmex.com/api-explorer/get-instruments,f02a691c7f7cfd0cd08ffb7f13a656ebaf2c6ca6,1b09180c8825c3e8fe3920d177609daf271d215c615035356974ff9eaf7b6f16,Current snapshot version generated locally without network access.
XPTUSDT-SNAPSHOT-466244a4b1b9,XPTUSDT,BITMEX_INSTRUMENT_SNAPSHOT,2026-04-16T12:00:00Z,9999-12-31T00:00:00Z,LINEAR,XPT,USDT,USDT,USDT,0.001,XPT,1000,OFFICIAL_EXPLICIT,,"{""multiplier_major"": ""1 / underlyingToPositionMultiplier from the frozen instrument row"", ""snapshot_fields"": ""Directly retained from the complete frozen CSV row."", ""valid_interval"": ""listing through the registry snapshot horizon; not a claim about future exchange metadata.""}",https://docs.bitmex.com/api-explorer/get-instruments,f02a691c7f7cfd0cd08ffb7f13a656ebaf2c6ca6,466244a4b1b98d754bde4bc072b9aaff205fe08a8001c3015f6f056a2f9a7474,Current snapshot version generated locally without network access.
XRDUSDT-SNAPSHOT-a51c076553e8,XRDUSDT,BITMEX_INSTRUMENT_SNAPSHOT,2024-01-22T12:00:00Z,9999-12-31T00:00:00Z,LINEAR,XRD,USDT,USDT,USDT,1,XRD,1000000,OFFICIAL_EXPLICIT,,"{""multiplier_major"": ""1 / underlyingToPositionMultiplier from the frozen instrument row"", ""snapshot_fields"": ""Directly retained from the complete frozen CSV row."", ""valid_interval"": ""listing through the registry snapshot horizon; not a claim about future exchange metadata.""}",https://docs.bitmex.com/api-explorer/get-instruments,f02a691c7f7cfd0cd08ffb7f13a656ebaf2c6ca6,a51c076553e8aef0afa65cccc9f59f2a72285153fe61bd41acd9e9d7739ec328,Current snapshot version generated locally without network access.
XRP7D-SNAPSHOT-e1abef03cac2,XRP7D,BITMEX_INSTRUMENT_SNAPSHOT,2017-04-21T12:00:00Z,9999-12-31T00:00:00Z,LINEAR,XRP,XBT,XBT,XBT,1,XRP,100000000,OFFICIAL_EXPLICIT,,"{""multiplier_major"": ""1 / underlyingToPositionMultiplier from the frozen instrument row"", ""snapshot_fields"": ""Directly retained from the complete frozen CSV row."", ""valid_interval"": ""listing through the registry snapshot horizon; not a claim about future exchange metadata.""}",https://docs.bitmex.com/api-explorer/get-instruments,f02a691c7f7cfd0cd08ffb7f13a656ebaf2c6ca6,e1abef03cac2587f36bb336988b690e3320f610491e1eecd9dbc13843016f8ad,Current snapshot version generated locally without network access.
XRPH18-SNAPSHOT-b7fbb8d54348,XRPH18,BITMEX_INSTRUMENT_SNAPSHOT,2017-12-15T04:00:00Z,9999-12-31T00:00:00Z,LINEAR,XRP,XBT,XBT,XBT,1,XRP,100000000,OFFICIAL_EXPLICIT,,"{""multiplier_major"": ""1 / underlyingToPositionMultiplier from the frozen instrument row"", ""snapshot_fields"": ""Directly retained from the complete frozen CSV row."", ""valid_interval"": ""listing through the registry snapshot horizon; not a claim about future exchange metadata.""}",https://docs.bitmex.com/api-explorer/get-instruments,f02a691c7f7cfd0cd08ffb7f13a656ebaf2c6ca6,b7fbb8d54348703fc1dff18b10c29b2854c4e30f46f4daad47cb6cf62f7dbe6e,Current snapshot version generated locally without network access.
XRPH19-SNAPSHOT-65ad741815ac,XRPH19,BITMEX_INSTRUMENT_SNAPSHOT,2018-12-17T04:00:00Z,9999-12-31T00:00:00Z,LINEAR,XRP,XBT,XBT,XBT,1,XRP,100000000,OFFICIAL_EXPLICIT,,"{""multiplier_major"": ""1 / underlyingToPositionMultiplier from the frozen instrument row"", ""snapshot_fields"": ""Directly retained from the complete frozen CSV row."", ""valid_interval"": ""listing through the registry snapshot horizon; not a claim about future exchange metadata.""}",https://docs.bitmex.com/api-explorer/get-instruments,f02a691c7f7cfd0cd08ffb7f13a656ebaf2c6ca6,65ad741815acdf66fc943a5ba95acbc49aab3db1194bc441172a70f9a37ae937,Current snapshot version generated locally without network access.
XRPH20-SNAPSHOT-70c48353d236,XRPH20,BITMEX_INSTRUMENT_SNAPSHOT,2019-12-13T08:00:00Z,9999-12-31T00:00:00Z,LINEAR,XRP,XBT,XBT,XBT,1,XRP,100000000,OFFICIAL_EXPLICIT,,"{""multiplier_major"": ""1 / underlyingToPositionMultiplier from the frozen instrument row"", ""snapshot_fields"": ""Directly retained from the complete frozen CSV row."", ""valid_interval"": ""listing through the registry snapshot horizon; not a claim about future exchange metadata.""}",https://docs.bitmex.com/api-explorer/get-instruments,f02a691c7f7cfd0cd08ffb7f13a656ebaf2c6ca6,70c48353d23602d4792950dab04a51a481954b8e9325692888744db0dcbb0ac0,Current snapshot version generated locally without network access.
XRPH21-SNAPSHOT-487ef5e5507e,XRPH21,BITMEX_INSTRUMENT_SNAPSHOT,2020-12-11T08:00:00Z,9999-12-31T00:00:00Z,LINEAR,XRP,XBT,XBT,XBT,1,XRP,100000000,OFFICIAL_EXPLICIT,,"{""multiplier_major"": ""1 / underlyingToPositionMultiplier from the frozen instrument row"", ""snapshot_fields"": ""Directly retained from the complete frozen CSV row."", ""valid_interval"": ""listing through the registry snapshot horizon; not a claim about future exchange metadata.""}",https://docs.bitmex.com/api-explorer/get-instruments,f02a691c7f7cfd0cd08ffb7f13a656ebaf2c6ca6,487ef5e5507e12d2b3afba9a1d41dfc2f8fc0a886cfd92596b0d16cd61bf71d3,Current snapshot version generated locally without network access.
XRPH22-SNAPSHOT-97af89ae4b27,XRPH22,BITMEX_INSTRUMENT_SNAPSHOT,2021-12-22T04:00:00Z,9999-12-31T00:00:00Z,LINEAR,XRP,XBT,XBT,XBT,0.01,XRP,1000000,OFFICIAL_EXPLICIT,,"{""multiplier_major"": ""1 / underlyingToPositionMultiplier from the frozen instrument row"", ""snapshot_fields"": ""Directly retained from the complete frozen CSV row."", ""valid_interval"": ""listing through the registry snapshot horizon; not a claim about future exchange metadata.""}",https://docs.bitmex.com/api-explorer/get-instruments,f02a691c7f7cfd0cd08ffb7f13a656ebaf2c6ca6,97af89ae4b27d19e1197f4538295d099d438636dbf451be774950c7e2501ab57,Current snapshot version generated locally without network access.
XRPH23-SNAPSHOT-1db4bb948928,XRPH23,BITMEX_INSTRUMENT_SNAPSHOT,2022-12-14T04:00:00Z,9999-12-31T00:00:00Z,LINEAR,XRP,XBT,XBT,XBT,0.01,XRP,1000000,OFFICIAL_EXPLICIT,,"{""multiplier_major"": ""1 / underlyingToPositionMultiplier from the frozen instrument row"", ""snapshot_fields"": ""Directly retained from the complete frozen CSV row."", ""valid_interval"": ""listing through the registry snapshot horizon; not a claim about future exchange metadata.""}",https://docs.bitmex.com/api-explorer/get-instruments,f02a691c7f7cfd0cd08ffb7f13a656ebaf2c6ca6,1db4bb94892808ff681286bf20e67939e04b1a3208fe527776034062b6dbe619,Current snapshot version generated locally without network access.
XRPH24-SNAPSHOT-3c3219c410b2,XRPH24,BITMEX_INSTRUMENT_SNAPSHOT,2023-12-12T04:00:00Z,9999-12-31T00:00:00Z,LINEAR,XRP,XBT,XBT,XBT,0.01,XRP,1000000,OFFICIAL_EXPLICIT,,"{""multiplier_major"": ""1 / underlyingToPositionMultiplier from the frozen instrument row"", ""snapshot_fields"": ""Directly retained from the complete frozen CSV row."", ""valid_interval"": ""listing through the registry snapshot horizon; not a claim about future exchange metadata.""}",https://docs.bitmex.com/api-explorer/get-instruments,f02a691c7f7cfd0cd08ffb7f13a656ebaf2c6ca6,3c3219c410b22ab51740b69c20a2da78cb523e6ab90438bdfd25b7b46e30b06e,Current snapshot version generated locally without network access.
XRPH25-SNAPSHOT-b974a4593d0d,XRPH25,BITMEX_INSTRUMENT_SNAPSHOT,2024-12-10T04:00:00Z,9999-12-31T00:00:00Z,LINEAR,XRP,XBT,XBT,XBT,0.01,XRP,1000000,OFFICIAL_EXPLICIT,,"{""multiplier_major"": ""1 / underlyingToPositionMultiplier from the frozen instrument row"", ""snapshot_fields"": ""Directly retained from the complete frozen CSV row."", ""valid_interval"": ""listing through the registry snapshot horizon; not a claim about future exchange metadata.""}",https://docs.bitmex.com/api-explorer/get-instruments,f02a691c7f7cfd0cd08ffb7f13a656ebaf2c6ca6,b974a4593d0d6cc3a9739d0e5712730db49f1f876ca29b5bbe7f18b8f7cad3b0,Current snapshot version generated locally without network access.
XRPH26-SNAPSHOT-8cbe8f18b438,XRPH26,BITMEX_INSTRUMENT_SNAPSHOT,2025-12-09T04:00:00Z,9999-12-31T00:00:00Z,LINEAR,XRP,XBT,XBT,XBT,0.01,XRP,1000000,OFFICIAL_EXPLICIT,,"{""multiplier_major"": ""1 / underlyingToPositionMultiplier from the frozen instrument row"", ""snapshot_fields"": ""Directly retained from the complete frozen CSV row."", ""valid_interval"": ""listing through the registry snapshot horizon; not a claim about future exchange metadata.""}",https://docs.bitmex.com/api-explorer/get-instruments,f02a691c7f7cfd0cd08ffb7f13a656ebaf2c6ca6,8cbe8f18b438debc38b643fd0d839b09917bdfe731e820d6ec127b1d1737393f,Current snapshot version generated locally without network access.
XRPM17-SNAPSHOT-08728a16cbf9,XRPM17,BITMEX_INSTRUMENT_SNAPSHOT,2017-04-27T07:00:00Z,9999-12-31T00:00:00Z,LINEAR,XRP,XBT,XBT,XBT,1,XRP,100000000,OFFICIAL_EXPLICIT,,"{""multiplier_major"": ""1 / underlyingToPositionMultiplier from the frozen instrument row"", ""snapshot_fields"": ""Directly retained from the complete frozen CSV row."", ""valid_interval"": ""listing through the registry snapshot horizon; not a claim about future exchange metadata.""}",https://docs.bitmex.com/api-explorer/get-instruments,f02a691c7f7cfd0cd08ffb7f13a656ebaf2c6ca6,08728a16cbf999a8455a2bbaec04ef98786451652588ae7dfba30d1763c8581a,Current snapshot version generated locally without network access.
XRPM18-SNAPSHOT-d67dfaf98410,XRPM18,BITMEX_INSTRUMENT_SNAPSHOT,2018-03-29T04:00:00Z,9999-12-31T00:00:00Z,LINEAR,XRP,XBT,XBT,XBT,1,XRP,100000000,OFFICIAL_EXPLICIT,,"{""multiplier_major"": ""1 / underlyingToPositionMultiplier from the frozen instrument row"", ""snapshot_fields"": ""Directly retained from the complete frozen CSV row."", ""valid_interval"": ""listing through the registry snapshot horizon; not a claim about future exchange metadata.""}",https://docs.bitmex.com/api-explorer/get-instruments,f02a691c7f7cfd0cd08ffb7f13a656ebaf2c6ca6,d67dfaf98410d54d9d1af1cd1472ccbe4e9df97679f5f0cf6dca77c0813d95cd,Current snapshot version generated locally without network access.
XRPM19-SNAPSHOT-1a108d38e729,XRPM19,BITMEX_INSTRUMENT_SNAPSHOT,2019-03-15T08:00:00Z,9999-12-31T00:00:00Z,LINEAR,XRP,XBT,XBT,XBT,1,XRP,100000000,OFFICIAL_EXPLICIT,,"{""multiplier_major"": ""1 / underlyingToPositionMultiplier from the frozen instrument row"", ""snapshot_fields"": ""Directly retained from the complete frozen CSV row."", ""valid_interval"": ""listing through the registry snapshot horizon; not a claim about future exchange metadata.""}",https://docs.bitmex.com/api-explorer/get-instruments,f02a691c7f7cfd0cd08ffb7f13a656ebaf2c6ca6,1a108d38e729c51a069e77a06ff5e92a2204f58340ac99c65b06e3d57cf8158f,Current snapshot version generated locally without network access.
XRPM20-SNAPSHOT-c861a1231ae3,XRPM20,BITMEX_INSTRUMENT_SNAPSHOT,2020-03-13T08:00:00Z,9999-12-31T00:00:00Z,LINEAR,XRP,XBT,XBT,XBT,1,XRP,100000000,OFFICIAL_EXPLICIT,,"{""multiplier_major"": ""1 / underlyingToPositionMultiplier from the frozen instrument row"", ""snapshot_fields"": ""Directly retained from the complete frozen CSV row."", ""valid_interval"": ""listing through the registry snapshot horizon; not a claim about future exchange metadata.""}",https://docs.bitmex.com/api-explorer/get-instruments,f02a691c7f7cfd0cd08ffb7f13a656ebaf2c6ca6,c861a1231ae39d7a6883883013146f83d8c77c79645b9c1050f56d7f1c1e7eb9,Current snapshot version generated locally without network access.
XRPM21-SNAPSHOT-5eb0b27cede7,XRPM21,BITMEX_INSTRUMENT_SNAPSHOT,2021-03-12T08:00:00Z,9999-12-31T00:00:00Z,LINEAR,XRP,XBT,XBT,XBT,1,XRP,100000000,OFFICIAL_EXPLICIT,,"{""multiplier_major"": ""1 / underlyingToPositionMultiplier from the frozen instrument row"", ""snapshot_fields"": ""Directly retained from the complete frozen CSV row."", ""valid_interval"": ""listing through the registry snapshot horizon; not a claim about future exchange metadata.""}",https://docs.bitmex.com/api-explorer/get-instruments,f02a691c7f7cfd0cd08ffb7f13a656ebaf2c6ca6,5eb0b27cede709fb27bcc6632e9eb2edea068c3b38dffb9182cec13cc219776b,Current snapshot version generated locally without network access.
XRPM22-SNAPSHOT-b6f093cc1815,XRPM22,BITMEX_INSTRUMENT_SNAPSHOT,2022-03-16T04:00:00Z,9999-12-31T00:00:00Z,LINEAR,XRP,XBT,XBT,XBT,0.01,XRP,1000000,OFFICIAL_EXPLICIT,,"{""multiplier_major"": ""1 / underlyingToPositionMultiplier from the frozen instrument row"", ""snapshot_fields"": ""Directly retained from the complete frozen CSV row."", ""valid_interval"": ""listing through the registry snapshot horizon; not a claim about future exchange metadata.""}",https://docs.bitmex.com/api-explorer/get-instruments,f02a691c7f7cfd0cd08ffb7f13a656ebaf2c6ca6,b6f093cc18151d4a6f9442e9fbcd70a30f702e8a747fb8196eb4e06a1e164e01,Current snapshot version generated locally without network access.
XRPM23-SNAPSHOT-8f95cbbef88b,XRPM23,BITMEX_INSTRUMENT_SNAPSHOT,2023-03-14T04:00:00Z,9999-12-31T00:00:00Z,LINEAR,XRP,XBT,XBT,XBT,0.01,XRP,1000000,OFFICIAL_EXPLICIT,,"{""multiplier_major"": ""1 / underlyingToPositionMultiplier from the frozen instrument row"", ""snapshot_fields"": ""Directly retained from the complete frozen CSV row."", ""valid_interval"": ""listing through the registry snapshot horizon; not a claim about future exchange metadata.""}",https://docs.bitmex.com/api-explorer/get-instruments,f02a691c7f7cfd0cd08ffb7f13a656ebaf2c6ca6,8f95cbbef88ba41004590c29e7ab6822cdfce83c98e836e38f7953b659a540d2,Current snapshot version generated locally without network access.
XRPM24-SNAPSHOT-92d8c6536614,XRPM24,BITMEX_INSTRUMENT_SNAPSHOT,2024-03-12T04:00:00Z,9999-12-31T00:00:00Z,LINEAR,XRP,XBT,XBT,XBT,0.01,XRP,1000000,OFFICIAL_EXPLICIT,,"{""multiplier_major"": ""1 / underlyingToPositionMultiplier from the frozen instrument row"", ""snapshot_fields"": ""Directly retained from the complete frozen CSV row."", ""valid_interval"": ""listing through the registry snapshot horizon; not a claim about future exchange metadata.""}",https://docs.bitmex.com/api-explorer/get-instruments,f02a691c7f7cfd0cd08ffb7f13a656ebaf2c6ca6,92d8c6536614402a2d06c6c49052ff0a4eaa597f32470be0a834e19450dbd2bb,Current snapshot version generated locally without network access.
XRPM25-SNAPSHOT-a2220d21d246,XRPM25,BITMEX_INSTRUMENT_SNAPSHOT,2025-03-11T04:00:00Z,9999-12-31T00:00:00Z,LINEAR,XRP,XBT,XBT,XBT,0.01,XRP,1000000,OFFICIAL_EXPLICIT,,"{""multiplier_major"": ""1 / underlyingToPositionMultiplier from the frozen instrument row"", ""snapshot_fields"": ""Directly retained from the complete frozen CSV row."", ""valid_interval"": ""listing through the registry snapshot horizon; not a claim about future exchange metadata.""}",https://docs.bitmex.com/api-explorer/get-instruments,f02a691c7f7cfd0cd08ffb7f13a656ebaf2c6ca6,a2220d21d246119a674d84c558cce230fa22834830c939f83ee7625ca38e0970,Current snapshot version generated locally without network access.
XRPM26-SNAPSHOT-c66cabab3b47,XRPM26,BITMEX_INSTRUMENT_SNAPSHOT,2026-03-10T04:00:00Z,9999-12-31T00:00:00Z,LINEAR,XRP,XBT,XBT,XBT,0.01,XRP,1000000,OFFICIAL_EXPLICIT,,"{""multiplier_major"": ""1 / underlyingToPositionMultiplier from the frozen instrument row"", ""snapshot_fields"": ""Directly retained from the complete frozen CSV row."", ""valid_interval"": ""listing through the registry snapshot horizon; not a claim about future exchange metadata.""}",https://docs.bitmex.com/api-explorer/get-instruments,f02a691c7f7cfd0cd08ffb7f13a656ebaf2c6ca6,c66cabab3b471776a0e207d14d26d9b9b5878be1d6b7b167927b50b955dcedef,Current snapshot version generated locally without network access.
XRPU17-SNAPSHOT-87be0b3d6407,XRPU17,BITMEX_INSTRUMENT_SNAPSHOT,2017-06-16T08:00:00Z,9999-12-31T00:00:00Z,LINEAR,XRP,XBT,XBT,XBT,1,XRP,100000000,OFFICIAL_EXPLICIT,,"{""multiplier_major"": ""1 / underlyingToPositionMultiplier from the frozen instrument row"", ""snapshot_fields"": ""Directly retained from the complete frozen CSV row."", ""valid_interval"": ""listing through the registry snapshot horizon; not a claim about future exchange metadata.""}",https://docs.bitmex.com/api-explorer/get-instruments,f02a691c7f7cfd0cd08ffb7f13a656ebaf2c6ca6,87be0b3d640767248afb3547c40faf9e80c003e2e0a9521c488d4a9b7183c30f,Current snapshot version generated locally without network access.
XRPU18-SNAPSHOT-d85b421b7a72,XRPU18,BITMEX_INSTRUMENT_SNAPSHOT,2018-06-19T08:00:00Z,9999-12-31T00:00:00Z,LINEAR,XRP,XBT,XBT,XBT,1,XRP,100000000,OFFICIAL_EXPLICIT,,"{""multiplier_major"": ""1 / underlyingToPositionMultiplier from the frozen instrument row"", ""snapshot_fields"": ""Directly retained from the complete frozen CSV row."", ""valid_interval"": ""listing through the registry snapshot horizon; not a claim about future exchange metadata.""}",https://docs.bitmex.com/api-explorer/get-instruments,f02a691c7f7cfd0cd08ffb7f13a656ebaf2c6ca6,d85b421b7a721d337e700ab175aa2bade24df5d20f34b3857dcbe64fb001cc1d,Current snapshot version generated locally without network access.
XRPU19-SNAPSHOT-ed9dec2ba429,XRPU19,BITMEX_INSTRUMENT_SNAPSHOT,2019-06-14T08:00:00Z,9999-12-31T00:00:00Z,LINEAR,XRP,XBT,XBT,XBT,1,XRP,100000000,OFFICIAL_EXPLICIT,,"{""multiplier_major"": ""1 / underlyingToPositionMultiplier from the frozen instrument row"", ""snapshot_fields"": ""Directly retained from the complete frozen CSV row."", ""valid_interval"": ""listing through the registry snapshot horizon; not a claim about future exchange metadata.""}",https://docs.bitmex.com/api-explorer/get-instruments,f02a691c7f7cfd0cd08ffb7f13a656ebaf2c6ca6,ed9dec2ba429db6927209e202665a8c04632d236472216c4dd6a31281e8587d6,Current snapshot version generated locally without network access.
XRPU20-SNAPSHOT-1ca9a51abc1b,XRPU20,BITMEX_INSTRUMENT_SNAPSHOT,2020-06-12T08:00:00Z,9999-12-31T00:00:00Z,LINEAR,XRP,XBT,XBT,XBT,1,XRP,100000000,OFFICIAL_EXPLICIT,,"{""multiplier_major"": ""1 / underlyingToPositionMultiplier from the frozen instrument row"", ""snapshot_fields"": ""Directly retained from the complete frozen CSV row."", ""valid_interval"": ""listing through the registry snapshot horizon; not a claim about future exchange metadata.""}",https://docs.bitmex.com/api-explorer/get-instruments,f02a691c7f7cfd0cd08ffb7f13a656ebaf2c6ca6,1ca9a51abc1b189886ffbe46fef8e440af3105036d70959f189f99972f2fae3d,Current snapshot version generated locally without network access.
XRPU21-SNAPSHOT-9fc29a04b45c,XRPU21,BITMEX_INSTRUMENT_SNAPSHOT,2021-06-16T08:00:00Z,9999-12-31T00:00:00Z,LINEAR,XRP,XBT,XBT,XBT,1,XRP,100000000,OFFICIAL_EXPLICIT,,"{""multiplier_major"": ""1 / underlyingToPositionMultiplier from the frozen instrument row"", ""snapshot_fields"": ""Directly retained from the complete frozen CSV row."", ""valid_interval"": ""listing through the registry snapshot horizon; not a claim about future exchange metadata.""}",https://docs.bitmex.com/api-explorer/get-instruments,f02a691c7f7cfd0cd08ffb7f13a656ebaf2c6ca6,9fc29a04b45c5fcab0493115e0d8725158df43598a1580dd7820d927a0d0dc32,Current snapshot version generated locally without network access.
XRPU22-SNAPSHOT-98484252e737,XRPU22,BITMEX_INSTRUMENT_SNAPSHOT,2022-06-15T04:00:00Z,9999-12-31T00:00:00Z,LINEAR,XRP,XBT,XBT,XBT,0.01,XRP,1000000,OFFICIAL_EXPLICIT,,"{""multiplier_major"": ""1 / underlyingToPositionMultiplier from the frozen instrument row"", ""snapshot_fields"": ""Directly retained from the complete frozen CSV row."", ""valid_interval"": ""listing through the registry snapshot horizon; not a claim about future exchange metadata.""}",https://docs.bitmex.com/api-explorer/get-instruments,f02a691c7f7cfd0cd08ffb7f13a656ebaf2c6ca6,98484252e737830f66c1f90e924e3580eee0b42acdcf2932a18b4e29b22fb3c0,Current snapshot version generated locally without network access.
XRPU23-SNAPSHOT-7d9d7ab8b7e9,XRPU23,BITMEX_INSTRUMENT_SNAPSHOT,2023-06-14T04:00:00Z,9999-12-31T00:00:00Z,LINEAR,XRP,XBT,XBT,XBT,0.01,XRP,1000000,OFFICIAL_EXPLICIT,,"{""multiplier_major"": ""1 / underlyingToPositionMultiplier from the frozen instrument row"", ""snapshot_fields"": ""Directly retained from the complete frozen CSV row."", ""valid_interval"": ""listing through the registry snapshot horizon; not a claim about future exchange metadata.""}",https://docs.bitmex.com/api-explorer/get-instruments,f02a691c7f7cfd0cd08ffb7f13a656ebaf2c6ca6,7d9d7ab8b7e9ade1550b8364d4b0a77ef0a4b0c747d93d356c57b4eabe79db2b,Current snapshot version generated locally without network access.
XRPU24-SNAPSHOT-bc90855ced6d,XRPU24,BITMEX_INSTRUMENT_SNAPSHOT,2024-06-11T04:00:00Z,9999-12-31T00:00:00Z,LINEAR,XRP,XBT,XBT,XBT,0.01,XRP,1000000,OFFICIAL_EXPLICIT,,"{""multiplier_major"": ""1 / underlyingToPositionMultiplier from the frozen instrument row"", ""snapshot_fields"": ""Directly retained from the complete frozen CSV row."", ""valid_interval"": ""listing through the registry snapshot horizon; not a claim about future exchange metadata.""}",https://docs.bitmex.com/api-explorer/get-instruments,f02a691c7f7cfd0cd08ffb7f13a656ebaf2c6ca6,bc90855ced6d21b92c60251bc7f45560bdcd0b7f1a3d42582726756ba6b778bb,Current snapshot version generated locally without network access.
XRPU25-SNAPSHOT-7e619da31cf2,XRPU25,BITMEX_INSTRUMENT_SNAPSHOT,2025-06-10T04:00:00Z,9999-12-31T00:00:00Z,LINEAR,XRP,XBT,XBT,XBT,0.01,XRP,1000000,OFFICIAL_EXPLICIT,,"{""multiplier_major"": ""1 / underlyingToPositionMultiplier from the frozen instrument row"", ""snapshot_fields"": ""Directly retained from the complete frozen CSV row."", ""valid_interval"": ""listing through the registry snapshot horizon; not a claim about future exchange metadata.""}",https://docs.bitmex.com/api-explorer/get-instruments,f02a691c7f7cfd0cd08ffb7f13a656ebaf2c6ca6,7e619da31cf23e3ea744320be4d1d5e0faac2d4d23978b1f436088351bb229d0,Current snapshot version generated locally without network access.
XRPU26-SNAPSHOT-e1fd5045a513,XRPU26,BITMEX_INSTRUMENT_SNAPSHOT,2026-06-09T04:00:00Z,9999-12-31T00:00:00Z,LINEAR,XRP,XBT,XBT,XBT,0.01,XRP,1000000,OFFICIAL_EXPLICIT,,"{""multiplier_major"": ""1 / underlyingToPositionMultiplier from the frozen instrument row"", ""snapshot_fields"": ""Directly retained from the complete frozen CSV row."", ""valid_interval"": ""listing through the registry snapshot horizon; not a claim about future exchange metadata.""}",https://docs.bitmex.com/api-explorer/get-instruments,f02a691c7f7cfd0cd08ffb7f13a656ebaf2c6ca6,e1fd5045a513602853e098c98a33600be521a7c462dfaeb8737b948c60eae53d,Current snapshot version generated locally without network access.
XRPUSD-SNAPSHOT-9c085144ba92,XRPUSD,BITMEX_INSTRUMENT_SNAPSHOT,2020-02-04T12:00:00Z,9999-12-31T00:00:00Z,QUANTO,XRP,USD,XBT,XBT,0.0002,XBT,20000,OFFICIAL_EXPLICIT,,"{""multiplier_major"": ""multiplier / 100000000 XBt per the frozen BitMEX instrument snapshot"", ""snapshot_fields"": ""Directly retained from the complete frozen CSV row."", ""valid_interval"": ""listing through the registry snapshot horizon; not a claim about future exchange metadata.""}",https://docs.bitmex.com/api-explorer/get-instruments,f02a691c7f7cfd0cd08ffb7f13a656ebaf2c6ca6,9c085144ba92739ee6ab1bc00cdbdda2d5b18891dd43ad1489aee597350493b2,Current snapshot version generated locally without network access.
XRPUSDT-SNAPSHOT-3f903dd349c6,XRPUSDT,BITMEX_INSTRUMENT_SNAPSHOT,2021-11-10T04:00:00Z,9999-12-31T00:00:00Z,LINEAR,XRP,USDT,USDT,USDT,0.01,XRP,10000,OFFICIAL_EXPLICIT,,"{""multiplier_major"": ""1 / underlyingToPositionMultiplier from the frozen instrument row"", ""snapshot_fields"": ""Directly retained from the complete frozen CSV row."", ""valid_interval"": ""listing through the registry snapshot horizon; not a claim about future exchange metadata.""}",https://docs.bitmex.com/api-explorer/get-instruments,f02a691c7f7cfd0cd08ffb7f13a656ebaf2c6ca6,3f903dd349c613e5a76ef52bab3f0ed6eae6751a4b209dcc348d00f27a8ddb08,Current snapshot version generated locally without network access.
XRPZ17-SNAPSHOT-a5b208ab9ac5,XRPZ17,BITMEX_INSTRUMENT_SNAPSHOT,2017-09-14T08:00:00Z,9999-12-31T00:00:00Z,LINEAR,XRP,XBT,XBT,XBT,1,XRP,100000000,OFFICIAL_EXPLICIT,,"{""multiplier_major"": ""1 / underlyingToPositionMultiplier from the frozen instrument row"", ""snapshot_fields"": ""Directly retained from the complete frozen CSV row."", ""valid_interval"": ""listing through the registry snapshot horizon; not a claim about future exchange metadata.""}",https://docs.bitmex.com/api-explorer/get-instruments,f02a691c7f7cfd0cd08ffb7f13a656ebaf2c6ca6,a5b208ab9ac5ae265379135897009f253621d12f91b02736cca8f3efdfbe5f8f,Current snapshot version generated locally without network access.
XRPZ18-SNAPSHOT-ee6305e1ed06,XRPZ18,BITMEX_INSTRUMENT_SNAPSHOT,2018-09-21T02:00:00Z,9999-12-31T00:00:00Z,LINEAR,XRP,XBT,XBT,XBT,1,XRP,100000000,OFFICIAL_EXPLICIT,,"{""multiplier_major"": ""1 / underlyingToPositionMultiplier from the frozen instrument row"", ""snapshot_fields"": ""Directly retained from the complete frozen CSV row."", ""valid_interval"": ""listing through the registry snapshot horizon; not a claim about future exchange metadata.""}",https://docs.bitmex.com/api-explorer/get-instruments,f02a691c7f7cfd0cd08ffb7f13a656ebaf2c6ca6,ee6305e1ed0607ffa544575982fa22bcb8729a22a94d7a2873e6cfd9540f23ea,Current snapshot version generated locally without network access.
XRPZ19-SNAPSHOT-e9aad3184695,XRPZ19,BITMEX_INSTRUMENT_SNAPSHOT,2019-09-13T08:00:00Z,9999-12-31T00:00:00Z,LINEAR,XRP,XBT,XBT,XBT,1,XRP,100000000,OFFICIAL_EXPLICIT,,"{""multiplier_major"": ""1 / underlyingToPositionMultiplier from the frozen instrument row"", ""snapshot_fields"": ""Directly retained from the complete frozen CSV row."", ""valid_interval"": ""listing through the registry snapshot horizon; not a claim about future exchange metadata.""}",https://docs.bitmex.com/api-explorer/get-instruments,f02a691c7f7cfd0cd08ffb7f13a656ebaf2c6ca6,e9aad318469515f3293fef11efe6d67776f13b82783b87c94a0f2218c63bba32,Current snapshot version generated locally without network access.
XRPZ20-SNAPSHOT-7fb2d43edfbb,XRPZ20,BITMEX_INSTRUMENT_SNAPSHOT,2020-09-11T08:00:00Z,9999-12-31T00:00:00Z,LINEAR,XRP,XBT,XBT,XBT,1,XRP,100000000,OFFICIAL_EXPLICIT,,"{""multiplier_major"": ""1 / underlyingToPositionMultiplier from the frozen instrument row"", ""snapshot_fields"": ""Directly retained from the complete frozen CSV row."", ""valid_interval"": ""listing through the registry snapshot horizon; not a claim about future exchange metadata.""}",https://docs.bitmex.com/api-explorer/get-instruments,f02a691c7f7cfd0cd08ffb7f13a656ebaf2c6ca6,7fb2d43edfbbd965b803a016519962ec066dcf89555a7d326f73266fadbcdf5c,Current snapshot version generated locally without network access.
XRPZ21-SNAPSHOT-27a199c3b44e,XRPZ21,BITMEX_INSTRUMENT_SNAPSHOT,2021-09-15T04:00:00Z,9999-12-31T00:00:00Z,LINEAR,XRP,XBT,XBT,XBT,0.00000001,XRP,1,OFFICIAL_EXPLICIT,,"{""multiplier_major"": ""1 / underlyingToPositionMultiplier from the frozen instrument row"", ""snapshot_fields"": ""Directly retained from the complete frozen CSV row."", ""valid_interval"": ""listing through the registry snapshot horizon; not a claim about future exchange metadata.""}",https://docs.bitmex.com/api-explorer/get-instruments,f02a691c7f7cfd0cd08ffb7f13a656ebaf2c6ca6,27a199c3b44e0555c26f38243a8eba7cae3d242fdf819cfe7d89d77f28bc69ea,Current snapshot version generated locally without network access.
XRPZ22-SNAPSHOT-8441052e806e,XRPZ22,BITMEX_INSTRUMENT_SNAPSHOT,2022-09-14T04:00:00Z,9999-12-31T00:00:00Z,LINEAR,XRP,XBT,XBT,XBT,0.01,XRP,1000000,OFFICIAL_EXPLICIT,,"{""multiplier_major"": ""1 / underlyingToPositionMultiplier from the frozen instrument row"", ""snapshot_fields"": ""Directly retained from the complete frozen CSV row."", ""valid_interval"": ""listing through the registry snapshot horizon; not a claim about future exchange metadata.""}",https://docs.bitmex.com/api-explorer/get-instruments,f02a691c7f7cfd0cd08ffb7f13a656ebaf2c6ca6,8441052e806eb795dc0724e6601c0b16ab75706cd22b6548c3f21f01a1d68b91,Current snapshot version generated locally without network access.
XRPZ23-SNAPSHOT-722201ff2eac,XRPZ23,BITMEX_INSTRUMENT_SNAPSHOT,2023-09-12T04:00:00Z,9999-12-31T00:00:00Z,LINEAR,XRP,XBT,XBT,XBT,0.01,XRP,1000000,OFFICIAL_EXPLICIT,,"{""multiplier_major"": ""1 / underlyingToPositionMultiplier from the frozen instrument row"", ""snapshot_fields"": ""Directly retained from the complete frozen CSV row."", ""valid_interval"": ""listing through the registry snapshot horizon; not a claim about future exchange metadata.""}",https://docs.bitmex.com/api-explorer/get-instruments,f02a691c7f7cfd0cd08ffb7f13a656ebaf2c6ca6,722201ff2eacce24ab0449ae39024a420a7f2734b7e4d413215bbd812ca2878e,Current snapshot version generated locally without network access.
XRPZ24-SNAPSHOT-1eca22440f35,XRPZ24,BITMEX_INSTRUMENT_SNAPSHOT,2024-09-10T04:00:00Z,9999-12-31T00:00:00Z,LINEAR,XRP,XBT,XBT,XBT,0.01,XRP,1000000,OFFICIAL_EXPLICIT,,"{""multiplier_major"": ""1 / underlyingToPositionMultiplier from the frozen instrument row"", ""snapshot_fields"": ""Directly retained from the complete frozen CSV row."", ""valid_interval"": ""listing through the registry snapshot horizon; not a claim about future exchange metadata.""}",https://docs.bitmex.com/api-explorer/get-instruments,f02a691c7f7cfd0cd08ffb7f13a656ebaf2c6ca6,1eca22440f35d3114e3103c3acf496d88bcf451d1842ac7d44aae54a0a4b673c,Current snapshot version generated locally without network access.
XRPZ25-SNAPSHOT-292b5a00bead,XRPZ25,BITMEX_INSTRUMENT_SNAPSHOT,2025-09-09T04:00:00Z,9999-12-31T00:00:00Z,LINEAR,XRP,XBT,XBT,XBT,0.01,XRP,1000000,OFFICIAL_EXPLICIT,,"{""multiplier_major"": ""1 / underlyingToPositionMultiplier from the frozen instrument row"", ""snapshot_fields"": ""Directly retained from the complete frozen CSV row."", ""valid_interval"": ""listing through the registry snapshot horizon; not a claim about future exchange metadata.""}",https://docs.bitmex.com/api-explorer/get-instruments,f02a691c7f7cfd0cd08ffb7f13a656ebaf2c6ca6,292b5a00beadad275523eb395e2ad326050861bac6ab351c84eaf749091d0aa5,Current snapshot version generated locally without network access.
XTZUSDTH21-SNAPSHOT-bb077d05494d,XTZUSDTH21,BITMEX_INSTRUMENT_SNAPSHOT,2020-12-11T08:00:00Z,9999-12-31T00:00:00Z,QUANTO,XTZ,USDT,XBT,XBT,0.0001,XBT,10000,OFFICIAL_EXPLICIT,,"{""multiplier_major"": ""multiplier / 100000000 XBt per the frozen BitMEX instrument snapshot"", ""snapshot_fields"": ""Directly retained from the complete frozen CSV row."", ""valid_interval"": ""listing through the registry snapshot horizon; not a claim about future exchange metadata.""}",https://docs.bitmex.com/api-explorer/get-instruments,f02a691c7f7cfd0cd08ffb7f13a656ebaf2c6ca6,bb077d05494db2bd8e68420b222451057024fd1e7d9f706706e69242e047d903,Current snapshot version generated locally without network access.
XTZUSDTZ20-SNAPSHOT-592d1f3c9a5b,XTZUSDTZ20,BITMEX_INSTRUMENT_SNAPSHOT,2020-09-11T08:00:00Z,9999-12-31T00:00:00Z,QUANTO,XTZ,USDT,XBT,XBT,0.0001,XBT,10000,OFFICIAL_EXPLICIT,,"{""multiplier_major"": ""multiplier / 100000000 XBt per the frozen BitMEX instrument snapshot"", ""snapshot_fields"": ""Directly retained from the complete frozen CSV row."", ""valid_interval"": ""listing through the registry snapshot horizon; not a claim about future exchange metadata.""}",https://docs.bitmex.com/api-explorer/get-instruments,f02a691c7f7cfd0cd08ffb7f13a656ebaf2c6ca6,592d1f3c9a5b062916efe380f833f0378d2069439e66fdb854b5a694a369cd0c,Current snapshot version generated locally without network access.
XTZZ17-SNAPSHOT-99f208809861,XTZZ17,BITMEX_INSTRUMENT_SNAPSHOT,2017-06-23T06:00:00Z,9999-12-31T00:00:00Z,LINEAR,XTZ,XBT,XBT,XBT,1,XTZ,100000000,OFFICIAL_EXPLICIT,,"{""multiplier_major"": ""1 / underlyingToPositionMultiplier from the frozen instrument row"", ""snapshot_fields"": ""Directly retained from the complete frozen CSV row."", ""valid_interval"": ""listing through the registry snapshot horizon; not a claim about future exchange metadata.""}",https://docs.bitmex.com/api-explorer/get-instruments,f02a691c7f7cfd0cd08ffb7f13a656ebaf2c6ca6,99f208809861c04286b5d282a9f00951dc27e6f2f17a72eaaf8e0d994a28c658,Current snapshot version generated locally without network access.
XUSDT-SNAPSHOT-9d283be380fc,XUSDT,BITMEX_INSTRUMENT_SNAPSHOT,2024-10-25T04:00:00Z,9999-12-31T00:00:00Z,LINEAR,X,USDT,USDT,USDT,1,X,1000000,OFFICIAL_EXPLICIT,,"{""multiplier_major"": ""1 / underlyingToPositionMultiplier from the frozen instrument row"", ""snapshot_fields"": ""Directly retained from the complete frozen CSV row."", ""valid_interval"": ""listing through the registry snapshot horizon; not a claim about future exchange metadata.""}",https://docs.bitmex.com/api-explorer/get-instruments,f02a691c7f7cfd0cd08ffb7f13a656ebaf2c6ca6,9d283be380fc656486de0b610ce78f188a6f53401d4f9049f0cd6fec9ad5705b,Current snapshot version generated locally without network access.
YFIUSDTH21-SNAPSHOT-1d201b313288,YFIUSDTH21,BITMEX_INSTRUMENT_SNAPSHOT,2020-12-11T08:00:00Z,9999-12-31T00:00:00Z,QUANTO,YFI,USDT,XBT,XBT,0.0000001,XBT,10,OFFICIAL_EXPLICIT,,"{""multiplier_major"": ""multiplier / 100000000 XBt per the frozen BitMEX instrument snapshot"", ""snapshot_fields"": ""Directly retained from the complete frozen CSV row."", ""valid_interval"": ""listing through the registry snapshot horizon; not a claim about future exchange metadata.""}",https://docs.bitmex.com/api-explorer/get-instruments,f02a691c7f7cfd0cd08ffb7f13a656ebaf2c6ca6,1d201b3132889b62a2e1c61bf7c9505437e12f1cd8de165f34539574d224b814,Current snapshot version generated locally without network access.
YFIUSDTZ20-SNAPSHOT-4dc7c46f1a13,YFIUSDTZ20,BITMEX_INSTRUMENT_SNAPSHOT,2020-10-30T04:00:00Z,9999-12-31T00:00:00Z,QUANTO,YFI,USDT,XBT,XBT,0.0000001,XBT,10,OFFICIAL_EXPLICIT,,"{""multiplier_major"": ""multiplier / 100000000 XBt per the frozen BitMEX instrument snapshot"", ""snapshot_fields"": ""Directly retained from the complete frozen CSV row."", ""valid_interval"": ""listing through the registry snapshot horizon; not a claim about future exchange metadata.""}",https://docs.bitmex.com/api-explorer/get-instruments,f02a691c7f7cfd0cd08ffb7f13a656ebaf2c6ca6,4dc7c46f1a131e6973652fc4b5e210f501a6215d206bc3a1bd28f3d638d5eb7f,Current snapshot version generated locally without network access.
ZECH17-SNAPSHOT-4e38e98baa78,ZECH17,BITMEX_INSTRUMENT_SNAPSHOT,2016-12-16T12:00:00Z,9999-12-31T00:00:00Z,LINEAR,ZEC,XBT,XBT,XBT,1,ZEC,100000000,OFFICIAL_EXPLICIT,,"{""multiplier_major"": ""1 / underlyingToPositionMultiplier from the frozen instrument row"", ""snapshot_fields"": ""Directly retained from the complete frozen CSV row."", ""valid_interval"": ""listing through the registry snapshot horizon; not a claim about future exchange metadata.""}",https://docs.bitmex.com/api-explorer/get-instruments,f02a691c7f7cfd0cd08ffb7f13a656ebaf2c6ca6,4e38e98baa78bd64f6c15a7c33f312376ee825540eadd9972228bca6a2a5f1a7,Current snapshot version generated locally without network access.
ZECH18-SNAPSHOT-be90ddf92321,ZECH18,BITMEX_INSTRUMENT_SNAPSHOT,2017-12-15T04:00:00Z,9999-12-31T00:00:00Z,LINEAR,ZEC,XBT,XBT,XBT,1,ZEC,100000000,OFFICIAL_EXPLICIT,,"{""multiplier_major"": ""1 / underlyingToPositionMultiplier from the frozen instrument row"", ""snapshot_fields"": ""Directly retained from the complete frozen CSV row."", ""valid_interval"": ""listing through the registry snapshot horizon; not a claim about future exchange metadata.""}",https://docs.bitmex.com/api-explorer/get-instruments,f02a691c7f7cfd0cd08ffb7f13a656ebaf2c6ca6,be90ddf923219cbce49a3832b4679ba61486ae0be1a57a443367ce67ffc16fe5,Current snapshot version generated locally without network access.
ZECM17-SNAPSHOT-7888e23ae875,ZECM17,BITMEX_INSTRUMENT_SNAPSHOT,2017-03-17T12:00:00Z,9999-12-31T00:00:00Z,LINEAR,ZEC,XBT,XBT,XBT,1,ZEC,100000000,OFFICIAL_EXPLICIT,,"{""multiplier_major"": ""1 / underlyingToPositionMultiplier from the frozen instrument row"", ""snapshot_fields"": ""Directly retained from the complete frozen CSV row."", ""valid_interval"": ""listing through the registry snapshot horizon; not a claim about future exchange metadata.""}",https://docs.bitmex.com/api-explorer/get-instruments,f02a691c7f7cfd0cd08ffb7f13a656ebaf2c6ca6,7888e23ae8758bef20ad7a227a7b4872fc6aab6cac2276c30a38e477c2332ebe,Current snapshot version generated locally without network access.
ZECU17-SNAPSHOT-00070602b81e,ZECU17,BITMEX_INSTRUMENT_SNAPSHOT,2017-06-16T08:00:00Z,9999-12-31T00:00:00Z,LINEAR,ZEC,XBT,XBT,XBT,1,ZEC,100000000,OFFICIAL_EXPLICIT,,"{""multiplier_major"": ""1 / underlyingToPositionMultiplier from the frozen instrument row"", ""snapshot_fields"": ""Directly retained from the complete frozen CSV row."", ""valid_interval"": ""listing through the registry snapshot horizon; not a claim about future exchange metadata.""}",https://docs.bitmex.com/api-explorer/get-instruments,f02a691c7f7cfd0cd08ffb7f13a656ebaf2c6ca6,00070602b81eab862a2dfb4c30fff28fbb703ce8b9572eb1114f49dc1eb2a07c,Current snapshot version generated locally without network access.
ZECUSDT-SNAPSHOT-a8ab947dbddf,ZECUSDT,BITMEX_INSTRUMENT_SNAPSHOT,2025-10-31T04:00:00Z,9999-12-31T00:00:00Z,LINEAR,ZEC,USDT,USDT,USDT,0.0001,ZEC,100,OFFICIAL_EXPLICIT,,"{""multiplier_major"": ""1 / underlyingToPositionMultiplier from the frozen instrument row"", ""snapshot_fields"": ""Directly retained from the complete frozen CSV row."", ""valid_interval"": ""listing through the registry snapshot horizon; not a claim about future exchange metadata.""}",https://docs.bitmex.com/api-explorer/get-instruments,f02a691c7f7cfd0cd08ffb7f13a656ebaf2c6ca6,a8ab947dbddf882e5b0dfc71f32da16061174c35836cea777f2e44e359067a07,Current snapshot version generated locally without network access.
ZECZ16-SNAPSHOT-064461918aca,ZECZ16,BITMEX_INSTRUMENT_SNAPSHOT,2016-09-15T07:00:00Z,9999-12-31T00:00:00Z,LINEAR,ZEC,XBT,XBT,XBT,1,ZEC,100000000,OFFICIAL_EXPLICIT,,"{""multiplier_major"": ""1 / underlyingToPositionMultiplier from the frozen instrument row"", ""snapshot_fields"": ""Directly retained from the complete frozen CSV row."", ""valid_interval"": ""listing through the registry snapshot horizon; not a claim about future exchange metadata.""}",https://docs.bitmex.com/api-explorer/get-instruments,f02a691c7f7cfd0cd08ffb7f13a656ebaf2c6ca6,064461918aca591305f547e0ce7c22af9ae62996cb38764acd7dd478ecae4e16,Current snapshot version generated locally without network access.
ZECZ17-SNAPSHOT-7f4b69aa159a,ZECZ17,BITMEX_INSTRUMENT_SNAPSHOT,2017-09-14T08:00:00Z,9999-12-31T00:00:00Z,LINEAR,ZEC,XBT,XBT,XBT,1,ZEC,100000000,OFFICIAL_EXPLICIT,,"{""multiplier_major"": ""1 / underlyingToPositionMultiplier from the frozen instrument row"", ""snapshot_fields"": ""Directly retained from the complete frozen CSV row."", ""valid_interval"": ""listing through the registry snapshot horizon; not a claim about future exchange metadata.""}",https://docs.bitmex.com/api-explorer/get-instruments,f02a691c7f7cfd0cd08ffb7f13a656ebaf2c6ca6,7f4b69aa159a54c9aecfa87c90dab4de8521d249d00156f441e0763a36a19ffb,Current snapshot version generated locally without network access.
ZETAUSDT-SNAPSHOT-d1db88e811d5,ZETAUSDT,BITMEX_INSTRUMENT_SNAPSHOT,2024-02-01T06:00:00Z,9999-12-31T00:00:00Z,LINEAR,ZETA,USDT,USDT,USDT,1,ZETA,1000000,OFFICIAL_EXPLICIT,,"{""multiplier_major"": ""1 / underlyingToPositionMultiplier from the frozen instrument row"", ""snapshot_fields"": ""Directly retained from the complete frozen CSV row."", ""valid_interval"": ""listing through the registry snapshot horizon; not a claim about future exchange metadata.""}",https://docs.bitmex.com/api-explorer/get-instruments,f02a691c7f7cfd0cd08ffb7f13a656ebaf2c6ca6,d1db88e811d5720c5b776945419aa3465bfa0d42cb6edff83ff8a571ba9ab051,Current snapshot version generated locally without network access.
ZETAUSDTG24-SNAPSHOT-2b45fee94651,ZETAUSDTG24,BITMEX_INSTRUMENT_SNAPSHOT,2024-01-29T09:00:00Z,9999-12-31T00:00:00Z,LINEAR,ZETA,USDT,USDT,USDT,1,ZETA,1000000,OFFICIAL_EXPLICIT,,"{""multiplier_major"": ""1 / underlyingToPositionMultiplier from the frozen instrument row"", ""snapshot_fields"": ""Directly retained from the complete frozen CSV row."", ""valid_interval"": ""listing through the registry snapshot horizon; not a claim about future exchange metadata.""}",https://docs.bitmex.com/api-explorer/get-instruments,f02a691c7f7cfd0cd08ffb7f13a656ebaf2c6ca6,2b45fee9465130686c5c7fe69c9f03f4b018978c7d729c74f47b2f7e35548a65,Current snapshot version generated locally without network access.
ZKUSDT-SNAPSHOT-44b76a807afb,ZKUSDT,BITMEX_INSTRUMENT_SNAPSHOT,2024-06-17T12:00:00Z,9999-12-31T00:00:00Z,LINEAR,ZK,USDT,USDT,USDT,1,ZK,1000000,OFFICIAL_EXPLICIT,,"{""multiplier_major"": ""1 / underlyingToPositionMultiplier from the frozen instrument row"", ""snapshot_fields"": ""Directly retained from the complete frozen CSV row."", ""valid_interval"": ""listing through the registry snapshot horizon; not a claim about future exchange metadata.""}",https://docs.bitmex.com/api-explorer/get-instruments,f02a691c7f7cfd0cd08ffb7f13a656ebaf2c6ca6,44b76a807afb3bdd5446af55053405392cf7b7c7bb83e0f7fa48cb89cd3aa6c7,Current snapshot version generated locally without network access.
ZKUSDTZ24-SNAPSHOT-3e170b1714ef,ZKUSDTZ24,BITMEX_INSTRUMENT_SNAPSHOT,2024-05-24T04:00:00Z,9999-12-31T00:00:00Z,LINEAR,ZK,USDT,USDT,USDT,1,ZK,1000000,OFFICIAL_EXPLICIT,,"{""multiplier_major"": ""1 / underlyingToPositionMultiplier from the frozen instrument row"", ""snapshot_fields"": ""Directly retained from the complete frozen CSV row."", ""valid_interval"": ""listing through the registry snapshot horizon; not a claim about future exchange metadata.""}",https://docs.bitmex.com/api-explorer/get-instruments,f02a691c7f7cfd0cd08ffb7f13a656ebaf2c6ca6,3e170b1714ef0e9442532f9950388258091cc812cfec95cbb3e756e6bcb0f666,Current snapshot version generated locally without network access.
ZROUSDT-SNAPSHOT-7d86e7f4067c,ZROUSDT,BITMEX_INSTRUMENT_SNAPSHOT,2024-06-21T04:00:00Z,9999-12-31T00:00:00Z,LINEAR,ZRO,USDT,USDT,USDT,1,ZRO,1000000,OFFICIAL_EXPLICIT,,"{""multiplier_major"": ""1 / underlyingToPositionMultiplier from the frozen instrument row"", ""snapshot_fields"": ""Directly retained from the complete frozen CSV row."", ""valid_interval"": ""listing through the registry snapshot horizon; not a claim about future exchange metadata.""}",https://docs.bitmex.com/api-explorer/get-instruments,f02a691c7f7cfd0cd08ffb7f13a656ebaf2c6ca6,7d86e7f4067caf0f455c69b5be1e122d909a8cadb3d4144da2002cb8e896ab31,Current snapshot version generated locally without network access.
ZROUSDTZ24-SNAPSHOT-1a818f879635,ZROUSDTZ24,BITMEX_INSTRUMENT_SNAPSHOT,2024-05-21T04:00:00Z,9999-12-31T00:00:00Z,LINEAR,ZRO,USDT,USDT,USDT,1,ZRO,1000000,OFFICIAL_EXPLICIT,,"{""multiplier_major"": ""1 / underlyingToPositionMultiplier from the frozen instrument row"", ""snapshot_fields"": ""Directly retained from the complete frozen CSV row."", ""valid_interval"": ""listing through the registry snapshot horizon; not a claim about future exchange metadata.""}",https://docs.bitmex.com/api-explorer/get-instruments,f02a691c7f7cfd0cd08ffb7f13a656ebaf2c6ca6,1a818f879635c501c61c882fcb6d6ad2deb4fbe4e06e0c71660fc8553a3edc2f,Current snapshot version generated locally without network access.
