cycle_id,symbol,is_btc_first_scope,direction,open_time,close_time,duration_seconds,initial_qty,maximum_abs_qty,terminal_qty,opening_exec_count,add_count,reduce_count,flip_origin,close_type,opening_execID,closing_execID,cycle_event_count,funding_event_count,gross_pnl_analytical,reported_pnl_total,reported_pnl_count,fee,funding,wallet_net_candidate,wallet_net_status,pnl_currency,reported_pnl_available,ordering_confidence,action_confidence,accounting_confidence,price_confidence,wallet_confidence,overall_confidence,confidence_status,accounting_position_cycle_ids,strategy_fidelity
XBTUSD-C0001,XBTUSD,True,LONG,2020-05-01T09:03:47.360000Z,2020-05-01T11:47:37.525000Z,9830.165,1500,28998,0,1,6,1,NONE,FULL_CLOSE,1f778c8c-a0b4-62da-b752-7a01cc143bb6,f16490eb-c299-13c4-5934-aca00bdc2715,9,0,7094844.000000000000000000000,0,0,339952,0,,AGGREGATE_ONLY_NOT_ALIGNED,XBT,,HIGH,HIGH,MEDIUM,MEDIUM,MEDIUM,MEDIUM,MEDIUM,XBTUSD-C0001,BEHAVIORAL_APPROXIMATION
XBTUSD-C0002,XBTUSD,True,LONG,2020-05-01T12:34:19.019000Z,2020-05-01T20:06:31.420000Z,27132.401,9666,74992,0,1,17,2,NONE,FULL_CLOSE,24c42134-a03a-b275-df47-6a83ca7fdec8,fa04891f-c3fe-8983-4df0-fb14086c2615,21,1,-6020755.999999999999999999999,0,0,513941,85873,,AGGREGATE_ONLY_NOT_ALIGNED,XBT,,HIGH,HIGH,MEDIUM,MEDIUM,MEDIUM,MEDIUM,MEDIUM,XBTUSD-C0002,BEHAVIORAL_APPROXIMATION
XBTUSD-C0003,XBTUSD,True,LONG,2020-05-01T21:30:33.177000Z,2020-05-02T13:23:41.130000Z,57187.953,11080,35332,0,1,9,3,NONE,FULL_CLOSE,05f83ccf-70ef-b1da-1eb7-7fb723af742e,e9087b9a-7993-c2b5-422e-b60321a92e4c,14,2,5158472,0,0,541036,79871,,AGGREGATE_ONLY_NOT_ALIGNED,XBT,,HIGH,HIGH,MEDIUM,MEDIUM,MEDIUM,MEDIUM,MEDIUM,XBTUSD-C0003,BEHAVIORAL_APPROXIMATION
LTCM20-C0001,LTCM20,False,SHORT,2020-05-01T23:45:58.220000Z,2020-05-02T20:49:14.945000Z,75796.725,-14,333,0,1,30,7,NONE,FULL_CLOSE,658fe8e3-bc74-4657-220a-46acb096f139,d63d4be2-7d1b-534a-0cd6-b2ab4c33efb5,39,0,-6438000.000000000000000000000,0,0,427008,0,,AGGREGATE_ONLY_NOT_ALIGNED,XBT,,HIGH,HIGH,MEDIUM,MEDIUM,MEDIUM,MEDIUM,MEDIUM,LTCM20-C0001,BEHAVIORAL_APPROXIMATION
ADAM20-C0001,ADAM20,False,LONG,2020-05-02T14:26:45.069000Z,2020-05-04T14:09:50.806000Z,171785.737,3840,1828163,0,1,29,33,NONE,FULL_CLOSE,4c8d5cfc-a3f8-276d-be6b-5a43aae37d7d,708e5635-f053-b168-1f02-af9ebe3ad5c0,64,0,-34733667.00000000000000000000,0,0,1357891,0,,AGGREGATE_ONLY_NOT_ALIGNED,XBT,,HIGH,HIGH,MEDIUM,MEDIUM,MEDIUM,MEDIUM,MEDIUM,ADAM20-C0001,BEHAVIORAL_APPROXIMATION
XBTUSD-C0004,XBTUSD,True,LONG,2020-05-02T18:08:49.639000Z,2020-05-03T06:07:39.930000Z,43130.291,4513,42996,0,1,8,10,NONE,FULL_CLOSE,38354b39-ab22-7c18-0ea6-2eebe5c1ad63,f1c867ea-87ed-412b-605b-e3d13d0f81de,20,2,13763387.99999999999999999999,0,0,210063,95421,,AGGREGATE_ONLY_NOT_ALIGNED,XBT,,HIGH,HIGH,MEDIUM,MEDIUM,MEDIUM,MEDIUM,MEDIUM,XBTUSD-C0004,BEHAVIORAL_APPROXIMATION
LTCM20-C0002,LTCM20,False,LONG,2020-05-02T20:49:14.945000Z,2020-05-04T05:17:10.296000Z,116875.351,20,1262,-134,1,10,56,NONE,FLIP,e7f56812-ac46-a222-4a61-d45e89b67d38,0e316439-9530-62e5-09fa-915527a6de29,68,0,-31609500.00000000000000000009,0,0,437544,0,,AGGREGATE_ONLY_NOT_ALIGNED,XBT,,HIGH,HIGH,MEDIUM,MEDIUM,MEDIUM,MEDIUM,MEDIUM,"LTCM20-C0002,LTCM20-C0003",BEHAVIORAL_APPROXIMATION
XBTUSD-C0005,XBTUSD,True,LONG,2020-05-03T07:14:36.775000Z,2020-05-03T15:44:36.130000Z,30599.355,5666,103324,0,1,16,22,NONE,FULL_CLOSE,81817976-1cf2-70e4-5174-c4f4cfc14025,ffeee865-d980-66cb-74db-5206a36f5f2a,40,1,-6995028.000000000000000000000,0,0,642393,50092,,AGGREGATE_ONLY_NOT_ALIGNED,XBT,,HIGH,HIGH,MEDIUM,MEDIUM,MEDIUM,MEDIUM,MEDIUM,XBTUSD-C0005,BEHAVIORAL_APPROXIMATION
XBTUSD-C0006,XBTUSD,True,LONG,2020-05-03T15:49:59.145000Z,2020-05-05T09:25:24.095000Z,149724.95,4666,29108,0,1,3,3,NONE,FULL_CLOSE,4712f58a-0953-a910-d56d-b4335ea73a7e,da875f8d-cd3a-5f80-6093-b666265e10c9,8,5,12950566.00000000000000000000,0,0,142350,38175,,AGGREGATE_ONLY_NOT_ALIGNED,XBT,,HIGH,HIGH,MEDIUM,MEDIUM,MEDIUM,MEDIUM,MEDIUM,XBTUSD-C0006,BEHAVIORAL_APPROXIMATION
LTCM20-C0003,LTCM20,False,SHORT,2020-05-04T05:17:10.296000Z,2020-05-06T09:52:00.862000Z,189290.566,-134,2253,0,1,48,33,LTCM20-C0002,FULL_CLOSE,0e316439-9530-62e5-09fa-915527a6de29,fe71f178-ec54-9c59-0f31-35c5038649e5,83,0,19504000.00000000000000000002,0,0,2176535,0,,AGGREGATE_ONLY_NOT_ALIGNED,XBT,,HIGH,HIGH,MEDIUM,MEDIUM,MEDIUM,MEDIUM,MEDIUM,LTCM20-C0003,BEHAVIORAL_APPROXIMATION
XBTUSD-C0007,XBTUSD,True,LONG,2020-05-05T10:00:31.359000Z,2020-05-07T06:52:04.130000Z,161492.771,4666,51328,0,1,8,11,NONE,FULL_CLOSE,9c9f1428-c09f-87ea-d697-fa37c022d619,ec0d3146-f71f-1bc7-038b-ab01b74b744f,21,6,26000100.00000000000000000000,0,0,243253,303357,,AGGREGATE_ONLY_NOT_ALIGNED,XBT,,HIGH,HIGH,MEDIUM,MEDIUM,MEDIUM,MEDIUM,MEDIUM,XBTUSD-C0007,BEHAVIORAL_APPROXIMATION
XBTUSD-C0008,XBTUSD,True,LONG,2020-05-10T03:10:26.812000Z,2020-05-10T08:01:24.164000Z,17457.352,5444,87363,0,1,13,8,NONE,FULL_CLOSE,c2f401dd-61c6-7390-89c7-d66b4c0742ec,eac7eb1b-5ba9-dfd3-5805-366604eaaac3,23,1,35553895.00000000000000000000,0,0,918392,-45425,,AGGREGATE_ONLY_NOT_ALIGNED,XBT,,HIGH,HIGH,MEDIUM,MEDIUM,MEDIUM,MEDIUM,MEDIUM,XBTUSD-C0008,BEHAVIORAL_APPROXIMATION
XBTUSD-C0009,XBTUSD,True,SHORT,2020-05-10T08:20:27.874000Z,2020-05-10T09:59:47.298000Z,5959.424,-3804,3804,0,1,0,1,NONE,FULL_CLOSE,f73d078e-521d-0d53-a5a6-73b09d39043e,7526e2cb-cc1f-4ac5-50c2-5cfebba10683,3,0,448872,0,0,19243,0,,AGGREGATE_ONLY_NOT_ALIGNED,XBT,,HIGH,HIGH,MEDIUM,MEDIUM,MEDIUM,MEDIUM,MEDIUM,XBTUSD-C0009,BEHAVIORAL_APPROXIMATION
XBTUSD-C0010,XBTUSD,True,LONG,2020-05-10T09:59:49.340000Z,2020-05-11T18:17:00.254000Z,116230.914,3804,136288,0,1,63,26,NONE,FULL_CLOSE,ea98e25d-fc02-e6d8-c000-4b8bd2bc1dcc,fb4ec63e-047b-356d-f19e-26be19b3309b,91,4,-35924405.99999999999999999999,0,0,1332611,-176864,,AGGREGATE_ONLY_NOT_ALIGNED,XBT,,HIGH,HIGH,MEDIUM,MEDIUM,MEDIUM,MEDIUM,MEDIUM,XBTUSD-C0010,BEHAVIORAL_APPROXIMATION
XBTUSD-C0011,XBTUSD,True,SHORT,2020-05-11T18:31:33.729000Z,2020-05-11T18:36:51.573000Z,317.844,-15990,444444,0,1,33,57,NONE,FULL_CLOSE,02a1de35-5d19-4a5d-4987-bd01c743253b,deb40174-7640-235e-8d9a-cb8dc4eb5d8d,92,0,41019022.00000000000000000007,0,0,7112521,0,,AGGREGATE_ONLY_NOT_ALIGNED,XBT,,HIGH,HIGH,MEDIUM,MEDIUM,MEDIUM,MEDIUM,MEDIUM,XBTUSD-C0011,BEHAVIORAL_APPROXIMATION
XBTUSD-C0012,XBTUSD,True,SHORT,2020-05-21T12:35:54.239000Z,2020-05-21T18:06:04.304000Z,19810.065,-804,64552,0,1,9,10,NONE,FULL_CLOSE,3407f360-c99d-5de2-ca46-d55e76860e35,dc71b16e-9cf4-302b-0538-21f5bf22e532,21,0,33294972.00000000000000000000,0,0,730624,0,,AGGREGATE_ONLY_NOT_ALIGNED,XBT,,HIGH,HIGH,MEDIUM,MEDIUM,MEDIUM,MEDIUM,MEDIUM,XBTUSD-C0012,BEHAVIORAL_APPROXIMATION
XBTUSD-C0013,XBTUSD,True,LONG,2020-05-21T18:57:25.876000Z,2020-05-22T16:16:02.606000Z,76716.73,8555,8555,0,1,0,0,NONE,FULL_CLOSE,229f4b7f-4245-34e2-55dc-224f952b8c14,33357ee7-7a9a-3d4b-bcb0-9bae2dcd04f8,2,3,4029405,0,0,40971,22051,,AGGREGATE_ONLY_NOT_ALIGNED,XBT,,HIGH,HIGH,MEDIUM,MEDIUM,MEDIUM,MEDIUM,MEDIUM,XBTUSD-C0013,BEHAVIORAL_APPROXIMATION
XBTUSD-C0014,XBTUSD,True,LONG,2020-05-22T19:47:09.265000Z,2020-05-28T13:31:27.719000Z,495858.454,5555,171875,0,1,37,50,NONE,FULL_CLOSE,9067f05f-bbee-4cd9-e1d8-4a16e18dee3e,8a448aed-6b41-5a7a-43c6-e954e7589628,89,18,53660733.00000000000000000001,0,0,2202,-196870,,AGGREGATE_ONLY_NOT_ALIGNED,XBT,,HIGH,HIGH,MEDIUM,MEDIUM,MEDIUM,MEDIUM,MEDIUM,XBTUSD-C0014,BEHAVIORAL_APPROXIMATION
TRXM20-C0001,TRXM20,False,LONG,2020-05-22T21:43:52.981000Z,2020-05-31T19:22:31.426000Z,769118.445,50000,4000000,0,1,70,23,NONE,FULL_CLOSE,0eb8698a-0481-5731-cd9b-c37a7fe1d025,1f2969d3-7b57-f8e8-bb03-f98477648c1d,95,0,27800000.0,0,0,292790,0,,AGGREGATE_ONLY_NOT_ALIGNED,XBT,,HIGH,HIGH,MEDIUM,MEDIUM,MEDIUM,MEDIUM,MEDIUM,TRXM20-C0001,BEHAVIORAL_APPROXIMATION
ETHM20-C0001,ETHM20,False,LONG,2020-05-29T00:07:56.507000Z,2020-05-30T13:14:47.341000Z,133610.834,4,360,0,1,18,32,NONE,FULL_CLOSE,6ecd46ba-fb77-8303-dc58-cf89b40de2f7,e3c13754-57d6-17f4-70fa-f03cde1d2188,52,0,56816999.99999999999999999995,0,0,1954249,0,,AGGREGATE_ONLY_NOT_ALIGNED,XBT,,HIGH,HIGH,MEDIUM,MEDIUM,MEDIUM,MEDIUM,MEDIUM,ETHM20-C0001,BEHAVIORAL_APPROXIMATION
LTCM20-C0004,LTCM20,False,LONG,2020-05-30T09:28:24.648000Z,2020-06-08T22:11:45.084000Z,823400.436,5,3719,0,1,109,87,NONE,FULL_CLOSE,09e95d91-ce87-0109-6104-69939d09258b,e1a9a8cb-799d-995d-787a-a3e6c040a77d,198,0,-33757499.99999999999999999999,0,0,2763735,0,,AGGREGATE_ONLY_NOT_ALIGNED,XBT,,HIGH,HIGH,MEDIUM,MEDIUM,MEDIUM,MEDIUM,MEDIUM,LTCM20-C0004,BEHAVIORAL_APPROXIMATION
XBTUSD-C0015,XBTUSD,True,LONG,2020-05-30T20:47:31.426000Z,2020-06-04T18:22:10.007000Z,423278.581,5555,242765,0,1,37,57,NONE,FULL_CLOSE,f1b20228-d700-2dff-563e-06101bff6882,b64c1d84-5a00-a9f9-32cd-d7c0b8cb0495,96,14,109882346.0000000000000000000,0,0,1095831,1386127,,AGGREGATE_ONLY_NOT_ALIGNED,XBT,,HIGH,HIGH,MEDIUM,MEDIUM,MEDIUM,MEDIUM,MEDIUM,XBTUSD-C0015,BEHAVIORAL_APPROXIMATION
ADAM20-C0002,ADAM20,False,SHORT,2020-05-31T13:01:36.259000Z,2020-05-31T15:01:01.490000Z,7165.231,-100000,200000,0,1,3,6,NONE,FULL_CLOSE,e1e85db7-b053-94a9-f686-2335dc8704db,e034ed8e-bdeb-f92f-9567-c10d4f5d394f,11,0,9400000,0,0,531179,0,,AGGREGATE_ONLY_NOT_ALIGNED,XBT,,HIGH,HIGH,MEDIUM,MEDIUM,MEDIUM,MEDIUM,MEDIUM,ADAM20-C0002,BEHAVIORAL_APPROXIMATION
ADAM20-C0003,ADAM20,False,SHORT,2020-05-31T15:10:39.575000Z,2020-06-02T15:39:18.579000Z,174519.004,-453,404100,0,1,46,12,NONE,FULL_CLOSE,b713e9dc-ba6f-1714-8acb-0daacf75aa1a,287971bb-8df3-30e0-56cb-6c5dc451c38f,60,0,20682900.00000000000000000000,0,0,166778,0,,AGGREGATE_ONLY_NOT_ALIGNED,XBT,,HIGH,HIGH,MEDIUM,MEDIUM,MEDIUM,MEDIUM,MEDIUM,ADAM20-C0003,BEHAVIORAL_APPROXIMATION
ETHUSD-C0001,ETHUSD,False,LONG,2020-06-01T22:24:28.491000Z,2020-06-02T14:49:16.883000Z,59088.392,11,89766,0,1,38,8,NONE,FULL_CLOSE,5da664db-6574-88bc-412b-8a4f486af4a9,f555f314-4bf3-8158-0ba1-bae842983646,48,2,-58368574.00000000000000000000,0,0,1132221,632424,,AGGREGATE_ONLY_NOT_ALIGNED,XBT,,HIGH,HIGH,MEDIUM,MEDIUM,MEDIUM,MEDIUM,MEDIUM,ETHUSD-C0001,BEHAVIORAL_APPROXIMATION
ADAM20-C0004,ADAM20,False,SHORT,2020-06-02T20:17:24.716000Z,2020-06-04T01:22:36.382000Z,104711.666,-400,1037199,0,1,21,10,NONE,FULL_CLOSE,47da757f-5ab6-cfa3-13d4-cde705aa7cbf,ef3b0e24-c91e-0705-46a5-361454d2fcac,33,0,-96198517.00000000000000000000,0,0,1950699,0,,AGGREGATE_ONLY_NOT_ALIGNED,XBT,,HIGH,HIGH,MEDIUM,MEDIUM,MEDIUM,MEDIUM,MEDIUM,ADAM20-C0004,BEHAVIORAL_APPROXIMATION
ETHUSD-C0002,ETHUSD,False,LONG,2020-06-02T21:36:29.080000Z,2020-06-04T09:04:08.607000Z,127659.527,150,55475,0,1,19,33,NONE,FULL_CLOSE,1bf83b19-870c-e7bb-5518-fa0f01dc8997,e8a31f73-6fb0-70dc-b4a9-e0aab5703992,54,4,44467965.00000000000000000000,0,0,1024473,2013598,,AGGREGATE_ONLY_NOT_ALIGNED,XBT,,HIGH,HIGH,MEDIUM,MEDIUM,MEDIUM,MEDIUM,MEDIUM,ETHUSD-C0002,BEHAVIORAL_APPROXIMATION
XBTUSD-C0016,XBTUSD,True,LONG,2020-06-05T20:57:31.356000Z,2020-06-11T15:15:41.435000Z,497890.079,7555,172880,0,1,30,35,NONE,FULL_CLOSE,c827527a-f363-e778-ddb8-bfcb834e8a45,ed63ad3d-e63f-6202-52f7-fd3c2cc71d55,67,17,58871209.00000000000000000000,0,0,437856,896692,,AGGREGATE_ONLY_NOT_ALIGNED,XBT,,HIGH,HIGH,MEDIUM,MEDIUM,MEDIUM,MEDIUM,MEDIUM,XBTUSD-C0016,BEHAVIORAL_APPROXIMATION
ADAM20-C0005,ADAM20,False,SHORT,2020-06-06T11:43:44.224000Z,2020-06-08T22:08:19.166000Z,210274.942,-50000,400000,0,1,18,16,NONE,FULL_CLOSE,0f40951a-a75a-bf2b-c80f-567066b7f38b,c5266a13-7e28-58f1-0626-0b88ff90a784,36,0,4526645.000,0,0,998716,0,,AGGREGATE_ONLY_NOT_ALIGNED,XBT,,HIGH,HIGH,MEDIUM,MEDIUM,MEDIUM,MEDIUM,MEDIUM,ADAM20-C0005,BEHAVIORAL_APPROXIMATION
TRXM20-C0002,TRXM20,False,LONG,2020-06-06T11:50:04.906000Z,2020-06-07T13:17:24.710000Z,91639.804,100000,500000,0,1,4,0,NONE,FULL_CLOSE,edd4ff98-ad63-c196-8bae-77bbd0a8d928,0470a2f9-eb49-4edd-347a-cf318d7cbe5a,6,0,3000000,0,0,402750,0,,AGGREGATE_ONLY_NOT_ALIGNED,XBT,,HIGH,HIGH,MEDIUM,MEDIUM,MEDIUM,MEDIUM,MEDIUM,TRXM20-C0002,BEHAVIORAL_APPROXIMATION
ADAM20-C0006,ADAM20,False,SHORT,2020-06-09T18:05:06.914000Z,2020-06-11T17:51:37.047000Z,171990.133,-625,350800,0,1,10,10,NONE,FULL_CLOSE,01f25bcd-9507-027c-085f-a97095e4458b,8f4b35b9-4dcd-3b53-d04a-adbb6379e878,22,0,14924451.00000000000000000000,0,0,422376,0,,AGGREGATE_ONLY_NOT_ALIGNED,XBT,,HIGH,HIGH,MEDIUM,MEDIUM,MEDIUM,MEDIUM,MEDIUM,ADAM20-C0006,BEHAVIORAL_APPROXIMATION
TRXM20-C0003,TRXM20,False,LONG,2020-06-11T13:18:24.448000Z,2020-06-11T16:02:16.526000Z,9832.078,145713,200000,0,1,2,2,NONE,FULL_CLOSE,080e5730-22d3-44cf-7a4a-285e1ddc5393,e3dfd727-c91c-1260-4e32-db9d48140425,6,0,0,0,0,62639,0,,AGGREGATE_ONLY_NOT_ALIGNED,XBT,,HIGH,HIGH,MEDIUM,MEDIUM,MEDIUM,MEDIUM,MEDIUM,TRXM20-C0003,BEHAVIORAL_APPROXIMATION
XBTUSD-C0017,XBTUSD,True,LONG,2020-06-11T16:00:49.415000Z,2020-06-11T18:01:35.905000Z,7246.49,6555,54197,0,1,8,0,NONE,FULL_CLOSE,ae77c3e0-bafc-3cfb-fef6-654ac9e826e1,332fe695-e2e6-9e61-96ff-5d3e4922361b,10,0,6938905,0,0,259450,0,,AGGREGATE_ONLY_NOT_ALIGNED,XBT,,HIGH,HIGH,MEDIUM,MEDIUM,MEDIUM,MEDIUM,MEDIUM,XBTUSD-C0017,BEHAVIORAL_APPROXIMATION
TRXM20-C0004,TRXM20,False,LONG,2020-06-11T16:45:08.739000Z,2020-06-14T11:15:54.307000Z,239445.568,200000,800000,0,1,5,23,NONE,FULL_CLOSE,368d60ac-3c22-aad4-8941-f63a37fadd06,faa960e4-2cae-e2bd-6fa4-858286ecaac3,30,0,3900000.0,0,0,64128,0,,AGGREGATE_ONLY_NOT_ALIGNED,XBT,,HIGH,HIGH,MEDIUM,MEDIUM,MEDIUM,MEDIUM,MEDIUM,TRXM20-C0004,BEHAVIORAL_APPROXIMATION
XBTUSD-C0018,XBTUSD,True,LONG,2020-06-11T19:23:54.379000Z,2020-06-12T14:50:32.694000Z,69998.315,6555,19665,0,1,2,0,NONE,FULL_CLOSE,f790b311-5c0a-6326-918c-97782896967b,450fe6cb-d6ae-b968-112b-e676554b695f,4,3,4509840,0,0,92603,-13296,,AGGREGATE_ONLY_NOT_ALIGNED,XBT,,HIGH,HIGH,MEDIUM,MEDIUM,MEDIUM,MEDIUM,MEDIUM,XBTUSD-C0018,BEHAVIORAL_APPROXIMATION
ADAM20-C0007,ADAM20,False,LONG,2020-06-11T23:36:19.102000Z,2020-06-12T05:33:23.328000Z,21424.226,50000,50000,0,1,0,0,NONE,FULL_CLOSE,ad569fa3-077c-7edc-fec3-faab70d5eba5,1fa3a1ea-4c84-d603-8d4c-2177669eb36e,2,0,1000000,0,0,74520,0,,AGGREGATE_ONLY_NOT_ALIGNED,XBT,,HIGH,HIGH,MEDIUM,MEDIUM,MEDIUM,MEDIUM,MEDIUM,ADAM20-C0007,BEHAVIORAL_APPROXIMATION
ADAM20-C0008,ADAM20,False,SHORT,2020-06-12T06:38:44.125000Z,2020-06-15T03:22:00.980000Z,247396.855,-2079,450000,0,1,19,16,NONE,FULL_CLOSE,5c8e334b-81d2-c6be-6935-a1c9a1a0a6ae,fa9898f2-0e4d-5c4f-6412-95d56a2ce196,37,0,19000000.00000000000000000000,0,0,-112805,0,,AGGREGATE_ONLY_NOT_ALIGNED,XBT,,HIGH,HIGH,MEDIUM,MEDIUM,MEDIUM,MEDIUM,MEDIUM,ADAM20-C0008,BEHAVIORAL_APPROXIMATION
XBTUSD-C0019,XBTUSD,True,SHORT,2020-06-14T06:41:47.368000Z,2020-06-14T11:15:13.716000Z,16406.348,-4000,257665,0,1,46,19,NONE,FULL_CLOSE,0d55c9bc-7556-d97e-ec19-7f817fb9a5d4,fe43d7a3-11c4-9f99-fcfd-a3ce997c83c7,67,0,-6373739.999999999999999999999,0,0,3692851,0,,AGGREGATE_ONLY_NOT_ALIGNED,XBT,,HIGH,HIGH,MEDIUM,MEDIUM,MEDIUM,MEDIUM,MEDIUM,XBTUSD-C0019,BEHAVIORAL_APPROXIMATION
XBTUSD-C0020,XBTUSD,True,SHORT,2020-06-14T13:13:12.776000Z,2020-06-14T16:45:47.874000Z,12755.098,-24441,152555,0,1,4,5,NONE,FULL_CLOSE,1a0d1ce9-f669-6f67-7964-0660ea98cffc,e168b186-3b77-08cf-3e81-42b61f78db55,11,0,-4424095,0,0,2194692,0,,AGGREGATE_ONLY_NOT_ALIGNED,XBT,,HIGH,HIGH,MEDIUM,MEDIUM,MEDIUM,MEDIUM,MEDIUM,XBTUSD-C0020,BEHAVIORAL_APPROXIMATION
XBTUSD-C0021,XBTUSD,True,SHORT,2020-06-14T18:17:17.443000Z,2020-06-15T20:54:23.606000Z,95826.163,-4257,152555,0,1,85,16,NONE,FULL_CLOSE,063fce07-c589-5c90-dffc-23fa8625c999,caca2b1d-63d6-1735-a248-e3c682390d61,103,4,21045736.00000000000000000000,0,0,1388413,-298432,,AGGREGATE_ONLY_NOT_ALIGNED,XBT,,HIGH,HIGH,MEDIUM,MEDIUM,MEDIUM,MEDIUM,MEDIUM,XBTUSD-C0021,BEHAVIORAL_APPROXIMATION
ADAM20-C0009,ADAM20,False,LONG,2020-06-15T03:22:42.164000Z,2020-06-15T20:21:57.411000Z,61155.247,50000,50000,-50000,1,0,0,NONE,FLIP,d2a4e7a4-38fd-ee0b-c49e-a421cc7aff12,e5078da2-8e54-bd33-8b42-37e4a9e4bea7,2,0,2550000,0,0,-55350,0,,AGGREGATE_ONLY_NOT_ALIGNED,XBT,,HIGH,HIGH,MEDIUM,MEDIUM,MEDIUM,MEDIUM,MEDIUM,"ADAM20-C0009,ADAM20-C0010",BEHAVIORAL_APPROXIMATION
ADAM20-C0010,ADAM20,False,SHORT,2020-06-15T20:21:57.411000Z,2020-06-15T21:01:34.838000Z,2377.427,-50000,50000,0,1,0,0,ADAM20-C0009,FULL_CLOSE,e5078da2-8e54-bd33-8b42-37e4a9e4bea7,9392e85a-1031-0011-42dd-482c193e1fb3,2,0,-150000,0,0,94500,0,,AGGREGATE_ONLY_NOT_ALIGNED,XBT,,HIGH,HIGH,MEDIUM,MEDIUM,MEDIUM,MEDIUM,MEDIUM,ADAM20-C0010,BEHAVIORAL_APPROXIMATION
XBTUSD-C0022,XBTUSD,True,LONG,2020-06-15T22:35:23.634000Z,2020-06-19T02:11:47.049000Z,272183.415,9666,68330,0,1,10,9,NONE,FULL_CLOSE,02a65e5d-cb84-52a1-082f-4d7ff90695e1,fbed2262-a703-9da1-8d0f-c0d0116beaf9,21,9,-1487856.000000000000000000000,0,0,331188,296066,,AGGREGATE_ONLY_NOT_ALIGNED,XBT,,HIGH,HIGH,MEDIUM,MEDIUM,MEDIUM,MEDIUM,MEDIUM,XBTUSD-C0022,BEHAVIORAL_APPROXIMATION
ADAM20-C0011,ADAM20,False,SHORT,2020-06-18T07:54:28.713000Z,2020-06-22T06:27:13.773000Z,340365.06,-1090,170176,0,1,62,0,NONE,FULL_CLOSE,44cd508e-1ad4-7783-809c-162c41222fbf,e944dee5-7876-6971-6de8-bc15999016ea,64,0,4420312,0,0,325708,0,,AGGREGATE_ONLY_NOT_ALIGNED,XBT,,HIGH,HIGH,MEDIUM,MEDIUM,MEDIUM,MEDIUM,MEDIUM,ADAM20-C0011,BEHAVIORAL_APPROXIMATION
XBTUSD-C0023,XBTUSD,True,LONG,2020-06-20T11:15:45.218000Z,2020-06-25T03:12:47.645000Z,403022.427,12222,729654,0,1,65,80,NONE,FULL_CLOSE,80093d8d-890b-4973-6c13-9da8eb9c6db9,4e4f9ec1-e357-b37d-b89e-a3aba301c35c,147,14,-158004825.0000000000000000000,0,0,8352539,2834677,,AGGREGATE_ONLY_NOT_ALIGNED,XBT,,HIGH,HIGH,MEDIUM,MEDIUM,MEDIUM,MEDIUM,MEDIUM,XBTUSD-C0023,BEHAVIORAL_APPROXIMATION
ETHM20-C0002,ETHM20,False,LONG,2020-06-23T21:27:08.704000Z,2020-06-26T07:16:24.011000Z,208155.307,50,552,0,1,24,8,NONE,FULL_CLOSE,590c8df1-9132-0b70-b476-c5ac235e01ec,e7183b49-1001-f250-d7bb-917c7a7d22d5,34,0,-17063000.00000000000000000000,0,0,3992140,0,,AGGREGATE_ONLY_NOT_ALIGNED,XBT,,HIGH,HIGH,MEDIUM,MEDIUM,MEDIUM,MEDIUM,MEDIUM,ETHM20-C0002,BEHAVIORAL_APPROXIMATION
ADAM20-C0012,ADAM20,False,SHORT,2020-06-24T02:13:03.605000Z,2020-06-24T06:19:12.538000Z,14768.933,-12248,172248,0,1,25,7,NONE,FULL_CLOSE,f0192765-99d7-2af4-ef3c-49fee79face5,b4647d9f-68cf-08dc-285c-3f1977f5f646,34,0,-2448216.000000000000000000000,0,0,139581,0,,AGGREGATE_ONLY_NOT_ALIGNED,XBT,,HIGH,HIGH,MEDIUM,MEDIUM,MEDIUM,MEDIUM,MEDIUM,ADAM20-C0012,BEHAVIORAL_APPROXIMATION
ETHUSD-C0003,ETHUSD,False,LONG,2020-06-24T04:53:41.953000Z,2020-06-27T00:24:05.593000Z,243023.64,500,102665,0,1,31,29,NONE,FULL_CLOSE,32b94102-4dbf-a0a9-ed08-e5939bcc9cd8,f3a1ab96-4c51-3f1a-3b5c-d588c40a2bfe,62,8,-99616210.00000000000000000002,0,0,2961511,1681182,,AGGREGATE_ONLY_NOT_ALIGNED,XBT,,HIGH,HIGH,MEDIUM,MEDIUM,MEDIUM,MEDIUM,MEDIUM,ETHUSD-C0003,BEHAVIORAL_APPROXIMATION
XBTUSD-C0024,XBTUSD,True,LONG,2020-06-25T06:45:45.804000Z,2020-06-27T02:49:35.617000Z,158629.813,19666,88664,0,1,22,7,NONE,FULL_CLOSE,96adabab-5e6b-f923-0d71-f8318dff0313,f874f9bb-dd77-4b8d-3003-cc8dec3f6038,31,5,-2603574.000000000000000000000,0,0,631429,369978,,AGGREGATE_ONLY_NOT_ALIGNED,XBT,,HIGH,HIGH,MEDIUM,MEDIUM,MEDIUM,MEDIUM,MEDIUM,XBTUSD-C0024,BEHAVIORAL_APPROXIMATION
LTCU20-C0001,LTCU20,False,LONG,2020-06-26T12:29:11.610000Z,2020-06-28T02:23:43.093000Z,136471.483,23,1870,0,1,20,36,NONE,FULL_CLOSE,00fc8cf1-6ccf-b955-f69e-23c1d829b617,ffca5b23-3639-edec-a1dc-269106083c6e,58,0,-33557000.00000000000000000002,0,0,2718604,0,,AGGREGATE_ONLY_NOT_ALIGNED,XBT,,HIGH,HIGH,MEDIUM,MEDIUM,MEDIUM,MEDIUM,MEDIUM,LTCU20-C0001,BEHAVIORAL_APPROXIMATION
XBTUSD-C0025,XBTUSD,True,SHORT,2020-06-28T02:14:03.502000Z,2020-06-28T06:37:44.228000Z,15820.726,-5,133262,0,1,86,8,NONE,FULL_CLOSE,29f15c72-3aae-a3fe-5c90-5d619a74c9ce,fd652e20-b210-4492-a3ff-0b5085790557,96,1,-8064565.999999999999999999999,0,0,2006458,-148600,,AGGREGATE_ONLY_NOT_ALIGNED,XBT,,HIGH,HIGH,MEDIUM,MEDIUM,MEDIUM,MEDIUM,MEDIUM,XBTUSD-C0025,BEHAVIORAL_APPROXIMATION
XBTUSD-C0026,XBTUSD,True,LONG,2020-06-28T06:38:12.075000Z,2020-07-02T16:32:26.838000Z,381254.763,496,309693,-55687,1,20,49,NONE,FLIP,4b3d58da-37ef-de6f-05dc-393d43617c6b,73446624-d80a-bcd2-4d86-a4430a092475,71,13,63622428.99999999999999999999,0,0,3073120,90663,,AGGREGATE_ONLY_NOT_ALIGNED,XBT,,HIGH,HIGH,MEDIUM,MEDIUM,MEDIUM,MEDIUM,MEDIUM,"XBTUSD-C0026,XBTUSD-C0027",BEHAVIORAL_APPROXIMATION
TRXU20-C0001,TRXU20,False,LONG,2020-06-30T10:17:05.892000Z,2020-07-02T17:20:05.724000Z,198179.832,64000,6000000,0,1,46,22,NONE,FULL_CLOSE,04f81a91-07d1-986e-4e80-322ec9a5e550,20e9bb47-c5a0-db08-975b-4afa5815584d,70,0,0,0,0,948166,0,,AGGREGATE_ONLY_NOT_ALIGNED,XBT,,HIGH,HIGH,MEDIUM,MEDIUM,MEDIUM,MEDIUM,MEDIUM,TRXU20-C0001,BEHAVIORAL_APPROXIMATION
XBTUSD-C0027,XBTUSD,True,SHORT,2020-07-02T16:32:26.838000Z,2020-07-02T18:35:17.608000Z,7370.77,-55687,74358,0,1,1,13,XBTUSD-C0026,FULL_CLOSE,73446624-d80a-bcd2-4d86-a4430a092475,ec617304-9138-9ec5-356e-50f019fe4900,16,0,-3271752,0,0,693236,0,,AGGREGATE_ONLY_NOT_ALIGNED,XBT,,HIGH,HIGH,MEDIUM,MEDIUM,MEDIUM,MEDIUM,MEDIUM,XBTUSD-C0027,BEHAVIORAL_APPROXIMATION
XBTUSD-C0028,XBTUSD,True,SHORT,2020-07-02T20:16:24.348000Z,2020-07-06T06:12:59.509000Z,294995.161,-9095,190167,0,1,37,59,NONE,FULL_CLOSE,a7681b11-8778-8d74-eeb0-7b277a7f32a3,fc567c6f-e252-ba85-84ca-2db80378e425,98,10,-5393899.000000000000000000002,0,0,1293710,-747985,,AGGREGATE_ONLY_NOT_ALIGNED,XBT,,HIGH,HIGH,MEDIUM,MEDIUM,MEDIUM,MEDIUM,MEDIUM,XBTUSD-C0028,BEHAVIORAL_APPROXIMATION
TRXU20-C0002,TRXU20,False,LONG,2020-07-04T05:15:52.052000Z,2020-07-05T06:36:59.774000Z,91267.722,50000,5000000,0,1,20,32,NONE,FULL_CLOSE,01b25cb8-d12a-78bc-34b8-373502d4e02d,df3a0cce-1b7b-668f-9bea-11a53fd4dd94,54,0,-12000000.0,0,0,3148181,0,,AGGREGATE_ONLY_NOT_ALIGNED,XBT,,HIGH,HIGH,MEDIUM,MEDIUM,MEDIUM,MEDIUM,MEDIUM,TRXU20-C0002,BEHAVIORAL_APPROXIMATION
TRXU20-C0003,TRXU20,False,LONG,2020-07-06T00:30:48.705000Z,2020-07-07T23:57:28.444000Z,170799.739,59157,4479358,0,1,36,36,NONE,FULL_CLOSE,0a967b48-34c1-7d0e-75c1-286aa0a79412,6fc08d5e-6daa-8c73-ea44-c259efb3c031,74,0,-15920641.99999999999999999997,0,0,2962749,0,,AGGREGATE_ONLY_NOT_ALIGNED,XBT,,HIGH,HIGH,MEDIUM,MEDIUM,MEDIUM,MEDIUM,MEDIUM,TRXU20-C0003,BEHAVIORAL_APPROXIMATION
LTCU20-C0002,LTCU20,False,LONG,2020-07-06T00:36:01.383000Z,2020-07-07T07:52:34.904000Z,112593.521,241,1000,0,1,6,0,NONE,FULL_CLOSE,0a8d905f-aaec-1267-dc97-4a9cc0dd7ef4,af31ae62-df81-4887-559d-32343b8cd2d4,8,0,11000000,0,0,2069996,0,,AGGREGATE_ONLY_NOT_ALIGNED,XBT,,HIGH,HIGH,MEDIUM,MEDIUM,MEDIUM,MEDIUM,MEDIUM,LTCU20-C0002,BEHAVIORAL_APPROXIMATION
XBTUSD-C0029,XBTUSD,True,LONG,2020-07-06T06:14:49.596000Z,2020-07-07T05:37:52.485000Z,84182.889,142156,229998,0,1,13,27,NONE,FULL_CLOSE,199bbcf5-886c-91bd-1945-17db9f8b5e37,c79b2e94-5631-700c-a919-876d5d4863e3,42,3,45159528,0,0,3363229,428534,,AGGREGATE_ONLY_NOT_ALIGNED,XBT,,HIGH,HIGH,MEDIUM,MEDIUM,MEDIUM,MEDIUM,MEDIUM,XBTUSD-C0029,BEHAVIORAL_APPROXIMATION
ETHU20-C0001,ETHU20,False,LONG,2020-07-06T21:23:16.149000Z,2020-07-07T19:05:26.535000Z,78130.386,7,300,0,1,13,2,NONE,FULL_CLOSE,09b7a895-d3c5-4e2e-35b6-6a32e5a49967,c5f44525-ec99-b355-fae4-71eb6614b051,17,0,2400000,0,0,1644314,0,,AGGREGATE_ONLY_NOT_ALIGNED,XBT,,HIGH,HIGH,MEDIUM,MEDIUM,MEDIUM,MEDIUM,MEDIUM,ETHU20-C0001,BEHAVIORAL_APPROXIMATION
XBTUSD-C0030,XBTUSD,True,LONG,2020-07-07T06:15:27.441000Z,2020-07-07T19:05:17.230000Z,46189.789,16666,49998,0,1,2,6,NONE,FULL_CLOSE,ec9ad3f1-e7f3-1e5c-bc8c-b830bda56faf,e506b482-7ae2-d1df-0424-73a674976c73,10,1,1083290.000000000000000000000,0,0,242565,53923,,AGGREGATE_ONLY_NOT_ALIGNED,XBT,,HIGH,HIGH,MEDIUM,MEDIUM,MEDIUM,MEDIUM,MEDIUM,XBTUSD-C0030,BEHAVIORAL_APPROXIMATION
XBTUSD-C0031,XBTUSD,True,LONG,2020-07-07T20:03:17.010000Z,2020-07-09T15:20:47.762000Z,155850.752,16666,323326,0,1,56,17,NONE,FULL_CLOSE,c44dc5bd-d3ee-4021-4b69-4d0e08ab5740,ff9624de-0012-4aa9-79c9-a98cc110d020,75,5,-1336282.000000000000000000003,0,0,4374555,1123017,,AGGREGATE_ONLY_NOT_ALIGNED,XBT,,HIGH,HIGH,MEDIUM,MEDIUM,MEDIUM,MEDIUM,MEDIUM,XBTUSD-C0031,BEHAVIORAL_APPROXIMATION
LTCU20-C0003,LTCU20,False,LONG,2020-07-08T10:10:11.536000Z,2020-07-09T15:07:25.822000Z,104234.286,99,1102,0,1,23,0,NONE,FULL_CLOSE,2f06926e-7ce7-cb81-7240-a2aa348fa965,7bdefe7b-b857-db26-9bf6-c565878ab8a3,25,0,-5260000,0,0,1854019,0,,AGGREGATE_ONLY_NOT_ALIGNED,XBT,,HIGH,HIGH,MEDIUM,MEDIUM,MEDIUM,MEDIUM,MEDIUM,LTCU20-C0003,BEHAVIORAL_APPROXIMATION
XBTUSD-C0032,XBTUSD,True,LONG,2020-07-10T16:36:38.652000Z,2020-07-14T04:26:21.134000Z,301782.482,58,247797,0,1,52,18,NONE,FULL_CLOSE,1ed06628-1b77-fe47-99d3-f87d86165453,e9ae678b-5b8b-6673-7a9e-79036608babd,72,11,-26264155.00000000000000000001,0,0,4110525,2310716,,AGGREGATE_ONLY_NOT_ALIGNED,XBT,,HIGH,HIGH,MEDIUM,MEDIUM,MEDIUM,MEDIUM,MEDIUM,XBTUSD-C0032,BEHAVIORAL_APPROXIMATION
TRXU20-C0004,TRXU20,False,LONG,2020-07-11T08:53:31.098000Z,2020-07-12T09:47:36.403000Z,89645.305,1442411,2376070,0,1,4,0,NONE,FULL_CLOSE,302eac55-efa6-a856-5f91-3c3b89957e3c,68ec0620-c895-fad9-6ebf-9a19830f209b,6,0,-23760700,0,0,2117076,0,,AGGREGATE_ONLY_NOT_ALIGNED,XBT,,HIGH,HIGH,MEDIUM,MEDIUM,MEDIUM,MEDIUM,MEDIUM,TRXU20-C0004,BEHAVIORAL_APPROXIMATION
ETHU20-C0002,ETHU20,False,LONG,2020-07-13T08:10:52.110000Z,2020-07-15T18:10:02.383000Z,208750.273,44,222,0,1,9,2,NONE,FULL_CLOSE,21f2a141-6ad7-9bb2-a08f-98962add18a9,af20a47c-b949-17a2-caa8-beb15f0f5d22,13,0,-7215000,0,0,1270697,0,,AGGREGATE_ONLY_NOT_ALIGNED,XBT,,HIGH,HIGH,MEDIUM,MEDIUM,MEDIUM,MEDIUM,MEDIUM,ETHU20-C0002,BEHAVIORAL_APPROXIMATION
LTCU20-C0004,LTCU20,False,LONG,2020-07-13T19:31:54.518000Z,2020-07-14T04:26:40.960000Z,32086.442,233,1000,0,1,4,6,NONE,FULL_CLOSE,e6c28ff7-6702-d811-b81f-3e5d293a7f28,d95ab8f0-bbbd-dca9-6385-06f30cf5476d,12,0,7250000,0,0,842061,0,,AGGREGATE_ONLY_NOT_ALIGNED,XBT,,HIGH,HIGH,MEDIUM,MEDIUM,MEDIUM,MEDIUM,MEDIUM,LTCU20-C0004,BEHAVIORAL_APPROXIMATION
XBTUSD-C0033,XBTUSD,True,LONG,2020-07-14T17:05:36.889000Z,2020-07-15T02:24:15.627000Z,33518.738,100,122221,0,1,13,11,NONE,FULL_CLOSE,0b189c73-8d9e-6e8a-aa20-55e8acdcf368,f1ea214a-e283-742f-2743-65e069ca31f4,26,1,2444420,0,0,1786425,131876,,AGGREGATE_ONLY_NOT_ALIGNED,XBT,,HIGH,HIGH,MEDIUM,MEDIUM,MEDIUM,MEDIUM,MEDIUM,XBTUSD-C0033,BEHAVIORAL_APPROXIMATION
XBTUSD-C0034,XBTUSD,True,LONG,2020-07-15T08:22:32.866000Z,2020-07-16T06:53:12.668000Z,81039.802,8333,41665,0,1,5,0,NONE,FULL_CLOSE,a1ba139c-d981-def7-121d-18e24a25aac7,dc4086f4-0a9c-dee3-f090-fddfdb154faf,7,3,-1874925,0,0,205298,108826,,AGGREGATE_ONLY_NOT_ALIGNED,XBT,,HIGH,HIGH,MEDIUM,MEDIUM,MEDIUM,MEDIUM,MEDIUM,XBTUSD-C0034,BEHAVIORAL_APPROXIMATION
XBTUSD-C0035,XBTUSD,True,SHORT,2020-07-16T07:11:35.663000Z,2020-07-18T13:36:15.554000Z,195879.891,-5000,319996,0,1,24,42,NONE,FULL_CLOSE,245d07ef-4430-2366-d5c6-311bd16db7f0,f90571d5-1709-7941-d422-0863bfdc3743,68,7,-13459808.00000000000000000001,0,0,4360052,-1807573,,AGGREGATE_ONLY_NOT_ALIGNED,XBT,,HIGH,HIGH,MEDIUM,MEDIUM,MEDIUM,MEDIUM,MEDIUM,XBTUSD-C0035,BEHAVIORAL_APPROXIMATION
TRXU20-C0005,TRXU20,False,LONG,2020-07-18T13:36:30.578000Z,2020-07-27T14:56:16.134000Z,782385.556,30000,3088035,0,1,41,67,NONE,FULL_CLOSE,0cc11dc2-21a7-146c-5575-b4017716cc2f,f756511e-3ac9-fe31-02d6-4872e4a3bb7b,110,0,-37380184.99999999999999999998,0,0,2351708,0,,AGGREGATE_ONLY_NOT_ALIGNED,XBT,,HIGH,HIGH,MEDIUM,MEDIUM,MEDIUM,MEDIUM,MEDIUM,TRXU20-C0005,BEHAVIORAL_APPROXIMATION
XBTUSD-C0036,XBTUSD,True,SHORT,2020-07-18T16:44:20.193000Z,2020-07-20T05:54:22.395000Z,133802.202,-16666,56328,0,1,13,0,NONE,FULL_CLOSE,f5c105c7-24b6-91ff-85f8-bdd29639af4f,7ff6181f-ddfa-1f82-c316-41e0d7b30fd4,15,5,845872,0,0,276080,-208401,,AGGREGATE_ONLY_NOT_ALIGNED,XBT,,HIGH,HIGH,MEDIUM,MEDIUM,MEDIUM,MEDIUM,MEDIUM,XBTUSD-C0036,BEHAVIORAL_APPROXIMATION
XBTUSD-C0037,XBTUSD,True,SHORT,2020-07-20T19:49:26.455000Z,2020-07-21T10:29:16.624000Z,52790.169,-6666,6666,0,1,0,2,NONE,FULL_CLOSE,01e6a30b-4c43-fbcf-ec0e-83843c440d7f,daa3fd29-64f5-a7dc-4034-2e8866175637,4,2,-1433190,0,0,97345,-14541,,AGGREGATE_ONLY_NOT_ALIGNED,XBT,,HIGH,HIGH,MEDIUM,MEDIUM,MEDIUM,MEDIUM,MEDIUM,XBTUSD-C0037,BEHAVIORAL_APPROXIMATION
XBTUSD-C0038,XBTUSD,True,LONG,2020-07-21T10:29:22.503000Z,2020-07-27T03:39:51.463000Z,493828.96,6666,86322,0,1,23,10,NONE,FULL_CLOSE,0153e7ea-0b53-2d6a-3c0c-f7608f5134f1,f12f4f8e-5121-c846-7b9c-4fd896915450,35,17,60799868.99999999999999999999,0,0,789504,1319058,,AGGREGATE_ONLY_NOT_ALIGNED,XBT,,HIGH,HIGH,MEDIUM,MEDIUM,MEDIUM,MEDIUM,MEDIUM,XBTUSD-C0038,BEHAVIORAL_APPROXIMATION
ETHU20-C0003,ETHU20,False,LONG,2020-07-21T20:13:35.083000Z,2020-07-25T11:06:45.036000Z,312789.953,99,132,0,1,4,10,NONE,FULL_CLOSE,c2ae2312-6cc6-6a6a-bfb9-b54f2f7c44bd,f4270eaf-b66e-48f4-d967-471438e8ecca,16,0,44517000,0,0,1180474,0,,AGGREGATE_ONLY_NOT_ALIGNED,XBT,,HIGH,HIGH,MEDIUM,MEDIUM,MEDIUM,MEDIUM,MEDIUM,ETHU20-C0003,BEHAVIORAL_APPROXIMATION
ETHUSD-C0004,ETHUSD,False,LONG,2020-07-22T19:01:45.647000Z,2020-07-23T04:26:14.408000Z,33868.761,1,241,0,1,4,0,NONE,FULL_CLOSE,4bb3da65-7fae-7f91-ee72-8b564d2e1601,9ff4a365-6322-97a8-2014-444f7213fe21,6,2,456385,0,0,5634,1228,,AGGREGATE_ONLY_NOT_ALIGNED,XBT,,HIGH,HIGH,MEDIUM,MEDIUM,MEDIUM,MEDIUM,MEDIUM,ETHUSD-C0004,BEHAVIORAL_APPROXIMATION
LTCU20-C0005,LTCU20,False,LONG,2020-07-25T07:33:59.827000Z,2020-07-27T14:34:57.267000Z,198057.44,95,1000,0,1,19,11,NONE,FULL_CLOSE,3ac0277a-7225-a591-6c14-95d109f44518,6cdaa0bc-d0d5-39e7-fdec-c850c9777724,32,0,-27450000,0,0,72328,0,,AGGREGATE_ONLY_NOT_ALIGNED,XBT,,HIGH,HIGH,MEDIUM,MEDIUM,MEDIUM,MEDIUM,MEDIUM,LTCU20-C0005,BEHAVIORAL_APPROXIMATION
XRPUSD-C0001,XRPUSD,False,LONG,2020-07-25T20:39:42.895000Z,2020-07-27T03:33:26.418000Z,111223.523,1000,172000,0,1,36,9,NONE,FULL_CLOSE,5e697b15-17a8-0126-20ee-87322a58cfbe,f91efc44-5dd7-fd77-91c3-afad76fe76f0,47,3,19635999.99999999999999999999,0,0,311221,1170596,,AGGREGATE_ONLY_NOT_ALIGNED,XBT,,HIGH,HIGH,MEDIUM,MEDIUM,MEDIUM,MEDIUM,MEDIUM,XRPUSD-C0001,BEHAVIORAL_APPROXIMATION
XBTUSD-C0039,XBTUSD,True,LONG,2020-07-27T04:04:36.394000Z,2020-07-27T06:21:54.032000Z,8237.638,6666,17999,0,1,1,0,NONE,FULL_CLOSE,b2b4d2ec-0d48-8589-b143-24bd1aa15721,300edfee-23ba-01f8-d5c0-28cfafb34e03,3,0,851297,0,0,78626,0,,AGGREGATE_ONLY_NOT_ALIGNED,XBT,,HIGH,HIGH,MEDIUM,MEDIUM,MEDIUM,MEDIUM,MEDIUM,XBTUSD-C0039,BEHAVIORAL_APPROXIMATION
XBTUSD-C0040,XBTUSD,True,LONG,2020-07-27T07:59:53.689000Z,2020-07-27T11:09:17.243000Z,11363.554,11333,29332,0,1,2,9,NONE,FULL_CLOSE,2320d9ef-6ebc-d1b0-33ff-059db0e5cb9a,f474b991-bc6c-8d48-df82-09648dfd9e40,13,0,4255137.000000000000000000000,0,0,126993,0,,AGGREGATE_ONLY_NOT_ALIGNED,XBT,,HIGH,HIGH,MEDIUM,MEDIUM,MEDIUM,MEDIUM,MEDIUM,XBTUSD-C0040,BEHAVIORAL_APPROXIMATION
XBTUSD-C0041,XBTUSD,True,LONG,2020-07-27T11:11:09.033000Z,2020-07-27T14:46:12.052000Z,12903.019,3666,20332,0,1,4,1,NONE,FULL_CLOSE,92999411-fa27-ce7e-4e04-68ec5bb72fbe,8d025bfb-9198-d675-0354-9042d73c898f,7,1,2023216.000000000000000000000,0,0,120044,53860,,AGGREGATE_ONLY_NOT_ALIGNED,XBT,,HIGH,HIGH,MEDIUM,MEDIUM,MEDIUM,MEDIUM,MEDIUM,XBTUSD-C0041,BEHAVIORAL_APPROXIMATION
XBTUSD-C0042,XBTUSD,True,LONG,2020-07-27T16:29:22.623000Z,2020-07-27T19:37:16.714000Z,11274.091,13666,13666,0,1,0,0,NONE,FULL_CLOSE,35fe1539-a613-8e9d-b2cd-719f05f9394e,0011e961-cb7c-f03b-1b86-abccb66cf243,2,0,4168130,0,0,173983,0,,AGGREGATE_ONLY_NOT_ALIGNED,XBT,,HIGH,HIGH,MEDIUM,MEDIUM,MEDIUM,MEDIUM,MEDIUM,XBTUSD-C0042,BEHAVIORAL_APPROXIMATION
XBTUSD-C0043,XBTUSD,True,LONG,2020-07-28T10:12:40.233000Z,2020-07-29T17:16:40.057000Z,111839.824,9666,28997,0,1,5,14,NONE,FULL_CLOSE,f0421e4f-afb4-5e7f-1263-2f4a40132025,f83e3af0-cfa4-ae4f-fb2b-e115b48d3cb6,21,4,11675383.00000000000000000000,0,0,143416,580329,,AGGREGATE_ONLY_NOT_ALIGNED,XBT,,HIGH,HIGH,MEDIUM,MEDIUM,MEDIUM,MEDIUM,MEDIUM,XBTUSD-C0043,BEHAVIORAL_APPROXIMATION
XBTUSD-C0044,XBTUSD,True,LONG,2020-07-29T17:36:55.816000Z,2020-08-01T07:23:13.111000Z,222377.295,3666,54990,0,1,22,6,NONE,FULL_CLOSE,bca32346-e9a4-4201-c86b-a3cbcb8b9036,98aaf527-69f0-ef40-aa05-912828831a58,30,8,22541252.00000000000000000000,0,0,388125,1081828,,AGGREGATE_ONLY_NOT_ALIGNED,XBT,,HIGH,HIGH,MEDIUM,MEDIUM,MEDIUM,MEDIUM,MEDIUM,XBTUSD-C0044,BEHAVIORAL_APPROXIMATION
LTCU20-C0006,LTCU20,False,LONG,2020-07-30T13:45:30.633000Z,2020-08-03T17:04:33.384000Z,357542.751,18,600,0,1,18,8,NONE,FULL_CLOSE,795732d9-2b91-3753-7637-148cbfc025e3,c697ff29-d2b8-e7e5-4f57-6f537315372a,28,0,11725000.00000000000000000000,0,0,774774,0,,AGGREGATE_ONLY_NOT_ALIGNED,XBT,,HIGH,HIGH,MEDIUM,MEDIUM,MEDIUM,MEDIUM,MEDIUM,LTCU20-C0006,BEHAVIORAL_APPROXIMATION
ETHU20-C0004,ETHU20,False,LONG,2020-07-30T19:01:53.882000Z,2020-08-01T07:24:27.005000Z,130953.123,30,132,0,1,7,17,NONE,FULL_CLOSE,47ca8e75-e6e1-df95-6eb3-c72a6b642ad0,933bed36-93ec-6b0e-4c30-df38ba2099cb,26,0,8328000,0,0,475232,0,,AGGREGATE_ONLY_NOT_ALIGNED,XBT,,LOW,HIGH,MEDIUM,MEDIUM,MEDIUM,LOW,LOW,ETHU20-C0004,BEHAVIORAL_APPROXIMATION
LTCUSD-C0001,LTCUSD,False,LONG,2020-08-01T10:10:23.992000Z,2020-08-02T15:18:51.412000Z,104907.42,50,104663,0,1,19,25,NONE,FULL_CLOSE,b4f483e0-08df-f8ed-b525-5d99d28362bd,e27144a0-bf6d-ea7f-f7a4-627154355ae9,46,4,26003120.00000000000000000002,0,0,-237003,1745325,,AGGREGATE_ONLY_NOT_ALIGNED,XBT,,HIGH,HIGH,MEDIUM,MEDIUM,MEDIUM,MEDIUM,MEDIUM,LTCUSD-C0001,BEHAVIORAL_APPROXIMATION
XBTUSD-C0045,XBTUSD,True,LONG,2020-08-02T04:39:08.114000Z,2020-08-03T16:56:22.981000Z,130634.867,3666,85186,0,1,31,17,NONE,FULL_CLOSE,aaad89e8-91f6-2c95-02e3-387258c01ead,430ba3e1-0310-7a83-08d6-520ce516cd77,50,4,43457953.00000000000000000004,0,0,598433,378538,,AGGREGATE_ONLY_NOT_ALIGNED,XBT,,HIGH,HIGH,MEDIUM,MEDIUM,MEDIUM,MEDIUM,MEDIUM,XBTUSD-C0045,BEHAVIORAL_APPROXIMATION
LTCUSD-C0002,LTCUSD,False,LONG,2020-08-02T15:50:47.412000Z,2020-08-03T17:04:22.683000Z,90815.271,2000,8111,0,1,1,1,NONE,FULL_CLOSE,f2a48720-69d1-9c71-1d54-556b9470f315,e334ec48-6ddb-f219-966e-65ed24cf0f3d,4,3,4233942,0,0,-18688,285351,,AGGREGATE_ONLY_NOT_ALIGNED,XBT,,HIGH,HIGH,MEDIUM,MEDIUM,MEDIUM,MEDIUM,MEDIUM,LTCUSD-C0002,BEHAVIORAL_APPROXIMATION
ETHU20-C0005,ETHU20,False,LONG,2020-08-03T11:10:07.624000Z,2020-08-04T03:50:21.798000Z,60014.174,8,132,0,1,8,9,NONE,FULL_CLOSE,13b62951-8932-e0bf-d272-a8e0815b2411,ff9c0d26-2af7-de06-3ee4-85c6428b6c40,19,0,346000,0,0,2059574,0,,AGGREGATE_ONLY_NOT_ALIGNED,XBT,,HIGH,HIGH,MEDIUM,MEDIUM,MEDIUM,MEDIUM,MEDIUM,ETHU20-C0005,BEHAVIORAL_APPROXIMATION
TRXU20-C0006,TRXU20,False,LONG,2020-08-03T12:00:39.524000Z,2020-08-04T15:17:03.531000Z,98184.007,7710,7300000,0,1,50,53,NONE,FULL_CLOSE,83635ebd-b713-9fc0-854e-09dcfaec59bc,242b02d3-4e5e-34f8-39d8-5b84b6415605,105,0,25799999.99999999999999999998,0,0,2766124,0,,AGGREGATE_ONLY_NOT_ALIGNED,XBT,,HIGH,HIGH,MEDIUM,MEDIUM,MEDIUM,MEDIUM,MEDIUM,TRXU20-C0006,BEHAVIORAL_APPROXIMATION
XBTUSD-C0046,XBTUSD,True,LONG,2020-08-03T21:59:23.805000Z,2020-08-05T13:31:17.498000Z,142313.693,5533,22132,0,1,5,3,NONE,FULL_CLOSE,f3c560c0-b781-32f6-8ec9-068700f4574c,cff5a99f-5ea1-76db-e364-76bd42c53291,10,5,8899696.000000000000000000000,0,0,128885,105739,,AGGREGATE_ONLY_NOT_ALIGNED,XBT,,HIGH,HIGH,MEDIUM,MEDIUM,MEDIUM,MEDIUM,MEDIUM,XBTUSD-C0046,BEHAVIORAL_APPROXIMATION
ETHUSD-C0005,ETHUSD,False,SHORT,2020-08-06T21:51:47.054000Z,2020-08-07T14:39:16.920000Z,60449.866,-1346,35552,0,1,6,6,NONE,FULL_CLOSE,3af862a8-069d-2265-0dfa-eef930ddaa9b,f0941b2d-7c58-86b3-a8b7-671bcd6c8492,14,2,40084880.0,0,0,922406,-1920184,,AGGREGATE_ONLY_NOT_ALIGNED,XBT,,HIGH,HIGH,MEDIUM,MEDIUM,MEDIUM,MEDIUM,MEDIUM,ETHUSD-C0005,BEHAVIORAL_APPROXIMATION
XBTUSD-C0047,XBTUSD,True,SHORT,2020-08-07T09:30:32.273000Z,2020-08-07T14:39:19.943000Z,18527.67,-22222,27777,0,1,1,1,NONE,FULL_CLOSE,ac0288d2-2bff-1b5a-2b80-d69b85159a7d,f7470976-e925-2fcf-94a2-dcaca9501b1b,4,1,4522098.000000000000000000000,0,0,320186,-23616,,AGGREGATE_ONLY_NOT_ALIGNED,XBT,,HIGH,HIGH,MEDIUM,MEDIUM,MEDIUM,MEDIUM,MEDIUM,XBTUSD-C0047,BEHAVIORAL_APPROXIMATION
XBTUSD-C0048,XBTUSD,True,LONG,2020-08-07T17:32:49.387000Z,2020-08-07T20:22:11.941000Z,10162.554,5555,38841,0,1,6,26,NONE,FULL_CLOSE,e77b6d2b-4606-7a61-e83b-89b3392a2dea,8d19b6a1-87b8-1f0d-349b-f02ceeead775,34,1,3396812.000000000000000000000,0,0,150817,20229,,AGGREGATE_ONLY_NOT_ALIGNED,XBT,,HIGH,HIGH,MEDIUM,MEDIUM,MEDIUM,MEDIUM,MEDIUM,XBTUSD-C0048,BEHAVIORAL_APPROXIMATION
XBTUSD-C0049,XBTUSD,True,SHORT,2020-08-07T22:22:53.037000Z,2020-08-08T16:29:12.767000Z,65179.73,-154,103552,14223,1,18,19,NONE,FLIP,29c48c53-10c1-aa8a-e0ea-dbae06db0b36,f37014a9-07dd-f5cb-351b-ddd6453bb2e3,39,2,-2247104.000000000000000000001,0,0,506841,-5828,,AGGREGATE_ONLY_NOT_ALIGNED,XBT,,HIGH,HIGH,MEDIUM,MEDIUM,MEDIUM,MEDIUM,MEDIUM,"XBTUSD-C0049,XBTUSD-C0050",BEHAVIORAL_APPROXIMATION
ETHU20-C0006,ETHU20,False,LONG,2020-08-08T10:29:55.747000Z,2020-08-09T05:49:49.745000Z,69593.998,1,200,0,1,13,19,NONE,FULL_CLOSE,07a685fc-27ec-8395-c9a3-2d91ac65cc2f,fae9e66d-289c-fa7a-c3fc-884ed37927fb,34,0,16213000,0,0,3023803,0,,AGGREGATE_ONLY_NOT_ALIGNED,XBT,,LOW,HIGH,MEDIUM,MEDIUM,MEDIUM,LOW,LOW,ETHU20-C0006,BEHAVIORAL_APPROXIMATION
XBTUSD-C0050,XBTUSD,True,LONG,2020-08-08T16:29:12.767000Z,2020-08-09T05:41:08.223000Z,47515.456,14223,29778,0,1,1,6,XBTUSD-C0049,FULL_CLOSE,f37014a9-07dd-f5cb-351b-ddd6453bb2e3,f2d70465-aad0-e41e-6fec-8024ff75ed09,9,2,1138224.000000000000000000000,0,0,141894,50748,,AGGREGATE_ONLY_NOT_ALIGNED,XBT,,HIGH,HIGH,MEDIUM,MEDIUM,MEDIUM,MEDIUM,MEDIUM,XBTUSD-C0050,BEHAVIORAL_APPROXIMATION
ETHUSD-C0006,ETHUSD,False,SHORT,2020-08-09T00:03:50.626000Z,2020-08-09T08:02:17.339000Z,28706.713,-5000,8888,0,1,6,0,NONE,FULL_CLOSE,f5483c93-a6da-364d-e9cb-345eddaae20e,eb92fe86-8260-32a2-fadc-a8f2a1846662,8,1,2355320,0,0,158158,-334673,,AGGREGATE_ONLY_NOT_ALIGNED,XBT,,HIGH,HIGH,MEDIUM,MEDIUM,MEDIUM,MEDIUM,MEDIUM,ETHUSD-C0006,BEHAVIORAL_APPROXIMATION
XBTUSD-C0051,XBTUSD,True,SHORT,2020-08-09T12:45:25.669000Z,2020-08-09T22:30:45.604000Z,35119.935,-5333,47997,0,1,22,39,NONE,FULL_CLOSE,6fdb9304-5a2f-9c05-65a4-910f910aa3f5,f65a00af-96bb-90d2-dbbb-c7bff5c9660f,63,1,-2207862,0,0,555464,-41253,,AGGREGATE_ONLY_NOT_ALIGNED,XBT,,HIGH,HIGH,MEDIUM,MEDIUM,MEDIUM,MEDIUM,MEDIUM,XBTUSD-C0051,BEHAVIORAL_APPROXIMATION
XBTUSD-C0052,XBTUSD,True,LONG,2020-08-09T22:31:03.411000Z,2020-08-10T14:37:02.277000Z,57958.866,15333,218429,0,1,35,11,NONE,FULL_CLOSE,d41ef3f2-93bc-8db9-6728-e1f3fbfdf4ff,de080b3c-1383-e9d3-5f2a-6f1cb05b1191,48,2,16272423.00000000000000000000,0,0,1104223,254544,,AGGREGATE_ONLY_NOT_ALIGNED,XBT,,HIGH,HIGH,MEDIUM,MEDIUM,MEDIUM,MEDIUM,MEDIUM,XBTUSD-C0052,BEHAVIORAL_APPROXIMATION
XBTUSD-C0053,XBTUSD,True,SHORT,2020-08-11T06:34:34.625000Z,2020-08-12T03:22:14.782000Z,74860.157,-34689,166665,2259,1,5,22,NONE,FLIP,4ab39520-f27e-073f-de08-40dc3e9ccd79,ac3466fa-a186-d857-c726-d8142aad263e,29,2,45942613,0,0,1084083,-185723,,AGGREGATE_ONLY_NOT_ALIGNED,XBT,,HIGH,HIGH,MEDIUM,MEDIUM,MEDIUM,MEDIUM,MEDIUM,"XBTUSD-C0053,XBTUSD-C0054",BEHAVIORAL_APPROXIMATION
ETHUSD-C0007,ETHUSD,False,SHORT,2020-08-11T07:35:32.876000Z,2020-08-12T03:21:52.416000Z,71179.54,-30,19998,0,1,35,3,NONE,FULL_CLOSE,11b95d79-3697-a968-b437-c741c8c9a925,e4ae4189-3717-6f59-397b-f46b301e87b9,40,2,23475805.00000000000000000000,0,0,626836,-882489,,AGGREGATE_ONLY_NOT_ALIGNED,XBT,,HIGH,HIGH,MEDIUM,MEDIUM,MEDIUM,MEDIUM,MEDIUM,ETHUSD-C0007,BEHAVIORAL_APPROXIMATION
XBTUSD-C0054,XBTUSD,True,LONG,2020-08-12T03:22:14.782000Z,2020-08-12T18:04:19.199000Z,52924.417,2259,16347,0,1,2,0,XBTUSD-C0053,FULL_CLOSE,ac3466fa-a186-d857-c726-d8142aad263e,27c90d27-24c1-4a5e-7f6a-6162bc36f91e,4,2,3507234,0,0,111073,16245,,AGGREGATE_ONLY_NOT_ALIGNED,XBT,,HIGH,HIGH,MEDIUM,MEDIUM,MEDIUM,MEDIUM,MEDIUM,XBTUSD-C0054,BEHAVIORAL_APPROXIMATION
ETHU20-C0007,ETHU20,False,LONG,2020-08-12T19:50:24.626000Z,2020-08-13T09:13:42.644000Z,48198.018,5,332,0,1,49,25,NONE,FULL_CLOSE,61782bd6-1b37-6f75-80bb-571322a7ee20,2f62b90f-8b95-1289-67d8-406142f39230,76,0,8269000.000000000000000000000,0,0,973529,0,,AGGREGATE_ONLY_NOT_ALIGNED,XBT,,HIGH,HIGH,MEDIUM,MEDIUM,MEDIUM,MEDIUM,MEDIUM,ETHU20-C0007,BEHAVIORAL_APPROXIMATION
XBTUSD-C0055,XBTUSD,True,LONG,2020-08-13T08:27:59.919000Z,2020-08-14T14:16:12.350000Z,107292.431,5555,55550,0,1,9,14,NONE,FULL_CLOSE,6862e57f-fe4a-99ae-67fe-e6f4c8bed334,e602ec08-02d0-327e-6b8d-8ae791acc9de,25,4,10498950,0,0,254649,171501,,AGGREGATE_ONLY_NOT_ALIGNED,XBT,,HIGH,HIGH,MEDIUM,MEDIUM,MEDIUM,MEDIUM,MEDIUM,XBTUSD-C0055,BEHAVIORAL_APPROXIMATION
TRXU20-C0007,TRXU20,False,LONG,2020-08-13T16:38:27.844000Z,2020-08-14T01:37:11.907000Z,32324.063,82201,5400000,0,1,15,65,NONE,FULL_CLOSE,555a930a-09ad-fa06-9fa1-8182362bd81a,4fcf815c-5b86-18b8-6017-0636e7b24ff0,82,0,39600000,0,0,2428431,0,,AGGREGATE_ONLY_NOT_ALIGNED,XBT,,HIGH,HIGH,MEDIUM,MEDIUM,MEDIUM,MEDIUM,MEDIUM,TRXU20-C0007,BEHAVIORAL_APPROXIMATION
ETHU20-C0008,ETHU20,False,LONG,2020-08-13T20:22:12.680000Z,2020-08-13T20:55:18.660000Z,1985.98,2,58,0,1,6,2,NONE,FULL_CLOSE,62a72708-cb22-aa89-698f-531b5e90b332,aec2536f-836e-d398-6890-579ddaaee4ce,10,0,5642000.000000000000000000000,0,0,915983,0,,AGGREGATE_ONLY_NOT_ALIGNED,XBT,,HIGH,HIGH,MEDIUM,MEDIUM,MEDIUM,MEDIUM,MEDIUM,ETHU20-C0008,BEHAVIORAL_APPROXIMATION
TRXU20-C0008,TRXU20,False,SHORT,2020-08-14T16:15:57.668000Z,2020-08-14T16:32:14.033000Z,976.365,-188751,800000,0,1,3,0,NONE,FULL_CLOSE,f5d35e19-1580-84a0-c7fe-73245d2bb7fd,89c234a0-5674-ec49-4e14-2b6c54cc56b7,5,0,4000000,0,0,-155158,0,,AGGREGATE_ONLY_NOT_ALIGNED,XBT,,HIGH,HIGH,MEDIUM,MEDIUM,MEDIUM,MEDIUM,MEDIUM,TRXU20-C0008,BEHAVIORAL_APPROXIMATION
XBTUSD-C0056,XBTUSD,True,LONG,2020-08-14T16:28:11.305000Z,2020-08-15T08:43:00.796000Z,58489.491,5555,49995,0,1,18,5,NONE,FULL_CLOSE,ab3b0f45-6ba1-80d2-d3c3-747d4510522b,fc7c31db-bd13-187a-64fb-7d0fabec25ef,25,2,2438645.000000000000000000001,0,0,315654,155356,,AGGREGATE_ONLY_NOT_ALIGNED,XBT,,HIGH,HIGH,MEDIUM,MEDIUM,MEDIUM,MEDIUM,MEDIUM,XBTUSD-C0056,BEHAVIORAL_APPROXIMATION
XBTUSD-C0057,XBTUSD,True,LONG,2020-08-15T12:22:23.180000Z,2020-08-17T04:28:06.081000Z,144342.901,5555,32220,0,1,14,0,NONE,FULL_CLOSE,dcdc88ed-3e4f-9400-09f4-b20293ce563b,fd4183f6-aef2-df5a-7f7c-864057e4390a,16,5,-318900,0,0,324495,186775,,AGGREGATE_ONLY_NOT_ALIGNED,XBT,,HIGH,HIGH,MEDIUM,MEDIUM,MEDIUM,MEDIUM,MEDIUM,XBTUSD-C0057,BEHAVIORAL_APPROXIMATION
TRXU20-C0009,TRXU20,False,LONG,2020-08-16T16:59:00.900000Z,2020-08-17T11:03:48.577000Z,65087.677,100000,100000,0,1,0,7,NONE,FULL_CLOSE,93d448ac-44da-717b-a207-889293ea6adf,efa3cab2-10c8-ce43-0612-5914d37cc18e,9,0,1900000,0,0,108221,0,,AGGREGATE_ONLY_NOT_ALIGNED,XBT,,HIGH,HIGH,MEDIUM,MEDIUM,MEDIUM,MEDIUM,MEDIUM,TRXU20-C0009,BEHAVIORAL_APPROXIMATION
XBTUSD-C0058,XBTUSD,True,LONG,2020-08-17T10:23:21.207000Z,2020-08-17T17:24:40.814000Z,25279.607,15555,59995,0,1,8,22,NONE,FULL_CLOSE,aeb86f16-904b-1a26-b92f-524d919420ec,febc008d-d1c2-c125-383b-b35b0207b761,32,1,26527694.99999999999999999999,0,0,328799,37203,,AGGREGATE_ONLY_NOT_ALIGNED,XBT,,HIGH,HIGH,MEDIUM,MEDIUM,MEDIUM,MEDIUM,MEDIUM,XBTUSD-C0058,BEHAVIORAL_APPROXIMATION
TRXU20-C0010,TRXU20,False,LONG,2020-08-17T11:48:01.724000Z,2020-08-17T17:25:02.861000Z,20221.137,100000,1300000,0,1,14,1,NONE,FULL_CLOSE,80b098e5-b33b-7201-6aca-4639854d87de,dcf6f406-d38c-1148-bdf7-e522bd3f9448,17,0,4900000.000000000000000000000,0,0,568489,0,,AGGREGATE_ONLY_NOT_ALIGNED,XBT,,HIGH,HIGH,MEDIUM,MEDIUM,MEDIUM,MEDIUM,MEDIUM,TRXU20-C0010,BEHAVIORAL_APPROXIMATION
XBTUSD-C0059,XBTUSD,True,SHORT,2020-08-17T18:53:38.701000Z,2020-08-19T11:11:41.286000Z,145082.585,-12548,12548,0,1,0,2,NONE,FULL_CLOSE,6e6f9956-bcf3-b516-5ab1-1751114b3e3f,b6047a79-897d-bf86-1bb2-ddf8ea2ca7ae,4,5,5310207,0,0,97911,-236632,,AGGREGATE_ONLY_NOT_ALIGNED,XBT,,HIGH,HIGH,MEDIUM,MEDIUM,MEDIUM,MEDIUM,MEDIUM,XBTUSD-C0059,BEHAVIORAL_APPROXIMATION
TRXU20-C0011,TRXU20,False,SHORT,2020-08-18T08:40:57.361000Z,2020-08-18T12:18:46.926000Z,13069.565,-50000,50000,0,1,0,0,NONE,FULL_CLOSE,f0fa881d-1620-8c19-cc4f-154b90c006aa,d54b039c-c2f5-f9eb-73ed-22316fe90fcc,2,0,400000,0,0,55350,0,,AGGREGATE_ONLY_NOT_ALIGNED,XBT,,HIGH,HIGH,MEDIUM,MEDIUM,MEDIUM,MEDIUM,MEDIUM,TRXU20-C0011,BEHAVIORAL_APPROXIMATION
TRXU20-C0012,TRXU20,False,SHORT,2020-08-18T14:16:31.514000Z,2020-08-19T11:11:55.839000Z,75324.325,-40000,550000,0,1,25,1,NONE,FULL_CLOSE,2b4de5a8-ca13-e18c-5280-8fb70f8b1f09,da8b7c29-4687-8533-4990-f408f7312409,28,0,7750000.000000000000000000000,0,0,259546,0,,AGGREGATE_ONLY_NOT_ALIGNED,XBT,,HIGH,HIGH,MEDIUM,MEDIUM,MEDIUM,MEDIUM,MEDIUM,TRXU20-C0012,BEHAVIORAL_APPROXIMATION
ETHU20-C0009,ETHU20,False,LONG,2020-08-19T18:18:45.696000Z,2020-08-20T19:34:39.661000Z,90953.965,1,52,0,1,5,3,NONE,FULL_CLOSE,39f01cd3-08da-efa2-7a94-1dbb02fece6a,cb34a194-a928-0dd4-50f9-2c9d2ad4aaae,10,0,3172000,0,0,330903,0,,AGGREGATE_ONLY_NOT_ALIGNED,XBT,,HIGH,HIGH,MEDIUM,MEDIUM,MEDIUM,MEDIUM,MEDIUM,ETHU20-C0009,BEHAVIORAL_APPROXIMATION
XBTUSD-C0060,XBTUSD,True,LONG,2020-08-19T20:20:39.670000Z,2020-08-21T08:50:58.192000Z,131418.522,5555,11110,0,1,1,1,NONE,FULL_CLOSE,b567dbfd-d608-c56d-5c63-00652d37ecaa,24892ff1-d1ca-9273-faac-ef0ed4a139d1,4,4,2240887,0,0,41711,26390,,AGGREGATE_ONLY_NOT_ALIGNED,XBT,,HIGH,HIGH,MEDIUM,MEDIUM,MEDIUM,MEDIUM,MEDIUM,XBTUSD-C0060,BEHAVIORAL_APPROXIMATION
XBTUSD-C0061,XBTUSD,True,SHORT,2020-08-21T10:05:28.197000Z,2020-08-25T16:59:14.734000Z,370426.537,-6666,100545,1004,1,31,28,NONE,FLIP,45d1b82c-8a55-9e42-9ab0-084c9e63dcd4,d8fc08c3-1b53-1193-e29f-fd4f73d9bb71,61,13,26318326.00000000000000000001,0,0,504839,-609855,,AGGREGATE_ONLY_NOT_ALIGNED,XBT,,HIGH,HIGH,MEDIUM,MEDIUM,MEDIUM,MEDIUM,MEDIUM,"XBTUSD-C0061,XBTUSD-C0062",BEHAVIORAL_APPROXIMATION
ETHUSD-C0008,ETHUSD,False,LONG,2020-08-22T00:52:08.030000Z,2020-08-22T11:32:18.511000Z,38410.481,452,2222,0,1,2,0,NONE,FULL_CLOSE,7c85319a-26af-6218-8944-2d77eb10363f,92ccf232-86f4-7035-0f46-ad07d9411a94,4,1,1888700,0,0,39402,36680,,AGGREGATE_ONLY_NOT_ALIGNED,XBT,,HIGH,HIGH,MEDIUM,MEDIUM,MEDIUM,MEDIUM,MEDIUM,ETHUSD-C0008,BEHAVIORAL_APPROXIMATION
LTCU20-C0007,LTCU20,False,LONG,2020-08-24T03:14:34.050000Z,2020-09-02T11:46:17.839000Z,808303.789,86,2090,0,1,52,72,NONE,FULL_CLOSE,94a44f23-fef3-b958-93e0-cc87f3a2b8a4,e96928d4-a104-518d-6795-e6fd75db0dd3,126,0,-36747500.00000000000000000004,0,0,2739520,0,,AGGREGATE_ONLY_NOT_ALIGNED,XBT,,HIGH,HIGH,MEDIUM,MEDIUM,MEDIUM,MEDIUM,MEDIUM,LTCU20-C0007,BEHAVIORAL_APPROXIMATION
ETHUSD-C0009,ETHUSD,False,SHORT,2020-08-25T04:01:26.096000Z,2020-08-25T17:33:01.087000Z,48694.991,-107,9440,559,1,19,5,NONE,FLIP,2968bf22-b1d7-a93d-ebe9-eb6dad962b68,b2662c2e-5008-2bea-3595-ae55d8207688,26,1,22817380,0,0,208403,-80571,,AGGREGATE_ONLY_NOT_ALIGNED,XBT,,HIGH,HIGH,MEDIUM,MEDIUM,MEDIUM,MEDIUM,MEDIUM,"ETHUSD-C0009,ETHUSD-C0010",BEHAVIORAL_APPROXIMATION
XBTUSD-C0062,XBTUSD,True,LONG,2020-08-25T16:59:14.734000Z,2020-08-26T16:28:56.440000Z,84581.706,1004,88199,-3068,1,11,21,XBTUSD-C0061,FLIP,d8fc08c3-1b53-1193-e29f-fd4f73d9bb71,a7149a48-1661-086b-8c60-3c8f6a8efcbb,34,3,11244702.00000000000000000000,0,0,-39145,69557,,AGGREGATE_ONLY_NOT_ALIGNED,XBT,,HIGH,HIGH,MEDIUM,MEDIUM,MEDIUM,MEDIUM,MEDIUM,"XBTUSD-C0062,XBTUSD-C0063",BEHAVIORAL_APPROXIMATION
ETHUSD-C0010,ETHUSD,False,LONG,2020-08-25T17:33:01.087000Z,2020-08-26T22:19:23.526000Z,103582.439,559,559,0,1,0,0,ETHUSD-C0009,FULL_CLOSE,b2662c2e-5008-2bea-3595-ae55d8207688,731b2a78-9716-2075-ba60-e94d541ca346,2,4,681980,0,0,14610,11072,,AGGREGATE_ONLY_NOT_ALIGNED,XBT,,HIGH,HIGH,MEDIUM,MEDIUM,MEDIUM,MEDIUM,MEDIUM,ETHUSD-C0010,BEHAVIORAL_APPROXIMATION
XBTUSD-C0063,XBTUSD,True,SHORT,2020-08-26T16:28:56.440000Z,2020-08-27T14:10:07.390000Z,78070.95,-3068,19789,4207,1,3,6,XBTUSD-C0062,FLIP,a7149a48-1661-086b-8c60-3c8f6a8efcbb,2032e120-a090-6885-c4ff-344af8ac95fa,11,3,3913947.999999999999999999999,0,0,-80535,-45636,,AGGREGATE_ONLY_NOT_ALIGNED,XBT,,HIGH,HIGH,MEDIUM,MEDIUM,MEDIUM,MEDIUM,MEDIUM,"XBTUSD-C0063,XBTUSD-C0064",BEHAVIORAL_APPROXIMATION
ETHUSD-C0011,ETHUSD,False,LONG,2020-08-27T05:29:51.357000Z,2020-08-30T04:40:17.394000Z,256226.037,2,21109,0,1,19,1,NONE,FULL_CLOSE,2d31204c-b1df-f26e-d15a-33ccc0c480af,b46cb3ae-2a6a-08d1-fbc6-d49e98eddeda,22,9,17254710.00000000000000000000,0,0,548952,564586,,AGGREGATE_ONLY_NOT_ALIGNED,XBT,,HIGH,HIGH,MEDIUM,MEDIUM,MEDIUM,MEDIUM,MEDIUM,ETHUSD-C0011,BEHAVIORAL_APPROXIMATION
XBTUSD-C0064,XBTUSD,True,LONG,2020-08-27T14:10:07.390000Z,2020-08-30T04:40:20.590000Z,225013.2,4207,96529,0,1,31,15,XBTUSD-C0063,FULL_CLOSE,2032e120-a090-6885-c4ff-344af8ac95fa,d8a3d765-3d5e-3222-104e-f55fe2dec73e,48,8,8316007.000000000000000000001,0,0,1114520,157331,,AGGREGATE_ONLY_NOT_ALIGNED,XBT,,HIGH,HIGH,MEDIUM,MEDIUM,MEDIUM,MEDIUM,MEDIUM,XBTUSD-C0064,BEHAVIORAL_APPROXIMATION
XBTUSD-C0065,XBTUSD,True,LONG,2020-08-30T08:53:07.559000Z,2020-08-31T08:19:26.320000Z,84378.761,4666,122436,0,1,24,70,NONE,FULL_CLOSE,689b895c-9625-1650-8fed-396d02618e09,fff051f1-0427-0c05-718b-0d5a07842e42,96,3,-5240239.000000000000000000003,0,0,1363523,175875,,AGGREGATE_ONLY_NOT_ALIGNED,XBT,,HIGH,HIGH,MEDIUM,MEDIUM,MEDIUM,MEDIUM,MEDIUM,XBTUSD-C0065,BEHAVIORAL_APPROXIMATION
ETHUSD-C0012,ETHUSD,False,LONG,2020-08-30T19:11:01.300000Z,2020-09-01T14:13:20.982000Z,154939.682,5699,21777,0,1,33,5,NONE,FULL_CLOSE,33e58ce9-f8ac-6d12-731c-74627285f9ab,b86dcba5-0bb7-589a-9253-9e2be63bdf1a,40,6,96291650.00000000000000000000,0,0,754213,1944660,,AGGREGATE_ONLY_NOT_ALIGNED,XBT,,HIGH,HIGH,MEDIUM,MEDIUM,MEDIUM,MEDIUM,MEDIUM,ETHUSD-C0012,BEHAVIORAL_APPROXIMATION
XBTUSD-C0066,XBTUSD,True,LONG,2020-08-31T11:20:51.550000Z,2020-09-03T11:23:27.373000Z,259355.823,3666,510302,0,1,129,61,NONE,FULL_CLOSE,6c7f742e-026c-74b6-9f6f-c82f5a79f47f,7a600d57-eb9a-0e07-efc5-d9f53c5ffbe9,192,9,-63044392.99999999999999999998,0,0,4434418,2223589,,AGGREGATE_ONLY_NOT_ALIGNED,XBT,,HIGH,HIGH,MEDIUM,MEDIUM,MEDIUM,MEDIUM,MEDIUM,XBTUSD-C0066,BEHAVIORAL_APPROXIMATION
ETHUSD-C0013,ETHUSD,False,LONG,2020-09-02T11:22:42.072000Z,2020-09-02T11:46:06.914000Z,1404.842,3111,55555,0,1,8,18,NONE,FULL_CLOSE,ef478eda-1dfd-33b8-d11a-34b8d5cc3c35,41250c05-f07a-9f20-3b15-10d434e6f60c,28,0,69603599.99999999999999999999,0,0,2959961,0,,AGGREGATE_ONLY_NOT_ALIGNED,XBT,,HIGH,HIGH,MEDIUM,MEDIUM,MEDIUM,MEDIUM,MEDIUM,ETHUSD-C0013,BEHAVIORAL_APPROXIMATION
ETHUSD-C0014,ETHUSD,False,LONG,2020-09-02T14:20:48.543000Z,2020-09-03T10:58:13.197000Z,74244.654,3111,53999,0,1,34,47,NONE,FULL_CLOSE,8c4b91a4-c2fc-4141-5f1d-7eb01c6d7d68,fde4cc2b-91eb-3c1d-3482-51d6f328b687,83,2,-4549700.000000000000000000011,0,0,588213,1376385,,AGGREGATE_ONLY_NOT_ALIGNED,XBT,,HIGH,HIGH,MEDIUM,MEDIUM,MEDIUM,MEDIUM,MEDIUM,ETHUSD-C0014,BEHAVIORAL_APPROXIMATION
LTCU20-C0008,LTCU20,False,LONG,2020-09-02T16:14:00.823000Z,2020-09-04T06:45:08.462000Z,138667.639,100,500,0,1,11,14,NONE,FULL_CLOSE,6d35ef90-41bf-4834-fc98-4a4347ebd856,c37fbcfb-9247-c16f-b76c-2af4d8164404,27,0,-18950000,0,0,82881,0,,AGGREGATE_ONLY_NOT_ALIGNED,XBT,,HIGH,HIGH,MEDIUM,MEDIUM,MEDIUM,MEDIUM,MEDIUM,LTCU20-C0008,BEHAVIORAL_APPROXIMATION
ETHUSD-C0015,ETHUSD,False,SHORT,2020-09-03T11:34:55.736000Z,2020-09-03T12:32:54.652000Z,3478.916,-1482,6666,0,1,11,4,NONE,FULL_CLOSE,3d1fdf62-9477-af40-d4de-8d2f17bb52f5,efbef936-ab0c-5cbe-e1eb-bef2ca3f4fdb,17,1,9990560.000000000000000000000,0,0,205295,-28238,,AGGREGATE_ONLY_NOT_ALIGNED,XBT,,HIGH,HIGH,MEDIUM,MEDIUM,MEDIUM,MEDIUM,MEDIUM,ETHUSD-C0015,BEHAVIORAL_APPROXIMATION
ETHUSD-C0016,ETHUSD,False,LONG,2020-09-03T17:00:22.727000Z,2020-09-03T17:15:13.513000Z,890.786,1000,18666,0,1,25,25,NONE,FULL_CLOSE,12b1e589-015e-58ae-f2d6-e14f7171a2b5,f14813a4-4cf0-702f-c8f3-7ed17f2070e7,52,0,10499870.00000000000000000000,0,0,775749,0,,AGGREGATE_ONLY_NOT_ALIGNED,XBT,,HIGH,HIGH,MEDIUM,MEDIUM,MEDIUM,MEDIUM,MEDIUM,ETHUSD-C0016,BEHAVIORAL_APPROXIMATION
TRXU20-C0013,TRXU20,False,SHORT,2020-09-03T18:19:04.347000Z,2020-09-03T18:43:34.848000Z,1470.501,-118062,300000,0,1,2,0,NONE,FULL_CLOSE,c70e601f-8d36-2f23-1f9e-faefabf26221,a14146b9-bcc8-a8c7-c634-6bcc02d98378,4,0,2100000,0,0,413910,0,,AGGREGATE_ONLY_NOT_ALIGNED,XBT,,HIGH,HIGH,MEDIUM,MEDIUM,MEDIUM,MEDIUM,MEDIUM,TRXU20-C0013,BEHAVIORAL_APPROXIMATION
XBTUSD-C0067,XBTUSD,True,LONG,2020-09-03T19:57:02.692000Z,2020-09-04T06:40:43.064000Z,38620.372,3666,242850,0,1,34,1,NONE,FULL_CLOSE,feb7f36a-24fa-f3c7-c835-ffee34c361e7,c026a19a-f0a2-c511-a495-077100c8e555,37,2,-11525058.00000000000000000000,0,0,1096122,171282,,AGGREGATE_ONLY_NOT_ALIGNED,XBT,,HIGH,HIGH,MEDIUM,MEDIUM,MEDIUM,MEDIUM,MEDIUM,XBTUSD-C0067,BEHAVIORAL_APPROXIMATION
TRXU20-C0014,TRXU20,False,SHORT,2020-09-03T20:04:41.741000Z,2020-09-03T20:54:09.125000Z,2967.384,-50000,50000,0,1,0,1,NONE,FULL_CLOSE,5f4018c5-ab46-7da0-1ee9-7392c820b31b,f0482edf-5984-e1c2-d8c5-2efcd907ccbc,3,0,1650000,0,0,93037,0,,AGGREGATE_ONLY_NOT_ALIGNED,XBT,,HIGH,HIGH,MEDIUM,MEDIUM,MEDIUM,MEDIUM,MEDIUM,TRXU20-C0014,BEHAVIORAL_APPROXIMATION
ETHUSD-C0017,ETHUSD,False,LONG,2020-09-03T23:01:50.357000Z,2020-09-04T06:40:17.405000Z,27507.048,3222,44664,0,1,27,13,NONE,FULL_CLOSE,30ca844d-976d-5b66-b8c0-0d5799a7123e,cb1bb27e-4f38-f1a2-523a-51ac17b52399,42,1,23431890.00000000000000000003,0,0,780642,652176,,AGGREGATE_ONLY_NOT_ALIGNED,XBT,,HIGH,HIGH,MEDIUM,MEDIUM,MEDIUM,MEDIUM,MEDIUM,ETHUSD-C0017,BEHAVIORAL_APPROXIMATION
TRXU20-C0015,TRXU20,False,SHORT,2020-09-04T06:42:08.923000Z,2020-09-04T08:04:37.380000Z,4948.457,-150000,200000,0,1,4,1,NONE,FULL_CLOSE,2581001b-5e95-823a-d884-8d2e86bcd688,e9a796e8-6b38-6dea-8e11-e8f9df5f6584,7,0,583644,0,0,315488,0,,AGGREGATE_ONLY_NOT_ALIGNED,XBT,,HIGH,HIGH,MEDIUM,MEDIUM,MEDIUM,MEDIUM,MEDIUM,TRXU20-C0015,BEHAVIORAL_APPROXIMATION
XBTUSD-C0068,XBTUSD,True,LONG,2020-09-04T07:06:54.474000Z,2020-09-04T10:08:13.317000Z,10878.843,3717,32796,0,1,6,13,NONE,FULL_CLOSE,d2171ac3-dedd-c834-ea0f-1794103235cb,ef20d667-afdb-d213-bb89-b57bc6686b98,21,0,9582342.000000000000000000001,0,0,186536,0,,AGGREGATE_ONLY_NOT_ALIGNED,XBT,,HIGH,HIGH,MEDIUM,MEDIUM,MEDIUM,MEDIUM,MEDIUM,XBTUSD-C0068,BEHAVIORAL_APPROXIMATION
ETHUSD-C0018,ETHUSD,False,LONG,2020-09-04T07:39:52.551000Z,2020-09-04T10:08:06.663000Z,8894.112,2,21110,0,1,12,26,NONE,FULL_CLOSE,d9a73b24-3ae1-9b1e-396c-03d2aca57ee4,f3856224-7a5c-d06c-ea66-d6b5863e2732,40,0,38883714.99999999999999999999,0,0,462446,0,,AGGREGATE_ONLY_NOT_ALIGNED,XBT,,HIGH,HIGH,MEDIUM,MEDIUM,MEDIUM,MEDIUM,MEDIUM,ETHUSD-C0018,BEHAVIORAL_APPROXIMATION
TRXU20-C0016,TRXU20,False,SHORT,2020-09-04T08:04:59.463000Z,2020-09-04T08:56:59.266000Z,3119.803,-50000,100000,0,1,1,3,NONE,FULL_CLOSE,fc336490-7629-52fb-2747-158693f1625c,f35ede65-e559-2bbb-a4cf-192ef0d3d661,6,0,1990000,0,0,70492,0,,AGGREGATE_ONLY_NOT_ALIGNED,XBT,,HIGH,HIGH,MEDIUM,MEDIUM,MEDIUM,MEDIUM,MEDIUM,TRXU20-C0016,BEHAVIORAL_APPROXIMATION
ETHUSD-C0019,ETHUSD,False,LONG,2020-09-04T14:50:51.578000Z,2020-09-04T16:04:49.353000Z,4437.775,94,33554,0,1,25,12,NONE,FULL_CLOSE,70a0368f-f9f0-eaa9-e08f-c3a12f78d468,ee92200b-cbff-e2f4-ca99-f8966191dbf5,39,0,40560530.00000000000000000000,0,0,585961,0,,AGGREGATE_ONLY_NOT_ALIGNED,XBT,,HIGH,HIGH,MEDIUM,MEDIUM,MEDIUM,MEDIUM,MEDIUM,ETHUSD-C0019,BEHAVIORAL_APPROXIMATION
XBTUSD-C0069,XBTUSD,True,LONG,2020-09-04T14:51:02.611000Z,2020-09-04T16:04:47.580000Z,4424.969,5466,96194,0,1,11,35,NONE,FULL_CLOSE,5f7c2d05-0300-92fc-19f5-cdbad06d8e7c,f8af3b8f-d807-a41c-d5b3-1050b772b8e6,48,0,36297757.00000000000000000000,0,0,409007,0,,AGGREGATE_ONLY_NOT_ALIGNED,XBT,,HIGH,HIGH,MEDIUM,MEDIUM,MEDIUM,MEDIUM,MEDIUM,XBTUSD-C0069,BEHAVIORAL_APPROXIMATION
XBTUSD-C0070,XBTUSD,True,LONG,2020-09-04T18:25:15.745000Z,2020-09-05T13:24:13.184000Z,68337.439,5999,43992,0,1,7,1,NONE,FULL_CLOSE,bd2b9352-df8b-79d2-b3bb-35925ac0773e,ccd0b78e-072b-cfa1-8995-681ea13cef53,10,3,-1284682.000000000000000000000,0,0,195089,-11511,,AGGREGATE_ONLY_NOT_ALIGNED,XBT,,HIGH,HIGH,MEDIUM,MEDIUM,MEDIUM,MEDIUM,MEDIUM,XBTUSD-C0070,BEHAVIORAL_APPROXIMATION
ETHUSD-C0020,ETHUSD,False,LONG,2020-09-04T22:53:32.164000Z,2020-09-05T11:23:23.686000Z,44991.522,222,58996,0,1,52,16,NONE,FULL_CLOSE,44e7f24d-98f8-d731-047f-278d870d1cf1,fa5ad0a6-88f4-9dca-7cb3-7ec8e941f98d,70,1,-84924464.99999999999999999999,0,0,1131587,35732,,AGGREGATE_ONLY_NOT_ALIGNED,XBT,,HIGH,HIGH,MEDIUM,MEDIUM,MEDIUM,MEDIUM,MEDIUM,ETHUSD-C0020,BEHAVIORAL_APPROXIMATION
ETHUSD-C0021,ETHUSD,False,LONG,2020-09-05T11:31:55.783000Z,2020-09-05T11:49:34.424000Z,1058.641,871,71994,0,1,28,14,NONE,FULL_CLOSE,37d7d28e-8f7a-e5c0-cca1-7d3e6979155e,fd3bc04f-aa1a-a745-9ae1-7cae72a32678,44,0,-38075559.99999999999999999998,0,0,3447321,0,,AGGREGATE_ONLY_NOT_ALIGNED,XBT,,HIGH,HIGH,MEDIUM,MEDIUM,MEDIUM,MEDIUM,MEDIUM,ETHUSD-C0021,BEHAVIORAL_APPROXIMATION
ETHUSD-C0022,ETHUSD,False,LONG,2020-09-05T12:46:52.820000Z,2020-09-05T13:24:00.159000Z,2227.339,1,1111,0,1,5,2,NONE,FULL_CLOSE,34497d3d-f01f-ba94-1baf-f9c23523065c,b7338953-1e57-28d3-947b-874a2d2e7cf8,9,0,1159165.000000000000000000000,0,0,51859,0,,AGGREGATE_ONLY_NOT_ALIGNED,XBT,,HIGH,HIGH,MEDIUM,MEDIUM,MEDIUM,MEDIUM,MEDIUM,ETHUSD-C0022,BEHAVIORAL_APPROXIMATION
ETHUSD-C0023,ETHUSD,False,LONG,2020-09-05T16:43:53.861000Z,2020-09-05T17:09:19.127000Z,1525.266,350,3333,0,1,4,4,NONE,FULL_CLOSE,15711a25-5938-752e-df10-ebf22a4f97ec,f46a4705-7542-609a-f0df-5a5440adff8f,10,0,2990130.000000000000000000000,0,0,87906,0,,AGGREGATE_ONLY_NOT_ALIGNED,XBT,,HIGH,HIGH,MEDIUM,MEDIUM,MEDIUM,MEDIUM,MEDIUM,ETHUSD-C0023,BEHAVIORAL_APPROXIMATION
ETHUSD-C0024,ETHUSD,False,LONG,2020-09-05T17:19:49.445000Z,2020-09-06T12:24:24.759000Z,68675.314,1111,77550,0,1,120,131,NONE,FULL_CLOSE,faa062bf-8eef-9118-96dc-6f0fab3463d2,f0d50a8a-8495-cdb9-020c-f3d2b1757a9e,253,3,133310520.0000000000000000000,0,0,161516,688259,,AGGREGATE_ONLY_NOT_ALIGNED,XBT,,HIGH,HIGH,MEDIUM,MEDIUM,MEDIUM,MEDIUM,MEDIUM,ETHUSD-C0024,BEHAVIORAL_APPROXIMATION
XBTUSD-C0071,XBTUSD,True,LONG,2020-09-05T18:53:31.003000Z,2020-09-06T12:27:33.633000Z,63242.63,6999,76993,0,1,7,12,NONE,FULL_CLOSE,134ceda6-3b20-92eb-5549-0b1d6a31669e,d9bc6e3b-ed7a-9ead-ee6b-543723f06453,21,3,16098177.00000000000000000000,0,0,355151,44655,,AGGREGATE_ONLY_NOT_ALIGNED,XBT,,HIGH,HIGH,MEDIUM,MEDIUM,MEDIUM,MEDIUM,MEDIUM,XBTUSD-C0071,BEHAVIORAL_APPROXIMATION
ETHUSD-C0025,ETHUSD,False,LONG,2020-09-06T14:21:22.866000Z,2020-09-07T10:19:37.482000Z,71894.616,2222,14332,0,1,9,2,NONE,FULL_CLOSE,537b666d-e767-5955-0fc4-374f397bb49d,b1ac79b7-f05e-4553-6e7a-cc5e7370a5d0,13,2,-1542040.000000000000000000000,0,0,220579,562642,,AGGREGATE_ONLY_NOT_ALIGNED,XBT,,HIGH,HIGH,MEDIUM,MEDIUM,MEDIUM,MEDIUM,MEDIUM,ETHUSD-C0025,BEHAVIORAL_APPROXIMATION
XBTUSD-C0072,XBTUSD,True,LONG,2020-09-06T14:44:50.876000Z,2020-09-07T10:19:51.089000Z,70500.213,3999,31992,0,1,8,0,NONE,FULL_CLOSE,2d64ceb2-00a1-9eb6-836b-ab2b28972780,324f1a75-5a85-51b5-e05d-4730a0ba6723,10,2,-387903,0,0,142631,2063,,AGGREGATE_ONLY_NOT_ALIGNED,XBT,,HIGH,HIGH,MEDIUM,MEDIUM,MEDIUM,MEDIUM,MEDIUM,XBTUSD-C0072,BEHAVIORAL_APPROXIMATION
TRXU20-C0017,TRXU20,False,LONG,2020-09-07T08:19:04.646000Z,2020-09-08T09:23:35.653000Z,90271.007,11663,3600000,0,1,59,72,NONE,FULL_CLOSE,17e310fb-2347-d920-4f0b-a1163a3691ea,f03311e1-76f4-3e23-23b7-64d31410e507,133,0,52159954.00000000000000000001,0,0,5001266,0,,AGGREGATE_ONLY_NOT_ALIGNED,XBT,,HIGH,HIGH,MEDIUM,MEDIUM,MEDIUM,MEDIUM,MEDIUM,TRXU20-C0017,BEHAVIORAL_APPROXIMATION
XBTUSD-C0073,XBTUSD,True,LONG,2020-09-07T11:05:06.352000Z,2020-09-07T11:32:56.032000Z,1669.68,2999,2999,-999,1,0,1,NONE,FLIP,58a9a205-6109-45a6-d3a2-7a058396d53c,91a09218-6317-26b6-0a8d-72238cd58210,3,0,-279897,0,0,28996,0,,AGGREGATE_ONLY_NOT_ALIGNED,XBT,,HIGH,HIGH,MEDIUM,MEDIUM,MEDIUM,MEDIUM,MEDIUM,"XBTUSD-C0073,XBTUSD-C0074",BEHAVIORAL_APPROXIMATION
XBTUSD-C0074,XBTUSD,True,SHORT,2020-09-07T11:32:56.032000Z,2020-09-07T16:06:44.560000Z,16428.528,-999,14427,0,1,8,9,XBTUSD-C0073,FULL_CLOSE,91a09218-6317-26b6-0a8d-72238cd58210,bde7c6df-9e4a-709b-06c5-2b3f5e4a5270,19,1,-1954585.000000000000000000001,0,0,168460,-672,,AGGREGATE_ONLY_NOT_ALIGNED,XBT,,HIGH,HIGH,MEDIUM,MEDIUM,MEDIUM,MEDIUM,MEDIUM,XBTUSD-C0074,BEHAVIORAL_APPROXIMATION
ETHUSD-C0026,ETHUSD,False,LONG,2020-09-07T21:30:42.905000Z,2020-09-08T09:44:37.699000Z,44034.794,100,4888,0,1,7,1,NONE,FULL_CLOSE,940835f4-8060-7082-5b2a-b209f1389763,17bb6005-2ad3-829f-82ac-5a8f9faee4c5,10,1,-2077400,0,0,119530,57209,,AGGREGATE_ONLY_NOT_ALIGNED,XBT,,HIGH,HIGH,MEDIUM,MEDIUM,MEDIUM,MEDIUM,MEDIUM,ETHUSD-C0026,BEHAVIORAL_APPROXIMATION
XBTUSD-C0075,XBTUSD,True,LONG,2020-09-07T22:04:21.263000Z,2020-09-08T09:44:34.861000Z,42013.598,3999,7998,0,1,1,3,NONE,FULL_CLOSE,50c4255b-ef5d-9152-9bea-e3a03cccaedb,d34297cc-70ad-370b-5ae5-f8fcc2770b48,6,1,-531867.0,0,0,106326,7759,,AGGREGATE_ONLY_NOT_ALIGNED,XBT,,HIGH,HIGH,MEDIUM,MEDIUM,MEDIUM,MEDIUM,MEDIUM,XBTUSD-C0075,BEHAVIORAL_APPROXIMATION
ETHUSD-C0027,ETHUSD,False,LONG,2020-09-08T09:56:24.433000Z,2020-09-08T10:34:04.987000Z,2260.554,2222,4444,0,1,3,4,NONE,FULL_CLOSE,601dc11b-3a8d-414f-3106-51211a7cee66,b3726142-58fd-6033-005b-d23795b51d22,9,0,-955460,0,0,66689,0,,AGGREGATE_ONLY_NOT_ALIGNED,XBT,,HIGH,HIGH,MEDIUM,MEDIUM,MEDIUM,MEDIUM,MEDIUM,ETHUSD-C0027,BEHAVIORAL_APPROXIMATION
XBTUSD-C0076,XBTUSD,True,SHORT,2020-09-08T11:43:40.751000Z,2020-09-08T14:13:23.412000Z,8982.661,-6114,27998,0,1,17,9,NONE,FULL_CLOSE,14d73399-77b6-cad2-42ca-456bbd723546,e6c6d941-1b0d-c74e-11b1-c464e9fed4c0,28,1,-2817799.999999999999999999999,0,0,377593,-28048,,AGGREGATE_ONLY_NOT_ALIGNED,XBT,,HIGH,HIGH,MEDIUM,MEDIUM,MEDIUM,MEDIUM,MEDIUM,XBTUSD-C0076,BEHAVIORAL_APPROXIMATION
ETHUSD-C0028,ETHUSD,False,SHORT,2020-09-08T12:13:24.424000Z,2020-09-08T14:13:20.956000Z,7196.532,-432,21332,0,1,10,11,NONE,FULL_CLOSE,0adea6b8-d726-8465-2c2a-4d4b6b40d96b,ff48ce9b-d599-4927-9c64-d58400438661,23,0,-10394925.00000000000000000000,0,0,522135,0,,AGGREGATE_ONLY_NOT_ALIGNED,XBT,,HIGH,HIGH,MEDIUM,MEDIUM,MEDIUM,MEDIUM,MEDIUM,ETHUSD-C0028,BEHAVIORAL_APPROXIMATION
ETHUSD-C0029,ETHUSD,False,LONG,2020-09-08T14:13:29.352000Z,2020-09-08T21:12:08.572000Z,25119.22,2501,36110,0,1,19,9,NONE,FULL_CLOSE,16e6eeb5-8625-8aa7-129d-3abeee0b4c04,6085f7d7-c917-cc9a-7289-7fb72826690a,30,1,-26079455.00000000000000000000,0,0,1646033,181075,,AGGREGATE_ONLY_NOT_ALIGNED,XBT,,HIGH,HIGH,MEDIUM,MEDIUM,MEDIUM,MEDIUM,MEDIUM,ETHUSD-C0029,BEHAVIORAL_APPROXIMATION
XBTUSD-C0077,XBTUSD,True,LONG,2020-09-08T14:30:50.526000Z,2020-09-10T06:41:44.261000Z,144653.735,500,55989,0,1,14,10,NONE,FULL_CLOSE,197f64e5-75d3-47b7-7835-859d94bff0d2,7d5221e2-161a-c3bb-8841-8a32aab185c4,26,5,5431592.000000000000000000000,0,0,371657,65215,,AGGREGATE_ONLY_NOT_ALIGNED,XBT,,HIGH,HIGH,MEDIUM,MEDIUM,MEDIUM,MEDIUM,MEDIUM,XBTUSD-C0077,BEHAVIORAL_APPROXIMATION
ETHUSD-C0030,ETHUSD,False,SHORT,2020-09-08T21:12:50.124000Z,2020-09-09T08:04:27.856000Z,39097.732,-464,11554,0,1,13,5,NONE,FULL_CLOSE,5d7113a9-5ffb-6f2f-d2a6-e743aad281e4,c93a42fe-1694-0785-055b-4c0f3cf83751,20,1,-2200210.000000000000000000000,0,0,197981,-111903,,AGGREGATE_ONLY_NOT_ALIGNED,XBT,,HIGH,HIGH,MEDIUM,MEDIUM,MEDIUM,MEDIUM,MEDIUM,ETHUSD-C0030,BEHAVIORAL_APPROXIMATION
ETHUSD-C0031,ETHUSD,False,SHORT,2020-09-09T09:18:44.326000Z,2020-09-09T11:12:48.081000Z,6843.755,-107,2222,0,1,5,0,NONE,FULL_CLOSE,5c40bb32-1e79-2176-0d1f-27205463a262,1508ba75-4e56-4e61-984e-670b343723d4,7,0,-733260,0,0,34989,0,,AGGREGATE_ONLY_NOT_ALIGNED,XBT,,HIGH,HIGH,MEDIUM,MEDIUM,MEDIUM,MEDIUM,MEDIUM,ETHUSD-C0031,BEHAVIORAL_APPROXIMATION
ETHUSD-C0032,ETHUSD,False,SHORT,2020-09-10T05:05:59.369000Z,2020-09-12T15:47:35.299000Z,211295.93,-1222,13110,0,1,8,6,NONE,FULL_CLOSE,59c3f125-4b67-c88d-17ff-6fbc8e1d8109,4c49733f-ccc5-3be2-e1ab-fd1da372631c,16,7,1326050.000000000000000000000,0,0,262216,-950773,,AGGREGATE_ONLY_NOT_ALIGNED,XBT,,HIGH,HIGH,MEDIUM,MEDIUM,MEDIUM,MEDIUM,MEDIUM,ETHUSD-C0032,BEHAVIORAL_APPROXIMATION
XBTUSD-C0078,XBTUSD,True,LONG,2020-09-12T15:27:52.719000Z,2020-09-14T12:26:48.098000Z,161935.379,2889,78986,0,1,16,0,NONE,FULL_CLOSE,07bad59c-dc1b-6472-d80f-7c83270b63ee,922cdb40-78e9-50e6-bdd1-659b2f79580e,18,6,11016851,0,0,500689,-300511,,AGGREGATE_ONLY_NOT_ALIGNED,XBT,,HIGH,HIGH,MEDIUM,MEDIUM,MEDIUM,MEDIUM,MEDIUM,XBTUSD-C0078,BEHAVIORAL_APPROXIMATION
LINKUSDTZ20-C0001,LINKUSDTZ20,False,LONG,2020-09-13T00:07:48.984000Z,2020-09-13T13:05:55.752000Z,46686.768,111,222,0,1,1,0,NONE,FULL_CLOSE,373e869b-d49f-0b3c-56fb-3e28c53a4d83,f33a3c2a-cafa-6368-50ab-6e98e1ad00a0,3,0,-1765455,0,0,13235,0,,AGGREGATE_ONLY_NOT_ALIGNED,XBT,,HIGH,HIGH,MEDIUM,MEDIUM,MEDIUM,MEDIUM,MEDIUM,LINKUSDTZ20-C0001,BEHAVIORAL_APPROXIMATION
BCHUSD-C0001,BCHUSD,False,LONG,2020-09-13T01:17:39.200000Z,2020-09-13T13:06:21.423000Z,42522.223,102,2200,0,1,3,3,NONE,FULL_CLOSE,157f59be-169b-4478-c79d-44ffc8e2bb36,5b466493-880e-912f-d3cd-9e65ed07a3a8,8,2,-1994800.000000000000000000000,0,0,38337,60951,,AGGREGATE_ONLY_NOT_ALIGNED,XBT,,HIGH,HIGH,MEDIUM,MEDIUM,MEDIUM,MEDIUM,MEDIUM,BCHUSD-C0001,BEHAVIORAL_APPROXIMATION
ETHUSD-C0033,ETHUSD,False,LONG,2020-09-13T17:13:11.610000Z,2020-09-14T12:26:56.461000Z,69224.851,1222,12444,0,1,5,2,NONE,FULL_CLOSE,065cd0f8-d073-b087-462a-8b33af798ea0,e6fb0ee9-5cd4-5a80-efc9-61c803af3008,9,3,-321380.0000000000000000000000,0,0,580901,64029,,AGGREGATE_ONLY_NOT_ALIGNED,XBT,,HIGH,HIGH,MEDIUM,MEDIUM,MEDIUM,MEDIUM,MEDIUM,ETHUSD-C0033,BEHAVIORAL_APPROXIMATION
XBTUSD-C0079,XBTUSD,True,LONG,2020-09-14T12:39:17.319000Z,2020-09-14T14:52:14.920000Z,7977.601,15999,131998,0,1,5,6,NONE,FULL_CLOSE,383111ec-a9ef-4da0-5428-bf9413d4c4cc,c0e773a1-861c-234a-87cd-6e73052cf061,13,0,12599750.00000000000000000000,0,0,1545350,0,,AGGREGATE_ONLY_NOT_ALIGNED,XBT,,HIGH,HIGH,MEDIUM,MEDIUM,MEDIUM,MEDIUM,MEDIUM,XBTUSD-C0079,BEHAVIORAL_APPROXIMATION
ETHUSD-C0034,ETHUSD,False,LONG,2020-09-14T13:05:19.996000Z,2020-09-14T16:13:48.678000Z,11308.682,500,11222,0,1,7,5,NONE,FULL_CLOSE,029f7012-6652-beb3-8ccf-54a3613ad8a2,01e55b0f-ddf4-1aef-f531-53bad1ddeba2,14,0,9264280,0,0,570043,0,,AGGREGATE_ONLY_NOT_ALIGNED,XBT,,HIGH,HIGH,MEDIUM,MEDIUM,MEDIUM,MEDIUM,MEDIUM,ETHUSD-C0034,BEHAVIORAL_APPROXIMATION
LTCUSD-C0003,LTCUSD,False,LONG,2020-09-15T02:36:26.044000Z,2020-09-17T13:49:33.165000Z,213187.121,1000,72444,0,1,18,38,NONE,FULL_CLOSE,4ec7ac5d-eed4-b156-1dd5-70538bc1d769,9f4bee7a-e02b-1472-c50a-8c4f9d47c6a0,58,8,-14308806.0,0,0,-64912,889712,,AGGREGATE_ONLY_NOT_ALIGNED,XBT,,HIGH,HIGH,MEDIUM,MEDIUM,MEDIUM,MEDIUM,MEDIUM,LTCUSD-C0003,BEHAVIORAL_APPROXIMATION
TRXU20-C0018,TRXU20,False,LONG,2020-09-16T06:36:46.658000Z,2020-09-18T02:39:10.066000Z,158543.408,10000,2057285,0,1,22,19,NONE,FULL_CLOSE,0b5d4abc-3546-7f43-1e88-4e89a8d01157,c05ec915-b523-1478-96c0-7e8cae3c6ac3,43,0,19609229.99999999999999999999,0,0,1941013,0,,AGGREGATE_ONLY_NOT_ALIGNED,XBT,,HIGH,HIGH,MEDIUM,MEDIUM,MEDIUM,MEDIUM,MEDIUM,TRXU20-C0018,BEHAVIORAL_APPROXIMATION
XBTUSD-C0080,XBTUSD,True,LONG,2020-09-16T07:32:13.330000Z,2020-09-16T08:04:58.092000Z,1964.762,15999,31998,0,1,1,4,NONE,FULL_CLOSE,3b38c849-70f9-2cd5-71a2-aa58d2edfa75,c87daae6-7912-a87b-5cfe-06bad2a937f2,7,0,1439910,0,0,397174,0,,AGGREGATE_ONLY_NOT_ALIGNED,XBT,,HIGH,HIGH,MEDIUM,MEDIUM,MEDIUM,MEDIUM,MEDIUM,XBTUSD-C0080,BEHAVIORAL_APPROXIMATION
XBTUSD-C0081,XBTUSD,True,SHORT,2020-09-16T17:10:27.838000Z,2020-09-17T18:16:11.111000Z,90343.273,-5999,97992,0,1,35,0,NONE,FULL_CLOSE,8c818140-9afd-8778-b47f-c283e7658f6e,3742aa26-35c4-83b5-bfe0-8a3893abfe36,37,3,-510200,0,0,1115553,-117045,,AGGREGATE_ONLY_NOT_ALIGNED,XBT,,HIGH,HIGH,MEDIUM,MEDIUM,MEDIUM,MEDIUM,MEDIUM,XBTUSD-C0081,BEHAVIORAL_APPROXIMATION
ETHUSD-C0035,ETHUSD,False,LONG,2020-09-17T00:49:38.842000Z,2020-09-17T03:21:06.366000Z,9087.524,3,40444,0,1,15,17,NONE,FULL_CLOSE,00e1e015-3665-d216-aca2-79888cf98016,ffadaed3-1c1a-ea0d-8a00-63cc4cee748c,34,0,-5316640.000000000000000000001,0,0,1553100,0,,AGGREGATE_ONLY_NOT_ALIGNED,XBT,,HIGH,HIGH,MEDIUM,MEDIUM,MEDIUM,MEDIUM,MEDIUM,ETHUSD-C0035,BEHAVIORAL_APPROXIMATION
XBTUSD-C0082,XBTUSD,True,LONG,2020-09-19T09:15:58.383000Z,2020-09-19T11:57:22.323000Z,9683.94,8678,15999,-11998,1,2,2,NONE,FLIP,13a3aff9-f061-7c33-ca67-b56a06c648b1,579a7568-3b2e-d7bd-d4be-1b08f2a62aee,6,0,2507882,0,0,42208,0,,AGGREGATE_ONLY_NOT_ALIGNED,XBT,,HIGH,HIGH,MEDIUM,MEDIUM,MEDIUM,MEDIUM,MEDIUM,"XBTUSD-C0082,XBTUSD-C0083",BEHAVIORAL_APPROXIMATION
XBTUSD-C0083,XBTUSD,True,SHORT,2020-09-19T11:57:22.323000Z,2020-09-19T16:20:45.314000Z,15802.991,-11998,27997,0,1,1,0,XBTUSD-C0082,FULL_CLOSE,579a7568-3b2e-d7bd-d4be-1b08f2a62aee,5b4d49e2-8f4e-1a6e-efbb-5048432aece6,3,1,1847822,0,0,138210,45485,,AGGREGATE_ONLY_NOT_ALIGNED,XBT,,HIGH,HIGH,MEDIUM,MEDIUM,MEDIUM,MEDIUM,MEDIUM,XBTUSD-C0083,BEHAVIORAL_APPROXIMATION
XBTUSD-C0084,XBTUSD,True,SHORT,2020-09-20T09:10:23.087000Z,2020-09-21T11:54:24.664000Z,96241.577,-21300,85996,0,1,20,2,NONE,FULL_CLOSE,0846a5fa-2b26-d0e5-acc2-b3cf3be80e62,a7f0761e-8be2-ca28-880f-096cb948b376,24,3,23076963.99999999999999999999,0,0,981040,143501,,AGGREGATE_ONLY_NOT_ALIGNED,XBT,,HIGH,HIGH,MEDIUM,MEDIUM,MEDIUM,MEDIUM,MEDIUM,XBTUSD-C0084,BEHAVIORAL_APPROXIMATION
ETHUSD-C0036,ETHUSD,False,SHORT,2020-09-21T09:40:19.003000Z,2020-09-21T11:54:20.027000Z,8041.024,-193,20444,0,1,8,17,NONE,FULL_CLOSE,5f352c4d-fbba-2fd1-181f-cf67db7ae779,7a3fa1b1-e23b-d2ad-0f94-55cf226fea3b,27,0,20006294.99999999999999999999,0,0,908118,0,,AGGREGATE_ONLY_NOT_ALIGNED,XBT,,HIGH,HIGH,MEDIUM,MEDIUM,MEDIUM,MEDIUM,MEDIUM,ETHUSD-C0036,BEHAVIORAL_APPROXIMATION
ETHUSD-C0037,ETHUSD,False,LONG,2020-09-21T12:06:43.156000Z,2020-09-21T15:15:32.941000Z,11329.785,1222,7332,0,1,8,1,NONE,FULL_CLOSE,c8fc7bbe-25e4-f06a-fdae-e347b91b6e68,6cf4220f-ddee-e391-3156-a48eeb968f13,11,0,439920,0,0,111359,0,,AGGREGATE_ONLY_NOT_ALIGNED,XBT,,HIGH,HIGH,MEDIUM,MEDIUM,MEDIUM,MEDIUM,MEDIUM,ETHUSD-C0037,BEHAVIORAL_APPROXIMATION
TRXU20-C0019,TRXU20,False,LONG,2020-09-21T14:27:22.166000Z,2020-09-23T18:49:35.589000Z,188533.423,100,590325,0,1,11,0,NONE,FULL_CLOSE,48dd833a-a4ed-770d-0658-d19625675173,08d0d813-e03e-f412-231f-4611355e6780,13,0,3062065,0,0,524170,0,,AGGREGATE_ONLY_NOT_ALIGNED,XBT,,HIGH,HIGH,MEDIUM,MEDIUM,MEDIUM,MEDIUM,MEDIUM,TRXU20-C0019,BEHAVIORAL_APPROXIMATION
XBTUSD-C0085,XBTUSD,True,LONG,2020-09-21T14:39:31.283000Z,2020-09-21T17:07:13.800000Z,8862.517,10999,270994,0,1,29,18,NONE,FULL_CLOSE,ddd1bd21-6f06-4b53-5496-cb6c04f43ffe,f81b896f-fca6-3c0a-6e1e-87313dc42546,49,0,16720684.00000000000000000000,0,0,3101108,0,,AGGREGATE_ONLY_NOT_ALIGNED,XBT,,HIGH,HIGH,MEDIUM,MEDIUM,MEDIUM,MEDIUM,MEDIUM,XBTUSD-C0085,BEHAVIORAL_APPROXIMATION
XBTUSD-C0086,XBTUSD,True,LONG,2020-09-21T17:14:08.959000Z,2020-09-21T19:18:59.594000Z,7490.635,32999,32999,0,1,0,0,NONE,FULL_CLOSE,1f02e0bb-8065-a288-95b8-6d947088c87d,4904d11b-5683-b01f-0d90-e10e22b629bc,2,0,2243932,0,0,427043,0,,AGGREGATE_ONLY_NOT_ALIGNED,XBT,,HIGH,HIGH,MEDIUM,MEDIUM,MEDIUM,MEDIUM,MEDIUM,XBTUSD-C0086,BEHAVIORAL_APPROXIMATION
XBTUSD-C0087,XBTUSD,True,LONG,2020-09-22T00:03:20.911000Z,2020-09-22T09:19:09.821000Z,33348.91,5988,58995,0,1,5,1,NONE,FULL_CLOSE,3b8e8ae7-04cf-ebfa-50f0-ff9cdb312262,e3ed46d7-3caf-b531-166c-adac01fbff3e,8,1,4632574.000000000000000000000,0,0,539516,-26625,,AGGREGATE_ONLY_NOT_ALIGNED,XBT,,HIGH,HIGH,MEDIUM,MEDIUM,MEDIUM,MEDIUM,MEDIUM,XBTUSD-C0087,BEHAVIORAL_APPROXIMATION
XBTUSD-C0088,XBTUSD,True,LONG,2020-09-23T00:23:49.396000Z,2020-09-23T18:58:21.148000Z,66871.752,11990,77375,0,1,14,9,NONE,FULL_CLOSE,9666040e-143d-2e25-6daa-c627d6202fc5,d89e9846-f9e1-35d9-70df-8f0e10b12ee3,25,2,-4117774.999999999999999999999,0,0,588704,-80249,,AGGREGATE_ONLY_NOT_ALIGNED,XBT,,HIGH,HIGH,MEDIUM,MEDIUM,MEDIUM,MEDIUM,MEDIUM,XBTUSD-C0088,BEHAVIORAL_APPROXIMATION
ETHUSD-C0038,ETHUSD,False,LONG,2020-09-23T11:48:18.255000Z,2020-09-23T18:58:09.669000Z,25791.414,5982,45666,0,1,19,9,NONE,FULL_CLOSE,4251ffe2-2a89-47b4-716f-2b61fcde5570,d1ad73d9-b598-fb68-4d66-9db901309dac,30,1,-16896420,0,0,2080640,154703,,AGGREGATE_ONLY_NOT_ALIGNED,XBT,,HIGH,HIGH,MEDIUM,MEDIUM,MEDIUM,MEDIUM,MEDIUM,ETHUSD-C0038,BEHAVIORAL_APPROXIMATION
XBTUSD-C0089,XBTUSD,True,LONG,2020-09-23T19:04:47.308000Z,2020-09-23T20:48:55.929000Z,6248.621,9999,429977,0,1,51,26,NONE,FULL_CLOSE,ba786890-9797-4945-58ca-67cc227554ed,d73c0fd4-42ce-d795-5591-cedc36e104c5,79,1,-13328607.99999999999999999999,0,0,4924692,-270705,,AGGREGATE_ONLY_NOT_ALIGNED,XBT,,HIGH,HIGH,MEDIUM,MEDIUM,MEDIUM,MEDIUM,MEDIUM,XBTUSD-C0089,BEHAVIORAL_APPROXIMATION
ETHUSD-C0039,ETHUSD,False,LONG,2020-09-23T19:07:39.025000Z,2020-09-23T21:12:30.978000Z,7491.953,1222,9776,0,1,9,4,NONE,FULL_CLOSE,c0aa6b2a-2c20-55f6-a644-caf0b6e0ceed,ffc56e89-70a9-448d-61c9-6a7ed9a22ac9,15,1,1808560,0,0,143032,12002,,AGGREGATE_ONLY_NOT_ALIGNED,XBT,,HIGH,HIGH,MEDIUM,MEDIUM,MEDIUM,MEDIUM,MEDIUM,ETHUSD-C0039,BEHAVIORAL_APPROXIMATION
XBTUSD-C0090,XBTUSD,True,LONG,2020-09-23T20:49:53.347000Z,2020-09-23T20:50:44.439000Z,51.092,33076,158555,0,1,5,0,NONE,FULL_CLOSE,00b6c45f-600c-1ad6-fd4f-afa676308d46,8e00693e-d606-d127-07a7-ee07101e1437,7,0,-4439540,0,0,2101319,0,,AGGREGATE_ONLY_NOT_ALIGNED,XBT,,HIGH,HIGH,MEDIUM,MEDIUM,MEDIUM,MEDIUM,MEDIUM,XBTUSD-C0090,BEHAVIORAL_APPROXIMATION
XBTUSD-C0091,XBTUSD,True,LONG,2020-09-23T20:52:14.671000Z,2020-09-23T21:01:40.892000Z,566.221,29852,317110,0,1,16,71,NONE,FULL_CLOSE,3e4cd69c-7efd-dbca-50c0-4bbc9f3e31dd,5924260f-9fbc-91c2-ab75-04663ebb6585,89,0,15047065.0,0,0,3862097,0,,AGGREGATE_ONLY_NOT_ALIGNED,XBT,,HIGH,HIGH,MEDIUM,MEDIUM,MEDIUM,MEDIUM,MEDIUM,XBTUSD-C0091,BEHAVIORAL_APPROXIMATION
ETHUSD-C0040,ETHUSD,False,LONG,2020-09-23T21:22:48.750000Z,2020-09-24T03:59:18.352000Z,23789.602,1333,13997,0,1,14,1,NONE,FULL_CLOSE,c8673eeb-d633-2b88-61d3-568e8ca2160e,8d90eb49-3dff-548a-c398-26260a559e53,17,0,7708445.000000000000000000000,0,0,206194,0,,AGGREGATE_ONLY_NOT_ALIGNED,XBT,,HIGH,HIGH,MEDIUM,MEDIUM,MEDIUM,MEDIUM,MEDIUM,ETHUSD-C0040,BEHAVIORAL_APPROXIMATION
XBTUSD-C0092,XBTUSD,True,LONG,2020-09-23T23:25:20.531000Z,2020-09-24T03:59:10.889000Z,16430.358,1155,237110,0,1,26,22,NONE,FULL_CLOSE,09bbee18-e316-001c-4f6c-108af9785bb0,fb84a38b-6d69-d55f-96e4-226dd48f0119,50,0,7113300,0,0,3126699,0,,AGGREGATE_ONLY_NOT_ALIGNED,XBT,,HIGH,HIGH,MEDIUM,MEDIUM,MEDIUM,MEDIUM,MEDIUM,XBTUSD-C0092,BEHAVIORAL_APPROXIMATION
ETHUSD-C0041,ETHUSD,False,SHORT,2020-09-24T04:52:49.574000Z,2020-09-24T15:38:38.834000Z,38749.26,-11333,33999,0,1,9,25,NONE,FULL_CLOSE,712a9ed7-d33a-d079-981f-f16fa87f90be,f693b4ac-6ea1-c679-03af-a2b346af2312,36,1,-30746320.00000000000000000002,0,0,1741458,-40585,,AGGREGATE_ONLY_NOT_ALIGNED,XBT,,HIGH,HIGH,MEDIUM,MEDIUM,MEDIUM,MEDIUM,MEDIUM,ETHUSD-C0041,BEHAVIORAL_APPROXIMATION
LINKUSDTZ20-C0002,LINKUSDTZ20,False,SHORT,2020-09-24T13:26:23.056000Z,2020-09-24T15:38:46.277000Z,7943.221,-111,321,0,1,1,10,NONE,FULL_CLOSE,67b6dc37-2660-d7fd-f9a1-b12c38ceca73,f0272a52-6f50-cca1-a887-054b976a52f0,13,0,-2002774.999999999999999999999,0,0,24251,0,,AGGREGATE_ONLY_NOT_ALIGNED,XBT,,HIGH,HIGH,MEDIUM,MEDIUM,MEDIUM,MEDIUM,MEDIUM,LINKUSDTZ20-C0002,BEHAVIORAL_APPROXIMATION
XBTUSD-C0093,XBTUSD,True,LONG,2020-09-25T18:29:35.980000Z,2020-09-26T13:16:14.094000Z,67598.114,58555,58555,0,1,0,3,NONE,FULL_CLOSE,28f4c05b-ad44-db17-1f07-952c8dc69226,2ec4a992-b1fb-1bb4-3143-ce6171aa1763,5,3,-2869195,0,0,738514,117470,,AGGREGATE_ONLY_NOT_ALIGNED,XBT,,HIGH,HIGH,MEDIUM,MEDIUM,MEDIUM,MEDIUM,MEDIUM,XBTUSD-C0093,BEHAVIORAL_APPROXIMATION
ETHUSD-C0042,ETHUSD,False,SHORT,2020-09-26T08:56:16.541000Z,2020-09-26T16:36:45.192000Z,27628.651,-119,61332,0,1,42,25,NONE,FULL_CLOSE,78d6c8c7-e8f9-05e6-67c3-bf98d37e1898,f99dc367-0bb8-195d-d3b0-c9797c26f537,69,1,-32659289.99999999999999999998,0,0,3204829,-804268,,AGGREGATE_ONLY_NOT_ALIGNED,XBT,,HIGH,HIGH,MEDIUM,MEDIUM,MEDIUM,MEDIUM,MEDIUM,ETHUSD-C0042,BEHAVIORAL_APPROXIMATION
XBTUSD-C0094,XBTUSD,True,LONG,2020-09-26T21:51:56.827000Z,2020-09-27T08:12:59.659000Z,37262.832,9883,95665,0,1,10,1,NONE,FULL_CLOSE,075ba432-9180-b50e-50ec-cef44fdcc950,3ac07c1e-2c14-74a0-8c8a-c6204a99b92b,13,1,-4049425.000000000000000000000,0,0,895604,54286,,AGGREGATE_ONLY_NOT_ALIGNED,XBT,,HIGH,HIGH,MEDIUM,MEDIUM,MEDIUM,MEDIUM,MEDIUM,XBTUSD-C0094,BEHAVIORAL_APPROXIMATION
ETHUSD-C0043,ETHUSD,False,SHORT,2020-09-27T08:29:14.669000Z,2020-09-27T22:54:16.907000Z,51902.238,-7174,52331,0,1,35,47,NONE,FULL_CLOSE,09961ee6-938d-929e-2599-b1ab72200c55,ebcc5cf3-208a-4bff-4822-0a6f708c1dbb,84,2,506160.0000000000000000000006,0,0,1489519,-1211437,,AGGREGATE_ONLY_NOT_ALIGNED,XBT,,HIGH,HIGH,MEDIUM,MEDIUM,MEDIUM,MEDIUM,MEDIUM,ETHUSD-C0043,BEHAVIORAL_APPROXIMATION
ETHUSD-C0044,ETHUSD,False,SHORT,2020-09-28T00:00:13.919000Z,2020-09-28T00:30:56.217000Z,1842.298,-832,5333,0,1,2,6,NONE,FULL_CLOSE,6f96f8f4-a775-1826-8197-08aaa0bec552,d5925054-2b27-31d4-c427-a8c702109adb,10,0,-479970,0,0,86405,0,,AGGREGATE_ONLY_NOT_ALIGNED,XBT,,HIGH,HIGH,MEDIUM,MEDIUM,MEDIUM,MEDIUM,MEDIUM,ETHUSD-C0044,BEHAVIORAL_APPROXIMATION
XBTUSD-C0095,XBTUSD,True,LONG,2020-09-28T00:31:03.411000Z,2020-09-29T19:51:19.200000Z,156015.789,1000,1000985,-23681,1,195,254,NONE,FLIP,0ab9a445-aaad-ffdf-f2f3-df765297d2af,4213975d-6c4f-b397-0a5f-361df084b9b0,451,5,37726841.99999999999999999997,0,0,17678932,858929,,AGGREGATE_ONLY_NOT_ALIGNED,XBT,,HIGH,HIGH,MEDIUM,MEDIUM,MEDIUM,MEDIUM,MEDIUM,"XBTUSD-C0095,XBTUSD-C0096",BEHAVIORAL_APPROXIMATION
XBTUSD-C0096,XBTUSD,True,SHORT,2020-09-29T19:51:19.200000Z,2020-09-29T22:57:20.587000Z,11161.387,-23681,290346,0,1,5,10,XBTUSD-C0095,FULL_CLOSE,4213975d-6c4f-b397-0a5f-361df084b9b0,daa21c75-088b-83d6-3acf-caed4fc4dba0,17,1,385273.0000000000000000000000,0,0,1264075,-121353,,AGGREGATE_ONLY_NOT_ALIGNED,XBT,,HIGH,HIGH,MEDIUM,MEDIUM,MEDIUM,MEDIUM,MEDIUM,XBTUSD-C0096,BEHAVIORAL_APPROXIMATION
XBTUSD-C0097,XBTUSD,True,LONG,2020-09-29T23:04:33.209000Z,2020-09-30T07:44:52.809000Z,31219.6,125,509998,0,1,45,44,NONE,FULL_CLOSE,1d441c88-6842-6ba8-3543-aa90cd90bb54,fffa184d-414a-5699-403f-c36f65587add,91,1,-150027.0000000000000000000019,0,0,4536915,142676,,AGGREGATE_ONLY_NOT_ALIGNED,XBT,,HIGH,HIGH,MEDIUM,MEDIUM,MEDIUM,MEDIUM,MEDIUM,XBTUSD-C0097,BEHAVIORAL_APPROXIMATION
XBTUSD-C0098,XBTUSD,True,LONG,2020-09-30T14:10:55.245000Z,2020-10-01T16:21:31.976000Z,94236.731,909,1026659,0,1,99,109,NONE,FULL_CLOSE,7a5a97e1-20af-89aa-d992-7281e969f597,6c8b742c-ef1d-457e-fbda-60b3a8189ad9,210,3,-108655256.0000000000000000000,0,0,21447048,-26499,,AGGREGATE_ONLY_NOT_ALIGNED,XBT,,HIGH,HIGH,MEDIUM,MEDIUM,MEDIUM,MEDIUM,MEDIUM,XBTUSD-C0098,BEHAVIORAL_APPROXIMATION
LTCUSD-C0004,LTCUSD,False,LONG,2020-10-01T14:21:43.175000Z,2020-10-01T16:18:46.296000Z,7023.121,326,39055,0,1,26,24,NONE,FULL_CLOSE,a4fd52fa-6323-0d0f-9a66-8a09d8351892,ff674794-0c50-44f8-5068-8867fc8ed482,52,0,-13066499.99999999999999999999,0,0,167899,0,,AGGREGATE_ONLY_NOT_ALIGNED,XBT,,HIGH,HIGH,MEDIUM,MEDIUM,MEDIUM,MEDIUM,MEDIUM,LTCUSD-C0004,BEHAVIORAL_APPROXIMATION
LTCZ20-C0001,LTCZ20,False,LONG,2020-10-01T14:22:13.848000Z,2020-10-01T16:18:51.376000Z,6997.528,3,1647,0,1,35,24,NONE,FULL_CLOSE,17c08186-9294-662a-628e-b60f6e7391e9,eb0a3f5c-e7cf-d9d0-2f25-0aedcab1e94e,61,0,-23347499.99999999999999999999,0,0,1640910,0,,AGGREGATE_ONLY_NOT_ALIGNED,XBT,,HIGH,HIGH,MEDIUM,MEDIUM,MEDIUM,MEDIUM,MEDIUM,LTCZ20-C0001,BEHAVIORAL_APPROXIMATION
XBTUSD-C0099,XBTUSD,True,LONG,2020-10-01T16:22:24.232000Z,2020-10-01T16:27:37.655000Z,313.423,200,393332,-66667,1,96,28,NONE,FLIP,07bd0055-572e-e52d-1b79-e0d22a47c397,e877c046-7f2e-bf1b-9f62-40f97558e64a,126,0,9058741.999999999999999999999,0,0,5453685,0,,AGGREGATE_ONLY_NOT_ALIGNED,XBT,,HIGH,HIGH,MEDIUM,MEDIUM,MEDIUM,MEDIUM,MEDIUM,"XBTUSD-C0099,XBTUSD-C0100",BEHAVIORAL_APPROXIMATION
XBTUSD-C0100,XBTUSD,True,SHORT,2020-10-01T16:27:37.655000Z,2020-10-01T16:29:17.639000Z,99.984,-66667,66667,0,1,0,0,XBTUSD-C0099,FULL_CLOSE,e877c046-7f2e-bf1b-9f62-40f97558e64a,909d79a8-b1ce-c52f-9628-d6c6a5ebb808,2,0,333335,0,0,425882,0,,AGGREGATE_ONLY_NOT_ALIGNED,XBT,,HIGH,HIGH,MEDIUM,MEDIUM,MEDIUM,MEDIUM,MEDIUM,XBTUSD-C0100,BEHAVIORAL_APPROXIMATION
XBTUSD-C0101,XBTUSD,True,LONG,2020-10-01T16:30:10.103000Z,2020-10-01T16:45:13.458000Z,903.355,5820,706665,0,1,44,36,NONE,FULL_CLOSE,5330ad36-da03-c53c-66dd-a5dbee14f408,f2e32c30-aa9b-32a5-bb5f-aefc31378de0,82,0,-58573209.00000000000000000000,0,0,7660157,0,,AGGREGATE_ONLY_NOT_ALIGNED,XBT,,HIGH,HIGH,MEDIUM,MEDIUM,MEDIUM,MEDIUM,MEDIUM,XBTUSD-C0101,BEHAVIORAL_APPROXIMATION
XBTUSD-C0102,XBTUSD,True,LONG,2020-10-01T16:45:32.303000Z,2020-10-01T16:49:08.978000Z,216.675,5668,669999,0,1,53,48,NONE,FULL_CLOSE,2e666348-b98a-f576-e00b-52c31a1cbc7f,f6c3a381-1fb9-9742-8289-108978b7205d,103,0,31499130,0,0,8619364,0,,AGGREGATE_ONLY_NOT_ALIGNED,XBT,,HIGH,HIGH,MEDIUM,MEDIUM,MEDIUM,MEDIUM,MEDIUM,XBTUSD-C0102,BEHAVIORAL_APPROXIMATION
XBTUSD-C0103,XBTUSD,True,LONG,2020-10-01T16:50:42.245000Z,2020-10-01T18:51:34.038000Z,7251.793,40000,853332,-11972,1,442,387,NONE,FLIP,15c64e72-acd2-1620-2714-81c90d300248,9a694ecf-801f-c32a-01f5-ecaef6deeb96,831,0,23873147.99999999999999999993,0,0,43817445,0,,AGGREGATE_ONLY_NOT_ALIGNED,XBT,,LOW,HIGH,MEDIUM,MEDIUM,MEDIUM,LOW,LOW,"XBTUSD-C0103,XBTUSD-C0104",BEHAVIORAL_APPROXIMATION
XBTUSD-C0104,XBTUSD,True,SHORT,2020-10-01T18:51:34.038000Z,2020-10-01T19:44:41.639000Z,3187.601,-11972,436664,63334,1,23,5,XBTUSD-C0103,FLIP,9a694ecf-801f-c32a-01f5-ecaef6deeb96,bc351e99-9e4d-99d2-2284-20c7f1abec22,30,0,11535356.00000000000000000000,0,0,160806,0,,AGGREGATE_ONLY_NOT_ALIGNED,XBT,,HIGH,HIGH,MEDIUM,MEDIUM,MEDIUM,MEDIUM,MEDIUM,"XBTUSD-C0104,XBTUSD-C0105",BEHAVIORAL_APPROXIMATION
XBTUSD-C0105,XBTUSD,True,LONG,2020-10-01T19:44:41.639000Z,2020-10-02T06:34:50.193000Z,39008.554,63334,823331,0,1,176,302,XBTUSD-C0104,FULL_CLOSE,bc351e99-9e4d-99d2-2284-20c7f1abec22,ff9cb1f7-09d4-bc64-eee3-d59c9c88305c,480,2,-47775713.99999999999999999990,0,0,31691901,588904,,AGGREGATE_ONLY_NOT_ALIGNED,XBT,,HIGH,HIGH,MEDIUM,MEDIUM,MEDIUM,MEDIUM,MEDIUM,XBTUSD-C0105,BEHAVIORAL_APPROXIMATION
TRXZ20-C0001,TRXZ20,False,LONG,2020-10-02T04:39:11.650000Z,2020-10-03T09:30:30.059000Z,103878.409,100000,1502374,0,1,44,20,NONE,FULL_CLOSE,f6a895c0-5717-c21e-9843-352ae9b51731,c911b667-28a7-2639-6231-170b8968ac9c,66,0,15433236.00000000000000000000,0,0,1279285,0,,AGGREGATE_ONLY_NOT_ALIGNED,XBT,,HIGH,HIGH,MEDIUM,MEDIUM,MEDIUM,MEDIUM,MEDIUM,TRXZ20-C0001,BEHAVIORAL_APPROXIMATION
XBTUSD-C0106,XBTUSD,True,LONG,2020-10-02T06:54:23.065000Z,2020-10-02T10:22:03.608000Z,12460.543,19775,353331,0,1,54,13,NONE,FULL_CLOSE,74f21793-9992-c0ab-67e8-b9c473f2c320,f1833dc0-3e2b-b48e-9d9b-4534f09acd90,69,0,-22916005.00000000000000000000,0,0,3820557,0,,AGGREGATE_ONLY_NOT_ALIGNED,XBT,,HIGH,HIGH,MEDIUM,MEDIUM,MEDIUM,MEDIUM,MEDIUM,XBTUSD-C0106,BEHAVIORAL_APPROXIMATION
XBTUSD-C0107,XBTUSD,True,LONG,2020-10-02T10:37:25.319000Z,2020-10-02T13:53:18.636000Z,11753.317,5889,458164,0,1,148,41,NONE,FULL_CLOSE,0b19ff22-3009-b3fe-e105-283bd65e1553,e950a484-6e29-ec25-991c-9f9831d19b1e,191,1,32672052.00000000000000000001,0,0,7229805,-921638,,AGGREGATE_ONLY_NOT_ALIGNED,XBT,,HIGH,HIGH,MEDIUM,MEDIUM,MEDIUM,MEDIUM,MEDIUM,XBTUSD-C0107,BEHAVIORAL_APPROXIMATION
XBTUSD-C0108,XBTUSD,True,LONG,2020-10-02T14:56:59.637000Z,2020-10-05T06:16:53.478000Z,227993.841,858165,858165,0,1,251,129,NONE,FULL_CLOSE,200cd7bf-26b4-27d6-34b3-3632ba69f470,63680430-42db-3530-4bad-d3b0a8e5bc51,382,8,8414699.000000000000000000000,0,0,24233461,-4811973,,AGGREGATE_ONLY_NOT_ALIGNED,XBT,,HIGH,HIGH,MEDIUM,MEDIUM,MEDIUM,MEDIUM,MEDIUM,XBTUSD-C0108,BEHAVIORAL_APPROXIMATION
XBTUSD-C0109,XBTUSD,True,LONG,2020-10-05T07:05:43.662000Z,2020-10-08T03:39:55.968000Z,246852.306,120,825765,0,1,165,285,NONE,FULL_CLOSE,02e3c184-c6a6-f408-3980-f7369ed55c80,fb537487-2df7-58f9-20a3-8011e3fd28ba,452,8,-38198128.99999999999999999993,0,0,20475448,-2702427,,AGGREGATE_ONLY_NOT_ALIGNED,XBT,,HIGH,HIGH,MEDIUM,MEDIUM,MEDIUM,MEDIUM,MEDIUM,XBTUSD-C0109,BEHAVIORAL_APPROXIMATION
TRXZ20-C0002,TRXZ20,False,LONG,2020-10-06T11:18:29.751000Z,2020-10-06T16:23:08.231000Z,18278.48,20,70020,0,1,1,3,NONE,FULL_CLOSE,28beefef-2298-d820-da0a-f17fe929601c,c39f6a75-d97f-c142-b175-65336d50150a,6,0,350100,0,0,30406,0,,AGGREGATE_ONLY_NOT_ALIGNED,XBT,,HIGH,HIGH,MEDIUM,MEDIUM,MEDIUM,MEDIUM,MEDIUM,TRXZ20-C0002,BEHAVIORAL_APPROXIMATION
LTCZ20-C0002,LTCZ20,False,LONG,2020-10-07T18:30:37.944000Z,2020-10-08T15:33:17.021000Z,75759.077,5,536,0,1,10,15,NONE,FULL_CLOSE,57b8a762-7f67-35ab-5144-6340bd9b2f79,fd0da29f-569e-b519-b702-4ab5ad0eda09,27,0,-3168000,0,0,518342,0,,AGGREGATE_ONLY_NOT_ALIGNED,XBT,,HIGH,HIGH,MEDIUM,MEDIUM,MEDIUM,MEDIUM,MEDIUM,LTCZ20-C0002,BEHAVIORAL_APPROXIMATION
XBTUSD-C0110,XBTUSD,True,LONG,2020-10-08T12:30:47.149000Z,2020-10-09T05:18:55.267000Z,60488.118,23840,1002540,0,1,95,45,NONE,FULL_CLOSE,05579deb-f19b-4d52-36b9-7e96b4cf1bc8,b7a75fce-4db1-19a4-20a4-abd2b23ab4f4,142,2,166136215.9999999999999999999,0,0,12608399,134684,,AGGREGATE_ONLY_NOT_ALIGNED,XBT,,HIGH,HIGH,MEDIUM,MEDIUM,MEDIUM,MEDIUM,MEDIUM,XBTUSD-C0110,BEHAVIORAL_APPROXIMATION
XBTUSD-C0111,XBTUSD,True,LONG,2020-10-09T06:00:18.167000Z,2020-10-09T13:32:24.884000Z,27126.717,8215,111542,0,1,18,0,NONE,FULL_CLOSE,5ba0cec3-be29-9655-6b2b-fae8e7ded15e,732d50a5-64d6-ea36-bb63-3b8352872d22,20,1,10503165,0,0,1107413,100946,,AGGREGATE_ONLY_NOT_ALIGNED,XBT,,HIGH,HIGH,MEDIUM,MEDIUM,MEDIUM,MEDIUM,MEDIUM,XBTUSD-C0111,BEHAVIORAL_APPROXIMATION
XBTUSD-C0112,XBTUSD,True,LONG,2020-10-09T13:56:08.712000Z,2020-10-09T17:03:33.670000Z,11244.958,35772,35772,0,1,0,2,NONE,FULL_CLOSE,a116e866-6642-9f42-17aa-44fd6c837846,3130776c-6aba-1bcf-5c4a-425ff397e6a6,4,0,-751212,0,0,436294,0,,AGGREGATE_ONLY_NOT_ALIGNED,XBT,,HIGH,HIGH,MEDIUM,MEDIUM,MEDIUM,MEDIUM,MEDIUM,XBTUSD-C0112,BEHAVIORAL_APPROXIMATION
XBTUSD-C0113,XBTUSD,True,LONG,2020-10-09T19:05:28.023000Z,2020-10-10T02:30:53.578000Z,26725.555,15772,15772,0,1,0,0,NONE,FULL_CLOSE,5a741b38-0305-1eae-e582-f469f0864c17,908b2699-a932-86bc-2531-5a097a8743e0,2,1,4479248,0,0,61293,14280,,AGGREGATE_ONLY_NOT_ALIGNED,XBT,,HIGH,HIGH,MEDIUM,MEDIUM,MEDIUM,MEDIUM,MEDIUM,XBTUSD-C0113,BEHAVIORAL_APPROXIMATION
LTCUSD-C0005,LTCUSD,False,LONG,2020-10-10T02:38:27.366000Z,2020-10-11T12:27:24.642000Z,121737.276,1788,36186,0,1,4,12,NONE,FULL_CLOSE,9aa63474-033c-9315-b2c0-d8ca1bf4c3be,9324614d-e9c1-a6c6-db58-bc05b2db2b8a,18,5,2956532.000000000000000000000,0,0,161129,1201239,,AGGREGATE_ONLY_NOT_ALIGNED,XBT,,HIGH,HIGH,MEDIUM,MEDIUM,MEDIUM,MEDIUM,MEDIUM,LTCUSD-C0005,BEHAVIORAL_APPROXIMATION
ETHUSD-C0045,ETHUSD,False,LONG,2020-10-10T03:11:54.911000Z,2020-10-10T08:19:02.713000Z,18427.802,5333,5333,0,1,0,0,NONE,FULL_CLOSE,156c9ffb-3da2-39c8-bf7e-51bd3f022ba7,153ce73e-73a5-2d35-7036-f14271d0d822,2,1,-1519905,0,0,271224,86023,,AGGREGATE_ONLY_NOT_ALIGNED,XBT,,HIGH,HIGH,MEDIUM,MEDIUM,MEDIUM,MEDIUM,MEDIUM,ETHUSD-C0045,BEHAVIORAL_APPROXIMATION
TRXZ20-C0003,TRXZ20,False,LONG,2020-10-10T03:36:58.367000Z,2020-10-11T20:48:23.309000Z,148284.942,10000,300000,0,1,7,5,NONE,FULL_CLOSE,264c1d68-a831-334a-6a89-a659c3faf14e,2d948709-a9c4-a8f9-82d3-47eba3daf3fc,14,0,-1500000,0,0,65366,0,,AGGREGATE_ONLY_NOT_ALIGNED,XBT,,HIGH,HIGH,MEDIUM,MEDIUM,MEDIUM,MEDIUM,MEDIUM,TRXZ20-C0003,BEHAVIORAL_APPROXIMATION
XTZUSDTZ20-C0001,XTZUSDTZ20,False,LONG,2020-10-10T07:58:05.289000Z,2020-10-13T13:57:53.783000Z,280788.494,1000,14000,0,1,7,0,NONE,FULL_CLOSE,947ec7a7-9f2a-ac2d-74ee-31daf447dc27,553ee63b-92c3-4d0f-be1a-5fb817859817,9,0,10590000,0,0,257600,0,,AGGREGATE_ONLY_NOT_ALIGNED,XBT,,HIGH,HIGH,MEDIUM,MEDIUM,MEDIUM,MEDIUM,MEDIUM,XTZUSDTZ20-C0001,BEHAVIORAL_APPROXIMATION
ETHUSD-C0046,ETHUSD,False,LONG,2020-10-10T09:21:33.875000Z,2020-10-11T12:28:15.691000Z,97601.816,2222,10888,0,1,3,3,NONE,FULL_CLOSE,9eff1789-581b-c68c-b5e1-8b6a120e6c32,dea1ee92-0c77-2f82-35a8-2928422f41d2,8,4,1147730.000000000000000000000,0,0,182720,1044068,,AGGREGATE_ONLY_NOT_ALIGNED,XBT,,HIGH,HIGH,MEDIUM,MEDIUM,MEDIUM,MEDIUM,MEDIUM,ETHUSD-C0046,BEHAVIORAL_APPROXIMATION
XBTUSD-C0114,XBTUSD,True,LONG,2020-10-10T23:11:30.758000Z,2020-10-11T12:26:28.859000Z,47698.101,13333,53332,0,1,6,6,NONE,FULL_CLOSE,d385e41d-90a6-0bb7-c191-5f540f803872,d96708b6-7ae4-4e73-a5de-ad9150f00051,14,2,2986592,0,0,210593,93944,,AGGREGATE_ONLY_NOT_ALIGNED,XBT,,HIGH,HIGH,MEDIUM,MEDIUM,MEDIUM,MEDIUM,MEDIUM,XBTUSD-C0114,BEHAVIORAL_APPROXIMATION
XBTUSD-C0115,XBTUSD,True,LONG,2020-10-11T16:21:31.675000Z,2020-10-12T10:40:42.326000Z,65950.651,13333,66665,0,1,8,25,NONE,FULL_CLOSE,4aae4bee-d4ec-ff6e-1e2a-037d6c9ed834,f79ec4b5-6478-90e9-e922-9832e1bf19c4,35,2,-2093281.0,0,0,370471,117331,,AGGREGATE_ONLY_NOT_ALIGNED,XBT,,HIGH,HIGH,MEDIUM,MEDIUM,MEDIUM,MEDIUM,MEDIUM,XBTUSD-C0115,BEHAVIORAL_APPROXIMATION
ETHUSD-C0047,ETHUSD,False,LONG,2020-10-12T10:42:42.612000Z,2020-10-12T16:32:06.757000Z,20964.145,4222,9666,0,1,2,14,NONE,FULL_CLOSE,bf73ac00-24aa-5b83-0a23-b410dbdded63,efad40a6-cbc4-cb75-3531-0bde9d14f584,18,1,16867225.00000000000000000001,0,0,214757,118876,,AGGREGATE_ONLY_NOT_ALIGNED,XBT,,HIGH,HIGH,MEDIUM,MEDIUM,MEDIUM,MEDIUM,MEDIUM,ETHUSD-C0047,BEHAVIORAL_APPROXIMATION
XBTUSD-C0116,XBTUSD,True,LONG,2020-10-12T11:30:32.948000Z,2020-10-12T16:36:36.717000Z,18363.769,3343,13333,0,1,1,0,NONE,FULL_CLOSE,4ec75350-cca3-eab9-7d2e-490e0de2d154,70db0ffb-b548-8dcc-d572-74c38834f7dd,3,1,3146588,0,0,157837,11732,,AGGREGATE_ONLY_NOT_ALIGNED,XBT,,HIGH,HIGH,MEDIUM,MEDIUM,MEDIUM,MEDIUM,MEDIUM,XBTUSD-C0116,BEHAVIORAL_APPROXIMATION
ETHUSDZ20-C0001,ETHUSDZ20,False,LONG,2020-10-12T13:39:21.644000Z,2020-10-12T16:32:24.038000Z,10382.394,430,1111,0,1,4,2,NONE,FULL_CLOSE,b009198b-4d55-3b5b-b9b8-aae93d6730aa,efcb79c3-4356-4f9b-f37e-ab91a135bf46,8,0,558520,0,0,21795,0,,AGGREGATE_ONLY_NOT_ALIGNED,XBT,,HIGH,HIGH,MEDIUM,MEDIUM,MEDIUM,MEDIUM,MEDIUM,ETHUSDZ20-C0001,BEHAVIORAL_APPROXIMATION
EOSUSDTZ20-C0001,EOSUSDTZ20,False,LONG,2020-10-12T14:58:26.272000Z,2020-10-14T14:29:40.627000Z,171074.355,4999,11110,0,1,5,0,NONE,FULL_CLOSE,dfb80d35-bdf1-b566-d66b-2a0e45792aa9,45ec3116-b9e5-acf8-b4a0-10cb58afd6d5,7,0,-13504205,0,0,273637,0,,AGGREGATE_ONLY_NOT_ALIGNED,XBT,,HIGH,HIGH,MEDIUM,MEDIUM,MEDIUM,MEDIUM,MEDIUM,EOSUSDTZ20-C0001,BEHAVIORAL_APPROXIMATION
ETHUSD-C0048,ETHUSD,False,LONG,2020-10-12T18:40:37.210000Z,2020-10-14T12:00:24.651000Z,148787.441,1222,39552,0,1,36,41,NONE,FULL_CLOSE,9b099ad5-c08d-cf5a-a3ce-6527de4ba72b,fbefef8f-afb0-f686-9952-170c57d69131,79,6,-1185294.999999999999999999998,0,0,1516645,630341,,AGGREGATE_ONLY_NOT_ALIGNED,XBT,,HIGH,HIGH,MEDIUM,MEDIUM,MEDIUM,MEDIUM,MEDIUM,ETHUSD-C0048,BEHAVIORAL_APPROXIMATION
TRXZ20-C0004,TRXZ20,False,LONG,2020-10-12T18:42:57.882000Z,2020-10-16T06:33:56.443000Z,301858.561,200000,1000000,0,1,29,7,NONE,FULL_CLOSE,d2e4d7b9-be2a-da97-398e-3f518d138018,e7b5f85a-300c-6ad6-f620-cac43994cdcf,38,0,-7600000.0,0,0,537840,0,,AGGREGATE_ONLY_NOT_ALIGNED,XBT,,HIGH,HIGH,MEDIUM,MEDIUM,MEDIUM,MEDIUM,MEDIUM,TRXZ20-C0004,BEHAVIORAL_APPROXIMATION
XBTUSD-C0117,XBTUSD,True,LONG,2020-10-13T08:38:24.259000Z,2020-10-15T12:13:09.416000Z,185685.157,13333,326659,-13154,1,39,16,NONE,FLIP,9dbecad4-bead-e202-ba73-bbc6d83553b4,470cc1d0-2f65-0347-0f7c-fd457afad42c,57,7,-13132939.00000000000000000001,0,0,2252159,736225,,AGGREGATE_ONLY_NOT_ALIGNED,XBT,,HIGH,HIGH,MEDIUM,MEDIUM,MEDIUM,MEDIUM,MEDIUM,"XBTUSD-C0117,XBTUSD-C0118",BEHAVIORAL_APPROXIMATION
LTCUSD-C0006,LTCUSD,False,LONG,2020-10-14T08:54:20.735000Z,2020-10-14T10:39:23.784000Z,6303.049,2178,24444,0,1,2,1,NONE,FULL_CLOSE,3bdcb9b3-e104-b745-cd48-71ed67cfac1a,7a0327e5-5bac-4f79-64bf-abb2965691bc,5,0,-3119944.000000000000000000000,0,0,333153,0,,AGGREGATE_ONLY_NOT_ALIGNED,XBT,,HIGH,HIGH,MEDIUM,MEDIUM,MEDIUM,MEDIUM,MEDIUM,LTCUSD-C0006,BEHAVIORAL_APPROXIMATION
LTCUSD-C0007,LTCUSD,False,LONG,2020-10-14T13:43:42.733000Z,2020-10-14T14:29:24.386000Z,2741.653,1000,51005,0,1,19,0,NONE,FULL_CLOSE,7ef2ddaf-bf70-f78c-4ab8-832417f240f9,ce6627db-47ae-c854-6cfc-a8c19d99bb1d,21,0,-18106775,0,0,232333,0,,AGGREGATE_ONLY_NOT_ALIGNED,XBT,,HIGH,HIGH,MEDIUM,MEDIUM,MEDIUM,MEDIUM,MEDIUM,LTCUSD-C0007,BEHAVIORAL_APPROXIMATION
ETHUSD-C0049,ETHUSD,False,LONG,2020-10-14T13:44:21.508000Z,2020-10-14T15:54:06.404000Z,7784.896,557,36110,0,1,11,5,NONE,FULL_CLOSE,40d40d23-7508-59f9-dcdc-4669122f5e1a,fc63ce6d-756b-6432-06ae-f5286323eab8,18,0,-34827820.00000000000000000000,0,0,938396,0,,AGGREGATE_ONLY_NOT_ALIGNED,XBT,,HIGH,HIGH,MEDIUM,MEDIUM,MEDIUM,MEDIUM,MEDIUM,ETHUSD-C0049,BEHAVIORAL_APPROXIMATION
XRPUSD-C0002,XRPUSD,False,LONG,2020-10-15T07:11:53.089000Z,2020-10-15T10:50:09.699000Z,13096.61,51,50000,0,1,9,6,NONE,FULL_CLOSE,1320d028-e975-67e3-9f97-444c12fc2b08,84847ba7-a6ac-9e02-457c-4851fbe202d8,17,0,-4263988.00000,0,0,299279,0,,AGGREGATE_ONLY_NOT_ALIGNED,XBT,,HIGH,HIGH,MEDIUM,MEDIUM,MEDIUM,MEDIUM,MEDIUM,XRPUSD-C0002,BEHAVIORAL_APPROXIMATION
XBTUSD-C0118,XBTUSD,True,SHORT,2020-10-15T12:13:09.416000Z,2020-10-15T12:23:00.738000Z,591.322,-13154,13340,0,1,1,0,XBTUSD-C0117,FULL_CLOSE,470cc1d0-2f65-0347-0f7c-fd457afad42c,a94485a5-b8cb-e7e0-5b0c-1d8c64f6c346,3,0,-306820,0,0,80593,0,,AGGREGATE_ONLY_NOT_ALIGNED,XBT,,HIGH,HIGH,MEDIUM,MEDIUM,MEDIUM,MEDIUM,MEDIUM,XBTUSD-C0118,BEHAVIORAL_APPROXIMATION
XBTUSD-C0119,XBTUSD,True,LONG,2020-10-15T12:24:38.175000Z,2020-10-16T11:35:44.004000Z,83465.829,9166,866662,0,1,81,107,NONE,FULL_CLOSE,462f6fc1-6f25-6244-ac19-509908186308,eda9996e-cc06-c5ef-6c16-30669e8bf170,190,2,-21886570.00000000000000000001,0,0,9087819,937222,,AGGREGATE_ONLY_NOT_ALIGNED,XBT,,HIGH,HIGH,MEDIUM,MEDIUM,MEDIUM,MEDIUM,MEDIUM,XBTUSD-C0119,BEHAVIORAL_APPROXIMATION
XBTUSD-C0120,XBTUSD,True,SHORT,2020-10-16T11:53:02.856000Z,2020-10-16T12:14:10.269000Z,1267.413,-2409,213332,0,1,10,26,NONE,FULL_CLOSE,2ebfb96b-9c88-9670-428d-4aca2556dcd7,fa613ed0-ff2c-a1c6-99e4-817d2b52f579,38,1,1546657.00,0,0,845905,-187561,,AGGREGATE_ONLY_NOT_ALIGNED,XBT,,HIGH,HIGH,MEDIUM,MEDIUM,MEDIUM,MEDIUM,MEDIUM,XBTUSD-C0120,BEHAVIORAL_APPROXIMATION
XBTUSD-C0121,XBTUSD,True,LONG,2020-10-16T12:29:47.244000Z,2020-10-17T20:22:08.519000Z,114741.275,500,732736,0,1,102,33,NONE,FULL_CLOSE,034e9199-d360-74ba-5d09-3410a875824e,ecc782ab-c340-1ffc-d9c5-7639993b9f7f,137,4,-1310421.000000000000000000001,0,0,7618750,256147,,AGGREGATE_ONLY_NOT_ALIGNED,XBT,,HIGH,HIGH,MEDIUM,MEDIUM,MEDIUM,MEDIUM,MEDIUM,XBTUSD-C0121,BEHAVIORAL_APPROXIMATION
XBTUSD-C0122,XBTUSD,True,LONG,2020-10-18T00:47:44.762000Z,2020-10-18T08:16:34.710000Z,26929.948,3000,339996,0,1,88,15,NONE,FULL_CLOSE,0988e4bf-ec14-a168-1d37-48e6cf2c8d2e,ff531657-9722-ca7a-4230-fa2d202acec0,105,1,14400586.00000000000000000001,0,0,4022652,-221129,,AGGREGATE_ONLY_NOT_ALIGNED,XBT,,HIGH,HIGH,MEDIUM,MEDIUM,MEDIUM,MEDIUM,MEDIUM,XBTUSD-C0122,BEHAVIORAL_APPROXIMATION
XBTUSD-C0123,XBTUSD,True,LONG,2020-10-18T08:55:53.777000Z,2020-10-18T19:42:24.633000Z,38790.856,166,306666,0,1,38,15,NONE,FULL_CLOSE,0355db02-4293-8686-f927-928e42bcc4e5,e6c41850-1aa2-61bb-34fa-f797c59402ae,55,1,1533330,0,0,3618939,-346149,,AGGREGATE_ONLY_NOT_ALIGNED,XBT,,HIGH,HIGH,MEDIUM,MEDIUM,MEDIUM,MEDIUM,MEDIUM,XBTUSD-C0123,BEHAVIORAL_APPROXIMATION
XBTUSD-C0124,XBTUSD,True,LONG,2020-10-18T20:27:25.884000Z,2020-10-19T03:21:30.513000Z,24844.629,53333,386663,0,1,66,51,NONE,FULL_CLOSE,f14d41cb-626b-7878-0870-e05bfe4fd5f2,f6caa43d-2ec8-f3c0-1e5a-70f65b94c780,119,0,-7957115.999999999999999999998,0,0,3700387,0,,AGGREGATE_ONLY_NOT_ALIGNED,XBT,,HIGH,HIGH,MEDIUM,MEDIUM,MEDIUM,MEDIUM,MEDIUM,XBTUSD-C0124,BEHAVIORAL_APPROXIMATION
XBTUSD-C0125,XBTUSD,True,LONG,2020-10-19T10:01:38.419000Z,2020-10-19T13:39:11.026000Z,13052.607,25925,459999,0,1,20,55,NONE,FULL_CLOSE,07007bbb-9d20-6b98-121f-a51d95aaa84e,f5880a97-73eb-a204-8d2b-a65bbb6ab3f9,77,1,58019442.00000000000000000001,0,0,2965955,332394,,AGGREGATE_ONLY_NOT_ALIGNED,XBT,,HIGH,HIGH,MEDIUM,MEDIUM,MEDIUM,MEDIUM,MEDIUM,XBTUSD-C0125,BEHAVIORAL_APPROXIMATION
XBTUSD-C0126,XBTUSD,True,LONG,2020-10-19T14:11:28.818000Z,2020-10-19T18:34:42.588000Z,15793.77,53333,53333,0,1,0,0,NONE,FULL_CLOSE,d57c7189-f758-3172-7979-a1b33f24737d,d97c6052-8a85-ef17-6a99-7f6fcd119738,2,0,3999975,0,0,203555,0,,AGGREGATE_ONLY_NOT_ALIGNED,XBT,,HIGH,HIGH,MEDIUM,MEDIUM,MEDIUM,MEDIUM,MEDIUM,XBTUSD-C0126,BEHAVIORAL_APPROXIMATION
XBTUSD-C0127,XBTUSD,True,LONG,2020-10-19T18:44:30.260000Z,2020-10-20T06:04:43.984000Z,40813.724,53333,106666,0,1,1,16,NONE,FULL_CLOSE,6b0943d9-da46-f6f8-b6c2-74f755b0044b,f0635a92-7912-fb08-43f7-8231029c6373,19,2,4266640,0,0,407749,182015,,AGGREGATE_ONLY_NOT_ALIGNED,XBT,,HIGH,HIGH,MEDIUM,MEDIUM,MEDIUM,MEDIUM,MEDIUM,XBTUSD-C0127,BEHAVIORAL_APPROXIMATION
XBTUSD-C0128,XBTUSD,True,LONG,2020-10-20T08:43:48.530000Z,2020-10-20T15:53:35.071000Z,25786.541,45840,252336,0,1,15,15,NONE,FULL_CLOSE,690e2f9a-9b55-19c2-6526-3a0313b54860,dda1a5a3-5613-c128-55bb-79a3dfcd9e33,32,1,29924524.00000000000000000002,0,0,2872807,-32601,,AGGREGATE_ONLY_NOT_ALIGNED,XBT,,HIGH,HIGH,MEDIUM,MEDIUM,MEDIUM,MEDIUM,MEDIUM,XBTUSD-C0128,BEHAVIORAL_APPROXIMATION
XBTUSD-C0129,XBTUSD,True,LONG,2020-10-20T15:54:49.276000Z,2020-10-20T16:30:28.127000Z,2138.851,32337,197011,0,1,6,12,NONE,FULL_CLOSE,bfe838c5-d60f-9cc9-cdb6-3ce06932562a,e650d2a4-3030-9d38-3845-5fe5bcfee6a3,20,0,-3694022.000000000000000000000,0,0,1981731,0,,AGGREGATE_ONLY_NOT_ALIGNED,XBT,,HIGH,HIGH,MEDIUM,MEDIUM,MEDIUM,MEDIUM,MEDIUM,XBTUSD-C0129,BEHAVIORAL_APPROXIMATION
XBTUSD-C0130,XBTUSD,True,LONG,2020-10-20T17:16:36.543000Z,2020-10-20T17:49:29.957000Z,1973.414,500,132337,0,1,12,0,NONE,FULL_CLOSE,00913218-218c-a179-23f8-af806c43637c,e696c14b-ad22-e129-824d-05e826ceac11,14,0,3308425,0,0,1489350,0,,AGGREGATE_ONLY_NOT_ALIGNED,XBT,,HIGH,HIGH,MEDIUM,MEDIUM,MEDIUM,MEDIUM,MEDIUM,XBTUSD-C0130,BEHAVIORAL_APPROXIMATION
XBTUSD-C0131,XBTUSD,True,LONG,2020-10-20T17:52:32.423000Z,2020-10-20T18:03:38.756000Z,666.333,32000,132337,0,1,44,7,NONE,FULL_CLOSE,002ae2fd-5554-87c7-19a4-9655f93414eb,f01b230f-c366-5231-9c76-2c63f9d4de88,53,0,-4780973.999999999999999999999,0,0,1491377,0,,AGGREGATE_ONLY_NOT_ALIGNED,XBT,,HIGH,HIGH,MEDIUM,MEDIUM,MEDIUM,MEDIUM,MEDIUM,XBTUSD-C0131,BEHAVIORAL_APPROXIMATION
XBTUSD-C0132,XBTUSD,True,LONG,2020-10-20T20:19:52.681000Z,2020-10-21T06:33:40.579000Z,36827.898,33333,65670,0,1,1,1,NONE,FULL_CLOSE,d9913631-bdff-3816-1ec1-bbb89dd33b01,78a0fc55-c50a-2641-a367-1749e5f72f0f,4,1,18149289.00000000000000000000,0,0,236880,17762,,AGGREGATE_ONLY_NOT_ALIGNED,XBT,,HIGH,HIGH,MEDIUM,MEDIUM,MEDIUM,MEDIUM,MEDIUM,XBTUSD-C0132,BEHAVIORAL_APPROXIMATION
XBTUSD-C0133,XBTUSD,True,LONG,2020-10-21T07:35:54.484000Z,2020-10-21T14:35:22.895000Z,25168.411,22337,167011,0,1,24,5,NONE,FULL_CLOSE,01903190-f17e-2bf2-ddb8-f9d4ed55bcf2,f346a0f7-36de-dcb8-5c48-eb1dc801abdd,31,1,43915696.00000000000000000000,0,0,1466092,30766,,AGGREGATE_ONLY_NOT_ALIGNED,XBT,,HIGH,HIGH,MEDIUM,MEDIUM,MEDIUM,MEDIUM,MEDIUM,XBTUSD-C0133,BEHAVIORAL_APPROXIMATION
XBTUSD-C0134,XBTUSD,True,LONG,2020-10-21T17:05:38.097000Z,2020-10-22T10:40:54.936000Z,63316.839,3965,193370,0,1,17,33,NONE,FULL_CLOSE,2e4c2cd6-7b6c-76ae-5c9d-36678b729017,f7a3bd10-fdf7-b13b-18da-0a159cfbc662,52,2,39792701.00000000000000000003,0,0,657509,196532,,AGGREGATE_ONLY_NOT_ALIGNED,XBT,,HIGH,HIGH,MEDIUM,MEDIUM,MEDIUM,MEDIUM,MEDIUM,XBTUSD-C0134,BEHAVIORAL_APPROXIMATION
LTCUSD-C0008,LTCUSD,False,LONG,2020-10-21T21:58:21.745000Z,2020-10-22T08:54:23.681000Z,39361.936,103,16534,0,1,13,7,NONE,FULL_CLOSE,4fadeebc-6dc3-3b68-a90f-c65a7d5002d6,b770bd26-be88-6956-55ce-eb961ede2147,22,1,5736445.999999999999999999999,0,0,134797,72997,,AGGREGATE_ONLY_NOT_ALIGNED,XBT,,HIGH,HIGH,MEDIUM,MEDIUM,MEDIUM,MEDIUM,MEDIUM,LTCUSD-C0008,BEHAVIORAL_APPROXIMATION
XRPUSD-C0003,XRPUSD,False,LONG,2020-10-21T21:59:26.521000Z,2020-10-22T12:59:59.324000Z,54032.803,6273,20000,0,1,3,3,NONE,FULL_CLOSE,5a9c0363-8178-7950-4119-7b4969cbd880,010dc918-997a-6170-6229-c4b54cdcc80c,8,2,1500000,0,0,62155,116266,,AGGREGATE_ONLY_NOT_ALIGNED,XBT,,HIGH,HIGH,MEDIUM,MEDIUM,MEDIUM,MEDIUM,MEDIUM,XRPUSD-C0003,BEHAVIORAL_APPROXIMATION
XBTUSD-C0135,XBTUSD,True,LONG,2020-10-22T11:37:33.914000Z,2020-10-22T16:57:21.411000Z,19187.497,3876,65944,0,1,14,4,NONE,FULL_CLOSE,259b60f9-119e-67d0-ec35-ebf62a8df2eb,f27c9452-e53b-4185-e177-3e66c30c991a,20,1,8152327.000,0,0,225183,6350,,AGGREGATE_ONLY_NOT_ALIGNED,XBT,,HIGH,HIGH,MEDIUM,MEDIUM,MEDIUM,MEDIUM,MEDIUM,XBTUSD-C0135,BEHAVIORAL_APPROXIMATION
BCHUSD-C0002,BCHUSD,False,LONG,2020-10-22T13:48:26.384000Z,2020-10-26T15:42:20.126000Z,352433.742,561,10229,0,1,27,12,NONE,FULL_CLOSE,a3885ffa-1652-2d67-67d0-b12ebb60cdf0,ccba4f9f-2c66-26d0-0e29-731970c49695,41,12,-10995455.00000000000000000000,0,0,229389,798159,,AGGREGATE_ONLY_NOT_ALIGNED,XBT,,HIGH,HIGH,MEDIUM,MEDIUM,MEDIUM,MEDIUM,MEDIUM,BCHUSD-C0002,BEHAVIORAL_APPROXIMATION
XBTUSD-C0136,XBTUSD,True,LONG,2020-10-22T20:39:24.169000Z,2020-10-22T20:55:32.993000Z,968.824,999,36486,0,1,8,28,NONE,FULL_CLOSE,094a72ce-55b5-d931-e5fc-76f65dd78492,ffd8cc7b-18aa-3604-19f3-fc5f87fcbc20,38,0,-1051313,0,0,373776,0,,AGGREGATE_ONLY_NOT_ALIGNED,XBT,,HIGH,HIGH,MEDIUM,MEDIUM,MEDIUM,MEDIUM,MEDIUM,XBTUSD-C0136,BEHAVIORAL_APPROXIMATION
XBTUSD-C0137,XBTUSD,True,LONG,2020-10-22T20:55:38.412000Z,2020-10-27T05:23:59.143000Z,376100.731,8243,177290,0,1,46,38,NONE,FULL_CLOSE,9e9ed02d-59f3-c122-608d-01ebd6b00307,f28ad6f4-53ac-88e4-19b2-e4c524ad6eeb,86,13,10918360.00000000000000000000,0,0,782893,899978,,AGGREGATE_ONLY_NOT_ALIGNED,XBT,,HIGH,HIGH,MEDIUM,MEDIUM,MEDIUM,MEDIUM,MEDIUM,XBTUSD-C0137,BEHAVIORAL_APPROXIMATION
XRPUSD-C0004,XRPUSD,False,LONG,2020-10-22T23:21:46.308000Z,2020-10-26T15:42:27.631000Z,318041.323,9500,40000,0,1,11,1,NONE,FULL_CLOSE,071a3304-470e-a6a2-56e7-7418cbd254a3,3ea400b9-d96f-d5e7-ec76-b84e78d03f4c,14,11,-3860000,0,0,135393,805027,,AGGREGATE_ONLY_NOT_ALIGNED,XBT,,HIGH,HIGH,MEDIUM,MEDIUM,MEDIUM,MEDIUM,MEDIUM,XRPUSD-C0004,BEHAVIORAL_APPROXIMATION
TRXZ20-C0005,TRXZ20,False,LONG,2020-10-25T09:33:35.537000Z,2020-10-28T20:44:05.855000Z,299430.318,45289,2970107,0,1,37,20,NONE,FULL_CLOSE,08af1180-e215-b095-b3d2-6eadf2cf8e56,48979130-6e13-c6f5-ed4f-9b4966cd37eb,59,0,-3389679.000000000000000000000,0,0,280707,0,,AGGREGATE_ONLY_NOT_ALIGNED,XBT,,HIGH,HIGH,MEDIUM,MEDIUM,MEDIUM,MEDIUM,MEDIUM,TRXZ20-C0005,BEHAVIORAL_APPROXIMATION
BCHUSD-C0003,BCHUSD,False,LONG,2020-10-26T15:43:06.172000Z,2020-10-28T11:37:16.607000Z,158050.435,1771,12771,0,1,5,9,NONE,FULL_CLOSE,403b74ea-6913-6194-16d7-0af03440cd67,74da8e04-2a16-7f20-20a5-a9c61660a59d,16,5,13587380.00000000000000000000,0,0,-85773,164577,,AGGREGATE_ONLY_NOT_ALIGNED,XBT,,HIGH,HIGH,MEDIUM,MEDIUM,MEDIUM,MEDIUM,MEDIUM,BCHUSD-C0003,BEHAVIORAL_APPROXIMATION
XBTUSD-C0138,XBTUSD,True,LONG,2020-10-27T05:28:44.856000Z,2020-10-27T11:30:35.894000Z,21711.038,14243,28486,-20199,1,1,5,NONE,FLIP,9451cccb-8933-37b8-38a7-85f1a79f7747,b3541ac1-096f-c322-1340-e95e6f562d11,8,0,5960310,0,0,-130179,0,,AGGREGATE_ONLY_NOT_ALIGNED,XBT,,HIGH,HIGH,MEDIUM,MEDIUM,MEDIUM,MEDIUM,MEDIUM,"XBTUSD-C0138,XBTUSD-C0139",BEHAVIORAL_APPROXIMATION
XBTUSD-C0139,XBTUSD,True,SHORT,2020-10-27T11:30:35.894000Z,2020-10-27T16:19:40.516000Z,17344.622,-20199,84210,0,1,3,15,XBTUSD-C0138,FULL_CLOSE,b3541ac1-096f-c322-1340-e95e6f562d11,fb3fdcad-1fd4-8e3a-42d5-5146e2ea4188,20,1,-27595.00000000000000000000001,0,0,312448,-30882,,AGGREGATE_ONLY_NOT_ALIGNED,XBT,,HIGH,HIGH,MEDIUM,MEDIUM,MEDIUM,MEDIUM,MEDIUM,XBTUSD-C0139,BEHAVIORAL_APPROXIMATION
LTCUSD-C0009,LTCUSD,False,LONG,2020-10-27T16:42:21.576000Z,2020-10-31T10:14:07.455000Z,322305.879,500,20372,0,1,31,1,NONE,FULL_CLOSE,6e273363-d99f-17ac-a454-64bd2777174f,fd215608-eaf5-4bd7-75de-76821ac6d85b,34,11,-3870842.000000000000000000000,0,0,138004,226703,,AGGREGATE_ONLY_NOT_ALIGNED,XBT,,HIGH,HIGH,MEDIUM,MEDIUM,MEDIUM,MEDIUM,MEDIUM,LTCUSD-C0009,BEHAVIORAL_APPROXIMATION
XBTUSD-C0140,XBTUSD,True,SHORT,2020-10-27T16:45:29.839000Z,2020-10-28T11:31:23.559000Z,67553.72,-3300,141407,0,1,27,25,NONE,FULL_CLOSE,ed04e54d-8871-4c19-daab-1d4c4e6f2a96,e92b3e11-897b-9942-df1c-7b6a9e210402,54,2,19604613.99999999999999999999,0,0,857292,-183025,,AGGREGATE_ONLY_NOT_ALIGNED,XBT,,HIGH,HIGH,MEDIUM,MEDIUM,MEDIUM,MEDIUM,MEDIUM,XBTUSD-C0140,BEHAVIORAL_APPROXIMATION
ETHZ20-C0001,ETHZ20,False,LONG,2020-10-28T11:17:12.414000Z,2020-11-05T12:35:06.395000Z,695873.981,100,1046,0,1,155,91,NONE,FULL_CLOSE,2a44d3d0-5de0-9393-c89d-17ad1f3cae41,3ba501ef-78c8-d611-e1a2-99375fa3d1e7,248,0,-13632000.00000000000000000000,0,0,3495549,0,,AGGREGATE_ONLY_NOT_ALIGNED,XBT,,HIGH,HIGH,MEDIUM,MEDIUM,MEDIUM,MEDIUM,MEDIUM,ETHZ20-C0001,BEHAVIORAL_APPROXIMATION
XBTUSD-C0141,XBTUSD,True,SHORT,2020-10-28T11:44:56.279000Z,2020-10-28T12:42:49.326000Z,3473.047,-5980,5980,0,1,0,0,NONE,FULL_CLOSE,de4ca67b-55c6-ac3a-ac4d-4c1639844506,50f2765e-3499-2361-cd5a-a4bc24980fd6,2,1,627900,0,0,22765,-4484,,AGGREGATE_ONLY_NOT_ALIGNED,XBT,,HIGH,HIGH,MEDIUM,MEDIUM,MEDIUM,MEDIUM,MEDIUM,XBTUSD-C0141,BEHAVIORAL_APPROXIMATION
XBTUSD-C0142,XBTUSD,True,SHORT,2020-10-29T14:40:01.925000Z,2020-10-30T15:35:47.079000Z,89745.154,-5980,744487,0,1,73,81,NONE,FULL_CLOSE,758946b5-4ffe-7f3e-7038-5978d988c28f,fa9e0dcd-c835-58c2-2aaa-c3a9e5b79cbe,156,3,50990634.99999999999999999996,0,0,2422195,-590653,,AGGREGATE_ONLY_NOT_ALIGNED,XBT,,HIGH,HIGH,MEDIUM,MEDIUM,MEDIUM,MEDIUM,MEDIUM,XBTUSD-C0142,BEHAVIORAL_APPROXIMATION
XBTUSD-C0143,XBTUSD,True,SHORT,2020-10-30T16:21:04.452000Z,2020-10-30T20:43:14.795000Z,15730.343,-5289,33156,22399,1,3,1,NONE,FLIP,515ce2f8-7c3b-bc3c-1b98-8135c6fa2ca4,e42ee15d-8402-1f36-21ee-acd700711354,6,1,-1650291.000000000000000000000,0,0,283099,-16136,,AGGREGATE_ONLY_NOT_ALIGNED,XBT,,HIGH,HIGH,MEDIUM,MEDIUM,MEDIUM,MEDIUM,MEDIUM,"XBTUSD-C0143,XBTUSD-C0144",BEHAVIORAL_APPROXIMATION
YFIUSDTZ20-C0001,YFIUSDTZ20,False,LONG,2020-10-30T20:01:47.433000Z,2020-10-30T23:18:16.395000Z,11788.962,666,8000,0,1,11,0,NONE,FULL_CLOSE,7d8a1d1e-0d9e-1632-1918-03fc39897b29,5dc3c07f-1db9-36f0-b8fc-362e577ca7db,13,0,-62022990,0,0,537286,0,,AGGREGATE_ONLY_NOT_ALIGNED,XBT,,HIGH,HIGH,MEDIUM,MEDIUM,MEDIUM,MEDIUM,MEDIUM,YFIUSDTZ20-C0001,BEHAVIORAL_APPROXIMATION
XBTUSD-C0144,XBTUSD,True,LONG,2020-10-30T20:43:14.795000Z,2020-10-30T22:31:42.125000Z,6507.33,22399,300174,0,1,17,29,XBTUSD-C0143,FULL_CLOSE,e42ee15d-8402-1f36-21ee-acd700711354,d8360677-2273-2691-b055-ba2b9f062be1,48,0,615923.0000000000000000000001,0,0,1551901,0,,AGGREGATE_ONLY_NOT_ALIGNED,XBT,,HIGH,HIGH,MEDIUM,MEDIUM,MEDIUM,MEDIUM,MEDIUM,XBTUSD-C0144,BEHAVIORAL_APPROXIMATION
XBTUSD-C0145,XBTUSD,True,LONG,2020-10-30T22:39:55.027000Z,2020-10-30T22:40:47.767000Z,52.74,5555,11110,0,1,1,2,NONE,FULL_CLOSE,1970b36e-37de-a169-f999-7b21d8700927,e15a8d32-4505-705d-869c-746f528f492b,5,0,88880,0,0,122736,0,,AGGREGATE_ONLY_NOT_ALIGNED,XBT,,HIGH,HIGH,MEDIUM,MEDIUM,MEDIUM,MEDIUM,MEDIUM,XBTUSD-C0145,BEHAVIORAL_APPROXIMATION
YFIUSDTZ20-C0002,YFIUSDTZ20,False,LONG,2020-10-31T09:03:30.640000Z,2020-10-31T14:19:05.596000Z,18934.956,120,4622,0,1,11,0,NONE,FULL_CLOSE,32c60b92-eec7-c039-cfc4-220299518620,98da0976-5beb-f0d9-79aa-05a6749cfd62,13,0,-34421214,0,0,245818,0,,AGGREGATE_ONLY_NOT_ALIGNED,XBT,,HIGH,HIGH,MEDIUM,MEDIUM,MEDIUM,MEDIUM,MEDIUM,YFIUSDTZ20-C0002,BEHAVIORAL_APPROXIMATION
ETHUSD-C0050,ETHUSD,False,LONG,2020-10-31T09:33:03.127000Z,2020-11-02T03:51:25.639000Z,152302.512,644,90101,0,1,38,44,NONE,FULL_CLOSE,0a797ac0-7f92-0f93-eea2-ba2d9c263fb4,e96e114c-4f98-f849-2651-a101b5e9c364,84,5,23005870.00000000000000000003,0,0,4968733,120650,,AGGREGATE_ONLY_NOT_ALIGNED,XBT,,HIGH,HIGH,MEDIUM,MEDIUM,MEDIUM,MEDIUM,MEDIUM,ETHUSD-C0050,BEHAVIORAL_APPROXIMATION
XBTUSD-C0146,XBTUSD,True,SHORT,2020-10-31T09:54:58.223000Z,2020-11-02T00:39:46.607000Z,139488.384,-5555,379105,0,1,26,36,NONE,FULL_CLOSE,42616596-9398-6c0b-a6fa-23c4c7e1cc28,dc769227-3379-ecb3-95f2-1ea2d9adccc3,64,5,-12631573.00000000000000000000,0,0,3452658,8691,,AGGREGATE_ONLY_NOT_ALIGNED,XBT,,HIGH,HIGH,MEDIUM,MEDIUM,MEDIUM,MEDIUM,MEDIUM,XBTUSD-C0146,BEHAVIORAL_APPROXIMATION
LTCZ20-C0003,LTCZ20,False,LONG,2020-11-01T22:56:45.017000Z,2020-11-02T03:51:35.083000Z,17690.066,60,869,0,1,12,11,NONE,FULL_CLOSE,0769fbfb-20d4-51f6-d826-5d25c36d182e,fc67814c-87a9-d56b-bf00-853540a46100,25,0,2464499.999999999999999999999,0,0,501901,0,,AGGREGATE_ONLY_NOT_ALIGNED,XBT,,HIGH,HIGH,MEDIUM,MEDIUM,MEDIUM,MEDIUM,MEDIUM,LTCZ20-C0003,BEHAVIORAL_APPROXIMATION
YFIUSDTZ20-C0003,YFIUSDTZ20,False,LONG,2020-11-02T00:51:58.956000Z,2020-11-02T10:09:40.574000Z,33461.618,114,1901,0,1,11,0,NONE,FULL_CLOSE,65bf43de-c774-5959-c11c-e23263e21931,ece832c1-f789-6872-29e7-a3d9b4986434,13,0,-13821153,0,0,128168,0,,AGGREGATE_ONLY_NOT_ALIGNED,XBT,,HIGH,HIGH,MEDIUM,MEDIUM,MEDIUM,MEDIUM,MEDIUM,YFIUSDTZ20-C0003,BEHAVIORAL_APPROXIMATION
XBTUSD-C0147,XBTUSD,True,SHORT,2020-11-02T02:08:15.337000Z,2020-11-04T10:47:06.739000Z,203931.402,-7212,585615,0,1,51,72,NONE,FULL_CLOSE,0374dca2-4b42-fb06-4d59-d26845081222,fee029a0-dfe1-e32c-7bcd-74737916e6b3,125,7,-31999145.99999999999999999999,0,0,6512680,831674,,AGGREGATE_ONLY_NOT_ALIGNED,XBT,,HIGH,HIGH,MEDIUM,MEDIUM,MEDIUM,MEDIUM,MEDIUM,XBTUSD-C0147,BEHAVIORAL_APPROXIMATION
ETHUSD-C0051,ETHUSD,False,LONG,2020-11-02T07:11:34.348000Z,2020-11-02T11:25:55.272000Z,15260.924,6000,31328,0,1,14,4,NONE,FULL_CLOSE,1cd99cc3-d7a4-792a-d188-f9e99614161f,dbe34310-0856-cdbf-1551-4104312cdbba,20,0,-45548615.00000000000000000000,0,0,1064520,0,,AGGREGATE_ONLY_NOT_ALIGNED,XBT,,HIGH,HIGH,MEDIUM,MEDIUM,MEDIUM,MEDIUM,MEDIUM,ETHUSD-C0051,BEHAVIORAL_APPROXIMATION
BCHUSD-C0004,BCHUSD,False,LONG,2020-11-02T14:08:58.210000Z,2020-11-04T11:06:01.270000Z,161823.06,3000,23000,0,1,7,15,NONE,FULL_CLOSE,85eff89c-ef39-37e2-79b6-1a11b92b4623,fda8c5d1-570f-df22-9ac3-cc3356405812,24,5,-27476999.99999999999999999999,0,0,259416,29682,,AGGREGATE_ONLY_NOT_ALIGNED,XBT,,HIGH,HIGH,MEDIUM,MEDIUM,MEDIUM,MEDIUM,MEDIUM,BCHUSD-C0004,BEHAVIORAL_APPROXIMATION
XBTUSD-C0148,XBTUSD,True,SHORT,2020-11-04T11:05:50.204000Z,2020-11-04T16:17:34.029000Z,18703.825,-233,314184,0,1,60,27,NONE,FULL_CLOSE,0e645878-d45d-0651-bb65-59df350635d9,f6698cc4-3465-e5aa-5af5-cc56eb6313ba,89,1,-45419636.00000000000000000000,0,0,2637022,-114394,,AGGREGATE_ONLY_NOT_ALIGNED,XBT,,HIGH,HIGH,MEDIUM,MEDIUM,MEDIUM,MEDIUM,MEDIUM,XBTUSD-C0148,BEHAVIORAL_APPROXIMATION
ETHUSD-C0052,ETHUSD,False,LONG,2020-11-04T16:10:27.259000Z,2020-11-04T18:15:29.257000Z,7501.998,9999,51175,0,1,11,52,NONE,FULL_CLOSE,06a0e772-cfc3-9966-a3f6-9265b7dac202,f998fb62-4003-4a3f-04ae-30cd247a634c,65,0,51438729.99999999999999999996,0,0,3042242,0,,AGGREGATE_ONLY_NOT_ALIGNED,XBT,,HIGH,HIGH,MEDIUM,MEDIUM,MEDIUM,MEDIUM,MEDIUM,ETHUSD-C0052,BEHAVIORAL_APPROXIMATION
XBTUSD-C0149,XBTUSD,True,SHORT,2020-11-04T17:04:20.121000Z,2020-11-04T22:30:19.696000Z,19559.575,-5555,5555,0,1,0,5,NONE,FULL_CLOSE,71fe2b81-10ad-758a-e2ba-dae2286284f9,c0bc8323-4690-4ab2-b76d-62d4d07ac4a0,7,1,116655,0,0,19591,-3933,,AGGREGATE_ONLY_NOT_ALIGNED,XBT,,HIGH,HIGH,MEDIUM,MEDIUM,MEDIUM,MEDIUM,MEDIUM,XBTUSD-C0149,BEHAVIORAL_APPROXIMATION
ETHUSD-C0053,ETHUSD,False,LONG,2020-11-05T00:13:34.516000Z,2020-11-05T17:31:45.255000Z,62290.739,3888,3888,0,1,0,4,NONE,FULL_CLOSE,0fb4a09b-969b-9811-54d4-220ffb7cdf5e,fd7db3ee-94c5-c3a1-da58-a18f649649d4,6,2,2284645,0,0,237558,216831,,AGGREGATE_ONLY_NOT_ALIGNED,XBT,,HIGH,HIGH,MEDIUM,MEDIUM,MEDIUM,MEDIUM,MEDIUM,ETHUSD-C0053,BEHAVIORAL_APPROXIMATION
XBTUSD-C0150,XBTUSD,True,LONG,2020-11-05T00:22:11.999000Z,2020-11-05T00:42:26.509000Z,1214.51,2333,4666,0,1,1,0,NONE,FULL_CLOSE,a786f3e9-48ed-9b1b-7bfb-8c069b79ff7e,61a3a935-d1a6-a34d-2f74-20a68156eb4e,3,0,-76989,0,0,33007,0,,AGGREGATE_ONLY_NOT_ALIGNED,XBT,,HIGH,HIGH,MEDIUM,MEDIUM,MEDIUM,MEDIUM,MEDIUM,XBTUSD-C0150,BEHAVIORAL_APPROXIMATION
ETHZ20-C0002,ETHZ20,False,LONG,2020-11-05T14:15:49.302000Z,2020-11-05T23:15:14.396000Z,32365.094,33,297,0,1,24,0,NONE,FULL_CLOSE,28c4b790-9f59-4fc6-90b1-09189df58f5b,a8100db7-3055-0e94-93c3-0001556785bc,26,0,-32242000,0,0,836007,0,,AGGREGATE_ONLY_NOT_ALIGNED,XBT,,HIGH,HIGH,MEDIUM,MEDIUM,MEDIUM,MEDIUM,MEDIUM,ETHZ20-C0002,BEHAVIORAL_APPROXIMATION
XBTUSD-C0151,XBTUSD,True,SHORT,2020-11-05T14:16:19.346000Z,2020-11-05T23:12:07.395000Z,32148.049,-3333,352986,0,1,61,0,NONE,FULL_CLOSE,6cad0298-e9e5-6e82-71be-ddb475a838c8,064c674b-5071-92ea-e15d-6a806ffbcccf,63,1,-93791842,0,0,2537958,-226948,,AGGREGATE_ONLY_NOT_ALIGNED,XBT,,HIGH,HIGH,MEDIUM,MEDIUM,MEDIUM,MEDIUM,MEDIUM,XBTUSD-C0151,BEHAVIORAL_APPROXIMATION
XBTUSD-C0152,XBTUSD,True,SHORT,2020-11-05T23:18:19.825000Z,2020-11-06T01:13:14.089000Z,6894.264,-2333,718663,0,1,65,64,NONE,FULL_CLOSE,4302bcc4-7011-55f1-9f13-d73a7aa0529a,fd9eb632-9918-30ab-7bb1-4b53311f54ba,131,0,-85273973.00000000000000000001,0,0,8492924,0,,AGGREGATE_ONLY_NOT_ALIGNED,XBT,,HIGH,HIGH,MEDIUM,MEDIUM,MEDIUM,MEDIUM,MEDIUM,XBTUSD-C0152,BEHAVIORAL_APPROXIMATION
ETHUSD-C0054,ETHUSD,False,LONG,2020-11-06T00:44:09.354000Z,2020-11-06T20:12:29.300000Z,70099.946,40,59525,0,1,51,22,NONE,FULL_CLOSE,00a8276b-aab9-e137-44af-bbb73e9038ab,d73aa57a-5d73-5b9e-398b-82687f37a656,75,3,64555370.00000000000000000001,0,0,3882873,2254230,,AGGREGATE_ONLY_NOT_ALIGNED,XBT,,HIGH,HIGH,MEDIUM,MEDIUM,MEDIUM,MEDIUM,MEDIUM,ETHUSD-C0054,BEHAVIORAL_APPROXIMATION
ETHZ20-C0003,ETHZ20,False,LONG,2020-11-06T01:05:51.176000Z,2020-11-07T19:22:29.847000Z,152198.671,33,208,0,1,14,13,NONE,FULL_CLOSE,99e3c665-6701-3834-b3d8-612452aa3e99,e5de1140-a973-302f-0898-d47e44d2925f,29,0,36009000.00000000000000000001,0,0,486616,0,,AGGREGATE_ONLY_NOT_ALIGNED,XBT,,HIGH,HIGH,MEDIUM,MEDIUM,MEDIUM,MEDIUM,MEDIUM,ETHZ20-C0003,BEHAVIORAL_APPROXIMATION
LTCUSD-C0010,LTCUSD,False,LONG,2020-11-06T01:56:33.306000Z,2020-11-06T02:00:17.329000Z,224.023,180,22222,0,1,12,2,NONE,FULL_CLOSE,2e8347bc-63b8-6b64-f7d4-18cad4497d9c,dffb93ad-cbe0-9e1e-9d06-b8d0ce3cbd2c,16,0,-2630088.000000000000000000000,0,0,401859,0,,AGGREGATE_ONLY_NOT_ALIGNED,XBT,,HIGH,HIGH,MEDIUM,MEDIUM,MEDIUM,MEDIUM,MEDIUM,LTCUSD-C0010,BEHAVIORAL_APPROXIMATION
LTCZ20-C0004,LTCZ20,False,LONG,2020-11-06T01:56:43.325000Z,2020-11-06T14:47:11.825000Z,46228.5,3,536,0,1,5,7,NONE,FULL_CLOSE,aa4a4510-58f3-18ab-0130-05b6268990d8,2a214cd0-6b18-058a-8cec-8de1743ab020,14,0,5132000,0,0,-33856,0,,AGGREGATE_ONLY_NOT_ALIGNED,XBT,,HIGH,HIGH,MEDIUM,MEDIUM,MEDIUM,MEDIUM,MEDIUM,LTCZ20-C0004,BEHAVIORAL_APPROXIMATION
YFIUSDTZ20-C0004,YFIUSDTZ20,False,LONG,2020-11-06T04:18:27.464000Z,2020-11-06T12:11:44.469000Z,28397.005,307,327,0,1,1,0,NONE,FULL_CLOSE,99037450-d527-b1cd-8db1-fb1a0015fbb4,510ffb74-d61f-8559-157b-8ac94e3d197c,3,0,2298810,0,0,12791,0,,AGGREGATE_ONLY_NOT_ALIGNED,XBT,,HIGH,HIGH,MEDIUM,MEDIUM,MEDIUM,MEDIUM,MEDIUM,YFIUSDTZ20-C0004,BEHAVIORAL_APPROXIMATION
XBTUSD-C0153,XBTUSD,True,SHORT,2020-11-06T20:10:53.722000Z,2020-11-07T13:59:15.797000Z,64102.075,-1032,477999,0,1,36,19,NONE,FULL_CLOSE,02623ae3-4c6f-f90b-abaa-4f7901362838,9bbcdaad-cb69-3123-3dc5-2b611e6e7d1e,57,2,-809896.0000000000000000000008,0,0,4654381,-204919,,AGGREGATE_ONLY_NOT_ALIGNED,XBT,,HIGH,HIGH,MEDIUM,MEDIUM,MEDIUM,MEDIUM,MEDIUM,XBTUSD-C0153,BEHAVIORAL_APPROXIMATION
ETHUSD-C0055,ETHUSD,False,LONG,2020-11-06T21:14:45.390000Z,2020-11-07T03:59:17.980000Z,24272.59,3175,15875,0,1,12,9,NONE,FULL_CLOSE,10c9cf59-bc3c-0c4f-f999-955e7e44b4c7,c38ba3e8-6402-de74-a33d-495298d5de11,23,0,18920780,0,0,64651,0,,AGGREGATE_ONLY_NOT_ALIGNED,XBT,,HIGH,HIGH,MEDIUM,MEDIUM,MEDIUM,MEDIUM,MEDIUM,ETHUSD-C0055,BEHAVIORAL_APPROXIMATION
XBTUSD-C0154,XBTUSD,True,SHORT,2020-11-07T14:16:35.626000Z,2020-11-07T22:36:45.818000Z,30010.192,-10,318666,0,1,15,28,NONE,FULL_CLOSE,02a091b5-66c0-4152-d22f-15b378920372,061862ea-cd2a-5954-a974-b82c91b60d07,45,1,54557702,0,0,2104263,-18997,,AGGREGATE_ONLY_NOT_ALIGNED,XBT,,HIGH,HIGH,MEDIUM,MEDIUM,MEDIUM,MEDIUM,MEDIUM,XBTUSD-C0154,BEHAVIORAL_APPROXIMATION
XBTUSD-C0155,XBTUSD,True,LONG,2020-11-07T22:37:26.115000Z,2020-11-09T03:06:45.061000Z,102558.946,3333,9999,0,1,2,0,NONE,FULL_CLOSE,66f784c5-1236-c99e-9315-dc9fcafeceaa,291471d8-e1c4-18dd-d911-f0a8e31f28c7,4,3,2879712,0,0,31648,51680,,AGGREGATE_ONLY_NOT_ALIGNED,XBT,,HIGH,HIGH,MEDIUM,MEDIUM,MEDIUM,MEDIUM,MEDIUM,XBTUSD-C0155,BEHAVIORAL_APPROXIMATION
ETHZ20-C0004,ETHZ20,False,LONG,2020-11-09T05:45:49.587000Z,2020-11-11T09:34:50.590000Z,186541.003,10,153,0,1,35,12,NONE,FULL_CLOSE,ae450d00-f176-7c86-7324-e3e89bf6f780,f8ceab2a-8da7-74fb-e822-a57a858685ab,49,0,8990000.000000000000000000000,0,0,362077,0,,AGGREGATE_ONLY_NOT_ALIGNED,XBT,,HIGH,HIGH,MEDIUM,MEDIUM,MEDIUM,MEDIUM,MEDIUM,ETHZ20-C0004,BEHAVIORAL_APPROXIMATION
XBTUSD-C0156,XBTUSD,True,LONG,2020-11-09T13:52:41.018000Z,2020-11-09T15:07:37.930000Z,4496.912,18675,22333,0,1,1,3,NONE,FULL_CLOSE,76413f13-6cdd-9e8f-bacb-a9d2f0c254c8,f0e22591-d2b8-4fad-f46b-47d703a7e29d,6,0,-1518644,0,0,221094,0,,AGGREGATE_ONLY_NOT_ALIGNED,XBT,,HIGH,HIGH,MEDIUM,MEDIUM,MEDIUM,MEDIUM,MEDIUM,XBTUSD-C0156,BEHAVIORAL_APPROXIMATION
ETHUSD-C0056,ETHUSD,False,LONG,2020-11-09T15:00:37.297000Z,2020-11-09T15:07:21.790000Z,404.493,3175,3175,0,1,0,0,NONE,FULL_CLOSE,20dec8b8-d644-334a-e243-27878815da88,01e6624f-165e-f91d-0caa-e987978579df,2,0,-508000,0,0,211335,0,,AGGREGATE_ONLY_NOT_ALIGNED,XBT,,HIGH,HIGH,MEDIUM,MEDIUM,MEDIUM,MEDIUM,MEDIUM,ETHUSD-C0056,BEHAVIORAL_APPROXIMATION
XBTUSD-C0157,XBTUSD,True,LONG,2020-11-09T15:16:00.812000Z,2020-11-09T17:52:21.902000Z,9381.09,3254,15725,0,1,7,0,NONE,FULL_CLOSE,e1cdceb4-4b22-be10-fc71-ec232b903e85,ff265ddf-87ff-d0ed-e5ce-4f08be8b8e5e,9,0,1331243,0,0,74269,0,,AGGREGATE_ONLY_NOT_ALIGNED,XBT,,HIGH,HIGH,MEDIUM,MEDIUM,MEDIUM,MEDIUM,MEDIUM,XBTUSD-C0157,BEHAVIORAL_APPROXIMATION
YFIUSDTZ20-C0005,YFIUSDTZ20,False,LONG,2020-11-09T21:04:59.187000Z,2020-11-10T14:53:19.272000Z,64100.085,173,173,0,1,0,0,NONE,FULL_CLOSE,4ad40ca8-1ca7-770c-0e1b-9b6b46769b59,a212c435-0a5a-5c6a-3ee4-107e1a608ff0,2,0,16032775,0,0,20080,0,,AGGREGATE_ONLY_NOT_ALIGNED,XBT,,HIGH,HIGH,MEDIUM,MEDIUM,MEDIUM,MEDIUM,MEDIUM,YFIUSDTZ20-C0005,BEHAVIORAL_APPROXIMATION
TRXZ20-C0006,TRXZ20,False,LONG,2020-11-10T01:24:22.991000Z,2020-11-16T17:56:03.156000Z,577900.165,30000,3980667,0,1,156,64,NONE,FULL_CLOSE,19cd2636-4a13-3b09-757b-bf17dc978c32,567f648c-3d7d-61df-09f4-fa7d35db8cc9,222,0,-4780828.999999999999999999999,0,0,-199146,0,,AGGREGATE_ONLY_NOT_ALIGNED,XBT,,HIGH,HIGH,MEDIUM,MEDIUM,MEDIUM,MEDIUM,MEDIUM,TRXZ20-C0006,BEHAVIORAL_APPROXIMATION
ETHUSD-C0057,ETHUSD,False,LONG,2020-11-10T04:52:33.838000Z,2020-11-11T09:34:27.874000Z,103314.036,501,18475,0,1,22,2,NONE,FULL_CLOSE,50db9885-8394-1151-2c77-551b8a6e9833,b825e704-141e-9f26-9ce8-fb490261bc9d,26,3,25226375.00000000000000000000,0,0,474610,212461,,AGGREGATE_ONLY_NOT_ALIGNED,XBT,,HIGH,HIGH,MEDIUM,MEDIUM,MEDIUM,MEDIUM,MEDIUM,ETHUSD-C0057,BEHAVIORAL_APPROXIMATION
XBTUSD-C0158,XBTUSD,True,LONG,2020-11-10T05:26:40.525000Z,2020-11-13T05:14:05.931000Z,258445.406,3464,295424,0,1,35,16,NONE,FULL_CLOSE,bea8aebf-a7d7-d8e1-883c-b88dbb55de1f,ff896a81-11fd-00fd-36e1-000e616ab84c,53,9,106980126.0000000000000000000,0,0,1499640,1366900,,AGGREGATE_ONLY_NOT_ALIGNED,XBT,,HIGH,HIGH,MEDIUM,MEDIUM,MEDIUM,MEDIUM,MEDIUM,XBTUSD-C0158,BEHAVIORAL_APPROXIMATION
XRPUSD-C0005,XRPUSD,False,LONG,2020-11-10T07:39:32.445000Z,2020-11-10T08:00:54.313000Z,1281.868,201,25000,0,1,6,4,NONE,FULL_CLOSE,e3a74f00-788b-57c1-9c93-db3c0eefe392,a71d24e2-db27-c022-955e-51c08257d384,12,0,2584800.00000,0,0,153424,0,,AGGREGATE_ONLY_NOT_ALIGNED,XBT,,HIGH,HIGH,MEDIUM,MEDIUM,MEDIUM,MEDIUM,MEDIUM,XRPUSD-C0005,BEHAVIORAL_APPROXIMATION
XRPUSD-C0006,XRPUSD,False,LONG,2020-11-10T10:55:09.613000Z,2020-11-13T05:47:15.288000Z,240725.675,5000,35000,0,1,6,10,NONE,FULL_CLOSE,41190a56-26ed-2e37-cf86-67b2d2fb5f3b,ccf57ebe-c3a9-c405-72a2-d908401e42b4,18,9,-2219999.999999999999999999999,0,0,88624,235245,,AGGREGATE_ONLY_NOT_ALIGNED,XBT,,HIGH,HIGH,MEDIUM,MEDIUM,MEDIUM,MEDIUM,MEDIUM,XRPUSD-C0006,BEHAVIORAL_APPROXIMATION
LTCUSD-C0011,LTCUSD,False,LONG,2020-11-11T00:48:10.157000Z,2020-11-13T05:48:38.245000Z,190828.088,2095,20444,0,1,17,11,NONE,FULL_CLOSE,1e2e68a7-aab6-d034-ca9d-bf074bbd22bb,faeddde9-05c7-95c2-ecd0-0923690875dc,30,7,6544842,0,0,-40702,170568,,AGGREGATE_ONLY_NOT_ALIGNED,XBT,,HIGH,HIGH,MEDIUM,MEDIUM,MEDIUM,MEDIUM,MEDIUM,LTCUSD-C0011,BEHAVIORAL_APPROXIMATION
ETHUSD-C0058,ETHUSD,False,LONG,2020-11-11T09:41:57.085000Z,2020-11-13T05:48:52.727000Z,158815.642,3555,55891,0,1,45,16,NONE,FULL_CLOSE,700a2d88-e824-1b46-5efb-e43d824b10ca,ecaf47b2-c292-0945-f118-42c59fd9032f,63,6,24809159.99999999999999999998,0,0,1528900,1095291,,AGGREGATE_ONLY_NOT_ALIGNED,XBT,,HIGH,HIGH,MEDIUM,MEDIUM,MEDIUM,MEDIUM,MEDIUM,ETHUSD-C0058,BEHAVIORAL_APPROXIMATION
ETHZ20-C0005,ETHZ20,False,LONG,2020-11-12T00:10:50.642000Z,2020-11-13T17:45:04.256000Z,149653.614,13,305,0,1,16,6,NONE,FULL_CLOSE,5db751f7-0cc9-ed16-1c4e-b842f84767ea,e209c358-0903-f44e-876b-26d405851f90,24,0,16375000.00000000000000000000,0,0,624844,0,,AGGREGATE_ONLY_NOT_ALIGNED,XBT,,HIGH,HIGH,MEDIUM,MEDIUM,MEDIUM,MEDIUM,MEDIUM,ETHZ20-C0005,BEHAVIORAL_APPROXIMATION
LTCUSD-C0012,LTCUSD,False,LONG,2020-11-13T12:37:34.020000Z,2020-11-13T16:25:12.454000Z,13658.434,1367,5111,0,1,7,5,NONE,FULL_CLOSE,01c165cb-98a0-f872-82f4-741abb206f5a,87153e5d-eac6-808d-092b-193e721f13d8,14,0,-351108,0,0,50564,0,,AGGREGATE_ONLY_NOT_ALIGNED,XBT,,HIGH,HIGH,MEDIUM,MEDIUM,MEDIUM,MEDIUM,MEDIUM,LTCUSD-C0012,BEHAVIORAL_APPROXIMATION
ETHUSD-C0059,ETHUSD,False,LONG,2020-11-13T16:49:43.657000Z,2020-11-16T21:39:30.907000Z,276587.25,861,43984,0,1,17,35,NONE,FULL_CLOSE,20e6bf85-2db4-ca57-44db-4cedbc4eb145,f0df553c-66df-e2f2-61f1-bae0ab314c55,54,10,-7517065.000000000000000000022,0,0,1265639,759683,,AGGREGATE_ONLY_NOT_ALIGNED,XBT,,HIGH,HIGH,MEDIUM,MEDIUM,MEDIUM,MEDIUM,MEDIUM,ETHUSD-C0059,BEHAVIORAL_APPROXIMATION
YFIUSDTZ20-C0006,YFIUSDTZ20,False,LONG,2020-11-13T17:28:26.390000Z,2020-11-17T10:10:38.161000Z,319331.771,20,1177,0,1,36,2,NONE,FULL_CLOSE,6d0fade5-53ab-44d0-2c40-732dce44a7c9,c1f4d24d-e549-610d-c9f8-af381bc953b7,40,0,20337255.00000000000000000000,0,0,83569,0,,AGGREGATE_ONLY_NOT_ALIGNED,XBT,,HIGH,HIGH,MEDIUM,MEDIUM,MEDIUM,MEDIUM,MEDIUM,YFIUSDTZ20-C0006,BEHAVIORAL_APPROXIMATION
ETHZ20-C0006,ETHZ20,False,LONG,2020-11-13T21:23:33.501000Z,2020-11-22T04:33:55.601000Z,717022.1,33,964,0,1,58,247,NONE,FULL_CLOSE,fb22c862-15bb-354e-2b3e-761bd26284cf,b5de51f2-2e5a-c04e-8bff-71d534f6c547,307,0,21679000.00000000000000000010,0,0,-79356,0,,AGGREGATE_ONLY_NOT_ALIGNED,XBT,,HIGH,HIGH,MEDIUM,MEDIUM,MEDIUM,MEDIUM,MEDIUM,ETHZ20-C0006,BEHAVIORAL_APPROXIMATION
XBTUSD-C0159,XBTUSD,True,SHORT,2020-11-14T16:48:38.566000Z,2020-11-15T08:17:55.567000Z,55757.001,-53464,160392,13464,1,6,11,NONE,FLIP,c4c3a681-8deb-499d-d45f-13dcf22a844c,31691153-054e-83b6-74dc-96baadb17a4e,19,2,-11746008.00000000000000000000,0,0,1485905,-146677,,AGGREGATE_ONLY_NOT_ALIGNED,XBT,,HIGH,HIGH,MEDIUM,MEDIUM,MEDIUM,MEDIUM,MEDIUM,"XBTUSD-C0159,XBTUSD-C0160",BEHAVIORAL_APPROXIMATION
XBTUSD-C0160,XBTUSD,True,LONG,2020-11-15T08:17:55.567000Z,2020-11-15T20:26:30.184000Z,43714.617,13464,80130,0,1,3,42,XBTUSD-C0159,FULL_CLOSE,31691153-054e-83b6-74dc-96baadb17a4e,fb207f07-8d36-3e01-1fa3-a966ab82042c,47,2,-9651390.999999999999999999999,0,0,688986,100611,,AGGREGATE_ONLY_NOT_ALIGNED,XBT,,HIGH,HIGH,MEDIUM,MEDIUM,MEDIUM,MEDIUM,MEDIUM,XBTUSD-C0160,BEHAVIORAL_APPROXIMATION
XBTUSD-C0161,XBTUSD,True,SHORT,2020-11-15T20:26:46.379000Z,2020-11-16T01:06:47.636000Z,16801.257,-3748,222220,0,1,40,7,NONE,FULL_CLOSE,120eed76-c969-1a20-ad08-c00d1e21dcb5,93c46f9a-56a8-ab15-dd54-416a4c21e230,49,0,-12177656.0,0,0,2095623,0,,AGGREGATE_ONLY_NOT_ALIGNED,XBT,,HIGH,HIGH,MEDIUM,MEDIUM,MEDIUM,MEDIUM,MEDIUM,XBTUSD-C0161,BEHAVIORAL_APPROXIMATION
XBTUSD-C0162,XBTUSD,True,LONG,2020-11-16T01:06:58.472000Z,2020-11-16T16:06:40.853000Z,53982.381,53464,106928,0,1,14,7,NONE,FULL_CLOSE,3015f006-a7d1-7a5b-0134-f428e5bfae3f,ff53bb14-9527-3eba-a233-1f4f7f79c64c,23,2,18001616,0,0,842161,99203,,AGGREGATE_ONLY_NOT_ALIGNED,XBT,,HIGH,HIGH,MEDIUM,MEDIUM,MEDIUM,MEDIUM,MEDIUM,XBTUSD-C0162,BEHAVIORAL_APPROXIMATION
LTCUSD-C0013,LTCUSD,False,LONG,2020-11-16T01:17:32.990000Z,2020-11-16T21:39:55.537000Z,73342.547,1111,3333,0,1,2,1,NONE,FULL_CLOSE,0eabae98-7777-97bc-2b0e-0fa040508980,db572f8d-ac7e-57cb-e1b5-53a61a7fbf5a,5,3,3442198,0,0,39409,10706,,AGGREGATE_ONLY_NOT_ALIGNED,XBT,,HIGH,HIGH,MEDIUM,MEDIUM,MEDIUM,MEDIUM,MEDIUM,LTCUSD-C0013,BEHAVIORAL_APPROXIMATION
LTCZ20-C0005,LTCZ20,False,LONG,2020-11-16T15:15:35.136000Z,2020-11-20T07:51:51.219000Z,318976.083,4,502,0,1,28,20,NONE,FULL_CLOSE,08d04ae8-0d59-c967-339b-7a24658a96d0,e84ab2db-bde4-b880-a23d-66c773cd7271,50,0,9795000.000000000000000000002,0,0,37980,0,,AGGREGATE_ONLY_NOT_ALIGNED,XBT,,HIGH,HIGH,MEDIUM,MEDIUM,MEDIUM,MEDIUM,MEDIUM,LTCZ20-C0005,BEHAVIORAL_APPROXIMATION
XBTUSD-C0163,XBTUSD,True,SHORT,2020-11-16T17:15:06.821000Z,2020-11-17T16:45:12.824000Z,84606.003,-23464,354340,0,1,20,45,NONE,FULL_CLOSE,21371b71-f975-7898-f402-0549a7c40f19,ef514c6a-3528-3bd2-1125-29a65b4668ad,67,3,-41757404.00000000000000000001,0,0,2672364,-194875,,AGGREGATE_ONLY_NOT_ALIGNED,XBT,,HIGH,HIGH,MEDIUM,MEDIUM,MEDIUM,MEDIUM,MEDIUM,XBTUSD-C0163,BEHAVIORAL_APPROXIMATION
ETHUSD-C0060,ETHUSD,False,LONG,2020-11-17T09:04:29.201000Z,2020-11-17T09:46:16.847000Z,2507.646,1864,11110,0,1,7,12,NONE,FULL_CLOSE,3334e879-0b87-32ce-c643-46f7f7760640,eb3e1079-e41f-41e5-8860-f3db4263fd67,21,0,-3448080,0,0,773990,0,,AGGREGATE_ONLY_NOT_ALIGNED,XBT,,HIGH,HIGH,MEDIUM,MEDIUM,MEDIUM,MEDIUM,MEDIUM,ETHUSD-C0060,BEHAVIORAL_APPROXIMATION
ETHUSD-C0061,ETHUSD,False,LONG,2020-11-17T16:04:01.203000Z,2020-11-18T03:15:35.102000Z,40293.899,242,31110,0,1,14,17,NONE,FULL_CLOSE,4ed90d75-3354-63a7-9f7d-a299d0d2de81,e4790f80-8176-c420-ca6f-a1f8ac4b849c,33,1,25670750.00000000000000000000,0,0,2371794,150417,,AGGREGATE_ONLY_NOT_ALIGNED,XBT,,HIGH,HIGH,MEDIUM,MEDIUM,MEDIUM,MEDIUM,MEDIUM,ETHUSD-C0061,BEHAVIORAL_APPROXIMATION
LTCUSD-C0014,LTCUSD,False,LONG,2020-11-17T16:16:35.526000Z,2020-11-18T08:47:48.816000Z,59473.29,1111,6295,0,1,12,3,NONE,FULL_CLOSE,d1a80f81-cd2b-57ef-6eec-7c636702df14,cc84260c-1c4d-2d77-39e5-4f38fd4ca1cb,17,2,-791402.0000000000000000000000,0,0,138629,19156,,AGGREGATE_ONLY_NOT_ALIGNED,XBT,,HIGH,HIGH,MEDIUM,MEDIUM,MEDIUM,MEDIUM,MEDIUM,LTCUSD-C0014,BEHAVIORAL_APPROXIMATION
YFIUSDTZ20-C0007,YFIUSDTZ20,False,LONG,2020-11-17T19:30:24.586000Z,2020-11-18T00:33:01.105000Z,18156.519,100,200,0,1,1,0,NONE,FULL_CLOSE,1bfdb54f-f0be-4f0e-8490-5e7bb175a081,1af60e37-da05-41b7-b8b3-b7d81b7b6e3a,3,0,3980500,0,0,46031,0,,AGGREGATE_ONLY_NOT_ALIGNED,XBT,,HIGH,HIGH,MEDIUM,MEDIUM,MEDIUM,MEDIUM,MEDIUM,YFIUSDTZ20-C0007,BEHAVIORAL_APPROXIMATION
XRPUSD-C0007,XRPUSD,False,LONG,2020-11-17T20:54:43.310000Z,2020-11-17T21:12:21.473000Z,1058.163,540,5000,0,1,2,1,NONE,FULL_CLOSE,9c7bc4e5-9e8e-0cb7-53e7-88551b230afc,a6595104-c77b-d1b7-cf30-28f7affc1847,5,0,-158920.00,0,0,26724,0,,AGGREGATE_ONLY_NOT_ALIGNED,XBT,,HIGH,HIGH,MEDIUM,MEDIUM,MEDIUM,MEDIUM,MEDIUM,XRPUSD-C0007,BEHAVIORAL_APPROXIMATION
YFIUSDTZ20-C0008,YFIUSDTZ20,False,LONG,2020-11-18T00:39:36.470000Z,2020-11-18T09:57:35.179000Z,33478.709,50,550,0,1,14,3,NONE,FULL_CLOSE,cfa0881a-d816-fab5-ab5f-8152b6ad90cd,28d44a85-144c-bfd2-8578-872b751c4141,19,0,-5250.000000000000000000000000,0,0,-62322,0,,AGGREGATE_ONLY_NOT_ALIGNED,XBT,,HIGH,HIGH,MEDIUM,MEDIUM,MEDIUM,MEDIUM,MEDIUM,YFIUSDTZ20-C0008,BEHAVIORAL_APPROXIMATION
XBTUSD-C0164,XBTUSD,True,LONG,2020-11-18T02:03:54.075000Z,2020-11-18T08:47:30.073000Z,24215.998,3364,3364,0,1,0,3,NONE,FULL_CLOSE,bf9df44f-248a-a493-932e-5efbe1e5d64c,dd4cb349-527d-2020-bcaa-b3562be58a51,5,1,504600,0,0,28068,1864,,AGGREGATE_ONLY_NOT_ALIGNED,XBT,,HIGH,HIGH,MEDIUM,MEDIUM,MEDIUM,MEDIUM,MEDIUM,XBTUSD-C0164,BEHAVIORAL_APPROXIMATION
ETHUSD-C0062,ETHUSD,False,LONG,2020-11-18T05:35:03.493000Z,2020-11-18T06:25:14.936000Z,3011.443,5555,22220,0,1,11,25,NONE,FULL_CLOSE,7d4ce6d2-9b33-9f63-7297-2fc3cc8d79b6,f103b327-bc64-ae2a-d5e3-c3773a8c0ee7,38,0,3786750,0,0,529005,0,,AGGREGATE_ONLY_NOT_ALIGNED,XBT,,HIGH,HIGH,MEDIUM,MEDIUM,MEDIUM,MEDIUM,MEDIUM,ETHUSD-C0062,BEHAVIORAL_APPROXIMATION
XRPUSD-C0008,XRPUSD,False,LONG,2020-11-18T05:45:05.710000Z,2020-11-18T09:29:29.102000Z,13463.392,5000,10000,0,1,1,1,NONE,FULL_CLOSE,38ef172a-d245-d64b-547f-84926dd5eb82,fd199dd3-2a88-5e43-4310-edf8568c358f,4,0,810000,0,0,29463,0,,AGGREGATE_ONLY_NOT_ALIGNED,XBT,,HIGH,HIGH,MEDIUM,MEDIUM,MEDIUM,MEDIUM,MEDIUM,XRPUSD-C0008,BEHAVIORAL_APPROXIMATION
XBTUSD-C0165,XBTUSD,True,SHORT,2020-11-19T08:46:11.520000Z,2020-11-19T13:33:55.026000Z,17263.506,-3364,55004,0,1,14,6,NONE,FULL_CLOSE,4fc9cbe2-fab7-2388-6a11-4a06a89f2681,eb63ecc5-02ba-f5fa-11c8-222e665e8399,22,1,-7370008.000000000000000000000,0,0,170310,-30962,,AGGREGATE_ONLY_NOT_ALIGNED,XBT,,HIGH,HIGH,MEDIUM,MEDIUM,MEDIUM,MEDIUM,MEDIUM,XBTUSD-C0165,BEHAVIORAL_APPROXIMATION
XBTUSD-C0166,XBTUSD,True,SHORT,2020-11-19T16:07:59.430000Z,2020-11-20T04:42:59.559000Z,45300.129,-6364,12728,0,1,2,0,NONE,FULL_CLOSE,c360c2bd-6bb8-d91c-03fe-0c50966532a5,b540dcc2-3ded-e2ca-d5e2-9dc4b861d766,4,2,-1050060,0,0,105429,-22675,,AGGREGATE_ONLY_NOT_ALIGNED,XBT,,HIGH,HIGH,MEDIUM,MEDIUM,MEDIUM,MEDIUM,MEDIUM,XBTUSD-C0166,BEHAVIORAL_APPROXIMATION
XBTUSD-C0167,XBTUSD,True,SHORT,2020-11-20T09:36:58.793000Z,2020-11-20T14:25:18.686000Z,17299.893,-5639,175456,0,1,15,80,NONE,FULL_CLOSE,66fcc7d5-16c8-58ea-32d0-af1694f2f941,fdf97e0f-ea89-935a-c959-08dfb12a5f2d,97,1,-13642694.00000000000000000000,0,0,1440566,-95939,,AGGREGATE_ONLY_NOT_ALIGNED,XBT,,HIGH,HIGH,MEDIUM,MEDIUM,MEDIUM,MEDIUM,MEDIUM,XBTUSD-C0167,BEHAVIORAL_APPROXIMATION
XBTUSD-C0168,XBTUSD,True,SHORT,2020-11-20T14:43:45.273000Z,2020-11-21T02:05:28.553000Z,40903.28,-67426,379092,0,1,39,11,NONE,FULL_CLOSE,3ec55214-20cf-4dd1-2cb0-0b34a34e94fe,d12a4d1e-fab2-cffa-e255-fe5fc8d3a9cc,52,1,-33919616.00000000000000000000,0,0,3035216,-233934,,AGGREGATE_ONLY_NOT_ALIGNED,XBT,,HIGH,HIGH,MEDIUM,MEDIUM,MEDIUM,MEDIUM,MEDIUM,XBTUSD-C0168,BEHAVIORAL_APPROXIMATION
LTCZ20-C0006,LTCZ20,False,LONG,2020-11-20T15:03:24.674000Z,2020-11-21T03:49:25.251000Z,45960.577,1,93,0,1,14,2,NONE,FULL_CLOSE,1313d138-8b3e-5a19-ad92-f7253d359c90,a969180b-ca48-9b39-2518-d5d68ebddb0d,18,0,206500,0,0,20505,0,,AGGREGATE_ONLY_NOT_ALIGNED,XBT,,HIGH,HIGH,MEDIUM,MEDIUM,MEDIUM,MEDIUM,MEDIUM,LTCZ20-C0006,BEHAVIORAL_APPROXIMATION
XBTUSD-C0169,XBTUSD,True,SHORT,2020-11-21T02:41:52.184000Z,2020-11-23T10:26:40.975000Z,200688.791,-51569,360983,0,1,28,8,NONE,FULL_CLOSE,df28d1ea-3fee-db55-e9b8-49eb3fc05fc1,f8945c78-9163-8454-3aec-092e78c95e21,38,7,3373710.000000000000000000001,0,0,2892918,-1277598,,AGGREGATE_ONLY_NOT_ALIGNED,XBT,,HIGH,HIGH,MEDIUM,MEDIUM,MEDIUM,MEDIUM,MEDIUM,XBTUSD-C0169,BEHAVIORAL_APPROXIMATION
ETHUSD-C0063,ETHUSD,False,SHORT,2020-11-21T03:40:20.590000Z,2020-11-21T14:00:44.630000Z,37224.04,-2051,11110,0,1,4,0,NONE,FULL_CLOSE,109f764d-3b31-8a25-20b0-4c3185d7590d,86f75272-d925-9f04-cc6d-b49525226fa9,6,2,-13887500,0,0,863162,-113145,,AGGREGATE_ONLY_NOT_ALIGNED,XBT,,HIGH,HIGH,MEDIUM,MEDIUM,MEDIUM,MEDIUM,MEDIUM,ETHUSD-C0063,BEHAVIORAL_APPROXIMATION
XRPUSD-C0009,XRPUSD,False,SHORT,2020-11-21T13:15:33.162000Z,2020-11-21T22:53:57.471000Z,34704.309,-985,15000,0,1,10,0,NONE,FULL_CLOSE,7ae4f3f9-37de-9181-f0b9-784108f84fa3,79667b16-ad5c-9cea-3560-aa0604a812e0,12,1,-12366652,0,0,192567,-176207,,AGGREGATE_ONLY_NOT_ALIGNED,XBT,,HIGH,HIGH,MEDIUM,MEDIUM,MEDIUM,MEDIUM,MEDIUM,XRPUSD-C0009,BEHAVIORAL_APPROXIMATION
LTCUSD-C0015,LTCUSD,False,LONG,2020-11-21T14:00:13.875000Z,2020-11-22T11:01:34.822000Z,75680.947,183,11111,0,1,7,2,NONE,FULL_CLOSE,14fd9281-299d-09a9-5298-c8adca306226,d54668e1-3678-d22b-5468-499844b3a99e,11,2,-1914750.000000000000000000000,0,0,196657,445695,,AGGREGATE_ONLY_NOT_ALIGNED,XBT,,HIGH,HIGH,MEDIUM,MEDIUM,MEDIUM,MEDIUM,MEDIUM,LTCUSD-C0015,BEHAVIORAL_APPROXIMATION
YFIUSDTZ20-C0009,YFIUSDTZ20,False,LONG,2020-11-22T05:32:07.073000Z,2020-11-22T20:07:17.831000Z,52510.758,100,300,0,1,2,0,NONE,FULL_CLOSE,de3818b3-8da0-c703-aec9-a6e178c637ef,8af96964-43f1-06c9-79fb-1a0c13ee1008,4,0,13962500,0,0,67725,0,,AGGREGATE_ONLY_NOT_ALIGNED,XBT,,HIGH,HIGH,MEDIUM,MEDIUM,MEDIUM,MEDIUM,MEDIUM,YFIUSDTZ20-C0009,BEHAVIORAL_APPROXIMATION
XRPUSD-C0010,XRPUSD,False,SHORT,2020-11-22T07:29:51.667000Z,2020-11-22T19:53:32.621000Z,44620.954,-15,35000,0,1,16,2,NONE,FULL_CLOSE,7458c8df-0395-26c9-3b7b-d25e5dcd9a75,29b090d9-2d43-9c8f-727c-b6211322a984,20,1,-18328200.00000000000000000000,0,0,211255,-739400,,AGGREGATE_ONLY_NOT_ALIGNED,XBT,,HIGH,HIGH,MEDIUM,MEDIUM,MEDIUM,MEDIUM,MEDIUM,XRPUSD-C0010,BEHAVIORAL_APPROXIMATION
LTCZ20-C0007,LTCZ20,False,LONG,2020-11-22T09:44:36.187000Z,2020-11-23T21:30:58.102000Z,128781.915,60,1286,0,1,109,64,NONE,FULL_CLOSE,1f9beb74-a92e-ac7f-6bf5-805f40008573,04eb3292-f994-a464-5ce4-bcd9aaade146,175,0,20378999.99999999999999999989,0,0,104643,0,,AGGREGATE_ONLY_NOT_ALIGNED,XBT,,HIGH,HIGH,MEDIUM,MEDIUM,MEDIUM,MEDIUM,MEDIUM,LTCZ20-C0007,BEHAVIORAL_APPROXIMATION
YFIUSDTZ20-C0010,YFIUSDTZ20,False,LONG,2020-11-22T20:27:33.423000Z,2020-11-24T01:42:29.785000Z,105296.362,100,600,0,1,8,0,NONE,FULL_CLOSE,3aff8a23-96c7-8640-f9a8-02eba11a37a8,8052bf7e-b600-38b4-8913-77b202917888,10,0,8853000,0,0,84255,0,,AGGREGATE_ONLY_NOT_ALIGNED,XBT,,HIGH,HIGH,MEDIUM,MEDIUM,MEDIUM,MEDIUM,MEDIUM,YFIUSDTZ20-C0010,BEHAVIORAL_APPROXIMATION
LTCUSD-C0016,LTCUSD,False,LONG,2020-11-22T22:28:40.665000Z,2020-11-22T23:13:54.397000Z,2713.732,50,11111,0,1,5,2,NONE,FULL_CLOSE,1ab70f84-635e-bfa7-3ac3-d5870cf8fde4,547daca5-dc65-9434-2c1f-292ebae17a1c,9,0,-5123690.000000000000000000000,0,0,-32468,0,,AGGREGATE_ONLY_NOT_ALIGNED,XBT,,HIGH,HIGH,MEDIUM,MEDIUM,MEDIUM,MEDIUM,MEDIUM,LTCUSD-C0016,BEHAVIORAL_APPROXIMATION
ETHUSD-C0064,ETHUSD,False,LONG,2020-11-23T11:07:46.299000Z,2020-11-23T12:41:10.914000Z,5604.615,1155,10395,0,1,14,7,NONE,FULL_CLOSE,a7136b42-56fc-1f79-4564-2e43de7831b2,d27fb64d-1ca3-9466-dbc3-8a7e3c4377c0,23,1,3291750,0,0,378673,405442,,AGGREGATE_ONLY_NOT_ALIGNED,XBT,,HIGH,HIGH,MEDIUM,MEDIUM,MEDIUM,MEDIUM,MEDIUM,ETHUSD-C0064,BEHAVIORAL_APPROXIMATION
ETHUSD-C0065,ETHUSD,False,LONG,2020-11-23T13:16:43.731000Z,2020-11-23T17:24:22.805000Z,14859.074,321,16015,0,1,14,8,NONE,FULL_CLOSE,559a92cb-b0b3-55d8-6371-b2fd4ab20aa8,dbc3cb7c-3e2c-4982-2bfd-56c696ebc402,24,0,21378909.99999999999999999999,0,0,484301,0,,AGGREGATE_ONLY_NOT_ALIGNED,XBT,,HIGH,HIGH,MEDIUM,MEDIUM,MEDIUM,MEDIUM,MEDIUM,ETHUSD-C0065,BEHAVIORAL_APPROXIMATION
XBTUSD-C0170,XBTUSD,True,SHORT,2020-11-23T17:26:16.790000Z,2020-11-24T09:22:46.335000Z,57389.545,-31569,505104,0,1,33,44,NONE,FULL_CLOSE,598f0c08-4126-8593-afe1-1756316ba692,fdd81ca5-1942-8be7-69b9-2685f7b8337f,79,2,-33052743.0000,0,0,1686948,-823212,,AGGREGATE_ONLY_NOT_ALIGNED,XBT,,HIGH,HIGH,MEDIUM,MEDIUM,MEDIUM,MEDIUM,MEDIUM,XBTUSD-C0170,BEHAVIORAL_APPROXIMATION
XRPUSD-C0011,XRPUSD,False,SHORT,2020-11-23T18:02:07.037000Z,2020-11-23T22:58:08.412000Z,17761.375,-72,22000,0,1,22,4,NONE,FULL_CLOSE,21da2f18-9f41-7cdc-9937-803cd647e04c,77decc7d-2b54-cad0-8a4c-d0893ebe17fc,28,1,-31245918.00000000000000000000,0,0,567570,-617067,,AGGREGATE_ONLY_NOT_ALIGNED,XBT,,HIGH,HIGH,MEDIUM,MEDIUM,MEDIUM,MEDIUM,MEDIUM,XRPUSD-C0011,BEHAVIORAL_APPROXIMATION
XRPUSD-C0012,XRPUSD,False,SHORT,2020-11-24T01:41:43.971000Z,2020-11-24T04:58:22.411000Z,11798.44,-417,58000,0,1,33,21,NONE,FULL_CLOSE,527eaebf-9bfa-7f82-21d5-376224e52c82,f942be4d-aa1f-3a10-8573-a5734280d447,56,1,-68965072.00000000000000000000,0,0,561140,-1361202,,AGGREGATE_ONLY_NOT_ALIGNED,XBT,,HIGH,HIGH,MEDIUM,MEDIUM,MEDIUM,MEDIUM,MEDIUM,XRPUSD-C0012,BEHAVIORAL_APPROXIMATION
ETHUSD-C0066,ETHUSD,False,SHORT,2020-11-24T02:09:52.058000Z,2020-11-24T09:32:37.838000Z,26565.78,-1009,12830,0,1,11,12,NONE,FULL_CLOSE,4fb6fe2f-519b-3199-62e1-2b8048650d18,e031122e-47d7-211f-e2bd-866ec05d85c6,25,1,5348040.000000000000000000001,0,0,952817,-223774,,AGGREGATE_ONLY_NOT_ALIGNED,XBT,,HIGH,HIGH,MEDIUM,MEDIUM,MEDIUM,MEDIUM,MEDIUM,ETHUSD-C0066,BEHAVIORAL_APPROXIMATION
YFIUSDTZ20-C0011,YFIUSDTZ20,False,LONG,2020-11-24T03:00:01.718000Z,2020-11-24T21:34:37.215000Z,66875.497,1,600,0,1,20,7,NONE,FULL_CLOSE,5d897962-f38d-3403-aaf3-e1c71cc8178d,a1666f80-b12d-fa28-80c9-fdb68c04e274,29,0,-6058550.0,0,0,-65261,0,,AGGREGATE_ONLY_NOT_ALIGNED,XBT,,HIGH,HIGH,MEDIUM,MEDIUM,MEDIUM,MEDIUM,MEDIUM,YFIUSDTZ20-C0011,BEHAVIORAL_APPROXIMATION
LTCZ20-C0008,LTCZ20,False,LONG,2020-11-24T03:36:25.185000Z,2020-11-24T06:09:51.131000Z,9205.946,25,506,0,1,12,7,NONE,FULL_CLOSE,36a955b4-dbb0-de45-e954-c8ed636f712e,f19000c7-885e-b4ce-4fe2-1578a66c3785,21,0,-11379999.99999999999999999999,0,0,235691,0,,AGGREGATE_ONLY_NOT_ALIGNED,XBT,,HIGH,HIGH,MEDIUM,MEDIUM,MEDIUM,MEDIUM,MEDIUM,LTCZ20-C0008,BEHAVIORAL_APPROXIMATION
XRPUSD-C0013,XRPUSD,False,SHORT,2020-11-24T05:07:18.262000Z,2020-11-24T05:37:34.094000Z,1815.832,-2331,40000,0,1,20,21,NONE,FULL_CLOSE,0c35540e-08fc-b856-1101-8d198940c0fb,fc0cb335-c927-3e26-6168-b9ad3d2f7366,43,0,-35679506.00,0,0,301295,0,,AGGREGATE_ONLY_NOT_ALIGNED,XBT,,HIGH,HIGH,MEDIUM,MEDIUM,MEDIUM,MEDIUM,MEDIUM,XRPUSD-C0013,BEHAVIORAL_APPROXIMATION
XRPUSD-C0014,XRPUSD,False,SHORT,2020-11-24T05:39:04.712000Z,2020-11-24T06:10:27.844000Z,1883.132,-4400,25000,0,1,5,6,NONE,FULL_CLOSE,f63acc83-abf3-6b35-a1f7-3c633cabbe91,dd260921-30ac-6dc0-acf9-574f0a3d3be7,13,0,42105450,0,0,223536,0,,AGGREGATE_ONLY_NOT_ALIGNED,XBT,,HIGH,HIGH,MEDIUM,MEDIUM,MEDIUM,MEDIUM,MEDIUM,XRPUSD-C0014,BEHAVIORAL_APPROXIMATION
XBTUSD-C0171,XBTUSD,True,SHORT,2020-11-24T09:37:31.814000Z,2020-11-24T12:36:22.969000Z,10731.155,-1853,189414,0,1,8,12,NONE,FULL_CLOSE,20810ce5-8651-95d3-5741-5119944b9469,ed40e037-c55d-f620-653d-6b0451e77b12,22,1,-9281286,0,0,822542,-99367,,AGGREGATE_ONLY_NOT_ALIGNED,XBT,,HIGH,HIGH,MEDIUM,MEDIUM,MEDIUM,MEDIUM,MEDIUM,XBTUSD-C0171,BEHAVIORAL_APPROXIMATION
XBTUSD-C0172,XBTUSD,True,SHORT,2020-11-24T16:15:11.428000Z,2020-11-25T05:01:52.001000Z,46000.573,-11569,136276,0,1,15,4,NONE,FULL_CLOSE,9b1db7e4-30a3-2335-2127-60fc226d59a1,b80fb293-f241-06b9-f1cb-c6966cb3959f,21,2,6715406.999999999999999999999,0,0,1026821,-146440,,AGGREGATE_ONLY_NOT_ALIGNED,XBT,,HIGH,HIGH,MEDIUM,MEDIUM,MEDIUM,MEDIUM,MEDIUM,XBTUSD-C0172,BEHAVIORAL_APPROXIMATION
XRPUSD-C0015,XRPUSD,False,SHORT,2020-11-24T21:17:39.895000Z,2020-11-25T04:02:00.678000Z,24260.783,-5000,5000,0,1,0,0,NONE,FULL_CLOSE,d06cc24b-adf0-62b1-f2a1-ee0bba09ae28,4bac250c-616c-660d-a293-b0e5648cbe3c,2,1,6250000,0,0,30872,-250101,,AGGREGATE_ONLY_NOT_ALIGNED,XBT,,HIGH,HIGH,MEDIUM,MEDIUM,MEDIUM,MEDIUM,MEDIUM,XRPUSD-C0015,BEHAVIORAL_APPROXIMATION
ETHUSD-C0067,ETHUSD,False,SHORT,2020-11-24T21:23:49.881000Z,2020-11-25T04:02:10.239000Z,23900.358,-1298,13530,0,1,16,4,NONE,FULL_CLOSE,35684dba-d71f-872d-cfd9-77056eb37e47,e2ca5557-d13d-b802-09af-bcceca39a48c,22,1,26887350.00000000000000000000,0,0,671036,-302966,,AGGREGATE_ONLY_NOT_ALIGNED,XBT,,HIGH,HIGH,MEDIUM,MEDIUM,MEDIUM,MEDIUM,MEDIUM,ETHUSD-C0067,BEHAVIORAL_APPROXIMATION
YFIUSDTZ20-C0012,YFIUSDTZ20,False,LONG,2020-11-25T03:57:48.823000Z,2020-12-25T11:59:59.999000Z,2620931.176,100,1930,0,1,189,168,NONE,SETTLEMENT,48771c89-ecfd-da3d-8202-c24b5e9a7655,00cde560-bb12-e103-be34-f25d857472aa,359,0,39763069.99999999999999999996,0,0,266882,0,,AGGREGATE_ONLY_NOT_ALIGNED,XBT,,HIGH,HIGH,MEDIUM,MEDIUM,MEDIUM,MEDIUM,MEDIUM,YFIUSDTZ20-C0012,BEHAVIORAL_APPROXIMATION
XBTUSD-C0173,XBTUSD,True,SHORT,2020-11-25T05:02:53.980000Z,2020-11-25T11:44:05.069000Z,24071.089,-21569,250983,0,1,23,11,NONE,FULL_CLOSE,8fe99236-d331-1a83-1684-72848f58b6bc,c315794d-a84c-9906-7aea-75f02db7b573,36,0,-30512817.00000000000000000001,0,0,641660,0,,AGGREGATE_ONLY_NOT_ALIGNED,XBT,,HIGH,HIGH,MEDIUM,MEDIUM,MEDIUM,MEDIUM,MEDIUM,XBTUSD-C0173,BEHAVIORAL_APPROXIMATION
XRPUSD-C0016,XRPUSD,False,SHORT,2020-11-25T06:43:36.475000Z,2020-11-25T11:22:40.694000Z,16744.219,-2000,16000,0,1,7,5,NONE,FULL_CLOSE,031a94f7-9931-7d5b-f55c-ee612f183a3e,67ae8ef3-b8c8-00e0-6639-6369010bf767,14,0,-13176922.00,0,0,116892,0,,AGGREGATE_ONLY_NOT_ALIGNED,XBT,,HIGH,HIGH,MEDIUM,MEDIUM,MEDIUM,MEDIUM,MEDIUM,XRPUSD-C0016,BEHAVIORAL_APPROXIMATION
XRPUSD-C0017,XRPUSD,False,SHORT,2020-11-25T12:07:13.289000Z,2020-11-25T18:00:37.914000Z,21204.625,-2000,8000,0,1,3,5,NONE,FULL_CLOSE,9b01271b-c8fa-9288-f00e-3333e18ff5fc,cb551f4f-588c-8523-1003-2f8e8c7b50d5,10,0,1830386.0,0,0,82175,0,,AGGREGATE_ONLY_NOT_ALIGNED,XBT,,HIGH,HIGH,MEDIUM,MEDIUM,MEDIUM,MEDIUM,MEDIUM,XRPUSD-C0017,BEHAVIORAL_APPROXIMATION
ETHUSD-C0068,ETHUSD,False,SHORT,2020-11-25T14:18:48.595000Z,2020-11-25T22:22:50.285000Z,29041.69,-1569,7845,775,1,5,10,NONE,FLIP,cacba3ed-2010-cea2-f901-8b2c3eb8dad0,c71327fd-cbd2-b839-de66-46bb45134550,17,1,17328400,0,0,-147362,-155586,,AGGREGATE_ONLY_NOT_ALIGNED,XBT,,HIGH,HIGH,MEDIUM,MEDIUM,MEDIUM,MEDIUM,MEDIUM,"ETHUSD-C0068,ETHUSD-C0069",BEHAVIORAL_APPROXIMATION
XBTUSD-C0174,XBTUSD,True,SHORT,2020-11-25T14:29:20.200000Z,2020-11-25T15:39:09.050000Z,4188.85,-20000,430843,0,1,31,11,NONE,FULL_CLOSE,136eb330-fbc8-251f-ab8e-a6b1a38ea74e,fc8b2ce1-baaa-f38b-925c-b095840822b4,44,0,-12309800.00000000000000000000,0,0,2073982,0,,AGGREGATE_ONLY_NOT_ALIGNED,XBT,,HIGH,HIGH,MEDIUM,MEDIUM,MEDIUM,MEDIUM,MEDIUM,XBTUSD-C0174,BEHAVIORAL_APPROXIMATION
XBTUSD-C0175,XBTUSD,True,SHORT,2020-11-25T15:48:42.683000Z,2020-11-26T03:39:09.092000Z,42626.409,-61549,327520,0,1,24,34,NONE,FULL_CLOSE,094640b8-b582-df92-cc69-6615a6fbb079,e9435d50-9217-6fca-475c-dca4a9466dd0,60,1,111770850.9999999999999999999,0,0,2706104,-32399,,AGGREGATE_ONLY_NOT_ALIGNED,XBT,,HIGH,HIGH,MEDIUM,MEDIUM,MEDIUM,MEDIUM,MEDIUM,XBTUSD-C0175,BEHAVIORAL_APPROXIMATION
ETHUSD-C0069,ETHUSD,False,LONG,2020-11-25T22:22:50.285000Z,2020-11-26T02:04:14.700000Z,13284.415,775,18705,0,1,9,2,ETHUSD-C0068,FULL_CLOSE,c71327fd-cbd2-b839-de66-46bb45134550,63efd72d-b30a-8d2a-b08b-b1ddf0c99995,13,0,10975500.00000000000000000000,0,0,544751,0,,AGGREGATE_ONLY_NOT_ALIGNED,XBT,,HIGH,HIGH,MEDIUM,MEDIUM,MEDIUM,MEDIUM,MEDIUM,ETHUSD-C0069,BEHAVIORAL_APPROXIMATION
XRPUSD-C0018,XRPUSD,False,SHORT,2020-11-26T02:05:59.561000Z,2020-11-26T03:37:52.161000Z,5512.6,-2000,43000,0,1,22,28,NONE,FULL_CLOSE,01a6fb47-092f-04eb-6856-3ecd6b7d0093,fb447558-b566-e33e-82a9-01add5a0e2a8,52,0,60459608.00000000000000000000,0,0,755925,0,,AGGREGATE_ONLY_NOT_ALIGNED,XBT,,HIGH,HIGH,MEDIUM,MEDIUM,MEDIUM,MEDIUM,MEDIUM,XRPUSD-C0018,BEHAVIORAL_APPROXIMATION
ETHUSD-C0070,ETHUSD,False,LONG,2020-11-26T02:36:12.886000Z,2020-11-26T03:49:45.516000Z,4412.63,100,44800,0,1,24,47,NONE,FULL_CLOSE,bb36e9d8-1b4f-c34b-7829-573d3adb6c43,fcf93708-220c-83de-495b-5df82580a9ab,73,0,43813350.00000000000000000006,0,0,1194733,0,,AGGREGATE_ONLY_NOT_ALIGNED,XBT,,HIGH,HIGH,MEDIUM,MEDIUM,MEDIUM,MEDIUM,MEDIUM,ETHUSD-C0070,BEHAVIORAL_APPROXIMATION
ETHUSD-C0071,ETHUSD,False,LONG,2020-11-26T04:00:49.469000Z,2020-11-26T11:28:08.409000Z,26838.94,2000,99000,-4500,1,106,156,NONE,FLIP,6a8d9c47-1a5a-8551-f76a-f267ef0f3ef0,7a6d1d02-1ba2-ffb7-8128-c8e8d61ad261,264,0,61297395.00000000000000000004,0,0,5829438,0,,AGGREGATE_ONLY_NOT_ALIGNED,XBT,,HIGH,HIGH,MEDIUM,MEDIUM,MEDIUM,MEDIUM,MEDIUM,"ETHUSD-C0071,ETHUSD-C0072",BEHAVIORAL_APPROXIMATION
ETHZ20-C0007,ETHZ20,False,LONG,2020-11-26T04:13:21.909000Z,2020-11-27T07:53:14.426000Z,99592.517,50,697,0,1,72,32,NONE,FULL_CLOSE,627e8eff-9e4b-9408-16f8-dd54a49f7c23,b75a9d2b-2d77-ecbf-faa4-6690db0a1906,106,0,17631999.99999999999999999999,0,0,1629558,0,,AGGREGATE_ONLY_NOT_ALIGNED,XBT,,HIGH,HIGH,MEDIUM,MEDIUM,MEDIUM,MEDIUM,MEDIUM,ETHZ20-C0007,BEHAVIORAL_APPROXIMATION
XBTUSD-C0176,XBTUSD,True,SHORT,2020-11-26T05:51:37.972000Z,2020-11-26T08:15:57.353000Z,8659.381,-8000,80000,0,1,5,18,NONE,FULL_CLOSE,32b722fd-a409-8b2a-910d-ce31f6e57e65,dfc8be13-81c4-691a-7be5-34f0688e39d4,25,0,14093608.0,0,0,233275,0,,AGGREGATE_ONLY_NOT_ALIGNED,XBT,,HIGH,HIGH,MEDIUM,MEDIUM,MEDIUM,MEDIUM,MEDIUM,XBTUSD-C0176,BEHAVIORAL_APPROXIMATION
XBTUSD-C0177,XBTUSD,True,LONG,2020-11-26T08:31:45.596000Z,2020-11-26T10:46:43.232000Z,8097.636,9587,90000,0,1,14,9,NONE,FULL_CLOSE,25ad7ea6-ff6d-7f77-3e49-02d196f53a1d,fa49a484-e4ae-b206-9113-d52959f324fc,25,0,8436777.999999999999999999999,0,0,793908,0,,AGGREGATE_ONLY_NOT_ALIGNED,XBT,,HIGH,HIGH,MEDIUM,MEDIUM,MEDIUM,MEDIUM,MEDIUM,XBTUSD-C0177,BEHAVIORAL_APPROXIMATION
ETHUSD-C0072,ETHUSD,False,SHORT,2020-11-26T11:28:08.409000Z,2020-11-26T11:28:29.139000Z,20.73,-4500,13000,0,1,17,0,ETHUSD-C0071,FULL_CLOSE,7a6d1d02-1ba2-ffb7-8128-c8e8d61ad261,882d423d-e795-2ba9-b10e-31b57c268640,19,0,-276280,0,0,830951,0,,AGGREGATE_ONLY_NOT_ALIGNED,XBT,,HIGH,HIGH,MEDIUM,MEDIUM,MEDIUM,MEDIUM,MEDIUM,ETHUSD-C0072,BEHAVIORAL_APPROXIMATION
XBTUSD-C0178,XBTUSD,True,LONG,2020-11-26T11:59:39.503000Z,2020-11-26T13:46:55.070000Z,6435.567,101,24000,0,1,4,0,NONE,FULL_CLOSE,13c1dd6e-6db4-f0ee-1765-f93ebe12ea6a,171f356c-0a44-9757-aa07-f919d0f38ae8,6,1,540000,0,0,209275,7601,,AGGREGATE_ONLY_NOT_ALIGNED,XBT,,HIGH,HIGH,MEDIUM,MEDIUM,MEDIUM,MEDIUM,MEDIUM,XBTUSD-C0178,BEHAVIORAL_APPROXIMATION
ETHUSD-C0073,ETHUSD,False,LONG,2020-11-26T16:49:35.093000Z,2020-11-27T00:43:38.055000Z,28442.962,2000,27000,-111,1,10,13,NONE,FLIP,647f1684-af66-54fa-ad13-f63644901c78,04a3a418-111d-4be9-16e8-a9eddb92ea0d,25,1,87837300.00000000000000000002,0,0,-105824,135510,,AGGREGATE_ONLY_NOT_ALIGNED,XBT,,HIGH,HIGH,MEDIUM,MEDIUM,MEDIUM,MEDIUM,MEDIUM,"ETHUSD-C0073,ETHUSD-C0074",BEHAVIORAL_APPROXIMATION
XBTUSD-C0179,XBTUSD,True,LONG,2020-11-26T17:01:29.742000Z,2020-11-27T02:06:54.663000Z,32724.921,18000,54000,0,1,2,2,NONE,FULL_CLOSE,25aa0df7-7780-3403-ebdd-b11bb8be68ed,ee7d8ef3-5476-33e3-d614-4e6960272891,6,1,15192000.00000000000000000000,0,0,152802,96607,,AGGREGATE_ONLY_NOT_ALIGNED,XBT,,HIGH,HIGH,MEDIUM,MEDIUM,MEDIUM,MEDIUM,MEDIUM,XBTUSD-C0179,BEHAVIORAL_APPROXIMATION
ETHUSD-C0074,ETHUSD,False,SHORT,2020-11-27T00:43:38.055000Z,2020-11-27T01:03:54.053000Z,1215.998,-111,4111,0,1,3,12,ETHUSD-C0073,FULL_CLOSE,04a3a418-111d-4be9-16e8-a9eddb92ea0d,ec30d7cd-13e6-e892-5f25-4535e1e62cfc,17,0,367864.9999999999999999999999,0,0,109967,0,,AGGREGATE_ONLY_NOT_ALIGNED,XBT,,HIGH,HIGH,MEDIUM,MEDIUM,MEDIUM,MEDIUM,MEDIUM,ETHUSD-C0074,BEHAVIORAL_APPROXIMATION
ETHUSD-C0075,ETHUSD,False,LONG,2020-11-27T03:19:40.806000Z,2020-11-27T07:52:16.297000Z,16355.491,100,500,0,1,1,0,NONE,FULL_CLOSE,3957cf39-11f3-b639-44b3-422c02e0a067,0aa26b86-8b6f-d68e-f109-9941f31f5448,3,1,-110000,0,0,38932,2599,,AGGREGATE_ONLY_NOT_ALIGNED,XBT,,HIGH,HIGH,MEDIUM,MEDIUM,MEDIUM,MEDIUM,MEDIUM,ETHUSD-C0075,BEHAVIORAL_APPROXIMATION
ETHUSD-C0076,ETHUSD,False,LONG,2020-11-27T08:04:08.511000Z,2020-11-27T15:02:54.203000Z,25125.692,500,1500,-500,1,2,3,NONE,FLIP,9d99d133-12f1-6dd2-d06b-efbb36d3bafb,c0956466-8b65-4773-91e6-e17133cf5086,7,1,17500.00000000000000000000000,0,0,56952,-28670,,AGGREGATE_ONLY_NOT_ALIGNED,XBT,,HIGH,HIGH,MEDIUM,MEDIUM,MEDIUM,MEDIUM,MEDIUM,"ETHUSD-C0076,ETHUSD-C0077",BEHAVIORAL_APPROXIMATION
ETHUSD-C0077,ETHUSD,False,SHORT,2020-11-27T15:02:54.203000Z,2020-11-28T10:49:48.277000Z,71214.074,-500,4500,0,1,13,4,ETHUSD-C0076,FULL_CLOSE,c0956466-8b65-4773-91e6-e17133cf5086,a8200507-af46-17cd-a8f9-6412e907b53e,19,2,-3293270.000000000000000000000,0,0,275258,-35795,,AGGREGATE_ONLY_NOT_ALIGNED,XBT,,HIGH,HIGH,MEDIUM,MEDIUM,MEDIUM,MEDIUM,MEDIUM,ETHUSD-C0077,BEHAVIORAL_APPROXIMATION
XBTUSD-C0180,XBTUSD,True,SHORT,2020-11-28T04:44:44.987000Z,2020-11-28T10:49:45.480000Z,21900.493,-9500,22000,0,1,2,1,NONE,FULL_CLOSE,23f11450-1a17-652b-5b96-99c9c8e43bd8,b8041c46-fb01-9eae-bc41-5aa64bf36a3d,5,0,-2354000,0,0,193098,0,,AGGREGATE_ONLY_NOT_ALIGNED,XBT,,HIGH,HIGH,MEDIUM,MEDIUM,MEDIUM,MEDIUM,MEDIUM,XBTUSD-C0180,BEHAVIORAL_APPROXIMATION
XBTUSD-C0181,XBTUSD,True,SHORT,2020-11-28T12:36:16.625000Z,2020-11-30T14:53:19.046000Z,181022.421,-4,1186686,0,1,374,186,NONE,FULL_CLOSE,2a2b907f-e63c-8360-bbf7-b08d299da153,fbe38f29-0726-027c-ce0a-4314d2be6f45,562,6,-339417696.0000000000000000004,0,0,22275745,-1086305,,AGGREGATE_ONLY_NOT_ALIGNED,XBT,,HIGH,HIGH,MEDIUM,MEDIUM,MEDIUM,MEDIUM,MEDIUM,XBTUSD-C0181,BEHAVIORAL_APPROXIMATION
ETHZ20-C0008,ETHZ20,False,LONG,2020-11-28T14:26:21.008000Z,2020-11-30T04:39:37.583000Z,137596.575,33,132,0,1,7,2,NONE,FULL_CLOSE,559d193f-12ad-146c-d62c-ccb769b6a35f,ff91605d-ea62-2bca-390d-4f50fbd272d2,11,0,16179000.00000000000000000000,0,0,513291,0,,AGGREGATE_ONLY_NOT_ALIGNED,XBT,,HIGH,HIGH,MEDIUM,MEDIUM,MEDIUM,MEDIUM,MEDIUM,ETHZ20-C0008,BEHAVIORAL_APPROXIMATION
XRPUSD-C0019,XRPUSD,False,SHORT,2020-11-28T18:42:17.555000Z,2020-11-30T04:57:20.956000Z,123303.401,-84,10000,0,1,17,8,NONE,FULL_CLOSE,1ba0d4cd-64a9-ef24-3973-230a56c631ed,8e44b213-be79-7499-3412-b03bb009c0d1,27,5,3563320.0000,0,0,108009,-629259,,AGGREGATE_ONLY_NOT_ALIGNED,XBT,,HIGH,HIGH,MEDIUM,MEDIUM,MEDIUM,MEDIUM,MEDIUM,XRPUSD-C0019,BEHAVIORAL_APPROXIMATION
ETHUSD-C0078,ETHUSD,False,SHORT,2020-11-30T06:07:46.226000Z,2020-11-30T14:51:47.370000Z,31441.144,-1000,27000,0,1,23,23,NONE,FULL_CLOSE,a3d72279-9b00-53ef-aacd-5f1d4ac1f802,f4bf8852-b2ca-fbbe-5838-81b32ce3a49b,48,1,-55150075.00000000000000000001,0,0,1429978,-64786,,AGGREGATE_ONLY_NOT_ALIGNED,XBT,,HIGH,HIGH,MEDIUM,MEDIUM,MEDIUM,MEDIUM,MEDIUM,ETHUSD-C0078,BEHAVIORAL_APPROXIMATION
ETHZ20-C0009,ETHZ20,False,LONG,2020-11-30T08:09:01.139000Z,2020-12-25T11:59:59.999000Z,2173858.86,33,1033,0,1,217,149,NONE,SETTLEMENT,e441a968-fff2-0341-c8bb-45953da1f92d,ef4c248c-5878-5c1c-a1c0-cab05d59d932,368,0,-156919000.0000000000000000000,0,0,2274335,0,,AGGREGATE_ONLY_NOT_ALIGNED,XBT,,HIGH,HIGH,MEDIUM,MEDIUM,MEDIUM,MEDIUM,MEDIUM,ETHZ20-C0009,BEHAVIORAL_APPROXIMATION
XBTUSD-C0182,XBTUSD,True,LONG,2020-11-30T14:56:09.826000Z,2020-12-01T03:28:07.956000Z,45118.13,12212,249696,0,1,33,28,NONE,FULL_CLOSE,81428aff-ff4f-ef90-f4cb-2d72388a3776,f4acc4b4-40eb-9e81-8033-c66f9d585481,63,1,21404212.99999999999999999999,0,0,1131784,129742,,AGGREGATE_ONLY_NOT_ALIGNED,XBT,,HIGH,HIGH,MEDIUM,MEDIUM,MEDIUM,MEDIUM,MEDIUM,XBTUSD-C0182,BEHAVIORAL_APPROXIMATION
XBTUSD-C0183,XBTUSD,True,LONG,2020-12-01T03:55:55.191000Z,2020-12-01T13:59:26.993000Z,36211.802,12212,887420,-4786,1,118,120,NONE,FLIP,3ca0e105-d7b9-591c-3209-d2b3abbe1ff1,8b3dd168-c16c-109f-37d3-b0780e29ead9,240,2,-19859301.99999999999999999994,0,0,4354401,1113591,,AGGREGATE_ONLY_NOT_ALIGNED,XBT,,HIGH,HIGH,MEDIUM,MEDIUM,MEDIUM,MEDIUM,MEDIUM,"XBTUSD-C0183,XBTUSD-C0184",BEHAVIORAL_APPROXIMATION
LTCZ20-C0009,LTCZ20,False,LONG,2020-12-01T11:19:34.205000Z,2020-12-25T11:59:59.999000Z,2076025.794,100,1436,0,1,157,266,NONE,SETTLEMENT,9009c625-1f9b-5d04-50f6-742f9a030ab9,7dd33a7a-e74e-4c17-460c-1f938c0fdbd4,425,0,63735100.00000000000000000007,0,0,-34389,0,,AGGREGATE_ONLY_NOT_ALIGNED,XBT,,HIGH,HIGH,MEDIUM,MEDIUM,MEDIUM,MEDIUM,MEDIUM,LTCZ20-C0009,BEHAVIORAL_APPROXIMATION
ETHUSD-C0079,ETHUSD,False,LONG,2020-12-01T11:51:40.587000Z,2020-12-28T03:13:40.500000Z,2301719.913,1000,32000,0,1,236,197,NONE,FULL_CLOSE,69ba474c-430b-0191-230a-703408c0bcd3,b03020a2-5e93-10bd-bfce-04e729fe4a6b,435,80,377359794.9999999999999999999,0,0,3786359,22183995,,AGGREGATE_ONLY_NOT_ALIGNED,XBT,,HIGH,HIGH,MEDIUM,MEDIUM,MEDIUM,MEDIUM,MEDIUM,ETHUSD-C0079,BEHAVIORAL_APPROXIMATION
XBTUSD-C0184,XBTUSD,True,SHORT,2020-12-01T13:59:26.993000Z,2020-12-01T14:23:27.499000Z,1440.506,-4786,132488,0,1,14,10,XBTUSD-C0183,FULL_CLOSE,8b3dd168-c16c-109f-37d3-b0780e29ead9,da5f52c4-fe9d-90c3-b3ed-cea45465cfe6,26,0,-1097532.000000000000000000000,0,0,408645,0,,AGGREGATE_ONLY_NOT_ALIGNED,XBT,,HIGH,HIGH,MEDIUM,MEDIUM,MEDIUM,MEDIUM,MEDIUM,XBTUSD-C0184,BEHAVIORAL_APPROXIMATION
XBTUSD-C0185,XBTUSD,True,LONG,2020-12-01T14:29:02.977000Z,2020-12-01T14:42:17.949000Z,794.972,32212,32212,0,1,0,2,NONE,FULL_CLOSE,244dd23b-dd04-dfbb-4008-35a05615b7ef,3c0b71c4-002a-a826-1623-b8c969064652,4,0,3188988,0,0,82987,0,,AGGREGATE_ONLY_NOT_ALIGNED,XBT,,HIGH,HIGH,MEDIUM,MEDIUM,MEDIUM,MEDIUM,MEDIUM,XBTUSD-C0185,BEHAVIORAL_APPROXIMATION
XBTUSD-C0186,XBTUSD,True,SHORT,2020-12-01T14:50:29.199000Z,2020-12-01T16:15:37.605000Z,5108.406,-20000,344424,11060,1,53,37,NONE,FLIP,1306807f-ee5a-91bf-0b80-656a691e7ddf,16444458-a88f-46f6-33e7-809464596c73,92,0,11987439.00000000000000000000,0,0,2193907,0,,AGGREGATE_ONLY_NOT_ALIGNED,XBT,,HIGH,HIGH,MEDIUM,MEDIUM,MEDIUM,MEDIUM,MEDIUM,"XBTUSD-C0186,XBTUSD-C0187",BEHAVIORAL_APPROXIMATION
XBTUSD-C0187,XBTUSD,True,LONG,2020-12-01T16:15:37.605000Z,2020-12-04T14:27:17.648000Z,252700.043,11060,397604,-4271,1,74,82,XBTUSD-C0186,FLIP,16444458-a88f-46f6-33e7-809464596c73,0779567b-72cf-283e-dd20-fb430aec0335,158,9,79017850.00000000000000000006,0,0,1875428,1558459,,AGGREGATE_ONLY_NOT_ALIGNED,XBT,,HIGH,HIGH,MEDIUM,MEDIUM,MEDIUM,MEDIUM,MEDIUM,"XBTUSD-C0187,XBTUSD-C0188",BEHAVIORAL_APPROXIMATION
TRXZ20-C0007,TRXZ20,False,LONG,2020-12-02T06:12:49.097000Z,2020-12-16T10:03:47.449000Z,1223458.352,200000,2300000,0,1,34,57,NONE,FULL_CLOSE,e290ee24-bd47-f637-db40-bb68243a4444,fcacbf7a-e10a-1113-d31b-37a7ed665090,93,0,-8800000.000000000000000000004,0,0,6640,0,,AGGREGATE_ONLY_NOT_ALIGNED,XBT,,HIGH,HIGH,MEDIUM,MEDIUM,MEDIUM,MEDIUM,MEDIUM,TRXZ20-C0007,BEHAVIORAL_APPROXIMATION
XBTUSD-C0188,XBTUSD,True,SHORT,2020-12-04T14:27:17.648000Z,2020-12-07T06:08:57.253000Z,229299.605,-4271,196747,9113,1,45,11,XBTUSD-C0187,FLIP,0779567b-72cf-283e-dd20-fb430aec0335,1a7562e3-83c3-b1bf-190b-ddaf8383c7dd,58,8,-12081009.00000000000000000000,0,0,698077,-451905,,AGGREGATE_ONLY_NOT_ALIGNED,XBT,,HIGH,HIGH,MEDIUM,MEDIUM,MEDIUM,MEDIUM,MEDIUM,"XBTUSD-C0188,XBTUSD-C0189",BEHAVIORAL_APPROXIMATION
XBTUSD-C0189,XBTUSD,True,LONG,2020-12-07T06:08:57.253000Z,2020-12-07T12:00:14.410000Z,21077.157,9113,216111,0,1,11,0,XBTUSD-C0188,FULL_CLOSE,1a7562e3-83c3-b1bf-190b-ddaf8383c7dd,bf4373ab-e2a4-2027-3b65-d76cb9f141aa,13,1,-19855425,0,0,1652230,243145,,AGGREGATE_ONLY_NOT_ALIGNED,XBT,,HIGH,HIGH,MEDIUM,MEDIUM,MEDIUM,MEDIUM,MEDIUM,XBTUSD-C0189,BEHAVIORAL_APPROXIMATION
XBTUSD-C0190,XBTUSD,True,SHORT,2020-12-07T12:03:25.850000Z,2020-12-09T13:55:06.142000Z,179500.292,-5000,245330,0,1,25,23,NONE,FULL_CLOSE,187a04ee-b2e2-cee2-28a5-c16cc3ca1aab,40690e58-a2a7-8240-88cb-fec68af891a2,50,6,67233204.00000000000000000002,0,0,239097,-777700,,AGGREGATE_ONLY_NOT_ALIGNED,XBT,,HIGH,HIGH,MEDIUM,MEDIUM,MEDIUM,MEDIUM,MEDIUM,XBTUSD-C0190,BEHAVIORAL_APPROXIMATION
XBTUSD-C0191,XBTUSD,True,SHORT,2020-12-10T09:53:27.583000Z,2020-12-10T18:12:06.951000Z,29919.368,-3414,181099,0,1,24,10,NONE,FULL_CLOSE,0c7dcc53-0d6e-5a8a-6814-2f8ebaee520f,d8f8ae2e-cf05-4f7c-09af-bc86682a3b49,36,1,1030250.000000000000000000000,0,0,1401888,-67791,,AGGREGATE_ONLY_NOT_ALIGNED,XBT,,HIGH,HIGH,MEDIUM,MEDIUM,MEDIUM,MEDIUM,MEDIUM,XBTUSD-C0191,BEHAVIORAL_APPROXIMATION
XBTUSD-C0192,XBTUSD,True,SHORT,2020-12-10T18:48:20.048000Z,2020-12-10T18:48:54.422000Z,34.374,-17997,22222,0,1,1,0,NONE,FULL_CLOSE,010d1efc-ed75-39d1-a2ab-996e030fc7e2,0f23e38e-4547-4661-312d-5096e398afdd,3,0,0,0,0,60711,0,,AGGREGATE_ONLY_NOT_ALIGNED,XBT,,HIGH,HIGH,MEDIUM,MEDIUM,MEDIUM,MEDIUM,MEDIUM,XBTUSD-C0192,BEHAVIORAL_APPROXIMATION
XBTUSD-C0193,XBTUSD,True,LONG,2020-12-11T01:01:51.050000Z,2020-12-11T09:43:42.365000Z,31311.315,25999,51998,0,1,1,3,NONE,FULL_CLOSE,917f9d4f-47b4-917a-39e3-620253c9565f,d47ae9c9-3868-8bfc-3c03-e83660879e93,6,1,-701973.0,0,0,146394,28900,,AGGREGATE_ONLY_NOT_ALIGNED,XBT,,HIGH,HIGH,MEDIUM,MEDIUM,MEDIUM,MEDIUM,MEDIUM,XBTUSD-C0193,BEHAVIORAL_APPROXIMATION
XBTUSD-C0194,XBTUSD,True,LONG,2020-12-12T21:41:21.823000Z,2020-12-16T21:46:56.224000Z,345934.401,666,127996,0,1,8,3,NONE,FULL_CLOSE,7f9bf9c9-2565-5329-45e4-fa14574fda51,2da98cd3-314f-67bb-c753-9444f0ad6bca,13,12,50787915.99999999999999999999,0,0,645899,250681,,AGGREGATE_ONLY_NOT_ALIGNED,XBT,,HIGH,HIGH,MEDIUM,MEDIUM,MEDIUM,MEDIUM,MEDIUM,XBTUSD-C0194,BEHAVIORAL_APPROXIMATION
XRPUSD-C0020,XRPUSD,False,LONG,2020-12-16T07:27:34.643000Z,2020-12-20T11:02:24.948000Z,358490.305,400,11000,0,1,13,17,NONE,FULL_CLOSE,1190a605-aeab-ab02-f161-534b77b08c96,708aa5e1-dd0e-c2d3-1639-db79f5de47a2,32,12,23819074.00000000000000000001,0,0,114486,463799,,AGGREGATE_ONLY_NOT_ALIGNED,XBT,,HIGH,HIGH,MEDIUM,MEDIUM,MEDIUM,MEDIUM,MEDIUM,XRPUSD-C0020,BEHAVIORAL_APPROXIMATION
LTCUSD-C0017,LTCUSD,False,LONG,2020-12-16T22:10:42.221000Z,2020-12-17T10:48:42.326000Z,45480.105,100,600,0,1,8,0,NONE,FULL_CLOSE,76a46d17-7ecb-cf08-8b38-1e1a54e5469b,ae0a98a1-55ff-cac8-7e0b-01568151ad47,10,1,1082800,0,0,8166,2827,,AGGREGATE_ONLY_NOT_ALIGNED,XBT,,HIGH,HIGH,MEDIUM,MEDIUM,MEDIUM,MEDIUM,MEDIUM,LTCUSD-C0017,BEHAVIORAL_APPROXIMATION
XBTUSD-C0195,XBTUSD,True,LONG,2020-12-16T22:52:43.106000Z,2020-12-17T08:36:50.090000Z,35046.984,59,16666,0,1,8,0,NONE,FULL_CLOSE,26c58930-823d-3505-c6fa-1e0ec4923ead,3c6793b3-95bf-aece-eab8-aa0abef95174,10,1,1975450,0,0,96187,1021,,AGGREGATE_ONLY_NOT_ALIGNED,XBT,,HIGH,HIGH,MEDIUM,MEDIUM,MEDIUM,MEDIUM,MEDIUM,XBTUSD-C0195,BEHAVIORAL_APPROXIMATION
XBTUSD-C0196,XBTUSD,True,LONG,2020-12-17T09:41:46.320000Z,2020-12-17T13:22:35.946000Z,13249.626,1111,2222,0,1,1,0,NONE,FULL_CLOSE,cf048539-a44d-51a2-921c-ab43f3eeb34c,35d22d6e-ea59-480f-dc4e-af0272e56692,3,1,333300,0,0,4714,5565,,AGGREGATE_ONLY_NOT_ALIGNED,XBT,,HIGH,HIGH,MEDIUM,MEDIUM,MEDIUM,MEDIUM,MEDIUM,XBTUSD-C0196,BEHAVIORAL_APPROXIMATION
XBTUSD-C0197,XBTUSD,True,LONG,2020-12-17T20:46:25.902000Z,2020-12-21T16:10:20.965000Z,329035.063,1111,271325,0,1,84,19,NONE,FULL_CLOSE,6e098db9-4b4a-97d5-07bc-9af397c0a602,487d01f4-c703-03f0-99ba-dfaad926db0c,105,11,-23440332.99999999999999999999,0,0,665145,436241,,AGGREGATE_ONLY_NOT_ALIGNED,XBT,,HIGH,HIGH,MEDIUM,MEDIUM,MEDIUM,MEDIUM,MEDIUM,XBTUSD-C0197,BEHAVIORAL_APPROXIMATION
XRPUSD-C0021,XRPUSD,False,LONG,2020-12-20T22:00:52.638000Z,2020-12-22T01:14:57.437000Z,98044.799,2000,6000,0,1,2,0,NONE,FULL_CLOSE,1af7e761-1683-e29c-be3e-ecaf61b34b40,a634b02f-a419-081f-b6e9-2f55ead3c871,4,3,-6314000,0,0,27770,186973,,AGGREGATE_ONLY_NOT_ALIGNED,XBT,,HIGH,HIGH,MEDIUM,MEDIUM,MEDIUM,MEDIUM,MEDIUM,XRPUSD-C0021,BEHAVIORAL_APPROXIMATION
LTCUSD-C0018,LTCUSD,False,LONG,2020-12-21T04:16:14.931000Z,2020-12-22T15:28:21.502000Z,126726.571,700,40600,-2167,1,31,100,NONE,FLIP,c3956490-9e44-bbd9-82ce-26cf782768d1,ba7bb671-778f-e881-2b81-4d08d746dd00,133,4,3377285.999999999999999999989,0,0,-58651,1822518,,AGGREGATE_ONLY_NOT_ALIGNED,XBT,,HIGH,HIGH,MEDIUM,MEDIUM,MEDIUM,MEDIUM,MEDIUM,"LTCUSD-C0018,LTCUSD-C0019",BEHAVIORAL_APPROXIMATION
XBTUSD-C0198,XBTUSD,True,LONG,2020-12-21T17:25:09.585000Z,2020-12-21T22:05:28.063000Z,16818.478,586,24222,0,1,6,9,NONE,FULL_CLOSE,d88ea4a7-f2f6-9103-db7e-0a6543ca1d13,f98fa30e-d93a-13c8-5be1-0cc8995ec83d,17,1,1649199,0,0,52002,56878,,AGGREGATE_ONLY_NOT_ALIGNED,XBT,,HIGH,HIGH,MEDIUM,MEDIUM,MEDIUM,MEDIUM,MEDIUM,XBTUSD-C0198,BEHAVIORAL_APPROXIMATION
XBTUSD-C0199,XBTUSD,True,LONG,2020-12-21T23:57:20.972000Z,2020-12-23T20:49:50.122000Z,161549.15,12111,36333,0,1,2,0,NONE,FULL_CLOSE,4fbfac11-c28d-3334-2b8d-e3225f068d1c,bfd45066-adce-6181-7e1e-80da24347be7,4,6,5667948,0,0,75973,150012,,AGGREGATE_ONLY_NOT_ALIGNED,XBT,,HIGH,HIGH,MEDIUM,MEDIUM,MEDIUM,MEDIUM,MEDIUM,XBTUSD-C0199,BEHAVIORAL_APPROXIMATION
XRPUSD-C0022,XRPUSD,False,LONG,2020-12-22T03:52:26.740000Z,2020-12-22T21:40:48.439000Z,64101.699,500,9000,0,1,11,0,NONE,FULL_CLOSE,a03ab16b-1d4c-3ec0-2ac7-2df607cee6b4,1d1646f1-7107-b9cf-633f-fbcafbe220e6,13,3,-8283000,0,0,40182,21860,,AGGREGATE_ONLY_NOT_ALIGNED,XBT,,HIGH,HIGH,MEDIUM,MEDIUM,MEDIUM,MEDIUM,MEDIUM,XRPUSD-C0022,BEHAVIORAL_APPROXIMATION
LTCUSD-C0019,LTCUSD,False,SHORT,2020-12-22T15:28:21.502000Z,2020-12-22T16:37:00.600000Z,4119.098,-2167,2167,0,1,0,11,LTCUSD-C0018,FULL_CLOSE,ba7bb671-778f-e881-2b81-4d08d746dd00,d817de1b-c890-846a-0cf5-dcff830351ed,13,0,1118696,0,0,35442,0,,AGGREGATE_ONLY_NOT_ALIGNED,XBT,,HIGH,HIGH,MEDIUM,MEDIUM,MEDIUM,MEDIUM,MEDIUM,LTCUSD-C0019,BEHAVIORAL_APPROXIMATION
XRPUSD-C0023,XRPUSD,False,LONG,2020-12-22T22:22:41.800000Z,2020-12-23T05:38:12.437000Z,26130.637,5000,11000,0,1,9,0,NONE,FULL_CLOSE,fefc8105-fc86-6a4b-3c5c-9591d35fa7b0,67849e5c-dcbe-2d3d-1df1-b49b7b7b563f,11,1,-18726000,0,0,76008,9144,,AGGREGATE_ONLY_NOT_ALIGNED,XBT,,HIGH,HIGH,MEDIUM,MEDIUM,MEDIUM,MEDIUM,MEDIUM,XRPUSD-C0023,BEHAVIORAL_APPROXIMATION
LTCUSD-C0020,LTCUSD,False,LONG,2020-12-23T07:52:39.201000Z,2020-12-23T22:20:11.215000Z,52052.014,555,14440,0,1,22,22,NONE,FULL_CLOSE,ad7ea7d2-4c01-f4ae-8b52-e878cbcdd979,e5581de1-ee77-5533-caa6-da5c107c5fd2,46,2,-18038599.99999999999999999998,0,0,163363,179559,,AGGREGATE_ONLY_NOT_ALIGNED,XBT,,HIGH,HIGH,MEDIUM,MEDIUM,MEDIUM,MEDIUM,MEDIUM,LTCUSD-C0020,BEHAVIORAL_APPROXIMATION
XRPUSD-C0024,XRPUSD,False,LONG,2020-12-23T16:57:03.985000Z,2020-12-23T22:14:50.511000Z,19066.526,1000,58000,0,1,43,1,NONE,FULL_CLOSE,20bf474c-1d9b-e682-8e9b-5d3bfa9afcf2,228aa058-feb2-c393-5089-f97c29fa7ba5,46,1,-64486732.00000000000000000000,0,0,126817,96581,,AGGREGATE_ONLY_NOT_ALIGNED,XBT,,HIGH,HIGH,MEDIUM,MEDIUM,MEDIUM,MEDIUM,MEDIUM,XRPUSD-C0024,BEHAVIORAL_APPROXIMATION
XBTUSD-C0200,XBTUSD,True,LONG,2020-12-23T22:14:30.283000Z,2020-12-25T20:33:17.159000Z,166726.876,12111,54888,0,1,9,1,NONE,FULL_CLOSE,c9fac5ba-7667-3c82-c1dd-f793ba2ec6e9,f231e4cc-3708-7b62-e8a8-0708c13a6d72,12,6,10217187.00000000000000000000,0,0,239936,206813,,AGGREGATE_ONLY_NOT_ALIGNED,XBT,,HIGH,HIGH,MEDIUM,MEDIUM,MEDIUM,MEDIUM,MEDIUM,XBTUSD-C0200,BEHAVIORAL_APPROXIMATION
XRPUSD-C0025,XRPUSD,False,LONG,2020-12-23T22:33:48.764000Z,2020-12-23T22:43:25.605000Z,576.841,469,43000,0,1,7,28,NONE,FULL_CLOSE,31a33801-808f-8477-d204-d4450a155f27,e65bc3dd-43c5-a634-2d10-2f753e92fa9d,37,0,13526614.00000000000000000000,0,0,304780,0,,AGGREGATE_ONLY_NOT_ALIGNED,XBT,,HIGH,HIGH,MEDIUM,MEDIUM,MEDIUM,MEDIUM,MEDIUM,XRPUSD-C0025,BEHAVIORAL_APPROXIMATION
XRPUSD-C0026,XRPUSD,False,LONG,2020-12-23T22:53:20.871000Z,2020-12-24T00:16:33.413000Z,4992.542,2000,17554,0,1,11,10,NONE,FULL_CLOSE,c8715122-fe82-a71e-a082-db95fab51db8,f75ce89e-25d1-12c3-1893-057cf1c0171c,23,0,6161861.999999999999999999999,0,0,48129,0,,AGGREGATE_ONLY_NOT_ALIGNED,XBT,,HIGH,HIGH,MEDIUM,MEDIUM,MEDIUM,MEDIUM,MEDIUM,XRPUSD-C0026,BEHAVIORAL_APPROXIMATION
XRPUSD-C0027,XRPUSD,False,LONG,2020-12-24T06:27:39.029000Z,2020-12-24T22:54:00.505000Z,59181.476,1222,12554,-778,1,9,10,NONE,FLIP,ea9ceafd-690e-fcfb-e961-97a9c552140d,cb76eae6-e5a8-3558-3086-ff7f633d5921,21,2,10450444.00000000000000000000,0,0,-34745,-369219,,AGGREGATE_ONLY_NOT_ALIGNED,XBT,,HIGH,HIGH,MEDIUM,MEDIUM,MEDIUM,MEDIUM,MEDIUM,"XRPUSD-C0027,XRPUSD-C0028",BEHAVIORAL_APPROXIMATION
XRPUSD-C0028,XRPUSD,False,SHORT,2020-12-24T22:54:00.505000Z,2020-12-24T23:31:43.437000Z,2262.932,-778,3000,0,1,1,0,XRPUSD-C0027,FULL_CLOSE,cb76eae6-e5a8-3558-3086-ff7f633d5921,a947010b-7fd4-277c-5e35-34e2bd9b5c4d,3,0,-3645908,0,0,13031,0,,AGGREGATE_ONLY_NOT_ALIGNED,XBT,,HIGH,HIGH,MEDIUM,MEDIUM,MEDIUM,MEDIUM,MEDIUM,XRPUSD-C0028,BEHAVIORAL_APPROXIMATION
LTCUSD-C0021,LTCUSD,False,LONG,2020-12-25T07:47:28.608000Z,2021-01-01T07:09:59.910000Z,602551.302,227,7576,0,1,16,14,NONE,FULL_CLOSE,5b8034f0-ba42-e82c-61d9-a872a3863da0,fb1bfd42-5068-d52c-af80-2759562d499a,32,21,25117496.00000000000000000001,0,0,71946,1371998,,AGGREGATE_ONLY_NOT_ALIGNED,XBT,,HIGH,HIGH,MEDIUM,MEDIUM,MEDIUM,MEDIUM,MEDIUM,LTCUSD-C0021,BEHAVIORAL_APPROXIMATION
LTCH21-C0001,LTCH21,False,LONG,2020-12-25T18:30:08.190000Z,2021-01-03T13:42:02.307000Z,760314.117,96,1354,0,1,39,69,NONE,FULL_CLOSE,cc26ec55-adf3-a476-b77e-bc191de60991,e066493b-7398-f7ce-3132-c0f42f3f7fd7,110,0,-17019500.00000000000000000000,0,0,-87170,0,,AGGREGATE_ONLY_NOT_ALIGNED,XBT,,HIGH,HIGH,MEDIUM,MEDIUM,MEDIUM,MEDIUM,MEDIUM,LTCH21-C0001,BEHAVIORAL_APPROXIMATION
XBTUSD-C0201,XBTUSD,True,LONG,2020-12-25T21:16:23.465000Z,2020-12-26T08:45:34.832000Z,41351.367,5111,10222,0,1,1,0,NONE,FULL_CLOSE,9c7d93a0-ecf5-fb15-3f84-888e3bd12e02,df65923f-f1d4-4978-4a8d-cd899c9def18,3,1,1093754,0,0,20253,12521,,AGGREGATE_ONLY_NOT_ALIGNED,XBT,,HIGH,HIGH,MEDIUM,MEDIUM,MEDIUM,MEDIUM,MEDIUM,XBTUSD-C0201,BEHAVIORAL_APPROXIMATION
XBTUSD-C0202,XBTUSD,True,LONG,2020-12-26T09:28:19.089000Z,2020-12-26T16:11:27.155000Z,24188.066,6666,13332,0,1,1,2,NONE,FULL_CLOSE,61a58250-f36f-058e-5c9b-773d7fd3ec75,6ea884be-e5d1-ae96-d263-d61846d7c6e4,5,1,2148107,0,0,25354,27267,,AGGREGATE_ONLY_NOT_ALIGNED,XBT,,HIGH,HIGH,MEDIUM,MEDIUM,MEDIUM,MEDIUM,MEDIUM,XBTUSD-C0202,BEHAVIORAL_APPROXIMATION
ETHH21-C0001,ETHH21,False,LONG,2020-12-26T15:54:11.011000Z,2021-01-03T13:45:06.396000Z,683455.385,4,670,0,1,89,47,NONE,FULL_CLOSE,a7fa8efe-fd21-eecd-e811-36e6d6115040,dab907d0-65e8-57c3-9b70-088444d27915,138,0,119854000.0000000000000000000,0,0,-509965,0,,AGGREGATE_ONLY_NOT_ALIGNED,XBT,,HIGH,HIGH,MEDIUM,MEDIUM,MEDIUM,MEDIUM,MEDIUM,ETHH21-C0001,BEHAVIORAL_APPROXIMATION
TRXH21-C0001,TRXH21,False,LONG,2020-12-27T16:00:37.274000Z,2020-12-30T20:03:18.874000Z,273761.6,50000,2840100,0,1,50,25,NONE,FULL_CLOSE,810bf5fa-a30a-510e-19e8-cafcbb60ed56,f2f29377-5f5a-bbef-6a7a-26c7f255d195,77,0,-1613188.999999999999999999999,0,0,18324,0,,AGGREGATE_ONLY_NOT_ALIGNED,XBT,,HIGH,HIGH,MEDIUM,MEDIUM,MEDIUM,MEDIUM,MEDIUM,TRXH21-C0001,BEHAVIORAL_APPROXIMATION
XRPUSD-C0029,XRPUSD,False,LONG,2020-12-27T16:06:48.039000Z,2020-12-29T03:23:07.305000Z,126979.266,11222,24444,0,1,21,13,NONE,FULL_CLOSE,f264260f-0fcb-71b1-69aa-e45f952e9cf8,f31c8abc-bcbc-907e-b36a-6b53c67d48ae,36,4,-35119067.99999999999999999999,0,0,141779,49984,,AGGREGATE_ONLY_NOT_ALIGNED,XBT,,HIGH,HIGH,MEDIUM,MEDIUM,MEDIUM,MEDIUM,MEDIUM,XRPUSD-C0029,BEHAVIORAL_APPROXIMATION
XBTUSD-C0203,XBTUSD,True,LONG,2020-12-27T21:17:09.916000Z,2020-12-29T02:15:37.391000Z,104307.475,172,6666,0,1,2,2,NONE,FULL_CLOSE,bce75489-f3d7-a9ee-952d-c840e037a998,d0f71fee-4f5d-d64d-c006-19d3a1b529d1,6,3,736593.0,0,0,12269,38542,,AGGREGATE_ONLY_NOT_ALIGNED,XBT,,HIGH,HIGH,MEDIUM,MEDIUM,MEDIUM,MEDIUM,MEDIUM,XBTUSD-C0203,BEHAVIORAL_APPROXIMATION
ETHUSD-C0080,ETHUSD,False,LONG,2020-12-28T05:49:25.323000Z,2020-12-28T17:13:48.707000Z,41063.384,100,600,0,1,5,6,NONE,FULL_CLOSE,a9e7cff9-e1d0-2de8-f00b-5f175f94f088,f4bfcf61-77d5-27e9-e873-2bc821e328cd,13,1,1608070.0,0,0,29633,92460,,AGGREGATE_ONLY_NOT_ALIGNED,XBT,,HIGH,HIGH,MEDIUM,MEDIUM,MEDIUM,MEDIUM,MEDIUM,ETHUSD-C0080,BEHAVIORAL_APPROXIMATION
ETHUSD-C0081,ETHUSD,False,LONG,2020-12-28T20:38:48.493000Z,2021-01-01T17:29:57.761000Z,334269.268,88,3380,0,1,23,3,NONE,FULL_CLOSE,aa1f7438-8e92-c4a3-12a9-3c8be0e9fd37,1b958303-a91d-347c-c4a3-4f3365cd77c1,28,11,5276370.000000000000000000000,0,0,175285,928971,,AGGREGATE_ONLY_NOT_ALIGNED,XBT,,HIGH,HIGH,MEDIUM,MEDIUM,MEDIUM,MEDIUM,MEDIUM,ETHUSD-C0081,BEHAVIORAL_APPROXIMATION
XBTUSD-C0204,XBTUSD,True,SHORT,2020-12-31T04:03:40.549000Z,2021-01-02T12:21:01.235000Z,202640.686,-555,69435,0,1,24,3,NONE,FULL_CLOSE,38888deb-cd04-a148-7ab3-e9de717389a6,8c6dfb21-5bb4-4a64-865c-85d569bf1f9c,29,7,-6031309.000000000000000000000,0,0,256433,-58042,,AGGREGATE_ONLY_NOT_ALIGNED,XBT,,HIGH,HIGH,MEDIUM,MEDIUM,MEDIUM,MEDIUM,MEDIUM,XBTUSD-C0204,BEHAVIORAL_APPROXIMATION
YFIUSDTH21-C0001,YFIUSDTH21,False,LONG,2020-12-31T07:06:20.957000Z,2021-01-03T09:40:58.781000Z,268477.824,100,999,0,1,24,2,NONE,FULL_CLOSE,735f5324-5263-1797-d78f-ecfc77d806d2,a4f69ed3-2811-b60e-3e90-06e0160cc24a,28,0,-42526435,0,0,123456,0,,AGGREGATE_ONLY_NOT_ALIGNED,XBT,,HIGH,HIGH,MEDIUM,MEDIUM,MEDIUM,MEDIUM,MEDIUM,YFIUSDTH21-C0001,BEHAVIORAL_APPROXIMATION
XRPUSD-C0030,XRPUSD,False,LONG,2021-01-01T02:13:34.441000Z,2021-01-01T04:46:52.319000Z,9197.878,800,3245,0,1,5,3,NONE,FULL_CLOSE,7bba45e9-c3ed-9003-27d2-a7f97d978157,ee16ca61-1269-2e2d-ecc7-089f9b1ec4d3,10,1,1159160.000000000000000000000,0,0,22832,-547,,AGGREGATE_ONLY_NOT_ALIGNED,XBT,,HIGH,HIGH,MEDIUM,MEDIUM,MEDIUM,MEDIUM,MEDIUM,XRPUSD-C0030,BEHAVIORAL_APPROXIMATION
ETHUSD-C0082,ETHUSD,False,LONG,2021-01-01T18:45:19.360000Z,2021-01-01T19:47:15.688000Z,3716.328,222,444,0,1,1,0,NONE,FULL_CLOSE,b56980b5-b99e-36e0-d84c-88bc183f4252,95861c96-1cf6-aa62-b6b5-676c78d0e79d,3,0,349650,0,0,16237,0,,AGGREGATE_ONLY_NOT_ALIGNED,XBT,,HIGH,HIGH,MEDIUM,MEDIUM,MEDIUM,MEDIUM,MEDIUM,ETHUSD-C0082,BEHAVIORAL_APPROXIMATION
XRPUSD-C0031,XRPUSD,False,LONG,2021-01-02T09:23:38.266000Z,2021-01-02T12:13:31.096000Z,10192.83,1199,3421,0,1,3,3,NONE,FULL_CLOSE,5c3a16d0-536d-090b-f7eb-130c366505aa,f260ff29-2286-a8cf-4051-98c3d7087b2e,8,1,149050.0000000000000000000000,0,0,7769,1561,,AGGREGATE_ONLY_NOT_ALIGNED,XBT,,HIGH,HIGH,MEDIUM,MEDIUM,MEDIUM,MEDIUM,MEDIUM,XRPUSD-C0031,BEHAVIORAL_APPROXIMATION
XBTUSD-C0205,XBTUSD,True,SHORT,2021-01-02T12:33:01.573000Z,2021-01-02T15:53:31.562000Z,12029.989,-13371,111219,0,1,9,2,NONE,FULL_CLOSE,3b8f0849-e102-11a2-a793-2b32face0f1f,e9ff6f50-f7cf-8ded-79cd-34ecee8454a7,13,0,-11756699.00000000000000000000,0,0,311727,0,,AGGREGATE_ONLY_NOT_ALIGNED,XBT,,HIGH,HIGH,MEDIUM,MEDIUM,MEDIUM,MEDIUM,MEDIUM,XBTUSD-C0205,BEHAVIORAL_APPROXIMATION
TRXH21-C0002,TRXH21,False,LONG,2021-01-02T12:45:15.256000Z,2021-01-03T00:43:14.439000Z,43079.183,1141,800000,0,1,66,8,NONE,FULL_CLOSE,29507e10-9370-f8c0-f475-05af2bb3e705,b86e8dfe-c52f-a647-f9e9-ae52ee40c9f1,76,0,-400000,0,0,14124,0,,AGGREGATE_ONLY_NOT_ALIGNED,XBT,,HIGH,HIGH,MEDIUM,MEDIUM,MEDIUM,MEDIUM,MEDIUM,TRXH21-C0002,BEHAVIORAL_APPROXIMATION
ETHUSD-C0083,ETHUSD,False,LONG,2021-01-02T12:55:37.126000Z,2021-01-02T19:57:55.800000Z,25338.674,50,6666,0,1,29,26,NONE,FULL_CLOSE,001b4f1d-3e74-d19f-ca4e-412d0dfbd079,ff0610da-822e-6ef3-8c16-203386607281,57,0,11223285.00000000000000000000,0,0,478583,0,,AGGREGATE_ONLY_NOT_ALIGNED,XBT,,HIGH,HIGH,MEDIUM,MEDIUM,MEDIUM,MEDIUM,MEDIUM,ETHUSD-C0083,BEHAVIORAL_APPROXIMATION
XBTUSD-C0206,XBTUSD,True,LONG,2021-01-02T16:07:48.436000Z,2021-01-02T18:14:23.769000Z,7595.333,2607,42555,0,1,3,10,NONE,FULL_CLOSE,18259b0f-426a-31ed-d04a-e6e12f5e228d,f9f1679f-efbe-ed59-2547-208c018edaab,15,0,2514972,0,0,197136,0,,AGGREGATE_ONLY_NOT_ALIGNED,XBT,,HIGH,HIGH,MEDIUM,MEDIUM,MEDIUM,MEDIUM,MEDIUM,XBTUSD-C0206,BEHAVIORAL_APPROXIMATION
XRPUSD-C0032,XRPUSD,False,LONG,2021-01-02T16:40:15.894000Z,2021-01-02T18:51:17.961000Z,7862.067,618,4444,0,1,2,1,NONE,FULL_CLOSE,57daae71-6d3c-84da-08ec-4420180328f7,f15af690-8682-8adf-da86-5fa1f9e3101e,5,0,386628,0,0,10020,0,,AGGREGATE_ONLY_NOT_ALIGNED,XBT,,HIGH,HIGH,MEDIUM,MEDIUM,MEDIUM,MEDIUM,MEDIUM,XRPUSD-C0032,BEHAVIORAL_APPROXIMATION
ETHUSD-C0084,ETHUSD,False,LONG,2021-01-02T20:04:19.770000Z,2021-01-02T21:24:13.106000Z,4793.336,522,2610,0,1,12,11,NONE,FULL_CLOSE,b6396a29-cfdd-90ed-89fa-6c87bbfd4ed1,45ea4495-4d25-5ead-68f6-c14fbe7af5a7,25,0,-293670,0,0,100411,0,,AGGREGATE_ONLY_NOT_ALIGNED,XBT,,HIGH,HIGH,MEDIUM,MEDIUM,MEDIUM,MEDIUM,MEDIUM,ETHUSD-C0084,BEHAVIORAL_APPROXIMATION
XBTUSD-C0207,XBTUSD,True,SHORT,2021-01-02T20:12:50.757000Z,2021-01-02T20:25:22.913000Z,752.156,-140567,285110,0,1,15,20,NONE,FULL_CLOSE,0cc4a370-71b3-9f2d-282f-c165c9dde565,f06ed562-624e-6181-1869-89d8077d2c29,37,0,12433533.0,0,0,1312619,0,,AGGREGATE_ONLY_NOT_ALIGNED,XBT,,HIGH,HIGH,MEDIUM,MEDIUM,MEDIUM,MEDIUM,MEDIUM,XBTUSD-C0207,BEHAVIORAL_APPROXIMATION
XBTUSD-C0208,XBTUSD,True,SHORT,2021-01-02T20:36:17.382000Z,2021-01-02T21:52:13.779000Z,4556.397,-20450,427665,0,1,34,53,NONE,FULL_CLOSE,1c0ef61f-d941-4a0b-b0ed-625315799059,f48877fe-fca5-3393-5dec-769fa6786f1a,89,0,37871644.00000000000000000000,0,0,1914715,0,,AGGREGATE_ONLY_NOT_ALIGNED,XBT,,HIGH,HIGH,MEDIUM,MEDIUM,MEDIUM,MEDIUM,MEDIUM,XBTUSD-C0208,BEHAVIORAL_APPROXIMATION
LTCUSD-C0022,LTCUSD,False,LONG,2021-01-03T10:05:53.937000Z,2021-01-04T07:18:00.878000Z,76326.941,100,24833,0,1,38,20,NONE,FULL_CLOSE,128acf00-a24b-25e5-8c14-a1cc86c84bff,f8dd3bd8-3555-4955-875b-eb84979b7fe4,60,3,2216524.000000000000000000011,0,0,1467638,2278700,,AGGREGATE_ONLY_NOT_ALIGNED,XBT,,HIGH,HIGH,MEDIUM,MEDIUM,MEDIUM,MEDIUM,MEDIUM,LTCUSD-C0022,BEHAVIORAL_APPROXIMATION
XBTUSD-C0209,XBTUSD,True,SHORT,2021-01-03T10:24:57.874000Z,2021-01-03T13:03:44.787000Z,9526.913,-7704,32555,0,1,3,0,NONE,FULL_CLOSE,3298f98b-e03d-d7a7-cdbf-24160e0f72b3,9befc482-ad6e-6b4c-df25-a7d116ee9a18,5,1,-1367310,0,0,143418,-35641,,AGGREGATE_ONLY_NOT_ALIGNED,XBT,,HIGH,HIGH,MEDIUM,MEDIUM,MEDIUM,MEDIUM,MEDIUM,XBTUSD-C0209,BEHAVIORAL_APPROXIMATION
XRPUSD-C0033,XRPUSD,False,LONG,2021-01-03T14:39:34.245000Z,2021-01-04T11:00:29.792000Z,73255.547,500,33110,0,1,11,17,NONE,FULL_CLOSE,42c2cbcb-ad06-68f2-6b99-9d5f45352310,f664064a-28e2-2307-3ab8-1dc73dacebfe,30,2,3082798.000000000000000000000,0,0,230436,132480,,AGGREGATE_ONLY_NOT_ALIGNED,XBT,,HIGH,HIGH,MEDIUM,MEDIUM,MEDIUM,MEDIUM,MEDIUM,XRPUSD-C0033,BEHAVIORAL_APPROXIMATION
ETHUSD-C0085,ETHUSD,False,SHORT,2021-01-03T16:06:56.366000Z,2021-01-04T05:55:04.441000Z,49688.075,-522,24798,0,1,144,174,NONE,FULL_CLOSE,90775da3-70e2-6cc5-d683-731511f589eb,fb1050c0-73fb-804f-990a-fc07e06a3533,320,2,-94063784.99999999999999999997,0,0,4748153,-7844675,,AGGREGATE_ONLY_NOT_ALIGNED,XBT,,HIGH,HIGH,MEDIUM,MEDIUM,MEDIUM,MEDIUM,MEDIUM,ETHUSD-C0085,BEHAVIORAL_APPROXIMATION
TRXH21-C0003,TRXH21,False,SHORT,2021-01-03T16:29:56.716000Z,2021-01-03T16:50:02.715000Z,1205.999,-5000,200000,0,1,4,1,NONE,FULL_CLOSE,c489372f-49eb-17d8-a6a2-11ac7f78de9c,8538cd1d-a40e-99c6-c67a-9095e58517c8,7,0,0,0,0,7502,0,,AGGREGATE_ONLY_NOT_ALIGNED,XBT,,HIGH,HIGH,MEDIUM,MEDIUM,MEDIUM,MEDIUM,MEDIUM,TRXH21-C0003,BEHAVIORAL_APPROXIMATION
TRXH21-C0004,TRXH21,False,LONG,2021-01-03T17:21:17.025000Z,2021-01-05T19:29:30.891000Z,180493.866,15828,3600000,0,1,36,105,NONE,FULL_CLOSE,2d85fadb-1407-fa39-d4d2-a1e331dcbd0d,be314601-d980-f3e7-79a7-62d3338f0956,143,0,-33600000.00000000000000000004,0,0,-37750,0,,AGGREGATE_ONLY_NOT_ALIGNED,XBT,,HIGH,HIGH,MEDIUM,MEDIUM,MEDIUM,MEDIUM,MEDIUM,TRXH21-C0004,BEHAVIORAL_APPROXIMATION
XBTUSD-C0210,XBTUSD,True,LONG,2021-01-03T17:22:17.147000Z,2021-01-04T10:55:48.900000Z,63211.753,5555,263784,0,1,31,4,NONE,FULL_CLOSE,909706c6-fecf-a925-009d-06f22049b4b9,e4a9650c-8c9d-81e7-69b2-e68a15a2edda,37,2,-5140368.000000000000000000000,0,0,599951,68220,,AGGREGATE_ONLY_NOT_ALIGNED,XBT,,HIGH,HIGH,MEDIUM,MEDIUM,MEDIUM,MEDIUM,MEDIUM,XBTUSD-C0210,BEHAVIORAL_APPROXIMATION
YFIUSDTH21-C0002,YFIUSDTH21,False,LONG,2021-01-04T02:56:26.899000Z,2021-01-07T18:47:50.900000Z,316284.001,111,1668,0,1,23,21,NONE,FULL_CLOSE,40c609f0-85a5-3188-034e-80f36660532c,afbd8515-903a-94b9-19e1-d769e53ddec1,46,0,82404894.99999999999999999998,0,0,-85359,0,,AGGREGATE_ONLY_NOT_ALIGNED,XBT,,HIGH,HIGH,MEDIUM,MEDIUM,MEDIUM,MEDIUM,MEDIUM,YFIUSDTH21-C0002,BEHAVIORAL_APPROXIMATION
ETHUSD-C0086,ETHUSD,False,SHORT,2021-01-04T05:56:21.098000Z,2021-01-04T07:12:42.461000Z,4581.363,-220,30489,0,1,88,26,NONE,FULL_CLOSE,0d9228fb-a753-eb8f-4df6-10c5091dbf24,a2f37ac7-b9a2-34f1-bab2-da9ed1e27a4f,116,0,47877294.99999999999999999999,0,0,581762,0,,AGGREGATE_ONLY_NOT_ALIGNED,XBT,,LOW,HIGH,MEDIUM,MEDIUM,MEDIUM,LOW,LOW,ETHUSD-C0086,BEHAVIORAL_APPROXIMATION
LTCUSD-C0023,LTCUSD,False,LONG,2021-01-04T07:24:13.415000Z,2021-01-04T20:55:11.898000Z,48658.483,200,28764,0,1,42,37,NONE,FULL_CLOSE,11d72bb2-eadf-2faf-3130-c8aed0b2da92,ed3f8bca-ff08-cc9b-3f9b-ed1828c018e1,81,2,19712855.99999999999999999999,0,0,413901,2294327,,AGGREGATE_ONLY_NOT_ALIGNED,XBT,,HIGH,HIGH,MEDIUM,MEDIUM,MEDIUM,MEDIUM,MEDIUM,LTCUSD-C0023,BEHAVIORAL_APPROXIMATION
ETHUSD-C0087,ETHUSD,False,LONG,2021-01-04T07:24:34.249000Z,2021-01-04T07:26:01.694000Z,87.445,1927,2111,0,1,1,0,NONE,FULL_CLOSE,0e7e1332-644d-f7ab-dfa9-8e94f1243f2f,48d28854-8074-d848-c1a1-47904f723646,3,0,2638750,0,0,-113090,0,,AGGREGATE_ONLY_NOT_ALIGNED,XBT,,HIGH,HIGH,MEDIUM,MEDIUM,MEDIUM,MEDIUM,MEDIUM,ETHUSD-C0087,BEHAVIORAL_APPROXIMATION
XBTUSD-C0211,XBTUSD,True,LONG,2021-01-04T10:58:27.489000Z,2021-01-04T11:28:50.073000Z,1822.584,11239,89912,0,1,10,0,NONE,FULL_CLOSE,c9f95bce-4e24-d802-fbf0-001f68fa9bb8,d2f82c8a-152f-ebae-e7b8-543c1eff2061,12,0,4248342,0,0,147523,0,,AGGREGATE_ONLY_NOT_ALIGNED,XBT,,HIGH,HIGH,MEDIUM,MEDIUM,MEDIUM,MEDIUM,MEDIUM,XBTUSD-C0211,BEHAVIORAL_APPROXIMATION
XBTUSD-C0212,XBTUSD,True,LONG,2021-01-04T11:31:09.155000Z,2021-01-04T12:23:01.471000Z,3112.316,6019,22478,0,1,2,0,NONE,FULL_CLOSE,e7c33683-de6a-bd77-2e4f-89b6ba6fbc31,409b1205-860c-b47d-84b8-b0d1b0c41848,4,1,2495058,0,0,35522,46667,,AGGREGATE_ONLY_NOT_ALIGNED,XBT,,HIGH,HIGH,MEDIUM,MEDIUM,MEDIUM,MEDIUM,MEDIUM,XBTUSD-C0212,BEHAVIORAL_APPROXIMATION
XBTUSD-C0213,XBTUSD,True,SHORT,2021-01-04T19:51:15.017000Z,2021-01-05T18:42:23.975000Z,82268.958,-5239,490335,0,1,63,60,NONE,FULL_CLOSE,b90c70ac-84c9-1a33-be14-f0f6b9a64365,caf8ddec-f622-4db9-3575-32d62a280963,125,3,-34176666.00000000000000000000,0,0,882071,-243259,,AGGREGATE_ONLY_NOT_ALIGNED,XBT,,HIGH,HIGH,MEDIUM,MEDIUM,MEDIUM,MEDIUM,MEDIUM,XBTUSD-C0213,BEHAVIORAL_APPROXIMATION
LTCH21-C0002,LTCH21,False,LONG,2021-01-04T20:26:02.498000Z,2021-01-05T18:21:43.039000Z,78940.541,7,532,0,1,9,7,NONE,FULL_CLOSE,09053c1a-a00e-8ce6-6253-385ea4de05a7,3127d504-15e6-ec50-53af-86f321bb9b6f,18,0,-3054000.000000000000000000001,0,0,120338,0,,AGGREGATE_ONLY_NOT_ALIGNED,XBT,,HIGH,HIGH,MEDIUM,MEDIUM,MEDIUM,MEDIUM,MEDIUM,LTCH21-C0002,BEHAVIORAL_APPROXIMATION
ETHUSD-C0088,ETHUSD,False,SHORT,2021-01-05T05:25:56.383000Z,2021-01-05T19:40:08.219000Z,51251.836,-25,20220,0,1,62,77,NONE,FULL_CLOSE,39d9a192-029b-b632-4938-5d7f63b7c0a9,e0a2b850-555f-60fe-4c35-e882ef89a6c0,141,1,-85687430.00000000000000000003,0,0,1379697,-3829372,,AGGREGATE_ONLY_NOT_ALIGNED,XBT,,HIGH,HIGH,MEDIUM,MEDIUM,MEDIUM,MEDIUM,MEDIUM,ETHUSD-C0088,BEHAVIORAL_APPROXIMATION
XBTUSD-C0214,XBTUSD,True,LONG,2021-01-05T18:43:07.595000Z,2021-01-05T19:05:33.019000Z,1345.424,11555,11555,0,1,0,2,NONE,FULL_CLOSE,4b1694f0-018d-9a4d-6f5c-e0fb6a63a67a,c71a2831-d1db-832f-aade-76487f4d3333,4,0,69330,0,0,51857,0,,AGGREGATE_ONLY_NOT_ALIGNED,XBT,,HIGH,HIGH,MEDIUM,MEDIUM,MEDIUM,MEDIUM,MEDIUM,XBTUSD-C0214,BEHAVIORAL_APPROXIMATION
XBTUSD-C0215,XBTUSD,True,LONG,2021-01-06T05:46:47.662000Z,2021-01-06T07:45:48.465000Z,7140.803,112000,112000,0,1,0,0,NONE,FULL_CLOSE,d44d7303-596d-fd6f-3097-b740087d3bba,58721da4-3e02-53d0-c8c6-9e7e1dcf5244,2,0,-3136000,0,0,482832,0,,AGGREGATE_ONLY_NOT_ALIGNED,XBT,,HIGH,HIGH,HIGH,MEDIUM,MEDIUM,MEDIUM,MEDIUM,XBTUSD-C0215,BEHAVIORAL_APPROXIMATION
XBTUSD-C0216,XBTUSD,True,LONG,2021-01-06T07:49:25.966000Z,2021-01-06T19:34:50.621000Z,42324.655,15000,132000,0,1,28,5,NONE,FULL_CLOSE,46c3f924-d92b-c199-723f-04b5ab0b5fd5,e8a558a0-b485-264e-d12d-09c8099cc647,35,1,9789953.000000000000000000000,0,0,493886,269421,,AGGREGATE_ONLY_NOT_ALIGNED,XBT,,HIGH,HIGH,MEDIUM,MEDIUM,MEDIUM,MEDIUM,MEDIUM,XBTUSD-C0216,BEHAVIORAL_APPROXIMATION
LTCUSD-C0024,LTCUSD,False,LONG,2021-01-06T16:15:33.762000Z,2021-01-06T19:50:33.819000Z,12900.057,4845,44444,0,1,17,17,NONE,FULL_CLOSE,0f4f9eeb-abef-d3b3-26bd-74f6b3c104bb,deced3ec-ef6c-1303-819d-63783b9c5712,36,0,-40829899.99999999999999999999,0,0,2175373,0,,AGGREGATE_ONLY_NOT_ALIGNED,XBT,,HIGH,HIGH,MEDIUM,MEDIUM,MEDIUM,MEDIUM,MEDIUM,LTCUSD-C0024,BEHAVIORAL_APPROXIMATION
ETHUSD-C0089,ETHUSD,False,SHORT,2021-01-06T18:29:09.414000Z,2021-01-06T19:04:41.610000Z,2132.196,-125,7044,0,1,12,3,NONE,FULL_CLOSE,2a779d24-abc3-b380-2a08-128ede3efbad,62af2416-34d3-f891-6b68-356b721d141b,17,0,-10700650.00000000000000000000,0,0,1268228,0,,AGGREGATE_ONLY_NOT_ALIGNED,XBT,,HIGH,HIGH,MEDIUM,MEDIUM,MEDIUM,MEDIUM,MEDIUM,ETHUSD-C0089,BEHAVIORAL_APPROXIMATION
ETHH21-C0002,ETHH21,False,SHORT,2021-01-06T18:57:18.364000Z,2021-01-06T20:08:19.745000Z,4261.381,-1,44,0,1,6,0,NONE,FULL_CLOSE,4b6488dd-5dda-4ecb-9bc6-f5bf69ae2cfe,a17def4e-0667-c6e5-61f8-bcca9b40b968,8,0,3932000,0,0,148454,0,,AGGREGATE_ONLY_NOT_ALIGNED,XBT,,HIGH,HIGH,MEDIUM,MEDIUM,MEDIUM,MEDIUM,MEDIUM,ETHH21-C0002,BEHAVIORAL_APPROXIMATION
ETHUSD-C0090,ETHUSD,False,SHORT,2021-01-06T19:48:56.047000Z,2021-01-06T20:03:46.621000Z,890.574,-50,22599,0,1,74,95,NONE,FULL_CLOSE,01be7a96-bcb5-6879-ef66-8aa09ab616bd,dd79181a-649d-6c8c-b8a8-0467ba34dacf,171,1,39433914.99999999999999999992,0,0,5315149,-3096530,,AGGREGATE_ONLY_NOT_ALIGNED,XBT,,HIGH,HIGH,MEDIUM,MEDIUM,MEDIUM,MEDIUM,MEDIUM,ETHUSD-C0090,BEHAVIORAL_APPROXIMATION
ETHUSD-C0091,ETHUSD,False,LONG,2021-01-06T20:04:03.596000Z,2021-01-06T20:17:31.535000Z,807.939,294,12555,0,1,91,111,NONE,FULL_CLOSE,06194018-fe77-8975-3ffa-df52a48ec4af,ffef01d7-44d2-6f3d-2a8f-d01be072f88a,204,0,12417235.00000000000000000000,0,0,3015917,0,,AGGREGATE_ONLY_NOT_ALIGNED,XBT,,HIGH,HIGH,MEDIUM,MEDIUM,MEDIUM,MEDIUM,MEDIUM,ETHUSD-C0091,BEHAVIORAL_APPROXIMATION
XBTUSD-C0217,XBTUSD,True,LONG,2021-01-06T20:04:24.564000Z,2021-01-06T20:19:05.852000Z,881.288,12000,12000,0,1,0,0,NONE,FULL_CLOSE,7a128f4c-e62b-32da-f3a0-b1c9fec9aec4,782dae71-9931-5bbb-4d62-7348afd3dbd0,2,0,336000,0,0,17226,0,,AGGREGATE_ONLY_NOT_ALIGNED,XBT,,HIGH,HIGH,HIGH,MEDIUM,MEDIUM,MEDIUM,MEDIUM,XBTUSD-C0217,BEHAVIORAL_APPROXIMATION
ETHUSD-C0092,ETHUSD,False,SHORT,2021-01-06T20:22:03.895000Z,2021-01-07T03:26:49.876000Z,25485.981,-3,17577,0,1,57,6,NONE,FULL_CLOSE,009bd1a6-a995-7264-6225-dcb0bba3e582,acf4ba8e-3cb2-87b4-f35d-e24be4fe88a5,65,0,-63859230.00000000000000000000,0,0,3156345,0,,AGGREGATE_ONLY_NOT_ALIGNED,XBT,,HIGH,HIGH,MEDIUM,MEDIUM,MEDIUM,MEDIUM,MEDIUM,ETHUSD-C0092,BEHAVIORAL_APPROXIMATION
LTCUSD-C0025,LTCUSD,False,LONG,2021-01-07T03:43:05.087000Z,2021-01-07T17:14:00.979000Z,48655.892,145,38000,0,1,166,38,NONE,FULL_CLOSE,656be2ec-642f-feb5-bf44-ce0ab4c228b5,fba44419-8331-3faf-4078-175f99214a53,206,2,-6952282.000000000000000000042,0,0,711541,3994865,,AGGREGATE_ONLY_NOT_ALIGNED,XBT,,HIGH,HIGH,MEDIUM,MEDIUM,MEDIUM,MEDIUM,MEDIUM,LTCUSD-C0025,BEHAVIORAL_APPROXIMATION
XBTUSD-C0218,XBTUSD,True,SHORT,2021-01-07T19:40:30.950000Z,2021-01-08T09:52:52.272000Z,51141.322,-12000,458000,0,1,65,36,NONE,FULL_CLOSE,742bdcbb-5f83-e1cd-9f13-416bc5bfcc01,eeddf3e9-918e-e8f2-4470-20a568d42643,103,2,-7802210.000000000000000000005,0,0,740147,-1235357,,AGGREGATE_ONLY_NOT_ALIGNED,XBT,,LOW,HIGH,MEDIUM,MEDIUM,MEDIUM,LOW,LOW,XBTUSD-C0218,BEHAVIORAL_APPROXIMATION
XBTUSD-C0219,XBTUSD,True,LONG,2021-01-08T10:37:00.960000Z,2021-01-08T20:48:08.997000Z,36668.037,40000,111111,0,1,6,4,NONE,FULL_CLOSE,04988605-e9cb-e216-9098-d085014538ef,d6cee87e-4832-d5a6-4f9f-f3847f70c795,12,2,-8999991,0,0,420747,372642,,AGGREGATE_ONLY_NOT_ALIGNED,XBT,,HIGH,HIGH,MEDIUM,MEDIUM,MEDIUM,MEDIUM,MEDIUM,XBTUSD-C0219,BEHAVIORAL_APPROXIMATION
XBTUSD-C0220,XBTUSD,True,LONG,2021-01-08T20:53:38.971000Z,2021-01-08T21:02:50.052000Z,551.081,15000,111111,0,1,14,7,NONE,FULL_CLOSE,1596d90e-d8e6-1984-b85c-a146e7888dd2,f282a0bd-8a2c-9a06-17cb-22c06bcdabf1,23,0,-5048352.000000000000000000000,0,0,427148,0,,AGGREGATE_ONLY_NOT_ALIGNED,XBT,,HIGH,HIGH,MEDIUM,MEDIUM,MEDIUM,MEDIUM,MEDIUM,XBTUSD-C0220,BEHAVIORAL_APPROXIMATION
XBTUSD-C0221,XBTUSD,True,LONG,2021-01-08T21:05:25.835000Z,2021-01-08T21:24:14.972000Z,1129.137,2000,555555,0,1,41,51,NONE,FULL_CLOSE,032ef387-ee55-4ffb-03fb-17d0895a32d7,6a73415f-d614-4eb1-9326-b9cea945e53d,94,0,14759752.00000000000000000000,0,0,2112066,0,,AGGREGATE_ONLY_NOT_ALIGNED,XBT,,HIGH,HIGH,MEDIUM,MEDIUM,MEDIUM,MEDIUM,MEDIUM,XBTUSD-C0221,BEHAVIORAL_APPROXIMATION
XBTUSD-C0222,XBTUSD,True,LONG,2021-01-08T21:54:56.796000Z,2021-01-08T22:04:01.725000Z,544.929,15555,15555,0,1,0,1,NONE,FULL_CLOSE,02505d00-d3a9-369f-e9d9-5aad74fdb913,b9abd330-067b-f8d5-0a45-425eea70c541,3,0,279990,0,0,58564,0,,AGGREGATE_ONLY_NOT_ALIGNED,XBT,,HIGH,HIGH,MEDIUM,MEDIUM,MEDIUM,MEDIUM,MEDIUM,XBTUSD-C0222,BEHAVIORAL_APPROXIMATION
XBTUSD-C0223,XBTUSD,True,LONG,2021-01-09T02:45:30.854000Z,2021-01-09T07:00:18.977000Z,15288.123,15555,62220,0,1,3,9,NONE,FULL_CLOSE,9692e857-e401-4ad6-8317-f0b5752b5118,f69b53c0-6a1b-b3d2-f6b7-e88767c803b5,14,1,-1586610.0,0,0,80503,39820,,AGGREGATE_ONLY_NOT_ALIGNED,XBT,,HIGH,HIGH,MEDIUM,MEDIUM,MEDIUM,MEDIUM,MEDIUM,XBTUSD-C0223,BEHAVIORAL_APPROXIMATION
TRXH21-C0005,TRXH21,False,LONG,2021-01-09T09:02:55.717000Z,2021-01-10T18:27:03.778000Z,120248.061,100000,3417889,0,1,16,190,NONE,FULL_CLOSE,0e87a826-8c4b-2eb0-d808-ac3840e8ee61,db51b801-f281-a6c4-1bde-0e0920eeac05,208,0,18477867,0,0,117306,0,,AGGREGATE_ONLY_NOT_ALIGNED,XBT,,HIGH,HIGH,MEDIUM,MEDIUM,MEDIUM,MEDIUM,MEDIUM,TRXH21-C0005,BEHAVIORAL_APPROXIMATION
XBTUSD-C0224,XBTUSD,True,LONG,2021-01-09T18:07:50.841000Z,2021-01-10T18:28:25.046000Z,87634.205,3979,171997,0,1,7,20,NONE,FULL_CLOSE,3f02c9a2-1e05-a05c-fecd-7459c7d4d424,e8ad2690-15e2-66d5-5394-2638084af7df,29,3,-7789291.999999999999999999999,0,0,335715,121348,,AGGREGATE_ONLY_NOT_ALIGNED,XBT,,HIGH,HIGH,MEDIUM,MEDIUM,MEDIUM,MEDIUM,MEDIUM,XBTUSD-C0224,BEHAVIORAL_APPROXIMATION
LTCH21-C0003,LTCH21,False,LONG,2021-01-09T23:41:01.417000Z,2021-01-10T18:27:17.686000Z,67576.269,1,555,0,1,84,14,NONE,FULL_CLOSE,472cf1e4-2150-dccb-791c-61ded211c838,f88bb28a-5ba6-a15a-e104-460a013ad6c9,100,0,-2083500,0,0,116616,0,,AGGREGATE_ONLY_NOT_ALIGNED,XBT,,HIGH,HIGH,MEDIUM,MEDIUM,MEDIUM,MEDIUM,MEDIUM,LTCH21-C0003,BEHAVIORAL_APPROXIMATION
LTCUSD-C0026,LTCUSD,False,LONG,2021-01-10T00:14:53.140000Z,2021-01-10T17:40:20.994000Z,62727.854,200,22222,0,1,11,47,NONE,FULL_CLOSE,0e45f35b-7ead-2c71-57be-ea5ed674d1cd,fe2e00ce-a224-2dea-88cb-a9d08fd46a29,60,2,-68410931.99999999999999999987,0,0,1107150,4167171,,AGGREGATE_ONLY_NOT_ALIGNED,XBT,,HIGH,HIGH,MEDIUM,MEDIUM,MEDIUM,MEDIUM,MEDIUM,LTCUSD-C0026,BEHAVIORAL_APPROXIMATION
XBTUSD-C0225,XBTUSD,True,LONG,2021-01-10T19:59:08.444000Z,2021-01-10T20:53:26.744000Z,3258.3,15129,354440,0,1,8,20,NONE,FULL_CLOSE,f5facc02-5f7b-8629-9dcc-8a69f2000601,f6cef274-0c0b-b767-98f4-07bc88026049,30,1,45912538.00000000000000000000,0,0,461893,65625,,AGGREGATE_ONLY_NOT_ALIGNED,XBT,,HIGH,HIGH,MEDIUM,MEDIUM,MEDIUM,MEDIUM,MEDIUM,XBTUSD-C0225,BEHAVIORAL_APPROXIMATION
XBTUSD-C0226,XBTUSD,True,SHORT,2021-01-10T21:05:41.216000Z,2021-01-11T00:02:00.843000Z,10579.627,-30000,251110,0,1,17,16,NONE,FULL_CLOSE,8a2f6a7e-bfc7-90cd-beb2-5f973c06ecf9,e4a95bf7-159b-f8f5-3963-40ee68c20043,35,0,10086580.00000000000000000000,0,0,830710,0,,AGGREGATE_ONLY_NOT_ALIGNED,XBT,,HIGH,HIGH,MEDIUM,MEDIUM,MEDIUM,MEDIUM,MEDIUM,XBTUSD-C0226,BEHAVIORAL_APPROXIMATION
XBTUSD-C0227,XBTUSD,True,LONG,2021-01-11T00:20:35.232000Z,2021-01-11T00:43:21.256000Z,1366.024,6,95555,0,1,17,0,NONE,FULL_CLOSE,1bde59c7-6fe5-d421-b049-68900466bdcd,84839055-b73b-a054-4fd7-e4e516f340ba,19,0,-2866650,0,0,380968,0,,AGGREGATE_ONLY_NOT_ALIGNED,XBT,,HIGH,HIGH,MEDIUM,MEDIUM,MEDIUM,MEDIUM,MEDIUM,XBTUSD-C0227,BEHAVIORAL_APPROXIMATION
XBTUSD-C0228,XBTUSD,True,LONG,2021-01-11T00:45:16.855000Z,2021-01-11T04:18:35.709000Z,12798.854,22222,855547,0,1,47,58,NONE,FULL_CLOSE,0de3287f-eaad-1021-7c93-4bd7842e6990,f8858e9f-62df-a770-6bbf-807eca500c22,107,1,19977571.00000000000000000000,0,0,567993,1020537,,AGGREGATE_ONLY_NOT_ALIGNED,XBT,,HIGH,HIGH,MEDIUM,MEDIUM,MEDIUM,MEDIUM,MEDIUM,XBTUSD-C0228,BEHAVIORAL_APPROXIMATION
XBTUSD-C0229,XBTUSD,True,LONG,2021-01-11T04:21:52.312000Z,2021-01-11T17:39:14.847000Z,47842.535,1563,815546,0,1,122,224,NONE,FULL_CLOSE,dbd8486d-a0e6-b7a2-8f0d-b4ea08969ddf,ee24dc90-63ac-e040-14fb-97ed981d8787,348,1,-20234120.99999999999999999999,0,0,4271528,1500349,,AGGREGATE_ONLY_NOT_ALIGNED,XBT,,HIGH,HIGH,MEDIUM,MEDIUM,MEDIUM,MEDIUM,MEDIUM,XBTUSD-C0229,BEHAVIORAL_APPROXIMATION
XBTUSD-C0230,XBTUSD,True,LONG,2021-01-11T17:45:09.951000Z,2021-01-11T18:50:15.642000Z,3905.691,15555,72220,0,1,4,6,NONE,FULL_CLOSE,fef0668b-42f5-6fcd-d0f2-29015c04b4fd,eb8d34cf-5bd9-74cc-6af5-7690d2e8bb13,12,0,4482090.000000000000000000001,0,0,107749,0,,AGGREGATE_ONLY_NOT_ALIGNED,XBT,,HIGH,HIGH,MEDIUM,MEDIUM,MEDIUM,MEDIUM,MEDIUM,XBTUSD-C0230,BEHAVIORAL_APPROXIMATION
XBTUSD-C0231,XBTUSD,True,LONG,2021-01-11T18:51:57.740000Z,2021-01-12T06:31:16.083000Z,41958.343,1200,457770,-1633,1,49,55,NONE,FLIP,1b552e23-0905-3082-3020-8879623038a2,a7c4c1ed-c93c-7a7f-d32a-286fa224515f,106,2,127875987.9999999999999999999,0,0,-189452,2234060,,AGGREGATE_ONLY_NOT_ALIGNED,XBT,,HIGH,HIGH,MEDIUM,MEDIUM,MEDIUM,MEDIUM,MEDIUM,"XBTUSD-C0231,XBTUSD-C0232",BEHAVIORAL_APPROXIMATION
YFIUSDTH21-C0003,YFIUSDTH21,False,LONG,2021-01-12T03:44:21.173000Z,2021-01-15T02:40:28.409000Z,255367.236,33,143,0,1,10,0,NONE,FULL_CLOSE,fb9556d6-7b81-787e-a141-20d8e0ab77ec,b5eee650-5429-089c-d023-eaac5a1cfee3,12,0,5966675,0,0,-13162,0,,AGGREGATE_ONLY_NOT_ALIGNED,XBT,,HIGH,HIGH,MEDIUM,MEDIUM,MEDIUM,MEDIUM,MEDIUM,YFIUSDTH21-C0003,BEHAVIORAL_APPROXIMATION
XBTUSD-C0232,XBTUSD,True,SHORT,2021-01-12T06:31:16.083000Z,2021-01-12T12:54:19.805000Z,22983.722,-1633,231110,0,1,18,37,XBTUSD-C0231,FULL_CLOSE,a7c4c1ed-c93c-7a7f-d32a-286fa224515f,f50a9478-ec8a-88c2-c2f4-cc8dc7ae6856,57,1,12135480.99999999999999999999,0,0,457269,-17898,,AGGREGATE_ONLY_NOT_ALIGNED,XBT,,HIGH,HIGH,MEDIUM,MEDIUM,MEDIUM,MEDIUM,MEDIUM,XBTUSD-C0232,BEHAVIORAL_APPROXIMATION
XBTUSD-C0233,XBTUSD,True,LONG,2021-01-12T13:25:08.247000Z,2021-01-13T05:26:51.545000Z,57703.298,22182,1152912,0,1,103,135,NONE,FULL_CLOSE,b726e3cf-3e41-8977-0262-768c8b3ed43f,e6860830-5019-2cbc-0dee-240903f9ea69,240,2,16847702.99999999999999999996,0,0,5834825,1007380,,AGGREGATE_ONLY_NOT_ALIGNED,XBT,,HIGH,HIGH,MEDIUM,MEDIUM,MEDIUM,MEDIUM,MEDIUM,XBTUSD-C0233,BEHAVIORAL_APPROXIMATION
XBTUSD-C0234,XBTUSD,True,LONG,2021-01-13T05:27:50.940000Z,2021-01-13T05:37:35.582000Z,584.642,108163,282016,0,1,12,11,NONE,FULL_CLOSE,21a1252f-ba8c-d18f-6102-51a7f76a5981,d6179d9e-292f-6d87-5cf9-2e35b32143fc,25,0,4641733,0,0,1277846,0,,AGGREGATE_ONLY_NOT_ALIGNED,XBT,,HIGH,HIGH,MEDIUM,MEDIUM,MEDIUM,MEDIUM,MEDIUM,XBTUSD-C0234,BEHAVIORAL_APPROXIMATION
XBTUSD-C0235,XBTUSD,True,LONG,2021-01-13T05:53:40.164000Z,2021-01-13T21:51:43.903000Z,57483.739,5008,679016,-4528,1,41,55,NONE,FLIP,4ef0dc2e-0dae-447b-1034-53e9ced493a8,434faac5-6654-8915-a559-b254be3828e9,98,2,167704762.0000000000000000000,0,0,1175592,783843,,AGGREGATE_ONLY_NOT_ALIGNED,XBT,,HIGH,HIGH,MEDIUM,MEDIUM,MEDIUM,MEDIUM,MEDIUM,"XBTUSD-C0235,XBTUSD-C0236",BEHAVIORAL_APPROXIMATION
LTCUSD-C0027,LTCUSD,False,LONG,2021-01-13T06:55:17.834000Z,2021-01-14T01:21:09.303000Z,66351.469,100,600,0,1,2,1,NONE,FULL_CLOSE,589c1fcb-20f4-63d7-f034-2f7a0d6ec706,459b4fe5-9ba2-8fa3-155d-01073901adcb,5,2,1272000,0,0,17109,47580,,AGGREGATE_ONLY_NOT_ALIGNED,XBT,,HIGH,HIGH,MEDIUM,MEDIUM,MEDIUM,MEDIUM,MEDIUM,LTCUSD-C0027,BEHAVIORAL_APPROXIMATION
XBTUSD-C0236,XBTUSD,True,SHORT,2021-01-13T21:51:43.903000Z,2021-01-15T06:11:54.905000Z,116411.002,-4528,1088298,0,1,386,283,XBTUSD-C0235,FULL_CLOSE,434faac5-6654-8915-a559-b254be3828e9,f986d92a-d043-1baf-1236-3e1a40e43506,671,4,65081323.99999999999999999994,0,0,8869194,-3690480,,AGGREGATE_ONLY_NOT_ALIGNED,XBT,,HIGH,HIGH,MEDIUM,MEDIUM,MEDIUM,MEDIUM,MEDIUM,XBTUSD-C0236,BEHAVIORAL_APPROXIMATION
DOTUSDTH21-C0001,DOTUSDTH21,False,LONG,2021-01-13T22:27:28.708000Z,2021-01-15T01:55:37.028000Z,98888.32,10,31,0,1,3,1,NONE,FULL_CLOSE,1489c813-7c55-32fb-66c4-aa325a5b6df5,938d979b-9598-fd0b-7293-8a9288695dc1,6,0,1231120.000000000000000000000,0,0,4038,0,,AGGREGATE_ONLY_NOT_ALIGNED,XBT,,HIGH,HIGH,MEDIUM,MEDIUM,MEDIUM,MEDIUM,MEDIUM,DOTUSDTH21-C0001,BEHAVIORAL_APPROXIMATION
LTCH21-C0004,LTCH21,False,LONG,2021-01-13T23:22:17.532000Z,2021-01-15T04:14:09.911000Z,103912.379,60,791,0,1,30,13,NONE,FULL_CLOSE,8d22addf-c770-3f8f-adb1-04af09f37259,cba2ec71-4f72-b2ef-667f-45b045d383a3,45,0,-5277499.999999999999999999999,0,0,11189,0,,AGGREGATE_ONLY_NOT_ALIGNED,XBT,,HIGH,HIGH,MEDIUM,MEDIUM,MEDIUM,MEDIUM,MEDIUM,LTCH21-C0004,BEHAVIORAL_APPROXIMATION
LTCUSD-C0028,LTCUSD,False,LONG,2021-01-14T13:49:36.694000Z,2021-01-14T22:28:38.713000Z,31142.019,1300,7800,0,1,20,28,NONE,FULL_CLOSE,ffc1e13c-2c71-ecb1-089b-23dc95c1b85e,459375fc-43fe-3466-62ef-bdb975e02cb8,50,1,-4862225.999999999999999999998,0,0,271112,476645,,AGGREGATE_ONLY_NOT_ALIGNED,XBT,,HIGH,HIGH,MEDIUM,MEDIUM,MEDIUM,MEDIUM,MEDIUM,LTCUSD-C0028,BEHAVIORAL_APPROXIMATION
LTCUSD-C0029,LTCUSD,False,SHORT,2021-01-14T22:50:47.463000Z,2021-01-15T01:56:03.761000Z,11116.298,-333,333,0,1,0,2,NONE,FULL_CLOSE,6a9f81ca-7d0e-2425-d9e0-00eeca9df3b2,7c86d130-a51c-3412-8036-ded2de0f5267,4,0,-147350,0,0,5107,0,,AGGREGATE_ONLY_NOT_ALIGNED,XBT,,HIGH,HIGH,MEDIUM,MEDIUM,MEDIUM,MEDIUM,MEDIUM,LTCUSD-C0029,BEHAVIORAL_APPROXIMATION
XBTUSD-C0237,XBTUSD,True,SHORT,2021-01-15T06:15:16.128000Z,2021-01-15T12:41:39.739000Z,23183.611,-35558,710247,0,1,65,100,NONE,FULL_CLOSE,152769be-d609-7553-9ca1-6676732bea1e,455ce9af-52c7-dfba-f7ce-b278ee6d6c0a,167,1,25143562.99999999999999999997,0,0,1993784,-778372,,AGGREGATE_ONLY_NOT_ALIGNED,XBT,,HIGH,HIGH,MEDIUM,MEDIUM,MEDIUM,MEDIUM,MEDIUM,XBTUSD-C0237,BEHAVIORAL_APPROXIMATION
ETHH21-C0003,ETHH21,False,LONG,2021-01-15T07:48:59.447000Z,2021-01-17T10:01:39.690000Z,180760.243,10,386,0,1,70,25,NONE,FULL_CLOSE,3058e7d1-8fc2-897f-e8fe-99d5ef4db2f3,a55f4e57-6720-d8f4-7564-d71d766b4db7,97,0,36952000.00000000000000000000,0,0,201219,0,,AGGREGATE_ONLY_NOT_ALIGNED,XBT,,HIGH,HIGH,MEDIUM,MEDIUM,MEDIUM,MEDIUM,MEDIUM,ETHH21-C0003,BEHAVIORAL_APPROXIMATION
TRXH21-C0006,TRXH21,False,LONG,2021-01-15T10:23:50.592000Z,2021-01-26T14:45:59.363000Z,966128.771,1000000,4500000,0,1,24,330,NONE,FULL_CLOSE,d3df081d-f7a7-09ee-a944-11c2f2d83faf,44e3eb09-e8c0-b6b4-ebf6-3e846ba05e83,356,0,23405951.99999999999999999998,0,0,530250,0,,AGGREGATE_ONLY_NOT_ALIGNED,XBT,,HIGH,HIGH,MEDIUM,MEDIUM,MEDIUM,MEDIUM,MEDIUM,TRXH21-C0006,BEHAVIORAL_APPROXIMATION
XBTUSD-C0238,XBTUSD,True,SHORT,2021-01-15T13:05:57.734000Z,2021-01-15T14:25:02.481000Z,4744.747,-11537,11537,0,1,0,0,NONE,FULL_CLOSE,6907134d-fc15-e492-c9c8-feaad9ba0a55,9277932e-ee4f-9143-372f-bf6024e17444,2,0,565313,0,0,15647,0,,AGGREGATE_ONLY_NOT_ALIGNED,XBT,,HIGH,HIGH,MEDIUM,MEDIUM,MEDIUM,MEDIUM,MEDIUM,XBTUSD-C0238,BEHAVIORAL_APPROXIMATION
XBTUSD-C0239,XBTUSD,True,LONG,2021-01-15T14:25:04.799000Z,2021-01-15T16:27:39.983000Z,7355.184,2000,1788807,-13330,1,110,152,NONE,FLIP,1287c332-3162-b0c6-693a-d29ac8113610,83d91714-b1d7-7248-0d09-17e24e9d4cd4,264,0,-69264880.99999999999999999998,0,0,6321059,0,,AGGREGATE_ONLY_NOT_ALIGNED,XBT,,HIGH,HIGH,MEDIUM,MEDIUM,MEDIUM,MEDIUM,MEDIUM,"XBTUSD-C0239,XBTUSD-C0240",BEHAVIORAL_APPROXIMATION
XBTUSD-C0240,XBTUSD,True,SHORT,2021-01-15T16:27:39.983000Z,2021-01-15T17:13:22.666000Z,2742.683,-13330,1041933,65363,1,47,62,XBTUSD-C0239,FLIP,83d91714-b1d7-7248-0d09-17e24e9d4cd4,2b23450c-04db-4d16-e892-817ca7947dad,111,0,45033674.00000000000000000003,0,0,1900176,0,,AGGREGATE_ONLY_NOT_ALIGNED,XBT,,HIGH,HIGH,MEDIUM,MEDIUM,MEDIUM,MEDIUM,MEDIUM,"XBTUSD-C0240,XBTUSD-C0241",BEHAVIORAL_APPROXIMATION
XBTUSD-C0241,XBTUSD,True,LONG,2021-01-15T17:13:22.666000Z,2021-01-15T22:41:59.762000Z,19717.096,65363,3110714,0,1,683,611,XBTUSD-C0240,FULL_CLOSE,2b23450c-04db-4d16-e892-817ca7947dad,e0504500-fe91-2d52-9629-9c04f92a57d2,1296,1,237099240.0000000000000000008,0,0,17621168,1734209,,AGGREGATE_ONLY_NOT_ALIGNED,XBT,,HIGH,HIGH,MEDIUM,MEDIUM,MEDIUM,MEDIUM,MEDIUM,XBTUSD-C0241,BEHAVIORAL_APPROXIMATION
LTCUSD-C0030,LTCUSD,False,LONG,2021-01-15T19:31:55.088000Z,2021-01-16T00:40:13.814000Z,18498.726,1300,6100,0,1,22,21,NONE,FULL_CLOSE,3798ff62-28c6-e526-4e06-c5fbcd82bd29,fb7ccc65-7af1-fffd-73f4-03d74218826f,45,1,6921940.000000000000000000004,0,0,107052,190953,,AGGREGATE_ONLY_NOT_ALIGNED,XBT,,HIGH,HIGH,MEDIUM,MEDIUM,MEDIUM,MEDIUM,MEDIUM,LTCUSD-C0030,BEHAVIORAL_APPROXIMATION
XBTUSD-C0242,XBTUSD,True,LONG,2021-01-15T22:43:07.197000Z,2021-01-15T23:32:55.494000Z,2988.297,1,1973196,-18136,1,181,120,NONE,FLIP,00f10539-fc90-0095-f178-2a3d22d9470a,5486ad38-9814-c0dc-6524-b8aa3803fe01,303,0,21600467.00000000000000000000,0,0,831657,0,,AGGREGATE_ONLY_NOT_ALIGNED,XBT,,HIGH,HIGH,MEDIUM,MEDIUM,MEDIUM,MEDIUM,MEDIUM,"XBTUSD-C0242,XBTUSD-C0243",BEHAVIORAL_APPROXIMATION
XBTUSD-C0243,XBTUSD,True,SHORT,2021-01-15T23:32:55.494000Z,2021-01-15T23:35:21.664000Z,146.17,-18136,323475,46524,1,5,19,XBTUSD-C0242,FLIP,5486ad38-9814-c0dc-6524-b8aa3803fe01,e8e08ecc-31d3-b1fa-15a3-fcd591eec611,26,0,366001.9999999999999999999999,0,0,549011,0,,AGGREGATE_ONLY_NOT_ALIGNED,XBT,,HIGH,HIGH,MEDIUM,MEDIUM,MEDIUM,MEDIUM,MEDIUM,"XBTUSD-C0243,XBTUSD-C0244",BEHAVIORAL_APPROXIMATION
XBTUSD-C0244,XBTUSD,True,LONG,2021-01-15T23:35:21.664000Z,2021-01-15T23:44:51.438000Z,569.774,46524,76809,-76809,1,0,7,XBTUSD-C0243,FLIP,e8e08ecc-31d3-b1fa-15a3-fcd591eec611,5b846aff-a43f-6b7c-9adf-f7c79a0d7e3a,9,0,511764,0,0,-83738,0,,AGGREGATE_ONLY_NOT_ALIGNED,XBT,,HIGH,HIGH,MEDIUM,MEDIUM,MEDIUM,MEDIUM,MEDIUM,"XBTUSD-C0244,XBTUSD-C0245",BEHAVIORAL_APPROXIMATION
XBTUSD-C0245,XBTUSD,True,SHORT,2021-01-15T23:44:51.438000Z,2021-01-15T23:52:37.818000Z,466.38,-76809,76809,46524,1,0,13,XBTUSD-C0244,FLIP,5b846aff-a43f-6b7c-9adf-f7c79a0d7e3a,74921577-4a96-76a9-595b-9224170b7a7f,15,0,537663,0,0,-83952,0,,AGGREGATE_ONLY_NOT_ALIGNED,XBT,,HIGH,HIGH,MEDIUM,MEDIUM,MEDIUM,MEDIUM,MEDIUM,"XBTUSD-C0245,XBTUSD-C0246",BEHAVIORAL_APPROXIMATION
XBTUSD-C0246,XBTUSD,True,LONG,2021-01-15T23:52:37.818000Z,2021-01-16T00:15:49.998000Z,1392.18,46524,293190,0,1,3,4,XBTUSD-C0245,FULL_CLOSE,74921577-4a96-76a9-595b-9224170b7a7f,92dec59e-e479-ac4f-61ac-1cc7ca856d97,9,0,11387886.00000000000000000000,0,0,91652,0,,AGGREGATE_ONLY_NOT_ALIGNED,XBT,,HIGH,HIGH,MEDIUM,MEDIUM,MEDIUM,MEDIUM,MEDIUM,XBTUSD-C0246,BEHAVIORAL_APPROXIMATION
XBTUSD-C0247,XBTUSD,True,SHORT,2021-01-16T00:38:36.967000Z,2021-01-16T02:50:06.378000Z,7889.411,-23333,233330,0,1,14,18,NONE,FULL_CLOSE,1a237a24-d015-540d-a4ba-08cc3d31cc36,e4d34233-1aca-879b-527e-49d7221dacb4,34,0,9696963.0,0,0,154566,0,,AGGREGATE_ONLY_NOT_ALIGNED,XBT,,HIGH,HIGH,MEDIUM,MEDIUM,MEDIUM,MEDIUM,MEDIUM,XBTUSD-C0247,BEHAVIORAL_APPROXIMATION
LTCUSD-C0031,LTCUSD,False,LONG,2021-01-16T02:19:39.887000Z,2021-01-17T09:17:34.565000Z,111474.678,4,6700,0,1,17,15,NONE,FULL_CLOSE,d9926295-0158-e6b0-a5ee-9a42bbc9f454,ff11471a-fe87-8622-51f8-c997a9e4ea64,34,4,-1969305.999999999999999999997,0,0,115246,143041,,AGGREGATE_ONLY_NOT_ALIGNED,XBT,,HIGH,HIGH,MEDIUM,MEDIUM,MEDIUM,MEDIUM,MEDIUM,LTCUSD-C0031,BEHAVIORAL_APPROXIMATION
XBTUSD-C0248,XBTUSD,True,LONG,2021-01-16T02:52:08.822000Z,2021-01-16T08:35:06.542000Z,20577.72,42222,309554,-15554,1,41,49,NONE,FLIP,6a7de98e-3d2e-f5e6-8243-1adb53b1f2ff,f2afb0d5-3f29-79f4-034e-2bce443e8b49,92,1,18624151.00000000000000000000,0,0,-191617,82999,,AGGREGATE_ONLY_NOT_ALIGNED,XBT,,HIGH,HIGH,MEDIUM,MEDIUM,MEDIUM,MEDIUM,MEDIUM,"XBTUSD-C0248,XBTUSD-C0249",BEHAVIORAL_APPROXIMATION
XBTUSD-C0249,XBTUSD,True,SHORT,2021-01-16T08:35:06.542000Z,2021-01-16T19:02:29.875000Z,37643.333,-15554,527327,13781,1,35,36,XBTUSD-C0248,FLIP,f2afb0d5-3f29-79f4-034e-2bce443e8b49,355ce582-be7f-7ad8-b3f8-e0b305cdfd40,73,1,39849496.00000000000000000003,0,0,-370263,-133515,,AGGREGATE_ONLY_NOT_ALIGNED,XBT,,HIGH,HIGH,MEDIUM,MEDIUM,MEDIUM,MEDIUM,MEDIUM,"XBTUSD-C0249,XBTUSD-C0250",BEHAVIORAL_APPROXIMATION
XBTUSD-C0250,XBTUSD,True,LONG,2021-01-16T19:02:29.875000Z,2021-01-17T06:05:39.558000Z,39789.683,13781,1813875,0,1,242,299,XBTUSD-C0249,FULL_CLOSE,355ce582-be7f-7ad8-b3f8-e0b305cdfd40,b5018db1-2538-2d36-08aa-9deceb61f47a,543,2,-92397150.99999999999999999996,0,0,12260583,765618,,AGGREGATE_ONLY_NOT_ALIGNED,XBT,,HIGH,HIGH,MEDIUM,MEDIUM,MEDIUM,MEDIUM,MEDIUM,XBTUSD-C0250,BEHAVIORAL_APPROXIMATION
XBTUSD-C0251,XBTUSD,True,LONG,2021-01-17T06:11:40.492000Z,2021-01-17T06:15:51.582000Z,251.09,25000,124222,0,1,8,6,NONE,FULL_CLOSE,0867ecf7-b29e-26b8-ec5f-707356add1c0,e940c19a-a236-5947-7470-cdaa41eb5486,16,0,-496888,0,0,522285,0,,AGGREGATE_ONLY_NOT_ALIGNED,XBT,,HIGH,HIGH,MEDIUM,MEDIUM,MEDIUM,MEDIUM,MEDIUM,XBTUSD-C0251,BEHAVIORAL_APPROXIMATION
XBTUSD-C0252,XBTUSD,True,LONG,2021-01-17T06:21:34.502000Z,2021-01-17T09:12:41.025000Z,10266.523,22222,2850290,0,1,358,584,NONE,FULL_CLOSE,4e875159-68cc-4fb4-a975-c996f432274e,fa82ed7f-f586-2609-894e-c068e125e9fb,944,0,-84769139.00000000000000000050,0,0,26000061,0,,AGGREGATE_ONLY_NOT_ALIGNED,XBT,,HIGH,HIGH,MEDIUM,MEDIUM,MEDIUM,MEDIUM,MEDIUM,XBTUSD-C0252,BEHAVIORAL_APPROXIMATION
XBTUSD-C0253,XBTUSD,True,LONG,2021-01-17T09:30:51.337000Z,2021-01-17T10:28:41.477000Z,3470.14,24222,1480664,0,1,63,111,NONE,FULL_CLOSE,6e1c31b4-9728-46d6-ff00-5ba8d61432b6,c8cca130-87c7-c4ff-6e7c-d2422d2d6918,176,0,27178185.00000000000000000000,0,0,4103289,0,,AGGREGATE_ONLY_NOT_ALIGNED,XBT,,HIGH,HIGH,MEDIUM,MEDIUM,MEDIUM,MEDIUM,MEDIUM,XBTUSD-C0253,BEHAVIORAL_APPROXIMATION
LTCUSD-C0032,LTCUSD,False,LONG,2021-01-17T09:31:04.622000Z,2021-01-19T12:05:15.932000Z,182051.31,300,900,0,1,2,5,NONE,FULL_CLOSE,57045da9-8b36-5bce-a10e-dc324ba7a410,f5cf85d7-8330-9a49-0e34-bd49b3250ab8,9,7,4622860,0,0,15919,505525,,AGGREGATE_ONLY_NOT_ALIGNED,XBT,,HIGH,HIGH,MEDIUM,MEDIUM,MEDIUM,MEDIUM,MEDIUM,LTCUSD-C0032,BEHAVIORAL_APPROXIMATION
XBTUSD-C0254,XBTUSD,True,SHORT,2021-01-17T12:27:32.607000Z,2021-01-17T14:00:56.150000Z,5603.543,-33,44444,0,1,12,21,NONE,FULL_CLOSE,0a3da99e-020f-e48f-644d-049e5f8bcf60,e2aa420d-bd57-8fb9-ff47-2193c9513551,35,0,1749981.999999999999999999998,0,0,189557,0,,AGGREGATE_ONLY_NOT_ALIGNED,XBT,,HIGH,HIGH,MEDIUM,MEDIUM,MEDIUM,MEDIUM,MEDIUM,XBTUSD-C0254,BEHAVIORAL_APPROXIMATION
XBTUSD-C0255,XBTUSD,True,LONG,2021-01-17T14:00:58.239000Z,2021-01-17T14:40:42.495000Z,2384.256,22222,88888,0,1,7,7,NONE,FULL_CLOSE,a5451b95-6708-5c9a-51dd-d8639e51abca,f2634871-e5ad-5e07-0311-7525b3522531,16,0,1644428.0,0,0,253518,0,,AGGREGATE_ONLY_NOT_ALIGNED,XBT,,HIGH,HIGH,MEDIUM,MEDIUM,MEDIUM,MEDIUM,MEDIUM,XBTUSD-C0255,BEHAVIORAL_APPROXIMATION
XBTUSD-C0256,XBTUSD,True,LONG,2021-01-17T14:59:56.470000Z,2021-01-17T15:06:33.964000Z,397.494,22222,44444,0,1,1,6,NONE,FULL_CLOSE,e4476216-83e3-ec57-aefe-6cdcdc68e459,d53b0fb2-73f7-ee7b-5ed6-0f1956f510fd,9,0,474307,0,0,127351,0,,AGGREGATE_ONLY_NOT_ALIGNED,XBT,,HIGH,HIGH,MEDIUM,MEDIUM,MEDIUM,MEDIUM,MEDIUM,XBTUSD-C0256,BEHAVIORAL_APPROXIMATION
YFIUSDTH21-C0004,YFIUSDTH21,False,LONG,2021-01-18T07:02:36.193000Z,2021-01-22T22:56:30.577000Z,402834.384,25,1427,0,1,53,2,NONE,FULL_CLOSE,263b3098-4fe7-296e-eef2-aa94e73dded7,caa01414-d8a3-8bd8-a96f-560cd0476de9,57,0,1263145.000000000000000000000,0,0,253472,0,,AGGREGATE_ONLY_NOT_ALIGNED,XBT,,HIGH,HIGH,MEDIUM,MEDIUM,MEDIUM,MEDIUM,MEDIUM,YFIUSDTH21-C0004,BEHAVIORAL_APPROXIMATION
XBTUSD-C0257,XBTUSD,True,SHORT,2021-01-18T12:06:37.022000Z,2021-01-18T17:53:04.345000Z,20787.323,-12222,91110,0,1,4,10,NONE,FULL_CLOSE,c3eb66e4-8a0b-0716-e197-b6797bff1358,d64f9502-3186-d15f-3d6b-2edeeb55ea36,16,0,10617211.00000000000000000000,0,0,130246,0,,AGGREGATE_ONLY_NOT_ALIGNED,XBT,,HIGH,HIGH,MEDIUM,MEDIUM,MEDIUM,MEDIUM,MEDIUM,XBTUSD-C0257,BEHAVIORAL_APPROXIMATION
XBTUSD-C0258,XBTUSD,True,SHORT,2021-01-18T23:22:12.610000Z,2021-01-20T10:48:35.690000Z,127583.08,-665,641104,0,1,41,46,NONE,FULL_CLOSE,164a0053-f042-ff48-599f-698f32343e0b,f2c09fca-5282-5c94-9e5a-080c2ba9f9c2,89,4,118376393.0000000000000000001,0,0,1233775,-4020914,,AGGREGATE_ONLY_NOT_ALIGNED,XBT,,HIGH,HIGH,MEDIUM,MEDIUM,MEDIUM,MEDIUM,MEDIUM,XBTUSD-C0258,BEHAVIORAL_APPROXIMATION
LTCH21-C0005,LTCH21,False,LONG,2021-01-18T23:28:56.431000Z,2021-01-26T16:28:44.163000Z,665987.732,25,761,0,1,65,54,NONE,FULL_CLOSE,16681e90-318e-a059-e6f1-ec13eda25b1e,ef98f453-3b46-d3d1-713e-e6ee9a7cb2d2,121,0,3985000.000000000000000000001,0,0,274042,0,,AGGREGATE_ONLY_NOT_ALIGNED,XBT,,HIGH,HIGH,MEDIUM,MEDIUM,MEDIUM,MEDIUM,MEDIUM,LTCH21-C0005,BEHAVIORAL_APPROXIMATION
ETHH21-C0004,ETHH21,False,LONG,2021-01-19T03:22:59.353000Z,2021-01-19T12:05:03.169000Z,31323.816,1,74,0,1,5,4,NONE,FULL_CLOSE,905a03d2-b2e4-ace4-7f3c-030180e03a9b,ec453e63-3f8d-410f-e470-a5090bc648cd,11,0,11048000.00000000000000000000,0,0,221291,0,,AGGREGATE_ONLY_NOT_ALIGNED,XBT,,HIGH,HIGH,MEDIUM,MEDIUM,MEDIUM,MEDIUM,MEDIUM,ETHH21-C0004,BEHAVIORAL_APPROXIMATION
BCHH21-C0001,BCHH21,False,LONG,2021-01-20T00:52:39.433000Z,2021-01-25T23:30:53.932000Z,513494.499,3,105,0,1,31,11,NONE,FULL_CLOSE,a6fc621e-6f59-49b3-1492-14aad0365667,e103dad4-a4db-75fb-507c-0e6b53f59756,44,0,-5962000,0,0,86325,0,,AGGREGATE_ONLY_NOT_ALIGNED,XBT,,HIGH,HIGH,MEDIUM,MEDIUM,MEDIUM,MEDIUM,MEDIUM,BCHH21-C0001,BEHAVIORAL_APPROXIMATION
LTCUSD-C0033,LTCUSD,False,LONG,2021-01-20T09:00:21.341000Z,2021-01-21T02:35:01.361000Z,63280.02,100,750,0,1,16,1,NONE,FULL_CLOSE,04fb73e4-b5a6-8c93-81db-4ac5190c95de,535445af-0948-8726-f90f-3e2099272a2f,19,2,-173202.0000000000000000000000,0,0,13812,95846,,AGGREGATE_ONLY_NOT_ALIGNED,XBT,,HIGH,HIGH,MEDIUM,MEDIUM,MEDIUM,MEDIUM,MEDIUM,LTCUSD-C0033,BEHAVIORAL_APPROXIMATION
XBTUSD-C0259,XBTUSD,True,LONG,2021-01-20T11:16:37.835000Z,2021-01-20T23:20:51.513000Z,43453.678,12222,604440,-16188,1,53,87,NONE,FLIP,c7dfd8c5-9280-b500-1657-d889305efe09,ae0a9cb7-f415-0f61-2f97-baa6b71e0a39,142,2,44298575.99999999999999999998,0,0,2972492,64795,,AGGREGATE_ONLY_NOT_ALIGNED,XBT,,HIGH,HIGH,MEDIUM,MEDIUM,MEDIUM,MEDIUM,MEDIUM,"XBTUSD-C0259,XBTUSD-C0260",BEHAVIORAL_APPROXIMATION
ETHH21-C0005,ETHH21,False,LONG,2021-01-20T12:02:09.498000Z,2021-01-21T02:09:23.539000Z,50834.041,31,33,0,1,1,5,NONE,FULL_CLOSE,7dee551c-8dbd-3bce-900b-2ed61031332d,e6fad123-ca8f-f079-0970-a4174ea00d37,8,0,5835000,0,0,65178,0,,AGGREGATE_ONLY_NOT_ALIGNED,XBT,,HIGH,HIGH,MEDIUM,MEDIUM,MEDIUM,MEDIUM,MEDIUM,ETHH21-C0005,BEHAVIORAL_APPROXIMATION
ETHUSD-C0093,ETHUSD,False,LONG,2021-01-20T12:21:59.273000Z,2021-01-20T14:40:09.358000Z,8290.085,44,2775,0,1,18,17,NONE,FULL_CLOSE,25cd1110-aa5e-c671-7849-461380dfe487,f6c3b01a-abb3-672e-421d-4d07f961c268,37,0,6229419.999999999999999999999,0,0,254269,0,,AGGREGATE_ONLY_NOT_ALIGNED,XBT,,HIGH,HIGH,MEDIUM,MEDIUM,MEDIUM,MEDIUM,MEDIUM,ETHUSD-C0093,BEHAVIORAL_APPROXIMATION
ETHUSD-C0094,ETHUSD,False,LONG,2021-01-20T16:00:38.834000Z,2021-01-21T00:28:26.740000Z,30467.906,555,1110,0,1,1,9,NONE,FULL_CLOSE,8383f369-aff8-8665-ceb4-ba3fad188ffc,ecc0bfe2-8ad7-5376-1c4c-f3b7f3ab6a65,12,1,12180590,0,0,78870,316672,,AGGREGATE_ONLY_NOT_ALIGNED,XBT,,HIGH,HIGH,MEDIUM,MEDIUM,MEDIUM,MEDIUM,MEDIUM,ETHUSD-C0094,BEHAVIORAL_APPROXIMATION
XBTUSD-C0260,XBTUSD,True,SHORT,2021-01-20T23:20:51.513000Z,2021-01-21T12:04:56.004000Z,45844.491,-16188,775074,18644,1,88,74,XBTUSD-C0259,FLIP,ae0a9cb7-f415-0f61-2f97-baa6b71e0a39,17abd20a-00e8-8402-fdae-3f4ec81c4289,164,2,121842860.0000000000000000002,0,0,5135998,-225138,,AGGREGATE_ONLY_NOT_ALIGNED,XBT,,HIGH,HIGH,MEDIUM,MEDIUM,MEDIUM,MEDIUM,MEDIUM,"XBTUSD-C0260,XBTUSD-C0261",BEHAVIORAL_APPROXIMATION
ETHUSD-C0095,ETHUSD,False,LONG,2021-01-21T02:38:00.906000Z,2021-01-22T05:44:16.907000Z,97576.001,10,28260,0,1,203,208,NONE,FULL_CLOSE,ae61235e-cf59-a4d0-84c5-5e08eae940c4,79074db9-a479-435b-4ddd-028778574db3,413,4,62284069.99999999999999999995,0,0,3293672,653088,,AGGREGATE_ONLY_NOT_ALIGNED,XBT,,HIGH,HIGH,MEDIUM,MEDIUM,MEDIUM,MEDIUM,MEDIUM,ETHUSD-C0095,BEHAVIORAL_APPROXIMATION
LTCUSD-C0034,LTCUSD,False,LONG,2021-01-21T08:50:40.679000Z,2021-02-14T10:26:12.535000Z,2079331.856,50,53479,0,1,510,516,NONE,FULL_CLOSE,3c641aaa-82dc-29ec-2790-c54cc0f205d2,f586cecc-da57-086b-3135-d0d9711db092,1028,72,447018653.9999999999999999992,0,0,440076,94917354,,AGGREGATE_ONLY_NOT_ALIGNED,XBT,,LOW,HIGH,MEDIUM,MEDIUM,MEDIUM,LOW,LOW,LTCUSD-C0034,BEHAVIORAL_APPROXIMATION
XBTUSD-C0261,XBTUSD,True,LONG,2021-01-21T12:04:56.004000Z,2021-01-22T05:44:03.347000Z,63547.343,18644,3429344,0,1,422,403,XBTUSD-C0260,FULL_CLOSE,17abd20a-00e8-8402-fdae-3f4ec81c4289,d88bc4bd-42ce-a44e-08a7-50ec269b2c19,827,2,90512665.99999999999999999992,0,0,15521566,248162,,AGGREGATE_ONLY_NOT_ALIGNED,XBT,,HIGH,HIGH,MEDIUM,MEDIUM,MEDIUM,MEDIUM,MEDIUM,XBTUSD-C0261,BEHAVIORAL_APPROXIMATION
ETHH21-C0006,ETHH21,False,LONG,2021-01-21T22:37:58.399000Z,2021-01-24T12:30:53.715000Z,222775.316,5,154,0,1,41,19,NONE,FULL_CLOSE,cf32bf27-7597-38d0-8460-63fdd96a0f13,dfe87d23-86f9-36e3-d5dd-2aa518d565de,62,0,65722999.99999999999999999999,0,0,463862,0,,AGGREGATE_ONLY_NOT_ALIGNED,XBT,,HIGH,HIGH,MEDIUM,MEDIUM,MEDIUM,MEDIUM,MEDIUM,ETHH21-C0006,BEHAVIORAL_APPROXIMATION
XBTUSD-C0262,XBTUSD,True,SHORT,2021-01-22T06:01:15.040000Z,2021-01-22T07:30:25.605000Z,5350.565,-366,355550,0,1,30,36,NONE,FULL_CLOSE,3868a11b-8315-7343-90a7-c169e8c23516,fdd53868-a651-40c0-a622-0a154d4e8dad,68,0,20177801.00000000000000000000,0,0,569865,0,,AGGREGATE_ONLY_NOT_ALIGNED,XBT,,HIGH,HIGH,MEDIUM,MEDIUM,MEDIUM,MEDIUM,MEDIUM,XBTUSD-C0262,BEHAVIORAL_APPROXIMATION
XBTUSD-C0263,XBTUSD,True,LONG,2021-01-22T07:34:42.605000Z,2021-01-24T13:01:58.355000Z,192435.75,29448,1691090,0,1,250,171,NONE,FULL_CLOSE,94d4e081-0f15-12cc-13e9-a51cb80dcb02,e61234f9-c4fe-dccd-703a-cfbbf92807ec,423,7,150702610.9999999999999999997,0,0,13089226,1199928,,AGGREGATE_ONLY_NOT_ALIGNED,XBT,,LOW,HIGH,MEDIUM,MEDIUM,MEDIUM,LOW,LOW,XBTUSD-C0263,BEHAVIORAL_APPROXIMATION
ETHUSD-C0096,ETHUSD,False,LONG,2021-01-22T07:41:10.176000Z,2021-01-24T12:12:21.594000Z,189071.418,2,14101,-115,1,86,36,NONE,FLIP,2bde907d-6358-1698-f5ed-da07d672352e,9bac5806-3d96-fd8d-78d0-5990c31e9994,124,7,170220950.0000000000000000002,0,0,2280868,9624836,,AGGREGATE_ONLY_NOT_ALIGNED,XBT,,HIGH,HIGH,MEDIUM,MEDIUM,MEDIUM,MEDIUM,MEDIUM,"ETHUSD-C0096,ETHUSD-C0097",BEHAVIORAL_APPROXIMATION
ETHUSD-C0097,ETHUSD,False,SHORT,2021-01-24T12:12:21.594000Z,2021-01-24T12:12:26.692000Z,5.098,-115,115,0,1,0,0,ETHUSD-C0096,FULL_CLOSE,9bac5806-3d96-fd8d-78d0-5990c31e9994,9b82a539-4972-11e0-afd0-7d971330aaf0,2,0,-17825,0,0,11521,0,,AGGREGATE_ONLY_NOT_ALIGNED,XBT,,HIGH,HIGH,MEDIUM,MEDIUM,MEDIUM,MEDIUM,MEDIUM,ETHUSD-C0097,BEHAVIORAL_APPROXIMATION
XBTUSD-C0264,XBTUSD,True,LONG,2021-01-24T13:06:53.382000Z,2021-01-26T03:26:14.618000Z,137961.236,35555,2646660,-68313,1,432,701,NONE,FLIP,63c4588a-807e-f74b-f0bd-5966be1d5b35,2312a6a5-996a-a376-cb2a-4cb6b7fe18c8,1135,4,60170764.99999999999999999944,0,0,36576701,3173822,,AGGREGATE_ONLY_NOT_ALIGNED,XBT,,HIGH,HIGH,MEDIUM,MEDIUM,MEDIUM,MEDIUM,MEDIUM,"XBTUSD-C0264,XBTUSD-C0265",BEHAVIORAL_APPROXIMATION
ETHH21-C0007,ETHH21,False,LONG,2021-01-25T00:09:06.397000Z,2021-01-26T03:47:13.415000Z,99487.018,8,250,0,1,20,18,NONE,FULL_CLOSE,fd99f8c8-f44d-3124-8b3e-77d9d9a23936,e208e8c0-ccca-7cdb-302a-ad32b386c594,40,0,-21129000,0,0,350738,0,,AGGREGATE_ONLY_NOT_ALIGNED,XBT,,HIGH,HIGH,MEDIUM,MEDIUM,MEDIUM,MEDIUM,MEDIUM,ETHH21-C0007,BEHAVIORAL_APPROXIMATION
ETHUSD-C0098,ETHUSD,False,LONG,2021-01-25T00:28:41.952000Z,2021-01-26T03:37:04.992000Z,97703.04,333,7659,0,1,48,64,NONE,FULL_CLOSE,c4baccd8-1425-4b18-8c41-0fa1efcddb8c,ffe7033a-693a-8fc2-8836-605d8b4a20ba,114,3,-67995809.99999999999999999995,0,0,1485510,5137487,,AGGREGATE_ONLY_NOT_ALIGNED,XBT,,HIGH,HIGH,MEDIUM,MEDIUM,MEDIUM,MEDIUM,MEDIUM,ETHUSD-C0098,BEHAVIORAL_APPROXIMATION
XRPUSD-C0034,XRPUSD,False,LONG,2021-01-25T14:19:21.677000Z,2021-01-26T03:39:48.756000Z,48027.079,350,124444,0,1,40,78,NONE,FULL_CLOSE,0bc40696-7769-dc20-08b5-dd8e77df2efb,dd79c07b-46ac-0806-581b-173fd1cad6d3,120,1,-38678914.00000000000000000001,0,0,831857,741838,,AGGREGATE_ONLY_NOT_ALIGNED,XBT,,HIGH,HIGH,MEDIUM,MEDIUM,MEDIUM,MEDIUM,MEDIUM,XRPUSD-C0034,BEHAVIORAL_APPROXIMATION
XBTUSD-C0265,XBTUSD,True,SHORT,2021-01-26T03:26:14.618000Z,2021-01-28T05:48:43.052000Z,181348.434,-68313,1090568,0,1,195,266,XBTUSD-C0264,FULL_CLOSE,2312a6a5-996a-a376-cb2a-4cb6b7fe18c8,f5edf7c8-e194-2094-ab4d-7d325430d458,463,7,-21363883.00000000000000000006,0,0,13538647,-355714,,AGGREGATE_ONLY_NOT_ALIGNED,XBT,,HIGH,HIGH,MEDIUM,MEDIUM,MEDIUM,MEDIUM,MEDIUM,XBTUSD-C0265,BEHAVIORAL_APPROXIMATION
ETHUSD-C0099,ETHUSD,False,SHORT,2021-01-26T04:54:56.856000Z,2021-01-26T10:46:41.540000Z,21104.684,-1111,1111,0,1,0,5,NONE,FULL_CLOSE,918f5480-5d8e-3408-7e12-b8e57a6218bd,fd78c962-0afe-7a17-5a40-c478e6fda2d5,7,0,419300,0,0,74599,0,,AGGREGATE_ONLY_NOT_ALIGNED,XBT,,HIGH,HIGH,MEDIUM,MEDIUM,MEDIUM,MEDIUM,MEDIUM,ETHUSD-C0099,BEHAVIORAL_APPROXIMATION
ETHH21-C0008,ETHH21,False,SHORT,2021-01-26T07:32:03.791000Z,2021-01-26T10:44:48.095000Z,11564.304,-12,12,0,1,0,2,NONE,FULL_CLOSE,1a65df90-bcd3-9ae8-84ae-e25867dbe817,b9b68783-8ebd-c1f1-8f42-5a02c01a4a1f,4,0,658000,0,0,24795,0,,AGGREGATE_ONLY_NOT_ALIGNED,XBT,,HIGH,HIGH,MEDIUM,MEDIUM,MEDIUM,MEDIUM,MEDIUM,ETHH21-C0008,BEHAVIORAL_APPROXIMATION
ETHUSD-C0100,ETHUSD,False,LONG,2021-01-26T10:58:14.210000Z,2021-01-26T10:58:17.979000Z,3.769,40,40,0,1,0,0,NONE,FULL_CLOSE,3f0f6b08-3c0a-8922-f09e-f13ecf4d5474,c670318d-4483-13ef-39bc-700edd8bcd72,2,0,-2800,0,0,8014,0,,AGGREGATE_ONLY_NOT_ALIGNED,XBT,,HIGH,HIGH,MEDIUM,MEDIUM,MEDIUM,MEDIUM,MEDIUM,ETHUSD-C0100,BEHAVIORAL_APPROXIMATION
ETHUSD-C0101,ETHUSD,False,LONG,2021-01-26T14:39:03.593000Z,2021-01-27T16:01:21.588000Z,91337.995,222,2220,0,1,13,21,NONE,FULL_CLOSE,c20bce9a-2cce-81c0-fa78-3cdcc0623381,6bdb32d2-f3e0-5cc2-33fa-4eeeb85fa10b,36,3,10122830,0,0,144393,91429,,AGGREGATE_ONLY_NOT_ALIGNED,XBT,,HIGH,HIGH,MEDIUM,MEDIUM,MEDIUM,MEDIUM,MEDIUM,ETHUSD-C0101,BEHAVIORAL_APPROXIMATION
XBTUSD-C0266,XBTUSD,True,SHORT,2021-01-28T06:10:29.152000Z,2021-01-28T22:41:06.454000Z,59437.302,-29415,804746,0,1,118,101,NONE,FULL_CLOSE,af2e4b31-4f86-79b1-829f-6ff68389a3e7,fe6dc667-0bdc-4237-a5e3-9c04ff7d28c3,221,2,-164688660.9999999999999999996,0,0,4486857,-8767,,AGGREGATE_ONLY_NOT_ALIGNED,XBT,,HIGH,HIGH,MEDIUM,MEDIUM,MEDIUM,MEDIUM,MEDIUM,XBTUSD-C0266,BEHAVIORAL_APPROXIMATION
ETHUSD-C0102,ETHUSD,False,LONG,2021-01-28T23:20:39.384000Z,2021-01-29T16:31:34.279000Z,61854.895,14,12221,0,1,83,65,NONE,FULL_CLOSE,14a66900-2c70-6f57-5d43-c24cdf99e4cc,e0ac9391-ac6a-91e5-3b8d-970abc616fc9,150,2,40257604.99999999999999999998,0,0,1520317,1121037,,AGGREGATE_ONLY_NOT_ALIGNED,XBT,,HIGH,HIGH,MEDIUM,MEDIUM,MEDIUM,MEDIUM,MEDIUM,ETHUSD-C0102,BEHAVIORAL_APPROXIMATION
XBTUSD-C0267,XBTUSD,True,LONG,2021-01-28T23:44:17.509000Z,2021-01-29T02:05:03.564000Z,8446.055,17338,134028,0,1,28,4,NONE,FULL_CLOSE,287c3670-67dc-79bb-492c-ed335909f605,f39be5f0-663a-1d2d-b54e-c9589a26e493,34,0,4990887.000000000000000000000,0,0,440527,0,,AGGREGATE_ONLY_NOT_ALIGNED,XBT,,HIGH,HIGH,MEDIUM,MEDIUM,MEDIUM,MEDIUM,MEDIUM,XBTUSD-C0267,BEHAVIORAL_APPROXIMATION
XBTUSD-C0268,XBTUSD,True,LONG,2021-01-29T02:38:53.467000Z,2021-01-29T06:44:18.057000Z,14724.59,416,2053450,-12138,1,141,157,NONE,FLIP,351f3835-916c-c994-e29b-763471a05438,7472c3e3-6f89-e3aa-1f6c-96476f69ec1c,300,1,-65208424.00000000000000000003,0,0,9525967,64054,,AGGREGATE_ONLY_NOT_ALIGNED,XBT,,HIGH,HIGH,MEDIUM,MEDIUM,MEDIUM,MEDIUM,MEDIUM,"XBTUSD-C0268,XBTUSD-C0269",BEHAVIORAL_APPROXIMATION
XRPUSD-C0035,XRPUSD,False,LONG,2021-01-29T05:36:58.323000Z,2021-01-30T10:39:51.159000Z,104572.836,250,305550,0,1,245,279,NONE,FULL_CLOSE,317950c7-b645-9af5-29ae-98ccf5b5e3f4,e5f58194-dab4-0200-a963-98747c8c5952,526,3,13095947.99999999999999999988,0,0,1941722,3772594,,AGGREGATE_ONLY_NOT_ALIGNED,XBT,,HIGH,HIGH,MEDIUM,MEDIUM,MEDIUM,MEDIUM,MEDIUM,XRPUSD-C0035,BEHAVIORAL_APPROXIMATION
TRXH21-C0007,TRXH21,False,LONG,2021-01-29T05:52:36.582000Z,2021-01-29T18:22:25.938000Z,44989.356,40000,3750000,0,1,268,29,NONE,FULL_CLOSE,0bdf5739-12df-b37a-e2de-c323e4af32a0,f253e391-5691-2a88-ee05-85cb4b165c96,299,0,45251002,0,0,-7501,0,,AGGREGATE_ONLY_NOT_ALIGNED,XBT,,HIGH,HIGH,MEDIUM,MEDIUM,MEDIUM,MEDIUM,MEDIUM,TRXH21-C0007,BEHAVIORAL_APPROXIMATION
XBTUSD-C0269,XBTUSD,True,SHORT,2021-01-29T06:44:18.057000Z,2021-01-29T06:57:23.775000Z,785.718,-12138,54606,12732,1,6,0,XBTUSD-C0268,FLIP,7472c3e3-6f89-e3aa-1f6c-96476f69ec1c,f1847be1-32b2-22c3-2380-23a8e1cd6e14,8,0,764484,0,0,45833,0,,AGGREGATE_ONLY_NOT_ALIGNED,XBT,,HIGH,HIGH,MEDIUM,MEDIUM,MEDIUM,MEDIUM,MEDIUM,"XBTUSD-C0269,XBTUSD-C0270",BEHAVIORAL_APPROXIMATION
XBTUSD-C0270,XBTUSD,True,LONG,2021-01-29T06:57:23.775000Z,2021-01-29T08:13:42.661000Z,4578.886,12732,2469492,0,1,125,193,XBTUSD-C0269,FULL_CLOSE,f1847be1-32b2-22c3-2380-23a8e1cd6e14,f57c9aed-b03b-3568-52e9-c51304669626,320,0,94063736.00000000000000000008,0,0,9729247,0,,AGGREGATE_ONLY_NOT_ALIGNED,XBT,,HIGH,HIGH,MEDIUM,MEDIUM,MEDIUM,MEDIUM,MEDIUM,XBTUSD-C0270,BEHAVIORAL_APPROXIMATION
XBTUSD-C0271,XBTUSD,True,LONG,2021-01-29T08:18:30.298000Z,2021-01-29T09:21:16.102000Z,3765.804,7299,2229422,0,1,105,164,NONE,FULL_CLOSE,80f2c529-f5ff-373b-2a3d-1f516ddf1ed7,14f2f70d-224e-c7fa-1df9-7fd385dc8dbc,271,0,662356627.0000000000000000007,0,0,10963641,0,,AGGREGATE_ONLY_NOT_ALIGNED,XBT,,HIGH,HIGH,MEDIUM,MEDIUM,MEDIUM,MEDIUM,MEDIUM,XBTUSD-C0271,BEHAVIORAL_APPROXIMATION
ETHH21-C0009,ETHH21,False,LONG,2021-01-29T09:28:48.939000Z,2021-03-24T23:32:48.620000Z,4716239.681,7,935,0,1,341,419,NONE,FULL_CLOSE,54aec7e9-38ad-a44e-61a1-2405e3232188,c67fd091-8624-4b5e-f830-042f8827d5bd,762,0,-129986999.9999999999999999997,0,0,4290322,0,,AGGREGATE_ONLY_NOT_ALIGNED,XBT,,HIGH,HIGH,MEDIUM,MEDIUM,MEDIUM,MEDIUM,MEDIUM,ETHH21-C0009,BEHAVIORAL_APPROXIMATION
LTCH21-C0006,LTCH21,False,LONG,2021-01-29T09:39:57.104000Z,2021-02-22T09:22:32.890000Z,2072555.786,46,2785,0,1,309,360,NONE,FULL_CLOSE,95ec3541-9cf1-5fa0-ba69-bf5b7c28ce6b,f56ff176-b71b-d89d-f0d1-b0809c423a21,671,0,91267499.99999999999999999967,0,0,-162267,0,,AGGREGATE_ONLY_NOT_ALIGNED,XBT,,HIGH,HIGH,MEDIUM,MEDIUM,MEDIUM,MEDIUM,MEDIUM,LTCH21-C0006,BEHAVIORAL_APPROXIMATION
XBTUSD-C0272,XBTUSD,True,LONG,2021-01-29T17:59:13.567000Z,2021-01-31T15:30:54.549000Z,163900.982,9449,2317758,0,1,596,638,NONE,FULL_CLOSE,4503f978-4bf4-64b2-55da-41afa8bb4ad6,eae0533f-844b-ebc1-06ef-1bdd9d6a764d,1236,6,-64576932.00000000000000000003,0,0,20750187,9567637,,AGGREGATE_ONLY_NOT_ALIGNED,XBT,,LOW,HIGH,MEDIUM,MEDIUM,MEDIUM,LOW,LOW,XBTUSD-C0272,BEHAVIORAL_APPROXIMATION
ETHUSD-C0103,ETHUSD,False,LONG,2021-01-29T18:46:59.199000Z,2021-01-31T17:48:40.163000Z,169300.964,20,13329,0,1,76,96,NONE,FULL_CLOSE,fbe442a6-b444-2999-24ef-9a3f1ea6900c,d719d215-4ffd-c863-c8c9-57791204f8ec,174,6,-12058370.00000000000000000000,0,0,795096,15464489,,AGGREGATE_ONLY_NOT_ALIGNED,XBT,,HIGH,HIGH,MEDIUM,MEDIUM,MEDIUM,MEDIUM,MEDIUM,ETHUSD-C0103,BEHAVIORAL_APPROXIMATION
YFIUSDTH21-C0005,YFIUSDTH21,False,LONG,2021-01-30T14:33:08.630000Z,2021-01-31T08:08:01.875000Z,63293.245,53,77,0,1,2,4,NONE,FULL_CLOSE,5b3fa292-9eb5-bd4d-c606-3c85c2737691,e8a15cd5-6341-9389-68ad-a69575b2b10e,8,0,-503625,0,0,32610,0,,AGGREGATE_ONLY_NOT_ALIGNED,XBT,,HIGH,HIGH,MEDIUM,MEDIUM,MEDIUM,MEDIUM,MEDIUM,YFIUSDTH21-C0005,BEHAVIORAL_APPROXIMATION
XRPUSD-C0036,XRPUSD,False,LONG,2021-01-30T15:53:26.621000Z,2021-01-30T16:06:14.283000Z,767.662,6,46666,0,1,13,1,NONE,FULL_CLOSE,4377e67e-13c6-2ece-b138-73b8b75379cb,e3df5a22-811d-3f35-cebb-385a7a0c019f,16,0,27695102.00000000000000000000,0,0,311862,0,,AGGREGATE_ONLY_NOT_ALIGNED,XBT,,HIGH,HIGH,MEDIUM,MEDIUM,MEDIUM,MEDIUM,MEDIUM,XRPUSD-C0036,BEHAVIORAL_APPROXIMATION
XRPUSD-C0037,XRPUSD,False,LONG,2021-01-30T16:45:28.187000Z,2021-01-30T16:56:58.376000Z,690.189,490,32481,0,1,38,30,NONE,FULL_CLOSE,0ae57ea7-a56a-1e08-78b0-ca92ca126ed9,b8be423d-5219-db88-028a-617494b3fc98,70,0,5001755.999999999999999999999,0,0,-137843,0,,AGGREGATE_ONLY_NOT_ALIGNED,XBT,,HIGH,HIGH,MEDIUM,MEDIUM,MEDIUM,MEDIUM,MEDIUM,XRPUSD-C0037,BEHAVIORAL_APPROXIMATION
XRPUSD-C0038,XRPUSD,False,LONG,2021-01-30T17:08:14.955000Z,2021-01-30T17:16:47.477000Z,512.522,127,109662,0,1,99,97,NONE,FULL_CLOSE,0330693c-75f9-095a-bfff-c51f336a970a,92b1bfc1-b476-950b-0581-68fd2ad03076,198,0,10071244.00000000000000000000,0,0,298682,0,,AGGREGATE_ONLY_NOT_ALIGNED,XBT,,HIGH,HIGH,MEDIUM,MEDIUM,MEDIUM,MEDIUM,MEDIUM,XRPUSD-C0038,BEHAVIORAL_APPROXIMATION
XRPUSD-C0039,XRPUSD,False,LONG,2021-01-30T18:02:55.270000Z,2021-01-30T19:01:15.651000Z,3500.381,738,166996,-373,1,93,78,NONE,FLIP,744e7b78-1180-0ea7-dcc0-b4a8ec8f10d0,5689d47e-f47d-8ea1-f839-c96a18109337,173,0,72534003.99999999999999999999,0,0,-257052,0,,AGGREGATE_ONLY_NOT_ALIGNED,XBT,,HIGH,HIGH,MEDIUM,MEDIUM,MEDIUM,MEDIUM,MEDIUM,"XRPUSD-C0039,XRPUSD-C0040",BEHAVIORAL_APPROXIMATION
XRPUSD-C0040,XRPUSD,False,SHORT,2021-01-30T19:01:15.651000Z,2021-01-30T19:09:54.567000Z,518.916,-373,12706,0,1,4,13,XRPUSD-C0039,FULL_CLOSE,5689d47e-f47d-8ea1-f839-c96a18109337,eb872f2c-fcfd-81ae-146c-d53b0284cdbc,19,0,-3272426.000000000000000000002,0,0,53356,0,,AGGREGATE_ONLY_NOT_ALIGNED,XBT,,HIGH,HIGH,MEDIUM,MEDIUM,MEDIUM,MEDIUM,MEDIUM,XRPUSD-C0040,BEHAVIORAL_APPROXIMATION
XRPUSD-C0041,XRPUSD,False,LONG,2021-01-30T19:58:05.097000Z,2021-01-31T15:32:57.949000Z,70492.852,2833,154145,0,1,192,320,NONE,FULL_CLOSE,19b1c277-1158-d5c6-f45b-eba0708c8ca0,feb5e460-0b92-8a57-6cd7-42bedc01735a,514,3,69565154.00000000000000000019,0,0,651971,2332087,,AGGREGATE_ONLY_NOT_ALIGNED,XBT,,HIGH,HIGH,MEDIUM,MEDIUM,MEDIUM,MEDIUM,MEDIUM,XRPUSD-C0041,BEHAVIORAL_APPROXIMATION
EOSH21-C0001,EOSH21,False,LONG,2021-01-31T11:31:18.385000Z,2021-01-31T15:31:00.731000Z,14382.346,294,5555,0,1,6,8,NONE,FULL_CLOSE,2ed7d4c2-eeec-036f-7959-22a6e34c9182,e10465ba-0222-43b6-f72d-a0da87f07012,16,0,-2158570,0,0,69829,0,,AGGREGATE_ONLY_NOT_ALIGNED,XBT,,HIGH,HIGH,MEDIUM,MEDIUM,MEDIUM,MEDIUM,MEDIUM,EOSH21-C0001,BEHAVIORAL_APPROXIMATION
YFIUSDTH21-C0006,YFIUSDTH21,False,SHORT,2021-01-31T12:29:14.835000Z,2021-01-31T13:43:39.788000Z,4464.953,-12,77,0,1,4,3,NONE,FULL_CLOSE,5379e94c-39dd-45b0-22d9-af476263363a,00f18d05-8e85-78a5-91d2-5961fe97d85a,9,0,105105,0,0,-13915,0,,AGGREGATE_ONLY_NOT_ALIGNED,XBT,,HIGH,HIGH,MEDIUM,MEDIUM,MEDIUM,MEDIUM,MEDIUM,YFIUSDTH21-C0006,BEHAVIORAL_APPROXIMATION
XBTUSD-C0273,XBTUSD,True,SHORT,2021-01-31T15:36:56.365000Z,2021-01-31T15:52:34.779000Z,938.414,-78788,78788,0,1,0,6,NONE,FULL_CLOSE,f13c6b99-d330-76aa-ad04-f1a079d101f3,f2611b52-ec03-2f0d-a7dc-9806439fc83b,8,0,-1969700,0,0,361337,0,,AGGREGATE_ONLY_NOT_ALIGNED,XBT,,HIGH,HIGH,MEDIUM,MEDIUM,MEDIUM,MEDIUM,MEDIUM,XBTUSD-C0273,BEHAVIORAL_APPROXIMATION
XRPUSD-C0042,XRPUSD,False,SHORT,2021-01-31T15:54:33.217000Z,2021-01-31T16:02:55.599000Z,502.382,-350,101997,0,1,65,66,NONE,FULL_CLOSE,0837b40b-8ea2-ab61-7daf-bd45b5319d21,f518635a-fee3-36da-3aba-2213be4c0a74,133,0,3899914.000000000000000000006,0,0,1442720,0,,AGGREGATE_ONLY_NOT_ALIGNED,XBT,,HIGH,HIGH,MEDIUM,MEDIUM,MEDIUM,MEDIUM,MEDIUM,XRPUSD-C0042,BEHAVIORAL_APPROXIMATION
XBTUSD-C0274,XBTUSD,True,LONG,2021-02-01T01:42:22.423000Z,2021-02-02T15:52:38.934000Z,137416.511,11000,211818,-13638,1,36,17,NONE,FLIP,146d2d3a-f5b8-9598-85e8-ee855c3ab024,157b9729-0f44-cc0d-7e80-228011aebab5,55,5,23168135.00000000000000000001,0,0,958278,277519,,AGGREGATE_ONLY_NOT_ALIGNED,XBT,,HIGH,HIGH,MEDIUM,MEDIUM,MEDIUM,MEDIUM,MEDIUM,"XBTUSD-C0274,XBTUSD-C0275",BEHAVIORAL_APPROXIMATION
XRPUSD-C0043,XRPUSD,False,LONG,2021-02-01T03:16:48.193000Z,2021-02-01T10:01:18.249000Z,24270.056,2222,93324,-115,1,132,197,NONE,FLIP,554d4f8e-30ad-ace6-3d54-d2aca1304184,ce9f0f0a-907e-0909-e418-5eca0342a6e5,331,1,174390927.9999999999999999996,0,0,2808353,216948,,AGGREGATE_ONLY_NOT_ALIGNED,XBT,,HIGH,HIGH,MEDIUM,MEDIUM,MEDIUM,MEDIUM,MEDIUM,"XRPUSD-C0043,XRPUSD-C0044",BEHAVIORAL_APPROXIMATION
BCHUSD-C0005,BCHUSD,False,LONG,2021-02-01T05:45:04.345000Z,2021-02-02T16:14:06.512000Z,124142.167,920,6296,-50,1,26,7,NONE,FLIP,4f509e1c-27d5-66a4-3e5c-faddeb014608,286e2583-9368-dcb8-31fe-36dc08f26d1a,35,4,8072689.999999999999999999999,0,0,118445,1526197,,AGGREGATE_ONLY_NOT_ALIGNED,XBT,,HIGH,HIGH,MEDIUM,MEDIUM,MEDIUM,MEDIUM,MEDIUM,"BCHUSD-C0005,BCHUSD-C0006",BEHAVIORAL_APPROXIMATION
XRPUSD-C0044,XRPUSD,False,SHORT,2021-02-01T10:01:18.249000Z,2021-02-01T13:33:37.042000Z,12738.793,-115,9330,669,1,40,21,XRPUSD-C0043,FLIP,ce9f0f0a-907e-0909-e418-5eca0342a6e5,a78830cc-197c-7b2d-58c3-a24a953d1ad6,63,1,15235371.99999999999999999999,0,0,130687,-36306,,AGGREGATE_ONLY_NOT_ALIGNED,XBT,,HIGH,HIGH,MEDIUM,MEDIUM,MEDIUM,MEDIUM,MEDIUM,"XRPUSD-C0044,XRPUSD-C0045",BEHAVIORAL_APPROXIMATION
BCHH21-C0002,BCHH21,False,LONG,2021-02-01T11:38:40.077000Z,2021-02-06T01:40:29.754000Z,396109.677,2,400,0,1,30,25,NONE,FULL_CLOSE,60711fe4-7eb7-1d5c-83ea-9498554daa08,f5d15125-f5af-fc47-3a34-695b745eacb6,57,0,-14722000,0,0,-37454,0,,AGGREGATE_ONLY_NOT_ALIGNED,XBT,,HIGH,HIGH,MEDIUM,MEDIUM,MEDIUM,MEDIUM,MEDIUM,BCHH21-C0002,BEHAVIORAL_APPROXIMATION
XRPUSD-C0045,XRPUSD,False,LONG,2021-02-01T13:33:37.042000Z,2021-02-02T18:15:42.904000Z,103325.862,669,121888,0,1,93,189,XRPUSD-C0044,FULL_CLOSE,a78830cc-197c-7b2d-58c3-a24a953d1ad6,8f0c9e94-943f-714a-b359-2f6c660b45f9,284,3,63359998.00000000000000000008,0,0,447218,1060925,,AGGREGATE_ONLY_NOT_ALIGNED,XBT,,HIGH,HIGH,MEDIUM,MEDIUM,MEDIUM,MEDIUM,MEDIUM,XRPUSD-C0045,BEHAVIORAL_APPROXIMATION
ETHUSD-C0104,ETHUSD,False,LONG,2021-02-02T05:40:32.953000Z,2021-02-04T06:01:30.977000Z,174058.024,60,10206,0,1,81,50,NONE,FULL_CLOSE,3b1f2d8a-ba11-f366-b46e-9d371ed57859,eb1dc31e-94bc-d589-776e-b769fb42cf99,133,6,203777190.0000000000000000001,0,0,1288757,16412366,,AGGREGATE_ONLY_NOT_ALIGNED,XBT,,HIGH,HIGH,MEDIUM,MEDIUM,MEDIUM,MEDIUM,MEDIUM,ETHUSD-C0104,BEHAVIORAL_APPROXIMATION
LINKUSDT-C0001,LINKUSDT,False,LONG,2021-02-02T07:30:06.999000Z,2021-02-02T16:21:28.509000Z,31881.51,45,999,0,1,43,0,NONE,FULL_CLOSE,686c230f-ac7d-9539-866b-a7766460faba,4e934157-6b70-31aa-e58b-518f70743ab8,45,1,-7521915,0,0,175392,399977,,AGGREGATE_ONLY_NOT_ALIGNED,XBT,,HIGH,HIGH,MEDIUM,MEDIUM,MEDIUM,MEDIUM,MEDIUM,LINKUSDT-C0001,BEHAVIORAL_APPROXIMATION
XBTUSD-C0275,XBTUSD,True,SHORT,2021-02-02T15:52:38.934000Z,2021-02-02T20:03:58.344000Z,15079.41,-13638,346974,0,1,47,30,XBTUSD-C0274,FULL_CLOSE,157b9729-0f44-cc0d-7e80-228011aebab5,f8125b83-cde9-0971-4523-cab6c7239dd8,79,1,-25367777.99999999999999999999,0,0,822696,-289445,,AGGREGATE_ONLY_NOT_ALIGNED,XBT,,HIGH,HIGH,MEDIUM,MEDIUM,MEDIUM,MEDIUM,MEDIUM,XBTUSD-C0275,BEHAVIORAL_APPROXIMATION
BCHUSD-C0006,BCHUSD,False,SHORT,2021-02-02T16:14:06.512000Z,2021-02-02T16:14:13.307000Z,6.795,-50,370,0,1,1,0,BCHUSD-C0005,FULL_CLOSE,286e2583-9368-dcb8-31fe-36dc08f26d1a,16b0b50c-1c4f-0721-1d91-0a83ca5cbb71,3,0,-35150,0,0,8406,0,,AGGREGATE_ONLY_NOT_ALIGNED,XBT,,HIGH,HIGH,MEDIUM,MEDIUM,MEDIUM,MEDIUM,MEDIUM,BCHUSD-C0006,BEHAVIORAL_APPROXIMATION
XBTUSD-C0276,XBTUSD,True,LONG,2021-02-02T20:04:15.047000Z,2021-02-04T05:50:08.763000Z,121553.716,19621,2777571,0,1,501,526,NONE,FULL_CLOSE,45f2ec09-8f97-dcda-3ab9-d489c0e76943,cb27f536-cc2a-22e7-ae32-f20b2176a488,1029,4,265257274.0000000000000000005,0,0,21641406,5990960,,AGGREGATE_ONLY_NOT_ALIGNED,XBT,,LOW,HIGH,MEDIUM,MEDIUM,MEDIUM,LOW,LOW,XBTUSD-C0276,BEHAVIORAL_APPROXIMATION
LINKUSDT-C0002,LINKUSDT,False,LONG,2021-02-03T14:46:28.700000Z,2021-02-05T15:00:18.586000Z,173629.886,111,2333,0,1,8,19,NONE,FULL_CLOSE,2dd92706-7130-13fc-f644-43172edeadc8,1e394ac5-9720-74de-e088-deecf30e8a84,29,6,4884860.000000000000000000001,0,0,282596,10169380,,AGGREGATE_ONLY_NOT_ALIGNED,XBT,,HIGH,HIGH,MEDIUM,MEDIUM,MEDIUM,MEDIUM,MEDIUM,LINKUSDT-C0002,BEHAVIORAL_APPROXIMATION
YFIUSDTH21-C0007,YFIUSDTH21,False,LONG,2021-02-03T15:04:20.687000Z,2021-02-14T16:03:22.076000Z,953941.389,28,1110,0,1,77,105,NONE,FULL_CLOSE,31e2e8c2-6a5b-1e85-40cb-40e71b1d5724,7112a722-a7ac-554d-40a3-699b6bb3b0f9,184,0,65731735.00000000000000000010,0,0,-39564,0,,AGGREGATE_ONLY_NOT_ALIGNED,XBT,,HIGH,HIGH,MEDIUM,MEDIUM,MEDIUM,MEDIUM,MEDIUM,YFIUSDTH21-C0007,BEHAVIORAL_APPROXIMATION
XRPUSD-C0046,XRPUSD,False,LONG,2021-02-04T05:53:12.811000Z,2021-02-04T11:57:12.383000Z,21839.572,5111,10222,0,1,1,1,NONE,FULL_CLOSE,d192505a-3310-9a45-432a-1c5f638bbfe9,71b7c6b5-5e68-3874-c283-82914a55e10f,4,0,91998,0,0,80113,0,,AGGREGATE_ONLY_NOT_ALIGNED,XBT,,HIGH,HIGH,MEDIUM,MEDIUM,MEDIUM,MEDIUM,MEDIUM,XRPUSD-C0046,BEHAVIORAL_APPROXIMATION
ETHUSD-C0105,ETHUSD,False,SHORT,2021-02-04T06:04:43.657000Z,2021-02-04T06:07:22.935000Z,159.278,-422,422,0,1,0,5,NONE,FULL_CLOSE,56c3b12b-8dbf-ec98-b69f-71917ce19c8d,f8a7b4a3-b88c-686a-a277-008146d50625,7,0,-338725,0,0,35278,0,,AGGREGATE_ONLY_NOT_ALIGNED,XBT,,HIGH,HIGH,MEDIUM,MEDIUM,MEDIUM,MEDIUM,MEDIUM,ETHUSD-C0105,BEHAVIORAL_APPROXIMATION
XBTUSD-C0277,XBTUSD,True,SHORT,2021-02-04T08:14:53.842000Z,2021-02-04T12:02:32.265000Z,13658.423,-10934,22222,0,1,3,6,NONE,FULL_CLOSE,87fe64cc-497b-8a6a-b8c2-e6c55c4b6fc7,70f889ef-a84b-414f-bcd8-c8988737bd56,11,1,2266644.00,0,0,103562,-24066,,AGGREGATE_ONLY_NOT_ALIGNED,XBT,,HIGH,HIGH,MEDIUM,MEDIUM,MEDIUM,MEDIUM,MEDIUM,XBTUSD-C0277,BEHAVIORAL_APPROXIMATION
XBTUSD-C0278,XBTUSD,True,LONG,2021-02-04T12:02:33.275000Z,2021-02-04T12:39:16.421000Z,2203.146,2392,11111,0,1,1,3,NONE,FULL_CLOSE,82ceb68b-3a2f-ad04-d8d6-c58978407054,f380cf64-afeb-a414-1aa4-22f0dba496a9,6,0,411107,0,0,44455,0,,AGGREGATE_ONLY_NOT_ALIGNED,XBT,,HIGH,HIGH,MEDIUM,MEDIUM,MEDIUM,MEDIUM,MEDIUM,XBTUSD-C0278,BEHAVIORAL_APPROXIMATION
XBTUSD-C0279,XBTUSD,True,SHORT,2021-02-04T13:36:21.702000Z,2021-02-04T18:18:38.578000Z,16936.876,-111111,777777,0,1,38,37,NONE,FULL_CLOSE,45037c88-4719-3fd6-1651-d49cd161cf0b,f9dfb4eb-1b4f-9947-f457-b7f2fa4972a5,77,0,24076828.99999999999999999999,0,0,2930491,0,,AGGREGATE_ONLY_NOT_ALIGNED,XBT,,HIGH,HIGH,MEDIUM,MEDIUM,MEDIUM,MEDIUM,MEDIUM,XBTUSD-C0279,BEHAVIORAL_APPROXIMATION
XRPUSD-C0047,XRPUSD,False,LONG,2021-02-04T14:29:43.472000Z,2021-02-04T19:35:19.993000Z,18336.521,1500,33000,0,1,19,9,NONE,FULL_CLOSE,12f75c26-ab44-498a-4c7b-94dd9c62b56f,f56fde45-9e15-21f5-2014-f241f00f89b6,30,0,16044603.99999999999999999999,0,0,370434,0,,AGGREGATE_ONLY_NOT_ALIGNED,XBT,,HIGH,HIGH,MEDIUM,MEDIUM,MEDIUM,MEDIUM,MEDIUM,XRPUSD-C0047,BEHAVIORAL_APPROXIMATION
XBTUSD-C0280,XBTUSD,True,SHORT,2021-02-04T18:19:33.036000Z,2021-02-05T02:01:47.798000Z,27734.762,-137,279999,10000,1,33,21,NONE,FLIP,a8857423-8fe9-d705-653b-2f69b66d9297,66a2a067-6ed1-e1b0-fab2-bd56a5834c47,56,1,12434402.00000000000000000000,0,0,-303868,-169683,,AGGREGATE_ONLY_NOT_ALIGNED,XBT,,HIGH,HIGH,MEDIUM,MEDIUM,MEDIUM,MEDIUM,MEDIUM,"XBTUSD-C0280,XBTUSD-C0281",BEHAVIORAL_APPROXIMATION
XBTUSD-C0281,XBTUSD,True,LONG,2021-02-05T02:01:47.798000Z,2021-02-05T09:58:46.092000Z,28618.294,10000,476464,0,1,20,22,XBTUSD-C0280,FULL_CLOSE,66a2a067-6ed1-e1b0-fab2-bd56a5834c47,84686fc7-2e06-e946-159f-11964276f944,44,1,15739482.99999999999999999999,0,0,1909403,73955,,AGGREGATE_ONLY_NOT_ALIGNED,XBT,,HIGH,HIGH,MEDIUM,MEDIUM,MEDIUM,MEDIUM,MEDIUM,XBTUSD-C0281,BEHAVIORAL_APPROXIMATION
ETHUSD-C0106,ETHUSD,False,LONG,2021-02-05T02:03:46.031000Z,2021-02-05T09:56:10.996000Z,28344.965,32,5555,0,1,25,16,NONE,FULL_CLOSE,1b8f52ab-c11d-037a-9e39-df1b8c3d4b23,c01bc221-e45b-4846-df16-9366ed38f0e9,43,1,26795269.99999999999999999998,0,0,1359699,946360,,AGGREGATE_ONLY_NOT_ALIGNED,XBT,,HIGH,HIGH,MEDIUM,MEDIUM,MEDIUM,MEDIUM,MEDIUM,ETHUSD-C0106,BEHAVIORAL_APPROXIMATION
XRPUSD-C0048,XRPUSD,False,LONG,2021-02-05T02:21:39.885000Z,2021-02-05T09:45:55.918000Z,26656.033,2000,22000,0,1,18,4,NONE,FULL_CLOSE,06176df0-eed9-b929-b234-81b47b5f72b0,916611bd-d3d0-9c28-1b10-a3d2cba3c32b,24,1,3700754.000000000000000000000,0,0,243309,432861,,AGGREGATE_ONLY_NOT_ALIGNED,XBT,,HIGH,HIGH,MEDIUM,MEDIUM,MEDIUM,MEDIUM,MEDIUM,XRPUSD-C0048,BEHAVIORAL_APPROXIMATION
TRXH21-C0008,TRXH21,False,LONG,2021-02-05T09:00:36.798000Z,2021-02-09T11:07:24.054000Z,353207.256,125000,5750000,0,1,266,255,NONE,FULL_CLOSE,32301b0c-c8c2-ce96-bc9b-52c13f48b3bf,e4bd84a7-3bc0-a804-9768-67c7fc2ddfbb,523,0,1999999.999999999999999999994,0,0,-102517,0,,AGGREGATE_ONLY_NOT_ALIGNED,XBT,,HIGH,HIGH,MEDIUM,MEDIUM,MEDIUM,MEDIUM,MEDIUM,TRXH21-C0008,BEHAVIORAL_APPROXIMATION
XRPUSD-C0049,XRPUSD,False,LONG,2021-02-05T09:56:31.028000Z,2021-02-05T09:59:16.820000Z,165.792,11000,11000,0,1,0,11,NONE,FULL_CLOSE,d7938911-3343-d1a4-8b1a-9d33e55f5ed8,f81c03ad-aa1d-91b7-15c9-113cb59c869a,13,0,267978,0,0,47507,0,,AGGREGATE_ONLY_NOT_ALIGNED,XBT,,HIGH,HIGH,MEDIUM,MEDIUM,MEDIUM,MEDIUM,MEDIUM,XRPUSD-C0049,BEHAVIORAL_APPROXIMATION
XBTUSD-C0282,XBTUSD,True,SHORT,2021-02-05T14:59:46.939000Z,2021-02-06T16:02:04.199000Z,90137.26,-11111,2267653,32806,1,189,287,NONE,FLIP,605900ec-f745-8d27-bc7f-f60df7653630,7ce168eb-ad7f-771e-fe71-9af37136599b,478,3,-236852976.0000000000000000000,0,0,7367939,-5302682,,AGGREGATE_ONLY_NOT_ALIGNED,XBT,,LOW,HIGH,MEDIUM,MEDIUM,MEDIUM,LOW,LOW,"XBTUSD-C0282,XBTUSD-C0283",BEHAVIORAL_APPROXIMATION
XBTUSD-C0283,XBTUSD,True,LONG,2021-02-06T16:02:04.199000Z,2021-02-06T16:10:14.420000Z,490.221,32806,128998,-7724,1,6,12,XBTUSD-C0282,FLIP,7ce168eb-ad7f-771e-fe71-9af37136599b,e11debe9-efeb-9130-e41c-6dff0da01a2f,20,0,-773988,0,0,426664,0,,AGGREGATE_ONLY_NOT_ALIGNED,XBT,,HIGH,HIGH,MEDIUM,MEDIUM,MEDIUM,MEDIUM,MEDIUM,"XBTUSD-C0283,XBTUSD-C0284",BEHAVIORAL_APPROXIMATION
ETHUSD-C0107,ETHUSD,False,LONG,2021-02-06T16:06:53.844000Z,2021-02-22T14:37:10.716000Z,1377016.872,1,23573,0,1,228,219,NONE,FULL_CLOSE,1dfb0368-8773-b593-2849-e99f3bece3f9,d056ba5b-da3a-2a5b-f817-f837aa5d25a8,449,48,321968069.9999999999999999999,0,0,6469972,93397147,,AGGREGATE_ONLY_NOT_ALIGNED,XBT,,HIGH,HIGH,MEDIUM,MEDIUM,MEDIUM,MEDIUM,MEDIUM,ETHUSD-C0107,BEHAVIORAL_APPROXIMATION
XBTUSD-C0284,XBTUSD,True,SHORT,2021-02-06T16:10:14.420000Z,2021-02-07T00:00:12.792000Z,28198.372,-7724,1657666,85661,1,118,107,XBTUSD-C0283,FLIP,e11debe9-efeb-9130-e41c-6dff0da01a2f,d86411d8-f7ce-2265-e252-d41478eb0104,227,1,97068233.00000000000000000005,0,0,6658062,-1733620,,AGGREGATE_ONLY_NOT_ALIGNED,XBT,,LOW,HIGH,MEDIUM,MEDIUM,MEDIUM,LOW,LOW,"XBTUSD-C0284,XBTUSD-C0285",BEHAVIORAL_APPROXIMATION
XBTUSD-C0285,XBTUSD,True,LONG,2021-02-07T00:00:12.792000Z,2021-02-07T04:34:10.538000Z,16437.746,85661,962322,0,1,30,0,XBTUSD-C0284,FULL_CLOSE,d86411d8-f7ce-2265-e252-d41478eb0104,3d4c093f-cfa2-2c2e-a08f-9bd3b7ce9e14,32,1,-47097730,0,0,1329657,2047672,,AGGREGATE_ONLY_NOT_ALIGNED,XBT,,HIGH,HIGH,MEDIUM,MEDIUM,MEDIUM,MEDIUM,MEDIUM,XBTUSD-C0285,BEHAVIORAL_APPROXIMATION
XBTUSD-C0286,XBTUSD,True,LONG,2021-02-07T04:36:41.586000Z,2021-02-13T11:17:13.356000Z,542431.77,19832,3446097,0,1,659,693,NONE,FULL_CLOSE,254d3bec-9f70-0637-e0c0-b876eea48250,d62c0b34-30ac-fcdc-50fb-b7804a98b737,1354,18,629420292.0000000000000000004,0,0,18414415,28769846,,AGGREGATE_ONLY_NOT_ALIGNED,XBT,,HIGH,HIGH,MEDIUM,MEDIUM,MEDIUM,MEDIUM,MEDIUM,XBTUSD-C0286,BEHAVIORAL_APPROXIMATION
XRPUSD-C0050,XRPUSD,False,LONG,2021-02-07T10:15:49.504000Z,2021-02-08T08:01:13.604000Z,78324.1,750,40888,0,1,11,0,NONE,FULL_CLOSE,684a7f1c-32da-64a8-0ff0-17619d5a6c21,fc098012-9d09-88bc-cef1-37de03e7e87e,13,3,-2064844,0,0,-132744,86249,,AGGREGATE_ONLY_NOT_ALIGNED,XBT,,HIGH,HIGH,MEDIUM,MEDIUM,MEDIUM,MEDIUM,MEDIUM,XRPUSD-C0050,BEHAVIORAL_APPROXIMATION
EOSH21-C0002,EOSH21,False,LONG,2021-02-07T13:50:30.972000Z,2021-02-07T15:38:05.259000Z,6454.287,1000,5555,0,1,16,3,NONE,FULL_CLOSE,fb7c7377-95b8-82d3-e38e-b323a2ebbbcb,21b5f5b3-5cb2-3ee9-7f16-f1efadf26b7d,21,0,-755700,0,0,14051,0,,AGGREGATE_ONLY_NOT_ALIGNED,XBT,,HIGH,HIGH,MEDIUM,MEDIUM,MEDIUM,MEDIUM,MEDIUM,EOSH21-C0002,BEHAVIORAL_APPROXIMATION
DOGEUSDT-C0001,DOGEUSDT,False,LONG,2021-02-08T04:42:56.268000Z,2021-02-09T14:47:46.713000Z,122690.445,50,3996,0,1,24,6,NONE,FULL_CLOSE,f53df840-cb87-3b81-7402-d9558ca1e78e,e180d72f-90fb-b8c7-6520-7485a8023d6d,32,4,2353288.000000000000000000001,0,0,12148,-7983,,AGGREGATE_ONLY_NOT_ALIGNED,XBT,,HIGH,HIGH,MEDIUM,HIGH,MEDIUM,MEDIUM,MEDIUM,DOGEUSDT-C0001,BEHAVIORAL_APPROXIMATION
DOTUSDTH21-C0002,DOTUSDTH21,False,LONG,2021-02-08T10:36:46.146000Z,2021-02-09T11:01:42.787000Z,87896.641,100,211,0,1,4,4,NONE,FULL_CLOSE,e498781b-f357-601e-ee17-df8488a69900,b8d43ad5-290f-4165-3d2d-f18f3ad5f7d2,10,0,5285305,0,0,23860,0,,AGGREGATE_ONLY_NOT_ALIGNED,XBT,,HIGH,HIGH,MEDIUM,MEDIUM,MEDIUM,MEDIUM,MEDIUM,DOTUSDTH21-C0002,BEHAVIORAL_APPROXIMATION
XRPUSD-C0051,XRPUSD,False,LONG,2021-02-08T20:54:10.671000Z,2021-02-13T14:27:32.395000Z,408801.724,122,22220,0,1,24,33,NONE,FULL_CLOSE,35653c4b-2f2a-d518-7c24-ce29565a8013,abae88c7-fe98-569e-5973-d4c1d58b4519,59,14,61569464.00000000000000000002,0,0,113989,5290391,,AGGREGATE_ONLY_NOT_ALIGNED,XBT,,HIGH,HIGH,MEDIUM,MEDIUM,MEDIUM,MEDIUM,MEDIUM,XRPUSD-C0051,BEHAVIORAL_APPROXIMATION
DOGEUSDT-C0002,DOGEUSDT,False,LONG,2021-02-09T15:12:53.146000Z,2021-02-15T02:19:37.491000Z,472004.345,222,30505,0,1,56,40,NONE,FULL_CLOSE,2e022f41-a782-bc43-c97e-e1acb2b87e9e,b29d3c67-fb1c-d343-c0db-c7bbf533e11a,98,16,-8888143.000000000000000000000,0,0,19861,1141186,,AGGREGATE_ONLY_NOT_ALIGNED,XBT,,HIGH,HIGH,MEDIUM,HIGH,MEDIUM,MEDIUM,MEDIUM,DOGEUSDT-C0002,BEHAVIORAL_APPROXIMATION
TRXH21-C0009,TRXH21,False,LONG,2021-02-11T21:24:34.798000Z,2021-02-28T07:49:32.932000Z,1419898.134,250000,2750000,0,1,75,400,NONE,FULL_CLOSE,d1a8c495-f1ea-5728-ad7f-2bd0977464a8,9329acc1-4e3a-8f4a-cb97-e7717301ced1,477,0,4500000.000000000000000000007,0,0,-86442,0,,AGGREGATE_ONLY_NOT_ALIGNED,XBT,,HIGH,HIGH,MEDIUM,MEDIUM,MEDIUM,MEDIUM,MEDIUM,TRXH21-C0009,BEHAVIORAL_APPROXIMATION
XBTUSD-C0287,XBTUSD,True,SHORT,2021-02-13T11:22:00.114000Z,2021-02-14T05:50:56.710000Z,66536.596,-500,1011444,1264,1,63,69,NONE,FLIP,3e2b1f9f-de86-6fd3-40e5-49820a4936f7,3b60af9e-d639-32db-4eb1-056142ccb316,134,3,-63639904.99999999999999999999,0,0,2186817,-3130571,,AGGREGATE_ONLY_NOT_ALIGNED,XBT,,HIGH,HIGH,MEDIUM,MEDIUM,MEDIUM,MEDIUM,MEDIUM,"XBTUSD-C0287,XBTUSD-C0288",BEHAVIORAL_APPROXIMATION
LINKUSDT-C0003,LINKUSDT,False,LONG,2021-02-13T20:38:21.719000Z,2021-02-14T10:23:17.224000Z,49495.505,222,444,0,1,1,11,NONE,FULL_CLOSE,a98f2130-9948-0486-45ad-ca52801773e0,f36ef8e8-8d5e-fe8a-8938-9965c83a290a,14,1,13182435,0,0,149907,210956,,AGGREGATE_ONLY_NOT_ALIGNED,XBT,,HIGH,HIGH,MEDIUM,MEDIUM,MEDIUM,MEDIUM,MEDIUM,LINKUSDT-C0003,BEHAVIORAL_APPROXIMATION
XBTUSD-C0288,XBTUSD,True,LONG,2021-02-14T05:50:56.710000Z,2021-02-22T14:39:55.827000Z,722939.117,1264,2642558,0,1,289,394,XBTUSD-C0287,FULL_CLOSE,3b60af9e-d639-32db-4eb1-056142ccb316,f953a73c-2867-293d-9043-08485599c82d,685,25,602986260.9999999999999999991,0,0,9211902,89808208,,AGGREGATE_ONLY_NOT_ALIGNED,XBT,,HIGH,HIGH,MEDIUM,MEDIUM,MEDIUM,MEDIUM,MEDIUM,XBTUSD-C0288,BEHAVIORAL_APPROXIMATION
LTCUSD-C0035,LTCUSD,False,LONG,2021-02-15T01:30:17.963000Z,2021-02-22T09:22:18.512000Z,633120.549,666,12448,0,1,68,64,NONE,FULL_CLOSE,941f05a2-7c93-ac55-6c07-f13e42022d91,f44ca79c-9806-1a6b-a3b4-08e6bf06b215,134,22,30392777.99999999999999999998,0,0,28967,23936363,,AGGREGATE_ONLY_NOT_ALIGNED,XBT,,HIGH,HIGH,MEDIUM,MEDIUM,MEDIUM,MEDIUM,MEDIUM,LTCUSD-C0035,BEHAVIORAL_APPROXIMATION
XRPUSD-C0052,XRPUSD,False,LONG,2021-02-15T01:34:50.829000Z,2021-02-22T14:38:01.227000Z,651790.398,287,27332,0,1,16,41,NONE,FULL_CLOSE,22124b69-171e-caa2-2bb6-3fa0b3b7ab85,db28dc4b-afb5-eaf8-e8ab-c4e2665acdce,59,23,22072712.00000000000000000002,0,0,30358,10125111,,AGGREGATE_ONLY_NOT_ALIGNED,XBT,,HIGH,HIGH,MEDIUM,MEDIUM,MEDIUM,MEDIUM,MEDIUM,XRPUSD-C0052,BEHAVIORAL_APPROXIMATION
DOGEUSDT-C0003,DOGEUSDT,False,LONG,2021-02-18T07:36:10.590000Z,2021-02-27T14:34:13.356000Z,802682.766,607,32230,0,1,51,17,NONE,FULL_CLOSE,e28be6ea-5d86-f301-7b91-2d01573d8fcc,fbf05c2b-cd17-8898-40c0-3d28899a1027,70,28,2907079.000000000000000000001,0,0,73310,21422,,AGGREGATE_ONLY_NOT_ALIGNED,XBT,,HIGH,HIGH,MEDIUM,HIGH,MEDIUM,MEDIUM,MEDIUM,DOGEUSDT-C0003,BEHAVIORAL_APPROXIMATION
LTCUSD-C0036,LTCUSD,False,LONG,2021-02-22T14:17:28.166000Z,2021-04-19T17:23:55.725000Z,4849587.559,3111,27959,0,1,525,330,NONE,FULL_CLOSE,641211b5-0c43-3f31-cd40-fb087a60bbfa,df41f754-3ba9-6e12-8716-0c9fab225106,857,168,464813570.0000000000000000002,0,0,-804042,99627397,,AGGREGATE_ONLY_NOT_ALIGNED,XBT,,HIGH,HIGH,MEDIUM,MEDIUM,MEDIUM,MEDIUM,MEDIUM,LTCUSD-C0036,BEHAVIORAL_APPROXIMATION
XBTUSD-C0289,XBTUSD,True,SHORT,2021-02-22T15:00:07.665000Z,2021-02-22T16:30:09.142000Z,5401.477,-1000,466665,0,1,41,36,NONE,FULL_CLOSE,0bb66974-051f-eaf9-9041-a46285e53e42,e46b7a8e-b723-743f-d250-f3966fb776bd,79,0,-3546197.000000000000000000000,0,0,1019300,0,,AGGREGATE_ONLY_NOT_ALIGNED,XBT,,HIGH,HIGH,MEDIUM,MEDIUM,MEDIUM,MEDIUM,MEDIUM,XBTUSD-C0289,BEHAVIORAL_APPROXIMATION
ETHUSD-C0108,ETHUSD,False,LONG,2021-02-22T15:27:42.620000Z,2021-02-22T15:57:26.276000Z,1783.656,40,555,0,1,7,6,NONE,FULL_CLOSE,22dd7ec3-faa3-2117-dcd6-d07ac9795c6c,d188a5a1-7b1e-5336-044e-3a539f816fe1,15,0,1195010.000000000000000000000,0,0,143458,0,,AGGREGATE_ONLY_NOT_ALIGNED,XBT,,HIGH,HIGH,MEDIUM,MEDIUM,MEDIUM,MEDIUM,MEDIUM,ETHUSD-C0108,BEHAVIORAL_APPROXIMATION
XBTUSD-C0290,XBTUSD,True,LONG,2021-02-22T17:09:30.901000Z,2021-02-27T12:42:10.185000Z,415959.284,1895,3727695,0,1,862,1010,NONE,FULL_CLOSE,2ebbf7a6-3c23-7ca1-299e-0b5a7dac9b79,f78e694b-c050-3b0b-44e3-bdf56db3da20,1874,15,123470392.0000000000000000000,0,0,10966469,3052294,,AGGREGATE_ONLY_NOT_ALIGNED,XBT,,LOW,HIGH,MEDIUM,MEDIUM,MEDIUM,LOW,LOW,XBTUSD-C0290,BEHAVIORAL_APPROXIMATION
ETHUSD-C0109,ETHUSD,False,LONG,2021-02-22T17:45:11.254000Z,2021-02-27T14:58:24.320000Z,421993.066,355,18708,-202,1,213,306,NONE,FLIP,9b3e320a-e920-c959-0210-31e9aa95be67,573c48e9-81ea-f95e-e29e-b98708b374f0,521,15,28562890.00000000000000000000,0,0,-262508,16731108,,AGGREGATE_ONLY_NOT_ALIGNED,XBT,,HIGH,HIGH,MEDIUM,MEDIUM,MEDIUM,MEDIUM,MEDIUM,"ETHUSD-C0109,ETHUSD-C0110",BEHAVIORAL_APPROXIMATION
DOTUSDTH21-C0003,DOTUSDTH21,False,LONG,2021-02-26T17:13:05.976000Z,2021-02-27T14:34:28.044000Z,76882.068,5,100,0,1,5,0,NONE,FULL_CLOSE,d1a90bb5-4559-0ad7-34f2-3a39c4001892,ffad1db8-f32c-575a-baad-8b657832f908,7,0,1532425,0,0,22198,0,,AGGREGATE_ONLY_NOT_ALIGNED,XBT,,HIGH,HIGH,MEDIUM,MEDIUM,MEDIUM,MEDIUM,MEDIUM,DOTUSDTH21-C0003,BEHAVIORAL_APPROXIMATION
ETHUSD-C0110,ETHUSD,False,SHORT,2021-02-27T14:58:24.320000Z,2021-02-27T14:58:35.930000Z,11.61,-202,202,0,1,0,3,ETHUSD-C0109,FULL_CLOSE,573c48e9-81ea-f95e-e29e-b98708b374f0,d1690f6f-cd72-ff44-200b-3dfb8859f082,5,0,-15540,0,0,22333,0,,AGGREGATE_ONLY_NOT_ALIGNED,XBT,,HIGH,HIGH,MEDIUM,MEDIUM,MEDIUM,MEDIUM,MEDIUM,ETHUSD-C0110,BEHAVIORAL_APPROXIMATION
ETHUSD-C0111,ETHUSD,False,LONG,2021-02-27T19:51:15.283000Z,2021-03-02T00:13:54.807000Z,188559.524,6,6207,-11,1,23,31,NONE,FLIP,32da0ba9-ae04-bfe0-4e46-b2fda94dc9ac,9ab954d4-0031-5b84-fa82-19f19557ea3d,56,7,111716679.9999999999999999999,0,0,-10355,4130176,,AGGREGATE_ONLY_NOT_ALIGNED,XBT,,HIGH,HIGH,MEDIUM,MEDIUM,MEDIUM,MEDIUM,MEDIUM,"ETHUSD-C0111,ETHUSD-C0112",BEHAVIORAL_APPROXIMATION
XBTUSD-C0291,XBTUSD,True,LONG,2021-02-27T19:59:51.385000Z,2021-03-03T08:08:52.295000Z,302940.91,15824,511106,-13917,1,46,68,NONE,FLIP,75b2fc2f-cbcb-31ee-7362-2a5de96d975c,5b4b66b4-b7ab-0b6a-e2c7-4614c97188ec,116,11,106404784.0000000000000000000,0,0,-207405,657886,,AGGREGATE_ONLY_NOT_ALIGNED,XBT,,HIGH,HIGH,MEDIUM,MEDIUM,MEDIUM,MEDIUM,MEDIUM,"XBTUSD-C0291,XBTUSD-C0292",BEHAVIORAL_APPROXIMATION
DOTUSDTH21-C0004,DOTUSDTH21,False,LONG,2021-02-28T15:52:27.522000Z,2021-03-04T06:33:34.062000Z,312066.54,211,211,0,1,0,8,NONE,FULL_CLOSE,45db5305-5494-3402-798e-552a8dc41b2e,c00b9050-0935-a380-0a0c-4da0b18d2558,10,0,13636215,0,0,5607,0,,AGGREGATE_ONLY_NOT_ALIGNED,XBT,,HIGH,HIGH,MEDIUM,MEDIUM,MEDIUM,MEDIUM,MEDIUM,DOTUSDTH21-C0004,BEHAVIORAL_APPROXIMATION
DOGEUSDT-C0004,DOGEUSDT,False,LONG,2021-02-28T21:57:30.065000Z,2021-03-24T22:24:59.835000Z,2075249.77,108,12221,0,1,49,6,NONE,FULL_CLOSE,40b21c54-3546-6f58-859f-f9e4d84a032c,8f9fbca8-8c23-e649-938f-850eb3193dee,57,72,1402507.000000000000000000000,0,0,41039,5054318,,AGGREGATE_ONLY_NOT_ALIGNED,XBT,,HIGH,HIGH,MEDIUM,HIGH,MEDIUM,MEDIUM,MEDIUM,DOGEUSDT-C0004,BEHAVIORAL_APPROXIMATION
LTCH21-C0007,LTCH21,False,LONG,2021-03-01T13:20:21.740000Z,2021-03-21T04:28:55.762000Z,1696114.022,30,1052,0,1,100,247,NONE,FULL_CLOSE,8ebb33cd-7f81-fd4f-3365-869281b515a6,abc5f3e4-7faf-accb-fac7-b2ca530ae6b5,349,0,-17996000.00000000000000000035,0,0,-104532,0,,AGGREGATE_ONLY_NOT_ALIGNED,XBT,,HIGH,HIGH,MEDIUM,MEDIUM,MEDIUM,MEDIUM,MEDIUM,LTCH21-C0007,BEHAVIORAL_APPROXIMATION
ETHUSD-C0112,ETHUSD,False,SHORT,2021-03-02T00:13:54.807000Z,2021-03-02T07:15:00.831000Z,25266.024,-11,97,97,1,0,0,ETHUSD-C0111,FLIP,9ab954d4-0031-5b84-fa82-19f19557ea3d,2b35cc0a-997b-7031-6a84-074d127fc2a3,2,1,59125,0,0,12437,-1307,,AGGREGATE_ONLY_NOT_ALIGNED,XBT,,HIGH,HIGH,MEDIUM,MEDIUM,MEDIUM,MEDIUM,MEDIUM,"ETHUSD-C0112,ETHUSD-C0113",BEHAVIORAL_APPROXIMATION
ETHUSD-C0113,ETHUSD,False,LONG,2021-03-02T07:15:00.831000Z,2021-03-09T21:25:59.411000Z,655858.58,97,9984,0,1,51,72,ETHUSD-C0112,FULL_CLOSE,2b35cc0a-997b-7031-6a84-074d127fc2a3,fa004bb5-0fc7-c6ab-f44e-7a3aec9af0fc,125,23,124279415.0000000000000000003,0,0,268002,6173463,,AGGREGATE_ONLY_NOT_ALIGNED,XBT,,HIGH,HIGH,MEDIUM,MEDIUM,MEDIUM,MEDIUM,MEDIUM,ETHUSD-C0113,BEHAVIORAL_APPROXIMATION
XBTUSD-C0292,XBTUSD,True,SHORT,2021-03-03T08:08:52.295000Z,2021-03-03T09:58:04.633000Z,6552.338,-13917,37909,0,1,1,3,XBTUSD-C0291,FULL_CLOSE,5b4b66b4-b7ab-0b6a-e2c7-4614c97188ec,b709b864-393c-390f-7b6a-3287faf8189c,6,0,-1941043.000000000000000000000,0,0,43248,0,,AGGREGATE_ONLY_NOT_ALIGNED,XBT,,HIGH,HIGH,MEDIUM,MEDIUM,MEDIUM,MEDIUM,MEDIUM,XBTUSD-C0292,BEHAVIORAL_APPROXIMATION
XBTUSD-C0293,XBTUSD,True,SHORT,2021-03-03T11:23:17.332000Z,2021-03-04T00:00:27.022000Z,45429.69,-21111,453332,11111,1,20,31,NONE,FLIP,732fab0e-d076-0ca1-080e-32d622b35a55,f580509a-5f5e-da4a-1b9b-76aa5bf49f74,53,2,24661973.00000000000000000000,0,0,142933,-56788,,AGGREGATE_ONLY_NOT_ALIGNED,XBT,,HIGH,HIGH,MEDIUM,MEDIUM,MEDIUM,MEDIUM,MEDIUM,"XBTUSD-C0293,XBTUSD-C0294",BEHAVIORAL_APPROXIMATION
XBTUSD-C0294,XBTUSD,True,LONG,2021-03-04T00:00:27.022000Z,2021-03-10T00:18:26.684000Z,519479.662,11111,1453326,-12225,1,439,408,XBTUSD-C0293,FLIP,f580509a-5f5e-da4a-1b9b-76aa5bf49f74,38663f58-ec86-650b-d3cd-35aefe282a4a,849,18,158794114.0000000000000000001,0,0,8676958,7119205,,AGGREGATE_ONLY_NOT_ALIGNED,XBT,,LOW,HIGH,MEDIUM,MEDIUM,MEDIUM,LOW,LOW,"XBTUSD-C0294,XBTUSD-C0295",BEHAVIORAL_APPROXIMATION
DOTUSDT-C0001,DOTUSDT,False,LONG,2021-03-06T23:27:08.836000Z,2021-03-08T19:34:55.882000Z,158867.046,11,231,0,1,20,4,NONE,FULL_CLOSE,92f5a3ba-b6b2-a276-52e0-ba31b5b63648,6d535d19-e004-c329-eadc-4adf7606e84c,26,5,1757855.000000000000000000000,0,0,-35568,39678,,AGGREGATE_ONLY_NOT_ALIGNED,XBT,,HIGH,HIGH,MEDIUM,MEDIUM,MEDIUM,MEDIUM,MEDIUM,DOTUSDT-C0001,BEHAVIORAL_APPROXIMATION
YFIUSDTH21-C0008,YFIUSDTH21,False,LONG,2021-03-07T23:54:53.705000Z,2021-03-08T22:24:32.751000Z,80979.046,3,55,0,1,4,9,NONE,FULL_CLOSE,fb129eb5-40ca-a995-36b9-c4d86cdcd07c,c849678f-85cd-4d41-d3ab-7a69629ce007,15,0,-259875,0,0,-9896,0,,AGGREGATE_ONLY_NOT_ALIGNED,XBT,,HIGH,HIGH,MEDIUM,MEDIUM,MEDIUM,MEDIUM,MEDIUM,YFIUSDTH21-C0008,BEHAVIORAL_APPROXIMATION
XRPUSD-C0053,XRPUSD,False,LONG,2021-03-08T09:56:54.201000Z,2021-03-22T16:20:36.664000Z,1232622.463,111,44440,0,1,32,35,NONE,FULL_CLOSE,e79b23f3-3dfd-3ed7-e1fb-95b1dd81881f,fc8c8973-0f17-6bd9-6975-0f9e256dccbe,69,43,43393378.00000000000000000000,0,0,379797,9622577,,AGGREGATE_ONLY_NOT_ALIGNED,XBT,,HIGH,HIGH,MEDIUM,MEDIUM,MEDIUM,MEDIUM,MEDIUM,XRPUSD-C0053,BEHAVIORAL_APPROXIMATION
XBTUSD-C0295,XBTUSD,True,SHORT,2021-03-10T00:18:26.684000Z,2021-03-10T02:10:00.623000Z,6693.939,-12225,32219,32219,1,0,0,XBTUSD-C0294,FLIP,38663f58-ec86-650b-d3cd-35aefe282a4a,8eeae93e-092e-01f9-3c19-e5d4655763ae,2,0,819075,0,0,-20699,0,,AGGREGATE_ONLY_NOT_ALIGNED,XBT,,HIGH,HIGH,MEDIUM,MEDIUM,MEDIUM,MEDIUM,MEDIUM,"XBTUSD-C0295,XBTUSD-C0296",BEHAVIORAL_APPROXIMATION
ETHUSD-C0114,ETHUSD,False,LONG,2021-03-10T02:03:15.229000Z,2021-03-26T21:46:22.644000Z,1453387.415,144,13109,-159,1,90,162,NONE,FLIP,6754f0b7-f0a1-d78b-2e52-f1b2da6ebb43,21a2c3e1-b0e8-edbe-8703-8f1e19445b64,254,51,-28423280.00000000000000000002,0,0,2313800,47441852,,AGGREGATE_ONLY_NOT_ALIGNED,XBT,,HIGH,HIGH,MEDIUM,MEDIUM,MEDIUM,MEDIUM,MEDIUM,"ETHUSD-C0114,ETHUSD-C0115",BEHAVIORAL_APPROXIMATION
XBTUSD-C0296,XBTUSD,True,LONG,2021-03-10T02:10:00.623000Z,2021-03-10T21:03:34.859000Z,68014.236,32219,207773,0,1,4,17,XBTUSD-C0295,FULL_CLOSE,8eeae93e-092e-01f9-3c19-e5d4655763ae,56f39a8b-7b95-aefb-459b-1d699e8cdefa,23,3,19354028.99999999999999999999,0,0,319059,104035,,AGGREGATE_ONLY_NOT_ALIGNED,XBT,,HIGH,HIGH,MEDIUM,MEDIUM,MEDIUM,MEDIUM,MEDIUM,XBTUSD-C0296,BEHAVIORAL_APPROXIMATION
XBTUSD-C0297,XBTUSD,True,LONG,2021-03-10T21:04:42.597000Z,2021-03-22T19:33:47.007000Z,1031344.41,2900,7663279,0,1,876,1081,NONE,FULL_CLOSE,afef5afa-56ca-0c68-b400-25fad3a7dea3,be08ba37-a7e6-f3b5-96c0-1a7039724d01,1959,35,-235626560.0000000000000000002,0,0,30722543,51346992,,AGGREGATE_ONLY_NOT_ALIGNED,XBT,,LOW,HIGH,MEDIUM,MEDIUM,MEDIUM,LOW,LOW,XBTUSD-C0297,BEHAVIORAL_APPROXIMATION
TRXM21-C0001,TRXM21,False,LONG,2021-03-19T17:56:44.382000Z,2021-03-21T00:10:58.195000Z,108853.813,40867,702998,0,1,140,24,NONE,FULL_CLOSE,3fa70553-468c-3941-cf27-36ff3731f031,354f0616-ad46-be9c-d179-5a36b94a5543,166,0,6732978,0,0,-29865,0,,AGGREGATE_ONLY_NOT_ALIGNED,XBT,,HIGH,HIGH,MEDIUM,MEDIUM,MEDIUM,MEDIUM,MEDIUM,TRXM21-C0001,BEHAVIORAL_APPROXIMATION
TRXH21-C0010,TRXH21,False,LONG,2021-03-19T17:57:16.663000Z,2021-03-20T23:20:45.170000Z,105808.507,390000,2400000,0,1,44,6,NONE,FULL_CLOSE,553abd4c-e496-b5fa-458f-86cf01cd620b,0b804c0c-580a-0f20-ab6e-179d475a8470,52,0,19600000.0,0,0,143514,0,,AGGREGATE_ONLY_NOT_ALIGNED,XBT,,HIGH,HIGH,MEDIUM,MEDIUM,MEDIUM,MEDIUM,MEDIUM,TRXH21-C0010,BEHAVIORAL_APPROXIMATION
XBTUSD-C0298,XBTUSD,True,SHORT,2021-03-22T19:59:04.684000Z,2021-03-24T00:20:11.630000Z,102066.946,-100,1642393,100941,1,90,168,NONE,FLIP,0f5a6ba2-636d-b1e4-ac59-37b8cb2b90ff,bbef07d0-3339-f48b-c813-6d1c36eea847,260,4,102759823.9999999999999999999,0,0,840847,-452146,,AGGREGATE_ONLY_NOT_ALIGNED,XBT,,HIGH,HIGH,MEDIUM,MEDIUM,MEDIUM,MEDIUM,MEDIUM,"XBTUSD-C0298,XBTUSD-C0299",BEHAVIORAL_APPROXIMATION
XBTUSD-C0299,XBTUSD,True,LONG,2021-03-24T00:20:11.630000Z,2021-03-24T12:09:07.157000Z,42535.527,100941,1100938,-65724,1,31,57,XBTUSD-C0298,FLIP,bbef07d0-3339-f48b-c813-6d1c36eea847,23ecd109-e7a2-c60c-0b53-c0a22e22f4c7,90,2,71892092.99999999999999999999,0,0,840420,195657,,AGGREGATE_ONLY_NOT_ALIGNED,XBT,,HIGH,HIGH,MEDIUM,MEDIUM,MEDIUM,MEDIUM,MEDIUM,"XBTUSD-C0299,XBTUSD-C0300",BEHAVIORAL_APPROXIMATION
XBTUSD-C0300,XBTUSD,True,SHORT,2021-03-24T12:09:07.157000Z,2021-03-24T13:48:48.842000Z,5981.685,-65724,65724,50942,1,0,0,XBTUSD-C0299,FLIP,23ecd109-e7a2-c60c-0b53-c0a22e22f4c7,8b7f698c-ad18-9d35-1827-9a9c47ce68f9,2,0,1183032,0,0,-51683,0,,AGGREGATE_ONLY_NOT_ALIGNED,XBT,,HIGH,HIGH,MEDIUM,MEDIUM,MEDIUM,MEDIUM,MEDIUM,"XBTUSD-C0300,XBTUSD-C0301",BEHAVIORAL_APPROXIMATION
XBTUSD-C0301,XBTUSD,True,LONG,2021-03-24T13:48:48.842000Z,2021-03-25T01:13:29.984000Z,41081.142,50942,2412043,0,1,186,175,XBTUSD-C0300,FULL_CLOSE,8b7f698c-ad18-9d35-1827-9a9c47ce68f9,f5e93ffe-ef21-b5fc-f234-a805f2c07660,363,1,-155909431.0000000000000000001,0,0,5590240,307884,,AGGREGATE_ONLY_NOT_ALIGNED,XBT,,LOW,HIGH,MEDIUM,MEDIUM,MEDIUM,LOW,LOW,XBTUSD-C0301,BEHAVIORAL_APPROXIMATION
DOTUSDTH21-C0005,DOTUSDTH21,False,LONG,2021-03-24T22:20:16.303000Z,2021-03-24T23:41:56.187000Z,4899.884,42,414,0,1,6,8,NONE,FULL_CLOSE,b0e76c8c-9a95-08d8-c21b-7e6ab7e18b07,31ebb334-0ae7-678e-b82f-f975f57875c3,16,0,1974580.000000000000000000001,0,0,-63399,0,,AGGREGATE_ONLY_NOT_ALIGNED,XBT,,HIGH,HIGH,MEDIUM,MEDIUM,MEDIUM,MEDIUM,MEDIUM,DOTUSDTH21-C0005,BEHAVIORAL_APPROXIMATION
XBTUSD-C0302,XBTUSD,True,SHORT,2021-03-25T06:14:42.027000Z,2021-03-25T09:56:05.124000Z,13283.097,-13814,116666,0,1,2,0,NONE,FULL_CLOSE,5452eb3d-c3d3-58e9-8c95-0558e93dae6d,c34df62e-b1a6-1bea-ab92-904f38c51f26,4,0,1283326,0,0,110688,0,,AGGREGATE_ONLY_NOT_ALIGNED,XBT,,HIGH,HIGH,MEDIUM,MEDIUM,MEDIUM,MEDIUM,MEDIUM,XBTUSD-C0302,BEHAVIORAL_APPROXIMATION
ETHH21-C0010,ETHH21,False,LONG,2021-03-25T10:56:12.955000Z,2021-03-26T11:59:59.999000Z,90227.044,5,150,0,1,6,0,NONE,SETTLEMENT,207409f9-b547-f187-7506-54de421623bd,b6312ffe-df7c-41c7-570d-0bd97c17e9a5,8,0,756000,0,0,212665,0,,AGGREGATE_ONLY_NOT_ALIGNED,XBT,,HIGH,HIGH,MEDIUM,MEDIUM,MEDIUM,MEDIUM,MEDIUM,ETHH21-C0010,BEHAVIORAL_APPROXIMATION
XBTUSD-C0303,XBTUSD,True,LONG,2021-03-25T15:00:36.070000Z,2021-03-25T19:42:41.715000Z,16925.645,22222,1066662,0,1,91,103,NONE,FULL_CLOSE,5072ab52-559a-a875-f597-8af0f3a4f88a,ff74c104-0082-74fc-22c0-42ce547a7a47,196,0,27040291.99999999999999999999,0,0,3339910,0,,AGGREGATE_ONLY_NOT_ALIGNED,XBT,,HIGH,HIGH,MEDIUM,MEDIUM,MEDIUM,MEDIUM,MEDIUM,XBTUSD-C0303,BEHAVIORAL_APPROXIMATION
XBTUSD-C0304,XBTUSD,True,LONG,2021-03-25T22:46:44.810000Z,2021-03-26T07:49:12.584000Z,32547.774,4931,117776,-9137,1,15,13,NONE,FLIP,90f70cea-c7c4-be15-2e2c-f54e6c98c13e,1d12915c-4ad9-a7d4-1928-b65c7e999bde,30,1,6817130.999999999999999999998,0,0,-116529,22460,,AGGREGATE_ONLY_NOT_ALIGNED,XBT,,HIGH,HIGH,MEDIUM,MEDIUM,MEDIUM,MEDIUM,MEDIUM,"XBTUSD-C0304,XBTUSD-C0305",BEHAVIORAL_APPROXIMATION
XBTUSD-C0305,XBTUSD,True,SHORT,2021-03-26T07:49:12.584000Z,2021-03-26T16:19:38.141000Z,30625.557,-9137,564420,0,1,29,48,XBTUSD-C0304,FULL_CLOSE,1d12915c-4ad9-a7d4-1928-b65c7e999bde,c191c6a5-b357-5276-f881-25059685ec2e,79,1,1918302.000000000000000000001,0,0,532729,-107127,,AGGREGATE_ONLY_NOT_ALIGNED,XBT,,HIGH,HIGH,MEDIUM,MEDIUM,MEDIUM,MEDIUM,MEDIUM,XBTUSD-C0305,BEHAVIORAL_APPROXIMATION
ETHUSD-C0115,ETHUSD,False,SHORT,2021-03-26T21:46:22.644000Z,2021-03-27T19:49:35.053000Z,79392.409,-159,3927,0,1,45,23,ETHUSD-C0114,FULL_CLOSE,21a2c3e1-b0e8-edbe-8703-8f1e19445b64,f61571ff-d23e-2875-a813-801dc125975b,70,2,2700750.000000000000000000000,0,0,-35315,-256397,,AGGREGATE_ONLY_NOT_ALIGNED,XBT,,HIGH,HIGH,MEDIUM,MEDIUM,MEDIUM,MEDIUM,MEDIUM,ETHUSD-C0115,BEHAVIORAL_APPROXIMATION
ETHM21-C0001,ETHM21,False,LONG,2021-03-26T23:49:14.441000Z,2021-04-07T07:05:36.639000Z,976582.198,1,110,0,1,19,13,NONE,FULL_CLOSE,cbf1407e-f532-e1cf-f92c-801acf31c453,154a73b7-4d12-5725-69da-2ba8d6fbb33e,34,0,48175000,0,0,-456,0,,AGGREGATE_ONLY_NOT_ALIGNED,XBT,,HIGH,HIGH,MEDIUM,MEDIUM,MEDIUM,MEDIUM,MEDIUM,ETHM21-C0001,BEHAVIORAL_APPROXIMATION
XBTUSD-C0306,XBTUSD,True,SHORT,2021-03-26T23:54:29.520000Z,2021-03-28T04:07:28.072000Z,101578.552,-22222,969395,19954,1,71,69,NONE,FLIP,05be5e6b-b2dc-9bf1-d0d7-23859d8da5d3,53b0e049-acd7-0889-2d9e-f4dd4cf76096,142,4,-3538897.000000000000000000002,0,0,954408,-193988,,AGGREGATE_ONLY_NOT_ALIGNED,XBT,,HIGH,HIGH,MEDIUM,MEDIUM,MEDIUM,MEDIUM,MEDIUM,"XBTUSD-C0306,XBTUSD-C0307",BEHAVIORAL_APPROXIMATION
XRPUSD-C0054,XRPUSD,False,LONG,2021-03-27T00:23:22.318000Z,2021-04-05T16:03:48.076000Z,834025.758,1000,46775,0,1,80,66,NONE,FULL_CLOSE,84506d62-4f5c-a6df-cd88-9b526ae7bc8f,e1832f40-53dc-60eb-28b0-94ae03397a5f,148,29,125958365.9999999999999999999,0,0,-167544,16088676,,AGGREGATE_ONLY_NOT_ALIGNED,XBT,,HIGH,HIGH,MEDIUM,MEDIUM,MEDIUM,MEDIUM,MEDIUM,XRPUSD-C0054,BEHAVIORAL_APPROXIMATION
TRXM21-C0002,TRXM21,False,LONG,2021-03-27T01:11:34.003000Z,2021-04-07T11:11:12.424000Z,986378.421,64271,5300000,0,1,124,424,NONE,FULL_CLOSE,43be14f8-53f2-373e-31a0-8000deb79957,fe8b41ff-b835-3d6c-f33f-0245b17ce1aa,550,0,105493983.9999999999999999999,0,0,-159616,0,,AGGREGATE_ONLY_NOT_ALIGNED,XBT,,LOW,HIGH,MEDIUM,MEDIUM,MEDIUM,LOW,LOW,TRXM21-C0002,BEHAVIORAL_APPROXIMATION
ETHUSD-C0116,ETHUSD,False,SHORT,2021-03-27T19:54:21.776000Z,2021-03-27T21:05:16.651000Z,4254.875,-374,2222,0,1,21,10,NONE,FULL_CLOSE,22e2a832-581d-3f96-9c79-6a2ccfb03b2c,ec6a4fc5-5117-94d3-ae8c-0177c790c3d6,33,1,-5093935.0,0,0,328852,-343777,,AGGREGATE_ONLY_NOT_ALIGNED,XBT,,HIGH,HIGH,MEDIUM,MEDIUM,MEDIUM,MEDIUM,MEDIUM,ETHUSD-C0116,BEHAVIORAL_APPROXIMATION
ETHUSD-C0117,ETHUSD,False,LONG,2021-03-27T21:07:47.213000Z,2021-04-21T20:08:10.293000Z,2156423.08,222,8435,0,1,158,221,NONE,FULL_CLOSE,b99bd15d-6763-b39a-f564-5758dda5f382,f00b7899-0d7f-dbd0-5745-653015983e1f,381,75,599299765.0000000000000000004,0,0,114642,144476438,,AGGREGATE_ONLY_NOT_ALIGNED,XBT,,HIGH,HIGH,MEDIUM,MEDIUM,MEDIUM,MEDIUM,MEDIUM,ETHUSD-C0117,BEHAVIORAL_APPROXIMATION
XBTUSD-C0307,XBTUSD,True,LONG,2021-03-28T04:07:28.072000Z,2021-04-25T07:22:25.672000Z,2430897.6,19954,6969779,-29507,1,1478,1837,XBTUSD-C0306,FLIP,53b0e049-acd7-0889-2d9e-f4dd4cf76096,ae44dc19-2310-497c-cdaf-87187e027b45,3317,84,-1312006868.999999999999999998,0,0,59099613,203876894,,AGGREGATE_ONLY_NOT_ALIGNED,XBT,,HIGH,HIGH,MEDIUM,MEDIUM,MEDIUM,MEDIUM,MEDIUM,"XBTUSD-C0307,XBTUSD-C0308",BEHAVIORAL_APPROXIMATION
LTCM21-C0001,LTCM21,False,LONG,2021-03-29T02:41:02.762000Z,2021-04-03T01:34:57.142000Z,428034.38,50,100,0,1,6,32,NONE,FULL_CLOSE,09ea29d2-adcd-5a6e-57d4-7759ad5d0fe0,a38190f0-0c2d-55bf-5b7f-90d1cfbafe5f,40,0,2000000,0,0,23899,0,,AGGREGATE_ONLY_NOT_ALIGNED,XBT,,HIGH,HIGH,MEDIUM,MEDIUM,MEDIUM,MEDIUM,MEDIUM,LTCM21-C0001,BEHAVIORAL_APPROXIMATION
DOTUSDT-C0002,DOTUSDT,False,LONG,2021-04-02T23:16:31.678000Z,2021-04-03T20:54:18.193000Z,77866.515,63,1171,0,1,11,7,NONE,FULL_CLOSE,95832097-d9e0-151b-f3bd-dd40b10becf9,26e5bc10-2345-4d18-e06b-0651fd082ba9,20,3,46288235.00000000000000000000,0,0,-181237,440754,,AGGREGATE_ONLY_NOT_ALIGNED,XBT,,HIGH,HIGH,MEDIUM,MEDIUM,MEDIUM,MEDIUM,MEDIUM,DOTUSDT-C0002,BEHAVIORAL_APPROXIMATION
DOGEUSDT-C0005,DOGEUSDT,False,LONG,2021-04-03T21:33:47.448000Z,2021-04-16T01:47:07.575000Z,1052000.127,3024,77777,0,1,23,31,NONE,FULL_CLOSE,1e8224b4-0812-05ad-3df6-ab2c03a6bde3,5d0d4dce-a5c1-0b33-3ba5-e3939ff9e674,56,36,336442388.0000000000000000000,0,0,-17458,29170522,,AGGREGATE_ONLY_NOT_ALIGNED,XBT,,HIGH,HIGH,MEDIUM,HIGH,MEDIUM,MEDIUM,MEDIUM,DOGEUSDT-C0005,BEHAVIORAL_APPROXIMATION
DOTUSDT-C0003,DOTUSDT,False,LONG,2021-04-03T21:47:14.216000Z,2021-05-01T14:34:57.502000Z,2393263.286,14,6964,-24,1,176,494,NONE,FLIP,6230586a-910f-034b-9a90-38b0665048f1,80097c02-3700-d9fa-cc1d-67f4cf17bfbb,672,83,-704464330.0000000000000000013,0,0,-982705,112701913,,AGGREGATE_ONLY_NOT_ALIGNED,XBT,,LOW,HIGH,MEDIUM,MEDIUM,MEDIUM,LOW,LOW,"DOTUSDT-C0003,DOTUSDT-C0004",BEHAVIORAL_APPROXIMATION
UNIUSDT-C0001,UNIUSDT,False,LONG,2021-04-06T01:12:53.327000Z,2021-04-25T07:17:23.848000Z,1663470.521,435,11112,0,1,132,79,NONE,FULL_CLOSE,838cd4c8-e7da-cb10-c7b8-8d844f644eb7,30d62558-7320-f302-c4d0-641729deaed9,213,58,17483963.99999999999999999995,0,0,-166836,27457746,,AGGREGATE_ONLY_NOT_ALIGNED,XBT,,HIGH,HIGH,MEDIUM,HIGH,MEDIUM,MEDIUM,MEDIUM,UNIUSDT-C0001,BEHAVIORAL_APPROXIMATION
XLMUSDT-C0001,XLMUSDT,False,LONG,2021-04-11T00:32:18.902000Z,2021-04-11T10:00:31.036000Z,34092.134,197,3333,0,1,14,37,NONE,FULL_CLOSE,20cfa47e-14b7-eaa5-23e7-6af438ff113d,0cc3ca88-a04c-0029-92e7-2a1eab5e5b16,53,1,15670884.00000000000000000001,0,0,29016,410048,,AGGREGATE_ONLY_NOT_ALIGNED,XBT,,LOW,HIGH,MEDIUM,HIGH,MEDIUM,LOW,LOW,XLMUSDT-C0001,BEHAVIORAL_APPROXIMATION
DOGEUSDT-C0006,DOGEUSDT,False,SHORT,2021-04-19T14:37:21.998000Z,2021-04-19T15:17:55.825000Z,2433.827,-28,111,0,1,1,2,NONE,FULL_CLOSE,f492ef3e-4cb5-c485-1c98-e4408b62f928,a636d1df-c69d-d3df-e280-ccfbf53dee84,5,0,19050,0,0,3040,0,,AGGREGATE_ONLY_NOT_ALIGNED,XBT,,HIGH,HIGH,MEDIUM,HIGH,MEDIUM,MEDIUM,MEDIUM,DOGEUSDT-C0006,BEHAVIORAL_APPROXIMATION
DOGEUSDT-C0007,DOGEUSDT,False,SHORT,2021-04-19T15:25:08.677000Z,2021-04-20T04:31:57.967000Z,47209.29,-111,1443,0,1,9,7,NONE,FULL_CLOSE,a0c36f30-ca06-3972-db90-b3044d28dadd,ddd4ad9c-ee10-fb15-d798-558cd691436b,18,2,-5505190.000000000000000000000,0,0,31722,-545387,,AGGREGATE_ONLY_NOT_ALIGNED,XBT,,HIGH,HIGH,MEDIUM,HIGH,MEDIUM,MEDIUM,MEDIUM,DOGEUSDT-C0007,BEHAVIORAL_APPROXIMATION
ETHM21-C0002,ETHM21,False,LONG,2021-04-20T16:47:45.482000Z,2021-04-22T23:53:48.304000Z,198362.822,1,157,0,1,83,37,NONE,FULL_CLOSE,ba3e140d-09a2-a1e5-0a2a-69c6a10b99f2,9d427591-18e2-b690-cb49-b30c89cf0d37,122,0,48676999.99999999999999999995,0,0,44368,0,,AGGREGATE_ONLY_NOT_ALIGNED,XBT,,HIGH,HIGH,MEDIUM,MEDIUM,MEDIUM,MEDIUM,MEDIUM,ETHM21-C0002,BEHAVIORAL_APPROXIMATION
XRPUSD-C0055,XRPUSD,False,LONG,2021-04-20T18:45:53.246000Z,2021-04-25T06:34:59.622000Z,388146.376,2222,11110,0,1,27,49,NONE,FULL_CLOSE,d08c846f-760f-8e45-8d3f-26a64f6ed2ac,967e85bd-d2a0-dd03-64d0-8e506ba36cec,78,14,-53923334,0,0,-86781,1024452,,AGGREGATE_ONLY_NOT_ALIGNED,XBT,,HIGH,HIGH,MEDIUM,MEDIUM,MEDIUM,MEDIUM,MEDIUM,XRPUSD-C0055,BEHAVIORAL_APPROXIMATION
LTCM21-C0002,LTCM21,False,LONG,2021-04-21T19:55:01.631000Z,2021-04-24T05:09:28.694000Z,206067.063,16,700,0,1,79,51,NONE,FULL_CLOSE,36084ad2-528b-df30-e1f7-17f293220057,70ce412b-8655-2f83-9396-ad566d57f526,132,0,-16416500.00000000000000000000,0,0,-144171,0,,AGGREGATE_ONLY_NOT_ALIGNED,XBT,,HIGH,HIGH,MEDIUM,MEDIUM,MEDIUM,MEDIUM,MEDIUM,LTCM21-C0002,BEHAVIORAL_APPROXIMATION
ETHUSD-C0118,ETHUSD,False,LONG,2021-04-23T02:16:23.946000Z,2021-04-25T07:24:08.323000Z,191264.377,18,5328,0,1,61,43,NONE,FULL_CLOSE,910e5245-b951-e0e8-d023-faaa7227e743,e28f40d4-be05-2027-e5e6-db8323c7e55a,106,7,-7338300.0000,0,0,342196,10953131,,AGGREGATE_ONLY_NOT_ALIGNED,XBT,,HIGH,HIGH,MEDIUM,MEDIUM,MEDIUM,MEDIUM,MEDIUM,ETHUSD-C0118,BEHAVIORAL_APPROXIMATION
XBTUSD-C0308,XBTUSD,True,SHORT,2021-04-25T07:22:25.672000Z,2021-04-25T07:22:29.117000Z,3.445,-29507,29507,0,1,0,0,XBTUSD-C0307,FULL_CLOSE,ae44dc19-2310-497c-cdaf-87187e027b45,6f004cf8-4492-48c9-5e4d-989a8c09e359,2,0,29507,0,0,44835,0,,AGGREGATE_ONLY_NOT_ALIGNED,XBT,,HIGH,HIGH,MEDIUM,MEDIUM,MEDIUM,MEDIUM,MEDIUM,XBTUSD-C0308,BEHAVIORAL_APPROXIMATION
ETHUSD-C0119,ETHUSD,False,SHORT,2021-04-25T07:31:38.267000Z,2021-04-25T07:40:17.656000Z,519.389,-35,1222,0,1,10,9,NONE,FULL_CLOSE,8886851e-ab41-f4a1-636c-4bbef9021e98,eb1d6918-77a5-846e-6747-e9a1a2a7e8b6,21,0,-910685,0,0,133942,0,,AGGREGATE_ONLY_NOT_ALIGNED,XBT,,HIGH,HIGH,MEDIUM,MEDIUM,MEDIUM,MEDIUM,MEDIUM,ETHUSD-C0119,BEHAVIORAL_APPROXIMATION
XBTUSD-C0309,XBTUSD,True,SHORT,2021-04-25T08:13:34.823000Z,2021-04-25T09:53:32.058000Z,5997.235,-2930,199998,0,1,9,13,NONE,FULL_CLOSE,894da592-5ee0-625a-abe6-eb840f155fe7,f74231fa-ffa7-718a-144c-7be5646c8b9d,24,0,2933304.000000000000000000003,0,0,336694,0,,AGGREGATE_ONLY_NOT_ALIGNED,XBT,,HIGH,HIGH,MEDIUM,MEDIUM,MEDIUM,MEDIUM,MEDIUM,XBTUSD-C0309,BEHAVIORAL_APPROXIMATION
ETHM21-C0003,ETHM21,False,LONG,2021-04-25T09:54:37.840000Z,2021-04-27T18:57:40.761000Z,205382.921,1,33,0,1,2,2,NONE,FULL_CLOSE,b4d26ff5-a820-4d2d-5f5e-086fa880d623,037b0339-985e-e013-4941-0947cb76e73d,6,0,8580000,0,0,-63482,0,,AGGREGATE_ONLY_NOT_ALIGNED,XBT,,HIGH,HIGH,MEDIUM,MEDIUM,MEDIUM,MEDIUM,MEDIUM,ETHM21-C0003,BEHAVIORAL_APPROXIMATION
XBTUSD-C0310,XBTUSD,True,SHORT,2021-04-25T10:54:31.320000Z,2021-04-26T01:21:36.402000Z,52025.082,-29984,699995,0,1,34,28,NONE,FULL_CLOSE,b76b0c8c-0dd4-9764-a5ef-ef80cd3bc58a,f2438f1a-ca75-9396-c91d-46812a65a6ba,64,2,30933381.00000000000000000000,0,0,857148,-195465,,AGGREGATE_ONLY_NOT_ALIGNED,XBT,,HIGH,HIGH,MEDIUM,MEDIUM,MEDIUM,MEDIUM,MEDIUM,XBTUSD-C0310,BEHAVIORAL_APPROXIMATION
LTCUSD-C0037,LTCUSD,False,LONG,2021-04-25T20:50:58.788000Z,2021-04-26T19:06:25.975000Z,80127.187,25,4444,0,1,29,18,NONE,FULL_CLOSE,1614f15e-1d6a-f08b-941c-fe9a65831ec1,ff74cd5f-cb6b-80f2-9251-8aac3b8765ed,49,2,25709998.0,0,0,114975,42925,,AGGREGATE_ONLY_NOT_ALIGNED,XBT,,HIGH,HIGH,MEDIUM,MEDIUM,MEDIUM,MEDIUM,MEDIUM,LTCUSD-C0037,BEHAVIORAL_APPROXIMATION
XBTUSD-C0311,XBTUSD,True,LONG,2021-04-26T01:22:01.954000Z,2021-05-12T23:57:23.880000Z,1463721.926,20000,6799806,0,1,892,894,NONE,FULL_CLOSE,0702989a-60bd-1607-8e6e-3b9f63943283,4b5489d9-1b0c-8668-9741-acb983cc8222,1788,51,-345196184.0000000000000000016,0,0,26326308,32383371,,AGGREGATE_ONLY_NOT_ALIGNED,XBT,,LOW,HIGH,MEDIUM,MEDIUM,MEDIUM,LOW,LOW,XBTUSD-C0311,BEHAVIORAL_APPROXIMATION
TRXM21-C0003,TRXM21,False,LONG,2021-04-27T14:59:10.227000Z,2021-05-12T18:44:11.870000Z,1309501.643,50000,1852432,0,1,310,123,NONE,FULL_CLOSE,19ece1b5-2ea7-7258-3813-5bcd6b7f379c,81cde3bb-d09e-a12c-71b9-0648ee04a303,435,0,31914487.00000000000000000000,0,0,23685,0,,AGGREGATE_ONLY_NOT_ALIGNED,XBT,,HIGH,HIGH,MEDIUM,MEDIUM,MEDIUM,MEDIUM,MEDIUM,TRXM21-C0003,BEHAVIORAL_APPROXIMATION
LTCUSD-C0038,LTCUSD,False,LONG,2021-04-28T17:27:53.939000Z,2021-05-05T00:44:14.833000Z,544580.894,111,19220,0,1,253,208,NONE,FULL_CLOSE,5b160cf3-adf8-6d8f-330a-cfac3d66cfa1,eb84d98b-55fc-6089-113d-43a79e00f997,463,19,184129264.0000000000000000003,0,0,-212710,11589199,,AGGREGATE_ONLY_NOT_ALIGNED,XBT,,HIGH,HIGH,MEDIUM,MEDIUM,MEDIUM,MEDIUM,MEDIUM,LTCUSD-C0038,BEHAVIORAL_APPROXIMATION
DOGEUSDT-C0008,DOGEUSDT,False,LONG,2021-04-30T18:14:17.797000Z,2021-05-03T09:27:08.679000Z,227570.882,10,5266,0,1,4,25,NONE,FULL_CLOSE,a563d083-3243-9653-fec6-e1f2d4b56f5d,019e57f7-69b2-a29f-35a2-f824905fc503,31,8,31464385.00000000000000000000,0,0,-2760,1990828,,AGGREGATE_ONLY_NOT_ALIGNED,XBT,,LOW,HIGH,MEDIUM,HIGH,MEDIUM,LOW,LOW,DOGEUSDT-C0008,BEHAVIORAL_APPROXIMATION
DOTUSDT-C0004,DOTUSDT,False,SHORT,2021-05-01T14:34:57.502000Z,2021-05-02T03:36:32.418000Z,46894.916,-24,729,0,1,105,118,DOTUSDT-C0003,FULL_CLOSE,80097c02-3700-d9fa-cc1d-67f4cf17bfbb,ada42d9d-bbe1-751f-aad9-a70f1fbf3e6d,225,1,-459270,0,0,-130433,-267156,,AGGREGATE_ONLY_NOT_ALIGNED,XBT,,HIGH,HIGH,MEDIUM,HIGH,MEDIUM,MEDIUM,MEDIUM,DOTUSDT-C0004,BEHAVIORAL_APPROXIMATION
XRPUSD-C0056,XRPUSD,False,LONG,2021-05-02T18:56:07.182000Z,2021-05-06T06:27:47.150000Z,300699.968,74,11110,0,1,9,21,NONE,FULL_CLOSE,2a2765ec-d6d5-2340-a161-b5830bc36bf9,5a8c849c-207e-0cb0-8c50-364d6496756e,32,11,22216740.0,0,0,-27916,3763528,,AGGREGATE_ONLY_NOT_ALIGNED,XBT,,HIGH,HIGH,MEDIUM,MEDIUM,MEDIUM,MEDIUM,MEDIUM,XRPUSD-C0056,BEHAVIORAL_APPROXIMATION
ETHUSD-C0120,ETHUSD,False,SHORT,2021-05-04T11:40:26.040000Z,2021-05-04T15:07:04.884000Z,12398.844,-23,555,0,1,12,7,NONE,FULL_CLOSE,181ff8d9-0a76-d631-aaa7-bb4b8b01d05b,ebafde7e-d472-7f00-910a-a8ebda122f28,21,1,7081230.000000000000000000000,0,0,103870,-82138,,AGGREGATE_ONLY_NOT_ALIGNED,XBT,,HIGH,HIGH,MEDIUM,MEDIUM,MEDIUM,MEDIUM,MEDIUM,ETHUSD-C0120,BEHAVIORAL_APPROXIMATION
UNIUSDT-C0002,UNIUSDT,False,LONG,2021-05-04T12:24:42.950000Z,2021-05-09T18:55:03.177000Z,455420.227,111,8320,0,1,197,108,NONE,FULL_CLOSE,379772f1-6e8c-9454-e81f-e778128f75b6,563159b4-0814-586d-0d80-d4be9097a2c2,307,15,-13857048.99999999999999999997,0,0,-112779,3072715,,AGGREGATE_ONLY_NOT_ALIGNED,XBT,,HIGH,HIGH,MEDIUM,HIGH,MEDIUM,MEDIUM,MEDIUM,UNIUSDT-C0002,BEHAVIORAL_APPROXIMATION
DOGEUSDT-C0009,DOGEUSDT,False,SHORT,2021-05-04T13:37:22.070000Z,2021-05-04T15:07:16.547000Z,5394.477,-80,100,0,1,1,1,NONE,FULL_CLOSE,d878e71b-79f0-4064-005d-fd2d0c525265,e5cbf001-527b-df57-a02d-8f7bdf23384f,4,0,591350,0,0,7082,0,,AGGREGATE_ONLY_NOT_ALIGNED,XBT,,HIGH,HIGH,MEDIUM,HIGH,MEDIUM,MEDIUM,MEDIUM,DOGEUSDT-C0009,BEHAVIORAL_APPROXIMATION
DOGEUSDT-C0010,DOGEUSDT,False,SHORT,2021-05-05T03:17:07.280000Z,2021-05-05T08:28:47.407000Z,18700.127,-38,2400,0,1,16,14,NONE,FULL_CLOSE,3ded4458-bd02-cc87-39ca-76a490c80021,fefa97a5-fa28-2cea-106f-74294120adc4,32,1,9190997.999999999999999999999,0,0,73704,-10771,,AGGREGATE_ONLY_NOT_ALIGNED,XBT,,HIGH,HIGH,MEDIUM,HIGH,MEDIUM,MEDIUM,MEDIUM,DOGEUSDT-C0010,BEHAVIORAL_APPROXIMATION
DOGEUSDT-C0011,DOGEUSDT,False,SHORT,2021-05-05T08:31:10.921000Z,2021-05-05T17:34:24.504000Z,32593.583,-47,1554,0,1,8,10,NONE,FULL_CLOSE,a3edbb3b-f4fd-7739-8455-81a3001753c0,d611def7-4c1e-a6e9-a644-e8c032e0f522,20,1,9305574.000000000000000000001,0,0,44995,-84893,,AGGREGATE_ONLY_NOT_ALIGNED,XBT,,HIGH,HIGH,MEDIUM,HIGH,MEDIUM,MEDIUM,MEDIUM,DOGEUSDT-C0011,BEHAVIORAL_APPROXIMATION
LTCUSD-C0039,LTCUSD,False,LONG,2021-05-05T08:38:04.260000Z,2021-05-05T17:56:40.063000Z,33515.803,17,333,0,1,9,5,NONE,FULL_CLOSE,5778d189-599b-bc53-dd02-da65bb7da695,ee0bb680-74f7-69b6-860f-ac29d7c1723e,16,1,1497336,0,0,12029,5034,,AGGREGATE_ONLY_NOT_ALIGNED,XBT,,HIGH,HIGH,MEDIUM,MEDIUM,MEDIUM,MEDIUM,MEDIUM,LTCUSD-C0039,BEHAVIORAL_APPROXIMATION
DOTUSDT-C0005,DOTUSDT,False,LONG,2021-05-05T12:26:29.558000Z,2021-05-10T14:30:34.815000Z,439445.257,49,1310,0,1,86,31,NONE,FULL_CLOSE,fa126386-887a-ab09-b67f-f27287ceb64a,1ac767f7-527c-afbe-4f7c-5631d594d707,119,15,21965765.00000000000000000001,0,0,-157049,1864777,,AGGREGATE_ONLY_NOT_ALIGNED,XBT,,HIGH,HIGH,MEDIUM,MEDIUM,MEDIUM,MEDIUM,MEDIUM,DOTUSDT-C0005,BEHAVIORAL_APPROXIMATION
DOGEUSDT-C0012,DOGEUSDT,False,SHORT,2021-05-06T04:45:00.175000Z,2021-05-07T02:20:03.607000Z,77703.432,-35,222,0,1,1,2,NONE,FULL_CLOSE,a16d9ca6-2157-3b2e-6c5e-2f84ae215bc1,ff34784f-104a-321a-8e93-560bb7040d15,5,2,1833850,0,0,7620,-10081,,AGGREGATE_ONLY_NOT_ALIGNED,XBT,,HIGH,HIGH,MEDIUM,HIGH,MEDIUM,MEDIUM,MEDIUM,DOGEUSDT-C0012,BEHAVIORAL_APPROXIMATION
ETHUSD-C0121,ETHUSD,False,SHORT,2021-05-06T15:21:09.192000Z,2021-05-06T17:56:11.807000Z,9302.615,-327,999,0,1,22,2,NONE,FULL_CLOSE,78256630-878e-333d-7a7e-38e545097da6,9ad664ed-7e43-da29-51c6-5450d931104a,26,0,2024640.000000000000000000000,0,0,177646,0,,AGGREGATE_ONLY_NOT_ALIGNED,XBT,,HIGH,HIGH,MEDIUM,MEDIUM,MEDIUM,MEDIUM,MEDIUM,ETHUSD-C0121,BEHAVIORAL_APPROXIMATION
LTCUSD-C0040,LTCUSD,False,LONG,2021-05-06T18:43:31.160000Z,2021-05-13T18:55:02.548000Z,605491.388,333,47865,0,1,203,355,NONE,FULL_CLOSE,4cc24887-859f-6c31-ed6c-9c51e003dd54,d06b1048-15a8-07b4-2c62-85efeae31a73,560,21,-344513958.0000000000000000001,0,0,-867947,11542079,,AGGREGATE_ONLY_NOT_ALIGNED,XBT,,LOW,HIGH,MEDIUM,MEDIUM,MEDIUM,LOW,LOW,LTCUSD-C0040,BEHAVIORAL_APPROXIMATION
XRPUSD-C0057,XRPUSD,False,LONG,2021-05-07T02:37:56.271000Z,2021-05-08T18:17:07.931000Z,142751.66,406,2222,0,1,3,5,NONE,FULL_CLOSE,b2ebe768-9292-9f5b-5cfa-643f018db373,23ebbbfd-3847-39b2-15d2-82b81f78db31,10,5,2193114,0,0,-30002,475968,,AGGREGATE_ONLY_NOT_ALIGNED,XBT,,HIGH,HIGH,MEDIUM,MEDIUM,MEDIUM,MEDIUM,MEDIUM,XRPUSD-C0057,BEHAVIORAL_APPROXIMATION
DOGEUSDT-C0013,DOGEUSDT,False,SHORT,2021-05-07T07:03:18.919000Z,2021-05-08T20:39:57.896000Z,135398.977,-77,1954,0,1,19,6,NONE,FULL_CLOSE,f938ec84-57e6-679a-d5d4-3a8fd3ffe3b5,fbc8e113-4db4-d236-439d-59a775a86dd2,27,5,5059702.000000000000000000001,0,0,72790,-455987,,AGGREGATE_ONLY_NOT_ALIGNED,XBT,,HIGH,HIGH,MEDIUM,HIGH,MEDIUM,MEDIUM,MEDIUM,DOGEUSDT-C0013,BEHAVIORAL_APPROXIMATION
ETHUSD-C0122,ETHUSD,False,SHORT,2021-05-08T13:36:04.347000Z,2021-05-10T20:48:53.263000Z,198768.916,-4,5328,0,1,89,87,NONE,FULL_CLOSE,3f4342fa-f968-ba21-48f6-760254c36d75,fc37cad8-5b6f-c510-d0bd-182b954f4e36,178,7,-1832525.000000,0,0,194460,-7590169,,AGGREGATE_ONLY_NOT_ALIGNED,XBT,,HIGH,HIGH,MEDIUM,MEDIUM,MEDIUM,MEDIUM,MEDIUM,ETHUSD-C0122,BEHAVIORAL_APPROXIMATION
DOGEUSDT-C0014,DOGEUSDT,False,LONG,2021-05-09T13:34:01.350000Z,2021-05-10T09:20:19.400000Z,71178.05,122,244,0,1,2,8,NONE,FULL_CLOSE,5a199b2a-2d93-b710-0653-18e34cbe45ae,ea153c29-9be7-59ca-74c8-c325dc9b209f,12,2,988467.0,0,0,6500,2667,,AGGREGATE_ONLY_NOT_ALIGNED,XBT,,HIGH,HIGH,MEDIUM,HIGH,MEDIUM,MEDIUM,MEDIUM,DOGEUSDT-C0014,BEHAVIORAL_APPROXIMATION
DOGEUSDT-C0015,DOGEUSDT,False,LONG,2021-05-10T14:05:37.497000Z,2021-05-12T18:33:14.800000Z,188857.303,34,5584,0,1,67,21,NONE,FULL_CLOSE,9a357612-610e-70fe-0913-5966c36c089a,c71ebfed-b809-1c0f-f461-9978eb56478f,90,6,-6860010.000000000000000000001,0,0,-45111,369998,,AGGREGATE_ONLY_NOT_ALIGNED,XBT,,HIGH,HIGH,MEDIUM,HIGH,MEDIUM,MEDIUM,MEDIUM,DOGEUSDT-C0015,BEHAVIORAL_APPROXIMATION
XRPUSD-C0058,XRPUSD,False,LONG,2021-05-10T19:54:46.419000Z,2021-05-12T19:12:12.311000Z,170245.892,305,17886,0,1,32,51,NONE,FULL_CLOSE,ff4a5d6b-0168-4d61-e9da-2575603b1013,cc31e219-5587-17e4-3d96-088c3bc6f26f,85,6,23727472.00000000000000000001,0,0,109381,845661,,AGGREGATE_ONLY_NOT_ALIGNED,XBT,,HIGH,HIGH,MEDIUM,MEDIUM,MEDIUM,MEDIUM,MEDIUM,XRPUSD-C0058,BEHAVIORAL_APPROXIMATION
DOTUSDT-C0006,DOTUSDT,False,LONG,2021-05-10T20:49:20.312000Z,2021-05-12T19:09:01.222000Z,166780.91,222,222,0,1,0,1,NONE,FULL_CLOSE,9c3a73b7-2930-916e-e952-f5500aacdc42,0c2469b1-d294-e8e0-86f7-3b23bf261222,3,5,5160390,0,0,41746,114580,,AGGREGATE_ONLY_NOT_ALIGNED,XBT,,HIGH,HIGH,MEDIUM,MEDIUM,MEDIUM,MEDIUM,MEDIUM,DOTUSDT-C0006,BEHAVIORAL_APPROXIMATION
ETHUSD-C0123,ETHUSD,False,LONG,2021-05-11T03:20:43.471000Z,2021-05-12T03:46:47.076000Z,87963.605,48,333,-71,1,3,0,NONE,FLIP,b47d0159-c0bf-384d-868e-2d5e8a62041c,9a47ac11-298a-ae86-7a76-562712883fce,5,3,17549100,0,0,-75316,331956,,AGGREGATE_ONLY_NOT_ALIGNED,XBT,,HIGH,HIGH,MEDIUM,MEDIUM,MEDIUM,MEDIUM,MEDIUM,"ETHUSD-C0123,ETHUSD-C0124",BEHAVIORAL_APPROXIMATION
ETHUSD-C0124,ETHUSD,False,SHORT,2021-05-12T03:46:47.076000Z,2021-05-13T00:02:05.455000Z,72918.379,-71,777,222,1,9,1,ETHUSD-C0123,FLIP,9a47ac11-298a-ae86-7a76-562712883fce,e7b6a832-2e63-98a1-9cc4-ebe3fd338a06,12,3,44750760,0,0,-74554,-855600,,AGGREGATE_ONLY_NOT_ALIGNED,XBT,,HIGH,HIGH,MEDIUM,MEDIUM,MEDIUM,MEDIUM,MEDIUM,"ETHUSD-C0124,ETHUSD-C0125",BEHAVIORAL_APPROXIMATION
DOGEUSDT-C0016,DOGEUSDT,False,LONG,2021-05-12T22:24:07.006000Z,2021-05-13T18:46:57.197000Z,73370.191,52,5885,0,1,24,11,NONE,FULL_CLOSE,3912c765-0b80-57d4-710a-18417b4ca0aa,f2d853eb-4d24-4a73-a6a1-196ed8f14a79,37,2,-12130085.00000000000000000002,0,0,125173,484041,,AGGREGATE_ONLY_NOT_ALIGNED,XBT,,HIGH,HIGH,MEDIUM,HIGH,MEDIUM,MEDIUM,MEDIUM,DOGEUSDT-C0016,BEHAVIORAL_APPROXIMATION
XRPUSD-C0059,XRPUSD,False,LONG,2021-05-12T23:52:40.751000Z,2021-05-13T18:46:40.455000Z,68039.704,1111,3333,0,1,3,9,NONE,FULL_CLOSE,3cad8def-d7bb-a1db-c4ac-2a2cd7c81f39,ecc761da-f52c-cba5-7941-73ab2998b15f,14,2,446974,0,0,41995,195940,,AGGREGATE_ONLY_NOT_ALIGNED,XBT,,HIGH,HIGH,MEDIUM,MEDIUM,MEDIUM,MEDIUM,MEDIUM,XRPUSD-C0059,BEHAVIORAL_APPROXIMATION
ETHUSD-C0125,ETHUSD,False,LONG,2021-05-13T00:02:05.455000Z,2021-05-13T10:52:10.380000Z,39004.925,222,2220,0,1,12,7,ETHUSD-C0124,FULL_CLOSE,e7b6a832-2e63-98a1-9cc4-ebe3fd338a06,ca856789-834e-0ea3-af7f-400e40d63b34,21,1,3341320.0,0,0,430077,675897,,AGGREGATE_ONLY_NOT_ALIGNED,XBT,,HIGH,HIGH,MEDIUM,MEDIUM,MEDIUM,MEDIUM,MEDIUM,ETHUSD-C0125,BEHAVIORAL_APPROXIMATION
XBTUSD-C0312,XBTUSD,True,LONG,2021-05-13T09:41:06.288000Z,2021-05-13T17:26:26.508000Z,27920.22,2000,4653309,-13353,1,152,169,NONE,FLIP,7e845eca-7e14-73f3-c4ff-52fce08af626,0485f0a1-99e4-dd97-586a-fef4498ad8b1,323,1,-229297077.0000000000000000000,0,0,4802977,-104690,,AGGREGATE_ONLY_NOT_ALIGNED,XBT,,LOW,HIGH,MEDIUM,MEDIUM,MEDIUM,LOW,LOW,"XBTUSD-C0312,XBTUSD-C0313",BEHAVIORAL_APPROXIMATION
XBTUSD-C0313,XBTUSD,True,SHORT,2021-05-13T17:26:26.508000Z,2021-05-13T17:31:23.056000Z,296.548,-13353,13353,0,1,0,0,XBTUSD-C0312,FULL_CLOSE,0485f0a1-99e4-dd97-586a-fef4498ad8b1,6ded1e01-ff20-7883-e64a-d96cf0542aff,2,0,133530,0,0,20960,0,,AGGREGATE_ONLY_NOT_ALIGNED,XBT,,HIGH,HIGH,MEDIUM,MEDIUM,MEDIUM,MEDIUM,MEDIUM,XBTUSD-C0313,BEHAVIORAL_APPROXIMATION
XBTUSD-C0314,XBTUSD,True,LONG,2021-05-13T18:02:46.435000Z,2021-05-13T19:11:49.778000Z,4143.343,1161,5333328,0,1,143,261,NONE,FULL_CLOSE,06a3834e-7eca-db52-26e8-1d587d27a2a2,f94a2764-5ec3-c15e-f7d5-a8a5d89c5ba7,406,0,-97126230.00000000000000000000,0,0,14841647,0,,AGGREGATE_ONLY_NOT_ALIGNED,XBT,,HIGH,HIGH,MEDIUM,MEDIUM,MEDIUM,MEDIUM,MEDIUM,XBTUSD-C0314,BEHAVIORAL_APPROXIMATION
XBTUSD-C0315,XBTUSD,True,LONG,2021-05-13T19:17:53.922000Z,2021-05-15T10:16:43.255000Z,140329.333,61600,4444444,0,1,323,273,NONE,FULL_CLOSE,1922eda1-5789-f6f9-8dbe-3d41c83f069f,eabb13dd-abf8-b7a4-0cab-c4fb0c004ee0,598,5,148870445.9999999999999999995,0,0,7667161,2553687,,AGGREGATE_ONLY_NOT_ALIGNED,XBT,,LOW,HIGH,MEDIUM,MEDIUM,MEDIUM,LOW,LOW,XBTUSD-C0315,BEHAVIORAL_APPROXIMATION
DOGEUSDT-C0017,DOGEUSDT,False,LONG,2021-05-13T21:12:06.163000Z,2021-05-14T07:20:54.433000Z,36528.27,165,10408,0,1,81,85,NONE,FULL_CLOSE,3918c03d-3545-b082-3725-05bd32bec5a0,25de6ac0-f5ac-77bf-9347-59e471bf8224,168,1,39126179.00000000000000000003,0,0,31688,2892,,AGGREGATE_ONLY_NOT_ALIGNED,XBT,,HIGH,HIGH,MEDIUM,HIGH,MEDIUM,MEDIUM,MEDIUM,DOGEUSDT-C0017,BEHAVIORAL_APPROXIMATION
ETHM21-C0004,ETHM21,False,SHORT,2021-05-15T07:14:16.352000Z,2021-05-18T04:44:41.877000Z,250225.525,-1,14,0,1,6,4,NONE,FULL_CLOSE,ace4bb32-dab3-e674-ee0e-f46ec6ef0504,bf6bd591-610c-d1e7-e881-fcf6e60b2090,12,0,4134000.000000000000000000000,0,0,149794,0,,AGGREGATE_ONLY_NOT_ALIGNED,XBT,,LOW,HIGH,MEDIUM,MEDIUM,MEDIUM,LOW,LOW,ETHM21-C0004,BEHAVIORAL_APPROXIMATION
ETHUSD-C0126,ETHUSD,False,SHORT,2021-05-15T07:14:17.311000Z,2021-05-18T04:44:31.814000Z,250214.503,-12,943,0,1,20,17,NONE,FULL_CLOSE,78b4b282-9c66-7ee4-51ea-67e17e7b23e4,fff602d1-8c2c-1d46-9777-cc876cb5399a,39,9,37246040.00000000000000000002,0,0,306831,-4383060,,AGGREGATE_ONLY_NOT_ALIGNED,XBT,,HIGH,HIGH,MEDIUM,MEDIUM,MEDIUM,MEDIUM,MEDIUM,ETHUSD-C0126,BEHAVIORAL_APPROXIMATION
XBTUSD-C0316,XBTUSD,True,SHORT,2021-05-15T10:27:28.057000Z,2021-05-15T11:25:49.689000Z,3501.632,-66666,166665,0,1,8,0,NONE,FULL_CLOSE,ebf4c3f0-e1f0-78ca-940f-081369987fc0,d41d237e-5e79-5ba6-91a9-7ab2a5c4e131,10,0,-4633287,0,0,515464,0,,AGGREGATE_ONLY_NOT_ALIGNED,XBT,,HIGH,HIGH,MEDIUM,MEDIUM,MEDIUM,MEDIUM,MEDIUM,XBTUSD-C0316,BEHAVIORAL_APPROXIMATION
XBTUSD-C0317,XBTUSD,True,SHORT,2021-05-15T12:31:34.066000Z,2021-05-15T19:18:48.428000Z,24434.362,-2154,219998,40001,1,7,17,NONE,FLIP,fd719f09-48ff-5b7a-ce95-c0647d6ac597,43794dcf-aa60-75aa-6ed2-ed2eecf05def,26,0,5643201.000000000000000000000,0,0,-152854,0,,AGGREGATE_ONLY_NOT_ALIGNED,XBT,,HIGH,HIGH,MEDIUM,MEDIUM,MEDIUM,MEDIUM,MEDIUM,"XBTUSD-C0317,XBTUSD-C0318",BEHAVIORAL_APPROXIMATION
XBTUSD-C0318,XBTUSD,True,LONG,2021-05-15T19:18:48.428000Z,2021-05-16T19:54:44.892000Z,88556.464,40001,573333,0,1,21,8,XBTUSD-C0317,FULL_CLOSE,43794dcf-aa60-75aa-6ed2-ed2eecf05def,313709b4-c0cb-4af7-283b-e87276a4a72c,31,3,-40746932.00000000000000000000,0,0,498814,240272,,AGGREGATE_ONLY_NOT_ALIGNED,XBT,,HIGH,HIGH,MEDIUM,MEDIUM,MEDIUM,MEDIUM,MEDIUM,XBTUSD-C0318,BEHAVIORAL_APPROXIMATION
XBTUSD-C0319,XBTUSD,True,SHORT,2021-05-17T00:47:24.491000Z,2021-05-18T19:20:14.084000Z,153169.593,-16000,1855709,0,1,95,177,NONE,FULL_CLOSE,1237c628-7345-fd50-1035-c59e13087c1c,f919a08d-4a45-ee3a-42ea-825ba75390c9,274,5,125475873.9999999999999999999,0,0,6206182,-1654456,,AGGREGATE_ONLY_NOT_ALIGNED,XBT,,HIGH,HIGH,MEDIUM,MEDIUM,MEDIUM,MEDIUM,MEDIUM,XBTUSD-C0319,BEHAVIORAL_APPROXIMATION
XRPUSD-C0060,XRPUSD,False,LONG,2021-05-17T11:26:26.373000Z,2021-05-18T23:09:59.626000Z,128613.253,20,51106,0,1,114,100,NONE,FULL_CLOSE,53c81834-6458-134c-452e-2e01d76bc886,fc9f5759-cc15-0ffc-b1c3-8c044c939c2b,216,5,67843458.00000000000000000006,0,0,102568,9505489,,AGGREGATE_ONLY_NOT_ALIGNED,XBT,,LOW,HIGH,MEDIUM,MEDIUM,MEDIUM,LOW,LOW,XRPUSD-C0060,BEHAVIORAL_APPROXIMATION
DOGEUSDT-C0018,DOGEUSDT,False,LONG,2021-05-18T04:12:37.153000Z,2021-05-19T01:19:06.495000Z,75989.342,523,20664,0,1,228,140,NONE,FULL_CLOSE,14275bb2-f9de-0887-8bce-e446adcab09f,f165ac23-5ef0-6065-5fed-7fa8b46946c5,370,2,-63905030.99999999999999999999,0,0,-83529,1505175,,AGGREGATE_ONLY_NOT_ALIGNED,XBT,,LOW,HIGH,MEDIUM,HIGH,MEDIUM,LOW,LOW,DOGEUSDT-C0018,BEHAVIORAL_APPROXIMATION
TRXM21-C0004,TRXM21,False,LONG,2021-05-18T06:09:35.728000Z,2021-05-19T01:50:53.910000Z,70878.182,102080,1000000,0,1,4,10,NONE,FULL_CLOSE,6a580da9-2eda-59e1-a8da-dddc6c80c365,fafad972-28cc-c772-6e01-684473be67cf,16,0,7892962.0,0,0,258663,0,,AGGREGATE_ONLY_NOT_ALIGNED,XBT,,HIGH,HIGH,MEDIUM,MEDIUM,MEDIUM,MEDIUM,MEDIUM,TRXM21-C0004,BEHAVIORAL_APPROXIMATION
XBTUSD-C0320,XBTUSD,True,SHORT,2021-05-18T20:08:42.689000Z,2021-05-19T04:53:30.985000Z,31488.296,-4213,1144774,60120,1,71,29,NONE,FLIP,67786b40-d6de-0809-f147-9f58849e4fce,d4a3e7eb-f862-adc1-7fea-0745de1c20ad,102,1,215862934.0000000000000000001,0,0,777024,-65979,,AGGREGATE_ONLY_NOT_ALIGNED,XBT,,HIGH,HIGH,MEDIUM,MEDIUM,MEDIUM,MEDIUM,MEDIUM,"XBTUSD-C0320,XBTUSD-C0321",BEHAVIORAL_APPROXIMATION
XRPUSD-C0061,XRPUSD,False,SHORT,2021-05-19T00:12:35.484000Z,2021-05-19T00:47:26.198000Z,2090.714,-467,13332,0,1,23,15,NONE,FULL_CLOSE,81f867a0-8604-a8f0-2152-638f8eb15c07,fa20450f-83e3-314e-fef3-b6aadcf1c190,40,0,3805336,0,0,215116,0,,AGGREGATE_ONLY_NOT_ALIGNED,XBT,,HIGH,HIGH,MEDIUM,MEDIUM,MEDIUM,MEDIUM,MEDIUM,XRPUSD-C0061,BEHAVIORAL_APPROXIMATION
XRPUSD-C0062,XRPUSD,False,LONG,2021-05-19T04:24:41.359000Z,2021-05-19T16:06:11.788000Z,42090.429,78,15554,0,1,76,5,NONE,FULL_CLOSE,56996c82-d5b4-2b5a-adea-3575bad59a15,dc65bdee-2f30-b4c3-aa04-800b5cfee625,83,1,-48694914.00000000000000000000,0,0,172597,479354,,AGGREGATE_ONLY_NOT_ALIGNED,XBT,,LOW,HIGH,MEDIUM,MEDIUM,MEDIUM,LOW,LOW,XRPUSD-C0062,BEHAVIORAL_APPROXIMATION
TRXM21-C0005,TRXM21,False,LONG,2021-05-19T04:43:49.983000Z,2021-05-20T20:56:46.565000Z,144776.582,8109,1500000,0,1,146,153,NONE,FULL_CLOSE,06494062-709c-f483-0e97-80965733ef04,c507d303-b84e-b490-a2eb-fc9b3e04fc0b,301,0,-71027112,0,0,71451,0,,AGGREGATE_ONLY_NOT_ALIGNED,XBT,,HIGH,HIGH,MEDIUM,MEDIUM,MEDIUM,MEDIUM,MEDIUM,TRXM21-C0005,BEHAVIORAL_APPROXIMATION
XBTUSD-C0321,XBTUSD,True,LONG,2021-05-19T04:53:30.985000Z,2021-05-19T08:06:12.935000Z,11561.95,60120,79112,0,1,1,1,XBTUSD-C0320,FULL_CLOSE,d4a3e7eb-f862-adc1-7fea-0745de1c20ad,b1a21d78-1251-33e5-4f6e-acf5f428d604,4,0,7832088,0,0,135285,0,,AGGREGATE_ONLY_NOT_ALIGNED,XBT,,HIGH,HIGH,MEDIUM,MEDIUM,MEDIUM,MEDIUM,MEDIUM,XBTUSD-C0321,BEHAVIORAL_APPROXIMATION
ETHUSD-C0127,ETHUSD,False,LONG,2021-05-19T04:53:36.240000Z,2021-05-19T13:40:37.506000Z,31621.266,5,19031,0,1,77,90,NONE,FULL_CLOSE,b117ffc7-d402-b48e-c2e0-a53866492d5c,fb75d570-318d-cf9b-b7a5-8d97f7f9b9d0,169,1,160599280.0000000000000000001,0,0,-822509,1489655,,AGGREGATE_ONLY_NOT_ALIGNED,XBT,,HIGH,HIGH,MEDIUM,MEDIUM,MEDIUM,MEDIUM,MEDIUM,ETHUSD-C0127,BEHAVIORAL_APPROXIMATION
XBTUSD-C0322,XBTUSD,True,SHORT,2021-05-19T08:51:26.161000Z,2021-05-19T10:27:15.822000Z,5749.661,-32333,66666,0,1,2,4,NONE,FULL_CLOSE,3de3ec1a-80bb-df42-69d6-a7ec4fea3726,396a54f8-45fb-6444-bc80-19d9c3e7d541,8,0,3733296.0,0,0,82951,0,,AGGREGATE_ONLY_NOT_ALIGNED,XBT,,HIGH,HIGH,MEDIUM,MEDIUM,MEDIUM,MEDIUM,MEDIUM,XBTUSD-C0322,BEHAVIORAL_APPROXIMATION
XBTUSD-C0323,XBTUSD,True,LONG,2021-05-19T10:37:10.497000Z,2021-05-19T16:45:18.130000Z,22087.633,33333,4071106,-28884,1,71,214,NONE,FLIP,9def9d89-61e8-e705-1f66-60a983a3b47b,cf93a12e-a605-9815-7950-a6755d3d44ad,287,1,-277650022.0000000000000000004,0,0,-1630641,362443,,AGGREGATE_ONLY_NOT_ALIGNED,XBT,,HIGH,HIGH,MEDIUM,MEDIUM,MEDIUM,MEDIUM,MEDIUM,"XBTUSD-C0323,XBTUSD-C0324",BEHAVIORAL_APPROXIMATION
ETHUSD-C0128,ETHUSD,False,LONG,2021-05-19T13:46:02.890000Z,2021-05-19T15:55:10.828000Z,7747.938,760,2222,0,1,4,23,NONE,FULL_CLOSE,05eb033f-17f0-a794-bc91-0a0cb134f5e3,fff6f76d-62f9-a299-76fe-7a615e0db4f1,29,0,72301640,0,0,319578,0,,AGGREGATE_ONLY_NOT_ALIGNED,XBT,,HIGH,HIGH,MEDIUM,MEDIUM,MEDIUM,MEDIUM,MEDIUM,ETHUSD-C0128,BEHAVIORAL_APPROXIMATION
ETHUSD-C0129,ETHUSD,False,LONG,2021-05-19T16:03:18.393000Z,2021-05-19T17:32:12.862000Z,5334.469,82,888,0,1,7,16,NONE,FULL_CLOSE,b4de6fa1-1806-8007-abb4-916e1c39b4ed,efc9bd76-1ba4-7649-e6e1-61c4f2a83945,25,0,18342865.0,0,0,131143,0,,AGGREGATE_ONLY_NOT_ALIGNED,XBT,,HIGH,HIGH,MEDIUM,MEDIUM,MEDIUM,MEDIUM,MEDIUM,ETHUSD-C0129,BEHAVIORAL_APPROXIMATION
XBTUSD-C0324,XBTUSD,True,SHORT,2021-05-19T16:45:18.130000Z,2021-05-19T18:31:02.428000Z,6344.298,-28884,195550,0,1,1,9,XBTUSD-C0323,FULL_CLOSE,cf93a12e-a605-9815-7950-a6755d3d44ad,f13d86ac-7c63-05a6-c30f-5f49435a9ee5,12,0,17492678.00000000000000000000,0,0,-104931,0,,AGGREGATE_ONLY_NOT_ALIGNED,XBT,,HIGH,HIGH,MEDIUM,MEDIUM,MEDIUM,MEDIUM,MEDIUM,XBTUSD-C0324,BEHAVIORAL_APPROXIMATION
XRPUSD-C0063,XRPUSD,False,SHORT,2021-05-19T16:46:57.673000Z,2021-05-19T18:28:51.953000Z,6114.28,-490,2222,0,1,4,4,NONE,FULL_CLOSE,456c4f66-59c5-3189-8c1f-cf0ef4594bd0,bc726cfe-6c6f-f7a8-4379-d4cc8a5544a2,10,0,1966524,0,0,26520,0,,AGGREGATE_ONLY_NOT_ALIGNED,XBT,,HIGH,HIGH,MEDIUM,MEDIUM,MEDIUM,MEDIUM,MEDIUM,XRPUSD-C0063,BEHAVIORAL_APPROXIMATION
XBTUSD-C0325,XBTUSD,True,LONG,2021-05-19T18:44:26.462000Z,2021-05-20T14:14:48.291000Z,70221.829,36666,698882,0,1,28,39,NONE,FULL_CLOSE,d3f2640b-d1ae-6029-010a-cdfe54966be9,fd77eeb1-afd7-2e35-a461-3d147d9605bb,69,3,263107933.9999999999999999999,0,0,15998,-4548068,,AGGREGATE_ONLY_NOT_ALIGNED,XBT,,HIGH,HIGH,MEDIUM,MEDIUM,MEDIUM,MEDIUM,MEDIUM,XBTUSD-C0325,BEHAVIORAL_APPROXIMATION
ETHUSD-C0130,ETHUSD,False,LONG,2021-05-19T18:44:33.604000Z,2021-05-20T15:52:56.757000Z,76103.153,33,13106,0,1,82,87,NONE,FULL_CLOSE,709f8390-50b6-2335-ca04-e0cc33edd925,1760d5ad-3e73-241f-c411-d367e7441c57,171,3,763422609.9999999999999999997,0,0,783224,14319902,,AGGREGATE_ONLY_NOT_ALIGNED,XBT,,HIGH,HIGH,MEDIUM,MEDIUM,MEDIUM,MEDIUM,MEDIUM,ETHUSD-C0130,BEHAVIORAL_APPROXIMATION
DOGEUSDT-C0019,DOGEUSDT,False,LONG,2021-05-20T00:36:10.494000Z,2021-05-20T13:45:08.477000Z,47337.983,20,3109,0,1,41,1,NONE,FULL_CLOSE,ee160398-5656-9551-2c85-dd9b76bdaa6b,e14fdc50-4288-cc44-90b6-49256c92c081,44,2,30578074.00000000000000000000,0,0,71061,249969,,AGGREGATE_ONLY_NOT_ALIGNED,XBT,,HIGH,HIGH,MEDIUM,HIGH,MEDIUM,MEDIUM,MEDIUM,DOGEUSDT-C0019,BEHAVIORAL_APPROXIMATION
XBTUSD-C0326,XBTUSD,True,LONG,2021-05-20T16:02:39.349000Z,2021-05-20T22:07:58.345000Z,21918.996,33333,987767,0,1,40,26,NONE,FULL_CLOSE,ec0046df-1313-8d6e-3128-c8258dfa653d,d3d72d39-f366-4406-37d9-25f27607b524,68,1,53382747.00000000000000000001,0,0,2088230,-652136,,AGGREGATE_ONLY_NOT_ALIGNED,XBT,,HIGH,HIGH,MEDIUM,MEDIUM,MEDIUM,MEDIUM,MEDIUM,XBTUSD-C0326,BEHAVIORAL_APPROXIMATION
ETHUSD-C0131,ETHUSD,False,LONG,2021-05-20T16:04:16.769000Z,2021-05-20T22:15:46.722000Z,22289.953,666,8440,0,1,55,136,NONE,FULL_CLOSE,8efdde7c-982a-9019-2425-80c2f37eebd4,ffaca59c-a0e4-488d-8361-e5cabb899f57,193,1,102681035.0000000000000000001,0,0,1393066,5256937,,AGGREGATE_ONLY_NOT_ALIGNED,XBT,,HIGH,HIGH,MEDIUM,MEDIUM,MEDIUM,MEDIUM,MEDIUM,ETHUSD-C0131,BEHAVIORAL_APPROXIMATION
XBTUSD-C0327,XBTUSD,True,LONG,2021-05-20T22:39:34.834000Z,2021-05-20T22:53:33.648000Z,838.814,66666,66666,0,1,0,0,NONE,FULL_CLOSE,fb6a4dcd-8133-839c-b27b-8a55c561e40d,21f4e6e3-6a70-d5dc-2d60-ebe3f07af527,2,0,5466612,0,0,-82665,0,,AGGREGATE_ONLY_NOT_ALIGNED,XBT,,HIGH,HIGH,MEDIUM,MEDIUM,MEDIUM,MEDIUM,MEDIUM,XBTUSD-C0327,BEHAVIORAL_APPROXIMATION
XBTUSD-C0328,XBTUSD,True,SHORT,2021-05-20T22:53:48.851000Z,2021-05-21T14:21:07.398000Z,55638.547,-66666,244443,22221,1,3,4,NONE,FLIP,c94fce1a-8aed-4a4e-090d-79cb0ecacab0,e50bbe96-2c77-f82f-0449-c181fb0938e3,9,2,42933132.00000000000000000000,0,0,-318131,557467,,AGGREGATE_ONLY_NOT_ALIGNED,XBT,,HIGH,HIGH,MEDIUM,MEDIUM,MEDIUM,MEDIUM,MEDIUM,"XBTUSD-C0328,XBTUSD-C0329",BEHAVIORAL_APPROXIMATION
ETHUSD-C0132,ETHUSD,False,SHORT,2021-05-21T00:32:17.109000Z,2021-05-21T14:36:11.699000Z,50634.59,-60,1221,21,1,73,10,NONE,FLIP,c1a5d5ed-81b1-ba85-d6eb-73ffa0679ac1,deff3588-e4da-570a-8605-857aff996216,85,2,44212965.00000000000000000000,0,0,-168013,-283204,,AGGREGATE_ONLY_NOT_ALIGNED,XBT,,HIGH,HIGH,MEDIUM,MEDIUM,MEDIUM,MEDIUM,MEDIUM,"ETHUSD-C0132,ETHUSD-C0133",BEHAVIORAL_APPROXIMATION
XBTUSD-C0329,XBTUSD,True,LONG,2021-05-21T14:21:07.398000Z,2021-05-22T18:10:40.347000Z,100172.949,22221,2555543,0,1,49,147,XBTUSD-C0328,FULL_CLOSE,e50bbe96-2c77-f82f-0449-c181fb0938e3,f75ce5e0-6aba-d43a-a856-d1dfb337e87d,198,3,437338770.0000000000000000006,0,0,401481,-2843981,,AGGREGATE_ONLY_NOT_ALIGNED,XBT,,HIGH,HIGH,MEDIUM,MEDIUM,MEDIUM,MEDIUM,MEDIUM,XBTUSD-C0329,BEHAVIORAL_APPROXIMATION
ETHUSD-C0133,ETHUSD,False,LONG,2021-05-21T14:36:11.699000Z,2021-05-22T18:41:17.328000Z,101105.629,21,15550,0,1,149,182,ETHUSD-C0132,FULL_CLOSE,deff3588-e4da-570a-8605-857aff996216,e41e92d7-563c-2dd7-5c67-0f0b52858972,333,3,165701304.9999999999999999993,0,0,406124,20989872,,AGGREGATE_ONLY_NOT_ALIGNED,XBT,,LOW,HIGH,MEDIUM,MEDIUM,MEDIUM,LOW,LOW,ETHUSD-C0133,BEHAVIORAL_APPROXIMATION
XBTUSD-C0330,XBTUSD,True,SHORT,2021-05-22T18:18:06.694000Z,2021-05-23T08:45:29.958000Z,52043.264,-500,799992,0,1,80,90,NONE,FULL_CLOSE,661dc428-8d23-d841-23b2-9798b34613ab,7e560059-477f-fc07-f147-91384584fac7,172,2,119229099.9999999999999999999,0,0,2012735,-29354,,AGGREGATE_ONLY_NOT_ALIGNED,XBT,,LOW,HIGH,MEDIUM,MEDIUM,MEDIUM,LOW,LOW,XBTUSD-C0330,BEHAVIORAL_APPROXIMATION
ETHUSD-C0134,ETHUSD,False,LONG,2021-05-23T05:18:24.260000Z,2021-05-23T06:39:05.089000Z,4840.829,555,555,0,1,0,5,NONE,FULL_CLOSE,12552c05-1092-b81e-5d1c-631c2e73ef65,e3ddc4a0-0495-323b-31e6-32c23d7ee6e7,7,0,-469480,0,0,60894,0,,AGGREGATE_ONLY_NOT_ALIGNED,XBT,,HIGH,HIGH,MEDIUM,MEDIUM,MEDIUM,MEDIUM,MEDIUM,ETHUSD-C0134,BEHAVIORAL_APPROXIMATION
ETHUSD-C0135,ETHUSD,False,LONG,2021-05-23T07:52:07.247000Z,2021-05-23T10:49:47.707000Z,10660.46,31,1110,0,1,4,10,NONE,FULL_CLOSE,8a7c9cff-dbab-6d03-a4b8-e64773ba45df,db07c2d9-a283-4072-c870-1657a7127958,16,0,5419635.0,0,0,120714,0,,AGGREGATE_ONLY_NOT_ALIGNED,XBT,,HIGH,HIGH,MEDIUM,MEDIUM,MEDIUM,MEDIUM,MEDIUM,ETHUSD-C0135,BEHAVIORAL_APPROXIMATION
XBTUSD-C0331,XBTUSD,True,LONG,2021-05-23T08:51:40.032000Z,2021-05-23T10:49:40.156000Z,7080.124,21849,133332,0,1,12,1,NONE,FULL_CLOSE,5e5f40eb-9b91-c29e-a1fc-46c24d204468,f439c526-2fda-c646-9a18-157d0d088945,15,0,12399876,0,0,185837,0,,AGGREGATE_ONLY_NOT_ALIGNED,XBT,,HIGH,HIGH,MEDIUM,MEDIUM,MEDIUM,MEDIUM,MEDIUM,XBTUSD-C0331,BEHAVIORAL_APPROXIMATION
XBTUSD-C0332,XBTUSD,True,LONG,2021-05-23T11:17:27.605000Z,2021-05-31T14:11:10.777000Z,701623.172,16666,2255542,0,1,245,340,NONE,FULL_CLOSE,07e6fc31-400e-b669-2e33-d8d74a963943,7b0f1034-367f-6399-2089-f9b6f0bca772,587,25,406004858.0000000000000000005,0,0,9400120,-3236392,,AGGREGATE_ONLY_NOT_ALIGNED,XBT,,LOW,HIGH,MEDIUM,MEDIUM,MEDIUM,LOW,LOW,XBTUSD-C0332,BEHAVIORAL_APPROXIMATION
DOGEUSDT-C0020,DOGEUSDT,False,LONG,2021-05-23T12:43:23.950000Z,2021-05-28T06:13:57.589000Z,408633.639,233,3554,0,1,9,5,NONE,FULL_CLOSE,47df8018-4254-8b26-f39d-d50c14e51b29,d77709c4-4b77-cfea-5aea-7c2de3f851ec,16,14,12565805.00000000000000000000,0,0,67547,3103116,,AGGREGATE_ONLY_NOT_ALIGNED,XBT,,HIGH,HIGH,MEDIUM,HIGH,MEDIUM,MEDIUM,MEDIUM,DOGEUSDT-C0020,BEHAVIORAL_APPROXIMATION
ETHUSD-C0136,ETHUSD,False,LONG,2021-05-23T16:17:10.003000Z,2021-05-24T21:42:04.348000Z,105894.345,40,4218,0,1,38,76,NONE,FULL_CLOSE,f4637758-8a32-8c71-94a2-538421541836,88eadc21-7d8b-a111-7a05-23de70384cd6,116,4,241516654.9999999999999999997,0,0,837089,10529700,,AGGREGATE_ONLY_NOT_ALIGNED,XBT,,HIGH,HIGH,MEDIUM,MEDIUM,MEDIUM,MEDIUM,MEDIUM,ETHUSD-C0136,BEHAVIORAL_APPROXIMATION
BNBUSDT-C0001,BNBUSDT,False,LONG,2021-05-24T05:47:01.011000Z,2021-05-24T21:44:45.619000Z,57464.608,5,566,0,1,25,1,NONE,FULL_CLOSE,69fa5dfa-4928-6d13-97d1-f0d440d46561,a1ac8009-dd2a-335a-7a02-47b4e62d0014,28,2,3552363.000000000000000000000,0,0,11454,3857,,AGGREGATE_ONLY_NOT_ALIGNED,XBT,,HIGH,HIGH,MEDIUM,HIGH,MEDIUM,MEDIUM,MEDIUM,BNBUSDT-C0001,BEHAVIORAL_APPROXIMATION
ETHUSD-C0137,ETHUSD,False,LONG,2021-05-25T10:05:01.845000Z,2021-05-28T04:08:33.835000Z,237811.99,48,2497,0,1,40,2,NONE,FULL_CLOSE,a0ff2541-d5a7-2cf7-c5f6-cb45a829b15b,c642ab4b-c225-82a6-f7ea-01968e015674,44,9,32886950.00000000000000000000,0,0,389083,8479754,,AGGREGATE_ONLY_NOT_ALIGNED,XBT,,HIGH,HIGH,MEDIUM,MEDIUM,MEDIUM,MEDIUM,MEDIUM,ETHUSD-C0137,BEHAVIORAL_APPROXIMATION
BNBUSDT-C0002,BNBUSDT,False,LONG,2021-05-25T10:37:05.004000Z,2021-05-28T04:58:31.881000Z,238886.877,15,111,0,1,1,0,NONE,FULL_CLOSE,bfeebb9f-d2fe-a7e8-324f-99b69db1fe77,32b212f5-5a7c-d81d-11a9-d747779d0578,3,9,483849,0,0,2086,45765,,AGGREGATE_ONLY_NOT_ALIGNED,XBT,,HIGH,HIGH,MEDIUM,HIGH,MEDIUM,MEDIUM,MEDIUM,BNBUSDT-C0002,BEHAVIORAL_APPROXIMATION
ETHUSD-C0138,ETHUSD,False,LONG,2021-05-28T05:41:29.247000Z,2021-06-05T18:29:07.936000Z,737258.689,111,2886,0,1,61,14,NONE,FULL_CLOSE,bead88e3-4861-2d59-3846-cf63385c3592,e5414a22-4d67-92b5-2968-39ac2fdfcd19,77,25,55987454.99999999999999999999,0,0,448157,12596141,,AGGREGATE_ONLY_NOT_ALIGNED,XBT,,HIGH,HIGH,MEDIUM,MEDIUM,MEDIUM,MEDIUM,MEDIUM,ETHUSD-C0138,BEHAVIORAL_APPROXIMATION
DOGEUSDT-C0021,DOGEUSDT,False,LONG,2021-05-28T06:17:25.758000Z,2021-06-02T11:23:53.310000Z,450387.552,99,2109,0,1,16,8,NONE,FULL_CLOSE,95f2f124-e0ae-9202-a028-b94208a2546f,8dae1f45-0d37-2a34-01f2-382c6ef565c0,26,15,26251028.00000000000000000001,0,0,54358,1125135,,AGGREGATE_ONLY_NOT_ALIGNED,XBT,,HIGH,HIGH,MEDIUM,HIGH,MEDIUM,MEDIUM,MEDIUM,DOGEUSDT-C0021,BEHAVIORAL_APPROXIMATION
BNBUSDT-C0003,BNBUSDT,False,LONG,2021-05-29T18:13:16.702000Z,2021-06-05T00:05:21.289000Z,539524.587,55,111,0,1,2,1,NONE,FULL_CLOSE,1a636e47-0d56-c398-488d-468022eee252,c74893d2-dc54-0130-bdc0-32b75e00965e,5,19,1013019,0,0,2420,102529,,AGGREGATE_ONLY_NOT_ALIGNED,XBT,,HIGH,HIGH,MEDIUM,HIGH,MEDIUM,MEDIUM,MEDIUM,BNBUSDT-C0003,BEHAVIORAL_APPROXIMATION
XBTUSD-C0333,XBTUSD,True,LONG,2021-05-31T15:16:46.974000Z,2021-06-06T00:27:18.272000Z,465031.298,5000,1599990,0,1,233,215,NONE,FULL_CLOSE,165eeebe-e081-ad3c-d7ef-a99edbe08b45,d8ebe243-def1-3182-268a-641c4ed2752e,450,16,-63642092.00000000000000000003,0,0,5970971,-5623664,,AGGREGATE_ONLY_NOT_ALIGNED,XBT,,LOW,HIGH,MEDIUM,MEDIUM,MEDIUM,LOW,LOW,XBTUSD-C0333,BEHAVIORAL_APPROXIMATION
ETHM21-C0005,ETHM21,False,LONG,2021-06-05T00:20:06.689000Z,2021-06-05T14:15:59.838000Z,50153.149,1,5,0,1,2,0,NONE,FULL_CLOSE,92aca1f1-930c-7a27-564f-585954525d3b,4c32e8cb-14c3-83a4-107c-c19c945af637,4,0,-219000,0,0,25538,0,,AGGREGATE_ONLY_NOT_ALIGNED,XBT,,HIGH,HIGH,MEDIUM,MEDIUM,MEDIUM,MEDIUM,MEDIUM,ETHM21-C0005,BEHAVIORAL_APPROXIMATION
XBTM21-C0001,XBTM21,False,SHORT,2021-06-05T14:47:48.300000Z,2021-06-05T14:48:22.779000Z,34.479,-16269,333333,0,1,11,6,NONE,FULL_CLOSE,4605e083-aff4-e3a5-2252-7f04d439aba5,c1ee2619-7c64-a710-5390-afd289e72be3,19,0,-2088196.000000000000000000000,0,0,1398556,0,,AGGREGATE_ONLY_NOT_ALIGNED,XBT,,HIGH,HIGH,MEDIUM,MEDIUM,MEDIUM,MEDIUM,MEDIUM,XBTM21-C0001,BEHAVIORAL_APPROXIMATION
XBTUSD-C0334,XBTUSD,True,SHORT,2021-06-06T00:44:11.992000Z,2021-06-11T16:06:18.933000Z,487326.941,-55076,1833200,0,1,126,99,NONE,FULL_CLOSE,327b74f9-8f4a-64f0-8688-bb655a624e71,fd8efa7c-c508-13f8-d6c2-4ab648694af0,227,17,-185291183.0000000000000000000,0,0,6393691,13295513,,AGGREGATE_ONLY_NOT_ALIGNED,XBT,,HIGH,HIGH,MEDIUM,MEDIUM,MEDIUM,MEDIUM,MEDIUM,XBTUSD-C0334,BEHAVIORAL_APPROXIMATION
ETHUSD-C0139,ETHUSD,False,SHORT,2021-06-09T01:12:35.435000Z,2021-06-09T16:22:52.108000Z,54616.673,-2,2209,0,1,18,9,NONE,FULL_CLOSE,1e8f9c0e-1d26-661b-5ffe-14a52782a804,fe463758-91b1-2186-cf36-4cc575ebd5f7,29,2,-13938320.00000000000000000000,0,0,370618,-596294,,AGGREGATE_ONLY_NOT_ALIGNED,XBT,,HIGH,HIGH,MEDIUM,MEDIUM,MEDIUM,MEDIUM,MEDIUM,ETHUSD-C0139,BEHAVIORAL_APPROXIMATION
XBTUSD-C0335,XBTUSD,True,LONG,2021-06-13T17:29:52.969000Z,2021-06-19T04:19:59.627000Z,471006.658,1300,2754800,0,1,150,234,NONE,FULL_CLOSE,0b844957-be49-fa3a-a423-c701810fe4cb,ff643313-0667-a494-9df1-18425b8bb1ef,386,17,-122296854.0000000000000000004,0,0,11312787,-7472048,,AGGREGATE_ONLY_NOT_ALIGNED,XBT,,LOW,HIGH,MEDIUM,MEDIUM,MEDIUM,LOW,LOW,XBTUSD-C0335,BEHAVIORAL_APPROXIMATION
XBTUSD-C0336,XBTUSD,True,LONG,2021-06-19T04:24:25.908000Z,2021-06-19T08:07:30.270000Z,13384.362,40000,1241700,0,1,51,70,NONE,FULL_CLOSE,0511f4e4-ffdb-468c-5c7e-dd692ce1c60a,d39a60a5-9933-f831-5620-025c0cad02f9,123,0,44957272.00000000000000000001,0,0,4364253,0,,AGGREGATE_ONLY_NOT_ALIGNED,XBT,,HIGH,HIGH,MEDIUM,MEDIUM,MEDIUM,MEDIUM,MEDIUM,XBTUSD-C0336,BEHAVIORAL_APPROXIMATION
XBTUSD-C0337,XBTUSD,True,LONG,2021-06-19T11:03:19.104000Z,2021-06-19T22:13:09.775000Z,40190.671,15000,855100,-7800,1,43,16,NONE,FLIP,00627094-21cb-695c-3a9b-cd4aea953632,73e7bcb2-baf2-1d41-b1f5-b869fa6f3301,61,2,-15827579.00000000000000000001,0,0,3208957,-1549378,,AGGREGATE_ONLY_NOT_ALIGNED,XBT,,HIGH,HIGH,MEDIUM,MEDIUM,MEDIUM,MEDIUM,MEDIUM,"XBTUSD-C0337,XBTUSD-C0338",BEHAVIORAL_APPROXIMATION
XBTUSD-C0338,XBTUSD,True,SHORT,2021-06-19T22:13:09.775000Z,2021-06-25T07:31:32.472000Z,465502.697,-7800,3773500,54000,1,228,451,XBTUSD-C0337,FLIP,73e7bcb2-baf2-1d41-b1f5-b869fa6f3301,de2f5dcb-91cd-e422-75f0-3c02055b4bbe,681,16,355031150.9999999999999999997,0,0,15470292,18829798,,AGGREGATE_ONLY_NOT_ALIGNED,XBT,,LOW,HIGH,MEDIUM,MEDIUM,MEDIUM,LOW,LOW,"XBTUSD-C0338,XBTUSD-C0339",BEHAVIORAL_APPROXIMATION
ETHU21-C0001,ETHU21,False,LONG,2021-06-24T16:01:32.517000Z,2021-06-26T07:39:21.227000Z,142668.71,1,408,0,1,187,74,NONE,FULL_CLOSE,6a225c87-96f4-2377-537c-b6d91dcfdaee,1bb5a0ae-5d30-51fe-cebc-ba41a861c024,263,0,-57705000.00000000000000000007,0,0,-333570,0,,AGGREGATE_ONLY_NOT_ALIGNED,XBT,,HIGH,HIGH,MEDIUM,MEDIUM,MEDIUM,MEDIUM,MEDIUM,ETHU21-C0001,BEHAVIORAL_APPROXIMATION
XRPUSD-C0064,XRPUSD,False,LONG,2021-06-24T16:50:37.056000Z,2021-06-25T08:17:41.377000Z,55624.321,1000,42777,0,1,31,32,NONE,FULL_CLOSE,9c1ff2b8-10af-5916-ae1d-d5a2750af8a5,f554a43a-e5c6-4e4e-e5dc-121f30dc8e0a,65,2,-41398250.00000000000000000000,0,0,275884,1016680,,AGGREGATE_ONLY_NOT_ALIGNED,XBT,,HIGH,HIGH,MEDIUM,MEDIUM,MEDIUM,MEDIUM,MEDIUM,XRPUSD-C0064,BEHAVIORAL_APPROXIMATION
XBTUSD-C0339,XBTUSD,True,LONG,2021-06-25T07:31:32.472000Z,2021-06-25T10:29:45.850000Z,10693.378,54000,66500,0,1,1,1,XBTUSD-C0338,FULL_CLOSE,de2f5dcb-91cd-e422-75f0-3c02055b4bbe,777ef5de-912e-1bb6-0c56-d85e8a3852cd,4,0,-1826090,0,0,138873,0,,AGGREGATE_ONLY_NOT_ALIGNED,XBT,,HIGH,HIGH,MEDIUM,MEDIUM,MEDIUM,MEDIUM,MEDIUM,XBTUSD-C0339,BEHAVIORAL_APPROXIMATION
XBTUSD-C0340,XBTUSD,True,SHORT,2021-06-25T10:44:40.317000Z,2021-06-25T13:07:26.620000Z,8566.303,-50000,1744200,0,1,101,128,NONE,FULL_CLOSE,096e063f-4c08-a59c-f97d-3a33177627fb,fadcae8d-258c-fb7d-4126-df2bcee088b5,231,1,39431568.00000000000000000011,0,0,5552743,26287,,AGGREGATE_ONLY_NOT_ALIGNED,XBT,,HIGH,HIGH,MEDIUM,MEDIUM,MEDIUM,MEDIUM,MEDIUM,XBTUSD-C0340,BEHAVIORAL_APPROXIMATION
ETHUSD-C0140,ETHUSD,False,SHORT,2021-06-25T10:44:50.218000Z,2021-06-28T04:29:14.067000Z,236663.849,-555,13728,48,1,118,67,NONE,FLIP,1f7fe9a9-c85c-b6ea-6ad1-7e049b86153c,b2019427-1746-f4f3-a731-67657041dc10,187,9,-97449294.99999999999999999997,0,0,284625,-4182893,,AGGREGATE_ONLY_NOT_ALIGNED,XBT,,HIGH,HIGH,MEDIUM,MEDIUM,MEDIUM,MEDIUM,MEDIUM,"ETHUSD-C0140,ETHUSD-C0141",BEHAVIORAL_APPROXIMATION
XBTUSD-C0341,XBTUSD,True,SHORT,2021-06-25T14:03:10.487000Z,2021-06-28T07:44:21.664000Z,236471.177,-100000,2404100,0,1,188,198,NONE,FULL_CLOSE,f8ed1329-6833-b6f5-dcc1-d13edeca54de,f92237bc-4a06-cd50-bb3c-41de2a1e3de6,388,8,-308221909.0000000000000000004,0,0,10805203,13721060,,AGGREGATE_ONLY_NOT_ALIGNED,XBT,,HIGH,HIGH,MEDIUM,MEDIUM,MEDIUM,MEDIUM,MEDIUM,XBTUSD-C0341,BEHAVIORAL_APPROXIMATION
ETHU21-C0002,ETHU21,False,LONG,2021-06-27T02:53:44.469000Z,2021-07-02T20:20:35.132000Z,494810.663,6,111,0,1,82,80,NONE,FULL_CLOSE,31bdc574-5bad-b2ef-6642-e0b17dd3167c,04a18f4f-c99d-c23e-0971-730a26f4921c,164,0,45986999.99999999999999999998,0,0,224935,0,,AGGREGATE_ONLY_NOT_ALIGNED,XBT,,HIGH,HIGH,MEDIUM,MEDIUM,MEDIUM,MEDIUM,MEDIUM,ETHU21-C0002,BEHAVIORAL_APPROXIMATION
ETHUSD-C0141,ETHUSD,False,LONG,2021-06-28T04:29:14.067000Z,2021-07-03T12:43:15.154000Z,461641.087,48,2491,0,1,18,6,ETHUSD-C0140,FULL_CLOSE,b2019427-1746-f4f3-a731-67657041dc10,f4be0f99-0a7a-155a-9213-f418252be5ae,26,16,24474530.00000000000000000000,0,0,284921,3295188,,AGGREGATE_ONLY_NOT_ALIGNED,XBT,,HIGH,HIGH,MEDIUM,MEDIUM,MEDIUM,MEDIUM,MEDIUM,ETHUSD-C0141,BEHAVIORAL_APPROXIMATION
XBTUSD-C0342,XBTUSD,True,LONG,2021-06-28T09:34:12.994000Z,2021-06-29T11:45:23.363000Z,94270.369,60000,750000,0,1,30,19,NONE,FULL_CLOSE,461af5b5-7d7f-aedb-470c-02613463be65,dd126588-9175-2ee9-7e68-ced0aa3b0708,51,3,55387600.00000000000000000000,0,0,120513,348885,,AGGREGATE_ONLY_NOT_ALIGNED,XBT,,HIGH,HIGH,MEDIUM,MEDIUM,MEDIUM,MEDIUM,MEDIUM,XBTUSD-C0342,BEHAVIORAL_APPROXIMATION
TRXU21-C0001,TRXU21,False,LONG,2021-06-29T04:16:50.250000Z,2021-07-12T20:13:31.919000Z,1180601.669,70000,2510500,0,1,667,576,NONE,FULL_CLOSE,5e1cc5e9-4db3-ef27-da1d-e6545f21dd48,f98e289c-71e8-c7d2-94b0-b5bb17e62344,1245,0,-19285389.99999999999999999988,0,0,177503,0,,AGGREGATE_ONLY_NOT_ALIGNED,XBT,,HIGH,HIGH,MEDIUM,MEDIUM,MEDIUM,MEDIUM,MEDIUM,TRXU21-C0001,BEHAVIORAL_APPROXIMATION
XBTUSD-C0343,XBTUSD,True,SHORT,2021-06-29T12:07:41.780000Z,2021-06-30T03:58:54.080000Z,57072.3,-17100,340000,89200,1,29,7,NONE,FLIP,376ba839-519f-1e6a-c20c-d4866234d0c8,0c950973-5b05-7a65-60b7-ee7f788fdc91,38,1,16939800.00000000000000000000,0,0,-374387,-93347,,AGGREGATE_ONLY_NOT_ALIGNED,XBT,,HIGH,HIGH,MEDIUM,MEDIUM,MEDIUM,MEDIUM,MEDIUM,"XBTUSD-C0343,XBTUSD-C0344",BEHAVIORAL_APPROXIMATION
XBTUSD-C0344,XBTUSD,True,LONG,2021-06-30T03:58:54.080000Z,2021-07-03T12:48:01.638000Z,290947.558,89200,2710000,0,1,119,176,XBTUSD-C0343,FULL_CLOSE,0c950973-5b05-7a65-60b7-ee7f788fdc91,f569b26b-a137-9087-6a85-d0d667bcc867,297,11,-51075119.00000000000000000112,0,0,4245309,-8631217,,AGGREGATE_ONLY_NOT_ALIGNED,XBT,,LOW,HIGH,MEDIUM,MEDIUM,MEDIUM,LOW,LOW,XBTUSD-C0344,BEHAVIORAL_APPROXIMATION
XBTUSD-C0345,XBTUSD,True,SHORT,2021-07-03T20:01:35.006000Z,2021-07-04T06:54:10.610000Z,39155.604,-120000,840000,0,1,44,59,NONE,FULL_CLOSE,45649775-7536-904b-1a1e-654015930d64,f73335d9-66fc-3321-25d2-72c8e20e7c69,105,1,-27799800.00000000000000000002,0,0,1525826,-69246,,AGGREGATE_ONLY_NOT_ALIGNED,XBT,,LOW,HIGH,MEDIUM,MEDIUM,MEDIUM,LOW,LOW,XBTUSD-C0345,BEHAVIORAL_APPROXIMATION
XRPUSD-C0065,XRPUSD,False,LONG,2021-07-04T07:20:10.963000Z,2021-07-14T03:52:58.904000Z,851567.941,1334,73552,-152,1,222,163,NONE,FLIP,ae0d6c90-f109-6bff-1205-5a445b84ff38,27260726-01a5-1712-cae0-e37071a84f07,387,29,-108847143.9999999999999999999,0,0,264072,9087546,,AGGREGATE_ONLY_NOT_ALIGNED,XBT,,LOW,HIGH,MEDIUM,MEDIUM,MEDIUM,LOW,LOW,"XRPUSD-C0065,XRPUSD-C0066",BEHAVIORAL_APPROXIMATION
XBTUSD-C0346,XBTUSD,True,LONG,2021-07-04T07:28:07.884000Z,2021-07-04T07:30:54.206000Z,166.322,47600,220000,0,1,5,10,NONE,FULL_CLOSE,0f9c30c5-1e0b-9869-3dd8-943e1d444526,ff66bfb7-a7ef-63f1-79aa-4119a29dd473,17,0,-1410200,0,0,931137,0,,AGGREGATE_ONLY_NOT_ALIGNED,XBT,,HIGH,HIGH,MEDIUM,MEDIUM,MEDIUM,MEDIUM,MEDIUM,XBTUSD-C0346,BEHAVIORAL_APPROXIMATION
UNIUSDT-C0003,UNIUSDT,False,LONG,2021-07-04T08:04:52.426000Z,2021-07-07T08:01:50.631000Z,259018.205,678,19221,0,1,92,114,NONE,FULL_CLOSE,16544f80-f263-6d77-b87e-1694f3046460,6b8bbd10-72eb-0877-eae5-b95bca1506f2,208,9,39205498.00000000000000000007,0,0,-129614,149955,,AGGREGATE_ONLY_NOT_ALIGNED,XBT,,HIGH,HIGH,MEDIUM,HIGH,MEDIUM,MEDIUM,MEDIUM,UNIUSDT-C0003,BEHAVIORAL_APPROXIMATION
DOTUSDT-C0007,DOTUSDT,False,LONG,2021-07-04T08:14:24.938000Z,2021-07-08T07:47:07.971000Z,343963.033,2,21109,0,1,1051,909,NONE,FULL_CLOSE,9648006c-43ea-7270-df9a-ae7b07a0ccd9,f49ad3a7-dc2e-10b5-4ff7-3ba28eef5620,1962,12,21312090.00000000000000000012,0,0,-1490902,17844844,,AGGREGATE_ONLY_NOT_ALIGNED,XBT,,LOW,HIGH,MEDIUM,MEDIUM,MEDIUM,LOW,LOW,DOTUSDT-C0007,BEHAVIORAL_APPROXIMATION
XBTUSD-C0347,XBTUSD,True,LONG,2021-07-04T12:55:01.360000Z,2021-07-08T07:47:20.421000Z,327139.061,46200,1970000,0,1,126,169,NONE,FULL_CLOSE,a3d3591e-94c5-a998-6070-6fbe4494a4e1,ec1079b0-94f5-3ff5-e53a-636a0349f3dc,297,11,-97491967.99999999999999999996,0,0,1984113,-2301483,,AGGREGATE_ONLY_NOT_ALIGNED,XBT,,HIGH,HIGH,MEDIUM,MEDIUM,MEDIUM,MEDIUM,MEDIUM,XBTUSD-C0347,BEHAVIORAL_APPROXIMATION
XBTUSD-C0348,XBTUSD,True,SHORT,2021-07-08T07:58:06.420000Z,2021-07-08T19:56:25.424000Z,43099.004,-100000,220000,27200,1,2,14,NONE,FLIP,398d147a-d8ce-1693-49da-e3f89f651318,93cf6454-9d4c-d61f-1318-619efbccbe97,18,1,-17713995.99999999999999999999,0,0,1071588,468794,,AGGREGATE_ONLY_NOT_ALIGNED,XBT,,HIGH,HIGH,MEDIUM,MEDIUM,MEDIUM,MEDIUM,MEDIUM,"XBTUSD-C0348,XBTUSD-C0349",BEHAVIORAL_APPROXIMATION
XBTUSD-C0349,XBTUSD,True,LONG,2021-07-08T19:56:25.424000Z,2021-07-09T12:05:32.698000Z,58147.274,27200,370100,0,1,18,24,XBTUSD-C0348,FULL_CLOSE,93cf6454-9d4c-d61f-1318-619efbccbe97,f76c8652-32b6-ab5b-8db9-b0f71abce5ca,44,3,-15791961.00000000000000000001,0,0,1627254,-209123,,AGGREGATE_ONLY_NOT_ALIGNED,XBT,,HIGH,HIGH,MEDIUM,MEDIUM,MEDIUM,MEDIUM,MEDIUM,XBTUSD-C0349,BEHAVIORAL_APPROXIMATION
XBTUSD-C0350,XBTUSD,True,LONG,2021-07-09T13:08:10.613000Z,2021-07-14T01:17:22.410000Z,389351.797,600,1803400,-16500,1,174,164,NONE,FLIP,25b055cd-e735-4f87-9132-3b631e82872f,c4e90b24-95c3-b662-c41c-fbf0f8caa13e,340,13,-211880167.9999999999999999999,0,0,8419540,216215,,AGGREGATE_ONLY_NOT_ALIGNED,XBT,,HIGH,HIGH,MEDIUM,MEDIUM,MEDIUM,MEDIUM,MEDIUM,"XBTUSD-C0350,XBTUSD-C0351",BEHAVIORAL_APPROXIMATION
ETHU21-C0003,ETHU21,False,LONG,2021-07-12T16:44:40.454000Z,2021-07-15T08:42:13.724000Z,230253.27,3,26,0,1,7,1,NONE,FULL_CLOSE,5794dd85-fd47-6f91-ced5-0a6225382428,fb1d0e60-bc00-a378-fcaa-0a61f35627b1,10,0,1908000.000000000000000000000,0,0,-11508,0,,AGGREGATE_ONLY_NOT_ALIGNED,XBT,,HIGH,HIGH,MEDIUM,MEDIUM,MEDIUM,MEDIUM,MEDIUM,ETHU21-C0003,BEHAVIORAL_APPROXIMATION
UNIUSDT-C0004,UNIUSDT,False,LONG,2021-07-13T05:16:41.398000Z,2021-07-13T13:44:24.437000Z,30463.039,314,8222,0,1,46,30,NONE,FULL_CLOSE,0b6fc3b9-b8e9-aa61-ff77-8417e1793c1c,9f7b42e1-5845-4aa9-74dd-6b8e4bff62f9,78,1,356708,0,0,-78301,7241,,AGGREGATE_ONLY_NOT_ALIGNED,XBT,,HIGH,HIGH,MEDIUM,HIGH,MEDIUM,MEDIUM,MEDIUM,UNIUSDT-C0004,BEHAVIORAL_APPROXIMATION
XBTUSD-C0351,XBTUSD,True,SHORT,2021-07-14T01:17:22.410000Z,2021-07-23T23:35:30.454000Z,857888.044,-16500,3453000,0,1,274,243,XBTUSD-C0350,FULL_CLOSE,c4e90b24-95c3-b662-c41c-fbf0f8caa13e,37c104f6-7787-4289-4114-d9f6853f6e9c,519,30,-192451206.9999999999999999996,0,0,11388783,5108436,,AGGREGATE_ONLY_NOT_ALIGNED,XBT,,HIGH,HIGH,MEDIUM,MEDIUM,MEDIUM,MEDIUM,MEDIUM,XBTUSD-C0351,BEHAVIORAL_APPROXIMATION
XRPUSD-C0066,XRPUSD,False,SHORT,2021-07-14T03:52:58.904000Z,2021-07-14T03:59:04.302000Z,365.398,-152,2005,0,1,6,3,XRPUSD-C0065,FULL_CLOSE,27260726-01a5-1712-cae0-e37071a84f07,d8f7f8af-fd91-b8e0-2211-bb0eb9ce77b9,11,0,-132422,0,0,12376,0,,AGGREGATE_ONLY_NOT_ALIGNED,XBT,,HIGH,HIGH,MEDIUM,MEDIUM,MEDIUM,MEDIUM,MEDIUM,XRPUSD-C0066,BEHAVIORAL_APPROXIMATION
XRPUSD-C0067,XRPUSD,False,LONG,2021-07-22T17:24:09.935000Z,2021-07-26T18:51:16.846000Z,350826.911,71,6666,0,1,9,6,NONE,FULL_CLOSE,112c45e6-66a1-44ba-fa5f-c927748684ca,fd99473d-4464-a485-8b17-d532fa78c0f4,17,12,8739272.000000000000000000001,0,0,99876,267344,,AGGREGATE_ONLY_NOT_ALIGNED,XBT,,HIGH,HIGH,MEDIUM,MEDIUM,MEDIUM,MEDIUM,MEDIUM,XRPUSD-C0067,BEHAVIORAL_APPROXIMATION
ALTMEXUSD-C0001,ALTMEXUSD,False,LONG,2021-07-23T04:23:53.756000Z,2021-07-26T18:51:07.117000Z,311233.361,1111,10032,0,1,33,3,NONE,FULL_CLOSE,251e08f3-2ebf-096a-a75a-c916b23242a4,d8cc65fc-631c-dc87-3329-9c07bcd9a02b,38,10,11394330.00000000000000000000,0,0,73830,93280,,AGGREGATE_ONLY_NOT_ALIGNED,XBT,,HIGH,HIGH,MEDIUM,MEDIUM,MEDIUM,MEDIUM,MEDIUM,ALTMEXUSD-C0001,BEHAVIORAL_APPROXIMATION
XBTUSD-C0352,XBTUSD,True,LONG,2021-07-24T02:05:22.588000Z,2021-07-24T07:21:23.298000Z,18960.71,4000,50000,0,1,3,2,NONE,FULL_CLOSE,15441205-0834-5e94-3385-6abd3aa02ba4,657981f6-10a5-d3d7-5716-98c086f217f8,7,1,871000,0,0,222487,14841,,AGGREGATE_ONLY_NOT_ALIGNED,XBT,,HIGH,HIGH,MEDIUM,MEDIUM,MEDIUM,MEDIUM,MEDIUM,XBTUSD-C0352,BEHAVIORAL_APPROXIMATION
XBTUSD-C0353,XBTUSD,True,SHORT,2021-07-26T06:54:54.589000Z,2021-07-26T21:36:46.476000Z,52911.887,-38700,2050000,0,1,56,37,NONE,FULL_CLOSE,09cd4f9c-e4b1-d2fb-9027-4ec1dced0bb7,d033c757-921c-537d-dbe7-8f48485e5979,95,2,234539288.0000000000000000000,0,0,-746893,-242792,,AGGREGATE_ONLY_NOT_ALIGNED,XBT,,HIGH,HIGH,MEDIUM,MEDIUM,MEDIUM,MEDIUM,MEDIUM,XBTUSD-C0353,BEHAVIORAL_APPROXIMATION
XBTUSD-C0354,XBTUSD,True,LONG,2021-07-26T21:46:35.454000Z,2021-07-26T23:07:08.990000Z,4833.536,1700,120000,0,1,4,7,NONE,FULL_CLOSE,13368a1c-fb45-c575-4a8f-e62d5816c575,ef88a257-4063-da68-9ca9-d9d202c426c6,13,0,2328674,0,0,482952,0,,AGGREGATE_ONLY_NOT_ALIGNED,XBT,,HIGH,HIGH,MEDIUM,MEDIUM,MEDIUM,MEDIUM,MEDIUM,XBTUSD-C0354,BEHAVIORAL_APPROXIMATION
XBTUSD-C0355,XBTUSD,True,LONG,2021-07-27T02:43:53.379000Z,2021-07-27T14:41:39.100000Z,43065.721,60000,60000,0,1,0,2,NONE,FULL_CLOSE,a58f3da0-8931-6434-4418-6817db3a3637,fc6ca60e-2310-6d82-dfba-f8d61e644af5,4,2,6672000,0,0,76816,-1522,,AGGREGATE_ONLY_NOT_ALIGNED,XBT,,HIGH,HIGH,MEDIUM,MEDIUM,MEDIUM,MEDIUM,MEDIUM,XBTUSD-C0355,BEHAVIORAL_APPROXIMATION
ALTMEXUSD-C0002,ALTMEXUSD,False,LONG,2021-07-27T21:25:17.935000Z,2021-07-30T21:00:09.605000Z,257691.67,1111,2126,0,1,6,5,NONE,FULL_CLOSE,047e4a6b-777e-ab03-cc31-a9ed7c7a628c,189c389b-8779-4caa-0f0f-bbf011f0c34c,13,9,1495264.000000000000000000000,0,0,141,18517,,AGGREGATE_ONLY_NOT_ALIGNED,XBT,,HIGH,HIGH,MEDIUM,MEDIUM,MEDIUM,MEDIUM,MEDIUM,ALTMEXUSD-C0002,BEHAVIORAL_APPROXIMATION
AAVEUSDT-C0001,AAVEUSDT,False,LONG,2021-07-27T21:27:02.794000Z,2021-08-08T12:02:19.381000Z,1002916.587,222,2327,0,1,19,17,NONE,FULL_CLOSE,85d2c8fb-ce68-bbd8-324e-baa269388cd8,782cada1-cae6-5bad-5667-86a5430ec0a5,38,35,16909812.00000000000000000001,0,0,-20265,1126226,,AGGREGATE_ONLY_NOT_ALIGNED,XBT,,HIGH,HIGH,MEDIUM,HIGH,MEDIUM,MEDIUM,MEDIUM,AAVEUSDT-C0001,BEHAVIORAL_APPROXIMATION
DOGEUSDT-C0022,DOGEUSDT,False,LONG,2021-07-27T21:28:21.806000Z,2021-08-08T11:52:48.548000Z,1002266.742,1111,12827,0,1,36,21,NONE,FULL_CLOSE,f22e5a65-cbfb-6ebe-543e-4a3468b7c67d,c03a6c6f-5ee8-13c1-8261-a51f72449737,59,34,48860659.00000000000000000001,0,0,116285,2145493,,AGGREGATE_ONLY_NOT_ALIGNED,XBT,,HIGH,HIGH,MEDIUM,HIGH,MEDIUM,MEDIUM,MEDIUM,DOGEUSDT-C0022,BEHAVIORAL_APPROXIMATION
XBTUSD-C0356,XBTUSD,True,LONG,2021-07-27T21:33:39.890000Z,2021-07-28T02:14:20.592000Z,16840.702,60000,120000,0,1,1,0,NONE,FULL_CLOSE,4553b981-081d-e495-5f59-b103a9ef2768,aad6fff9-f0c5-4458-f5b5-ea00ed10c531,3,0,15087600,0,0,3209,0,,AGGREGATE_ONLY_NOT_ALIGNED,XBT,,HIGH,HIGH,MEDIUM,MEDIUM,MEDIUM,MEDIUM,MEDIUM,XBTUSD-C0356,BEHAVIORAL_APPROXIMATION
ETHU21-C0004,ETHU21,False,LONG,2021-07-28T03:33:54.036000Z,2021-07-30T09:00:43.186000Z,192409.15,4,22,0,1,14,3,NONE,FULL_CLOSE,a50e6020-d3da-1372-f517-0e8caab61792,b821282f-ae11-2721-a323-99a3cbb9743c,19,0,6644000,0,0,25796,0,,AGGREGATE_ONLY_NOT_ALIGNED,XBT,,HIGH,HIGH,MEDIUM,MEDIUM,MEDIUM,MEDIUM,MEDIUM,ETHU21-C0004,BEHAVIORAL_APPROXIMATION
XRPUSD-C0068,XRPUSD,False,LONG,2021-07-28T06:43:20.210000Z,2021-07-30T06:04:09.089000Z,170448.879,674,2222,0,1,18,2,NONE,FULL_CLOSE,961e21b6-5cb0-d381-264d-485650b0c42c,fe665f4a-6bae-166d-b9df-fa47b7af1363,22,6,5137598,0,0,17971,124246,,AGGREGATE_ONLY_NOT_ALIGNED,XBT,,LOW,HIGH,MEDIUM,MEDIUM,MEDIUM,LOW,LOW,XRPUSD-C0068,BEHAVIORAL_APPROXIMATION
XBTUSD-C0357,XBTUSD,True,SHORT,2021-07-28T11:31:18.895000Z,2021-08-06T15:31:10.265000Z,791991.37,-120000,1080000,0,1,57,51,NONE,FULL_CLOSE,3b934588-6540-0914-00e6-9094aff15dfa,95bbae1d-5295-9741-2549-ade79322f47a,110,28,159572784.0000000000000000000,0,0,-98753,-357854,,AGGREGATE_ONLY_NOT_ALIGNED,XBT,,HIGH,HIGH,MEDIUM,MEDIUM,MEDIUM,MEDIUM,MEDIUM,XBTUSD-C0357,BEHAVIORAL_APPROXIMATION
ETHU21-C0005,ETHU21,False,LONG,2021-07-31T10:54:03.631000Z,2021-08-02T15:13:47.175000Z,188383.544,22,44,0,1,1,17,NONE,FULL_CLOSE,1ddd6085-fc3d-2cc6-7b83-485376c95218,5ded350c-9bd8-3c54-a153-7f53ce639bde,20,0,22374000,0,0,97002,0,,AGGREGATE_ONLY_NOT_ALIGNED,XBT,,HIGH,HIGH,MEDIUM,MEDIUM,MEDIUM,MEDIUM,MEDIUM,ETHU21-C0005,BEHAVIORAL_APPROXIMATION
XBTUSD-C0358,XBTUSD,True,SHORT,2021-08-06T16:03:20.478000Z,2021-10-15T17:43:55.477000Z,6054034.999,-11200,4436000,0,1,1162,1068,NONE,FULL_CLOSE,a0156afb-a399-0cec-e09a-be1e32d01601,f7730765-6401-0da6-1ae7-52a481544de3,2232,210,-491828434.0000000000000000031,0,0,10829115,-44269403,,AGGREGATE_ONLY_NOT_ALIGNED,XBT,,LOW,HIGH,MEDIUM,MEDIUM,MEDIUM,LOW,LOW,XBTUSD-C0358,BEHAVIORAL_APPROXIMATION
LINKUSDT-C0004,LINKUSDT,False,LONG,2021-08-07T11:00:54.320000Z,2021-08-11T08:23:00.186000Z,336125.866,1,1776,0,1,47,39,NONE,FULL_CLOSE,325dc074-f9dd-1ef7-688d-297d77dd37f1,911864c6-b477-faa7-ffa6-73f5900aecba,88,12,23527754.99999999999999999999,0,0,-158092,2291237,,AGGREGATE_ONLY_NOT_ALIGNED,XBT,,HIGH,HIGH,MEDIUM,MEDIUM,MEDIUM,MEDIUM,MEDIUM,LINKUSDT-C0004,BEHAVIORAL_APPROXIMATION
DOGEUSDT-C0023,DOGEUSDT,False,LONG,2021-08-08T23:19:04.151000Z,2021-08-11T21:04:02.422000Z,251098.271,70,25553,0,1,100,84,NONE,FULL_CLOSE,26236f86-bb80-3be3-1766-08af8b5476ca,efe15ec6-e638-a159-eee9-efc2003e9696,186,9,83813468.00000000000000000001,0,0,-146285,5995263,,AGGREGATE_ONLY_NOT_ALIGNED,XBT,,LOW,HIGH,MEDIUM,HIGH,MEDIUM,LOW,LOW,DOGEUSDT-C0023,BEHAVIORAL_APPROXIMATION
ADAUSDT-C0001,ADAUSDT,False,LONG,2021-08-09T18:47:45.807000Z,2021-08-10T16:43:22.467000Z,78936.66,6,544,0,1,51,99,NONE,FULL_CLOSE,0cd91e3b-775a-2c53-cd0a-65fee9865756,09a98cc8-f57d-3a85-fd88-ebb5a81f8a18,152,3,24357400.000,0,0,-199722,2528167,,AGGREGATE_ONLY_NOT_ALIGNED,XBT,,LOW,HIGH,MEDIUM,HIGH,MEDIUM,LOW,LOW,ADAUSDT-C0001,BEHAVIORAL_APPROXIMATION
DOTUSDT-C0008,DOTUSDT,False,LONG,2021-08-09T18:48:57.438000Z,2021-08-17T07:04:54.304000Z,648956.866,112,1909,0,1,176,155,NONE,FULL_CLOSE,18f80e32-0342-7b7e-14b7-af2c61c0200b,fcebc53c-05d1-73fb-60f0-72f4689799f0,333,23,24608809.99999999999999999998,0,0,-183611,1632817,,AGGREGATE_ONLY_NOT_ALIGNED,XBT,,HIGH,HIGH,MEDIUM,MEDIUM,MEDIUM,MEDIUM,MEDIUM,DOTUSDT-C0008,BEHAVIORAL_APPROXIMATION
LTCU21-C0001,LTCU21,False,LONG,2021-08-10T06:48:12.576000Z,2021-08-11T12:00:36.032000Z,105143.456,50,574,0,1,140,203,NONE,FULL_CLOSE,1bf1ebaf-67c6-dba3-686c-0fc8fe8695da,7c8da608-174e-ab09-0cd8-042c32e11853,345,0,6442200.000000000000000000040,0,0,-43455,0,,AGGREGATE_ONLY_NOT_ALIGNED,XBT,,HIGH,HIGH,MEDIUM,MEDIUM,MEDIUM,MEDIUM,MEDIUM,LTCU21-C0001,BEHAVIORAL_APPROXIMATION
AXSUSDT-C0001,AXSUSDT,False,SHORT,2021-08-11T07:20:56.717000Z,2021-08-20T00:32:50.152000Z,753113.435,-200,1244,0,1,20,5,NONE,FULL_CLOSE,5b5f6739-59b5-b6f9-001c-07eccff1bb4b,eed70e6d-73bb-1bb0-3e41-97a8dc8a4679,27,26,4507287.999999999999999999999,0,0,36602,-1984342,,AGGREGATE_ONLY_NOT_ALIGNED,XBT,,HIGH,HIGH,MEDIUM,MEDIUM,MEDIUM,MEDIUM,MEDIUM,AXSUSDT-C0001,BEHAVIORAL_APPROXIMATION
DOGEUSDT-C0024,DOGEUSDT,False,LONG,2021-08-13T23:58:42.613000Z,2021-08-15T06:22:01.401000Z,109398.788,320,2222,0,1,4,9,NONE,FULL_CLOSE,0d0cc5ee-8656-1d15-2fb1-967f73506fc0,d43de77f-254c-06ce-8bfa-9c28596234dc,15,4,3442902,0,0,43303,192489,,AGGREGATE_ONLY_NOT_ALIGNED,XBT,,HIGH,HIGH,MEDIUM,HIGH,MEDIUM,MEDIUM,MEDIUM,DOGEUSDT-C0024,BEHAVIORAL_APPROXIMATION
AXSUSDT-C0002,AXSUSDT,False,SHORT,2021-08-21T09:08:12.908000Z,2021-09-07T14:48:25.942000Z,1489213.034,-9,3552,0,1,43,25,NONE,FULL_CLOSE,3605fdff-c58a-118c-fe3c-60937da963c1,89576b4a-bbe1-8138-7ac4-e4e61f006313,70,52,57782849.00000000000000000000,0,0,-32829,-5527510,,AGGREGATE_ONLY_NOT_ALIGNED,XBT,,LOW,HIGH,MEDIUM,MEDIUM,MEDIUM,LOW,LOW,AXSUSDT-C0002,BEHAVIORAL_APPROXIMATION
DOGEUSDT-C0025,DOGEUSDT,False,LONG,2021-08-26T06:57:39.682000Z,2021-09-02T23:30:08.490000Z,664348.808,14,6666,0,1,32,21,NONE,FULL_CLOSE,be284b83-89d7-5381-00dc-1b0532fb0791,ec10fa86-a9ea-9d17-758f-894b03138318,55,23,10942543.00000000000000000000,0,0,86466,2879427,,AGGREGATE_ONLY_NOT_ALIGNED,XBT,,HIGH,HIGH,MEDIUM,HIGH,MEDIUM,MEDIUM,MEDIUM,DOGEUSDT-C0025,BEHAVIORAL_APPROXIMATION
LTCU21-C0002,LTCU21,False,LONG,2021-08-26T16:23:19.934000Z,2021-09-04T23:20:11.604000Z,802611.67,16,148,0,1,9,11,NONE,FULL_CLOSE,6fb02b8e-177f-beb8-a531-20f678c4565b,f6c1b892-6de1-3fcf-5575-9ac37a26124f,22,0,9921100.000000000000000000000,0,0,50833,0,,AGGREGATE_ONLY_NOT_ALIGNED,XBT,,HIGH,HIGH,MEDIUM,MEDIUM,MEDIUM,MEDIUM,MEDIUM,LTCU21-C0002,BEHAVIORAL_APPROXIMATION
ETHUSD-C0142,ETHUSD,False,SHORT,2021-09-01T20:56:11.816000Z,2021-09-07T14:46:38.415000Z,496226.599,-105,1809,189,1,55,18,NONE,FLIP,0c439884-e652-fb33-4ade-bfcce4c9a987,f43702d7-a067-0f84-5e31-7013d63d6f43,75,17,4376655.000000000000000000000,0,0,226878,-7517362,,AGGREGATE_ONLY_NOT_ALIGNED,XBT,,HIGH,HIGH,MEDIUM,MEDIUM,MEDIUM,MEDIUM,MEDIUM,"ETHUSD-C0142,ETHUSD-C0143",BEHAVIORAL_APPROXIMATION
LTCUSD-C0041,LTCUSD,False,LONG,2021-09-03T16:46:11.657000Z,2021-09-03T23:05:48.325000Z,22776.668,26,1222,0,1,5,7,NONE,FULL_CLOSE,1e69845a-900e-c7dc-df09-aeb0b013e8d3,ebf3a800-8394-65fb-ee7d-cbec2a9712dd,14,1,334582.0000000000000000000000,0,0,51106,66949,,AGGREGATE_ONLY_NOT_ALIGNED,XBT,,HIGH,HIGH,MEDIUM,MEDIUM,MEDIUM,MEDIUM,MEDIUM,LTCUSD-C0041,BEHAVIORAL_APPROXIMATION
DOGEUSDT-C0026,DOGEUSDT,False,LONG,2021-09-05T23:12:48.540000Z,2021-09-20T12:37:28.066000Z,1257879.526,307,25553,0,1,139,61,NONE,FULL_CLOSE,582d02b3-ec5b-39ec-344e-5b587fc194f2,ed7e4c8f-c4a9-facb-1cc8-5f9a605f0734,202,44,-139618004.0000000000000000001,0,0,7756,10822790,,AGGREGATE_ONLY_NOT_ALIGNED,XBT,,LOW,HIGH,MEDIUM,HIGH,MEDIUM,LOW,LOW,DOGEUSDT-C0026,BEHAVIORAL_APPROXIMATION
LTCUSD-C0042,LTCUSD,False,LONG,2021-09-07T09:43:32.430000Z,2021-10-06T19:07:50.337000Z,2539457.907,65,10555,0,1,62,54,NONE,FULL_CLOSE,5b1e02e3-3268-b26f-f643-10707e9d9235,da31a756-7a46-81e2-d16f-caa7ab2a9ff1,118,88,-50267280.00000000000000000002,0,0,77230,5994429,,AGGREGATE_ONLY_NOT_ALIGNED,XBT,,LOW,HIGH,MEDIUM,MEDIUM,MEDIUM,LOW,LOW,LTCUSD-C0042,BEHAVIORAL_APPROXIMATION
ETHUSD-C0143,ETHUSD,False,LONG,2021-09-07T14:46:38.415000Z,2021-09-16T23:03:30.115000Z,807411.7,189,6852,0,1,131,171,ETHUSD-C0142,FULL_CLOSE,f43702d7-a067-0f84-5e31-7013d63d6f43,ee604a13-be94-d2ad-ff89-03768a024879,304,28,242661230.0000000000000000004,0,0,157240,20039651,,AGGREGATE_ONLY_NOT_ALIGNED,XBT,,LOW,HIGH,MEDIUM,MEDIUM,MEDIUM,LOW,LOW,ETHUSD-C0143,BEHAVIORAL_APPROXIMATION
TRXU21-C0002,TRXU21,False,LONG,2021-09-11T07:16:28.045000Z,2021-09-20T11:08:54.241000Z,791546.196,25000,2451300,0,1,267,148,NONE,FULL_CLOSE,357afdc3-15f0-8732-20e6-ee17f0eb1fcd,7f30c917-571f-8d14-82a2-40cb3b5dd768,417,0,21243882.99999999999999999999,0,0,-37759,0,,AGGREGATE_ONLY_NOT_ALIGNED,XBT,,LOW,HIGH,MEDIUM,MEDIUM,MEDIUM,LOW,LOW,TRXU21-C0002,BEHAVIORAL_APPROXIMATION
AAVEUSDT-C0002,AAVEUSDT,False,LONG,2021-09-14T08:44:58.876000Z,2021-09-15T03:29:41.431000Z,67482.555,333,1444,0,1,5,0,NONE,FULL_CLOSE,e85bb270-452f-7894-cebc-caa45b619a8a,de3bf212-6ea5-a366-d1d6-8bd3bf74e82d,7,2,8438437,0,0,-281,150386,,AGGREGATE_ONLY_NOT_ALIGNED,XBT,,HIGH,HIGH,MEDIUM,HIGH,MEDIUM,MEDIUM,MEDIUM,AAVEUSDT-C0002,BEHAVIORAL_APPROXIMATION
BNBUSDT-C0004,BNBUSDT,False,LONG,2021-09-14T08:45:44.117000Z,2021-09-16T01:00:04.869000Z,144860.752,90,444,0,1,3,3,NONE,FULL_CLOSE,350d695e-6cc0-06e4-60ad-b71bd9a2b0ce,cfde612e-0540-e2d5-c29c-dbf3351a79ad,8,5,991900,0,0,9857,-25291,,AGGREGATE_ONLY_NOT_ALIGNED,XBT,,HIGH,HIGH,MEDIUM,HIGH,MEDIUM,MEDIUM,MEDIUM,BNBUSDT-C0004,BEHAVIORAL_APPROXIMATION
ETHUSD-C0144,ETHUSD,False,LONG,2021-09-17T08:02:22.331000Z,2021-09-26T09:46:51.963000Z,783869.632,666,8421,-15,1,114,267,NONE,FLIP,0dbbcc9b-fb0b-f8e5-d093-9a2a4a14e49a,277d5b73-10ec-53e8-5f47-1d3b8688f311,383,27,-75948600.00000000000000000003,0,0,-338374,8600902,,AGGREGATE_ONLY_NOT_ALIGNED,XBT,,HIGH,HIGH,MEDIUM,MEDIUM,MEDIUM,MEDIUM,MEDIUM,"ETHUSD-C0144,ETHUSD-C0145",BEHAVIORAL_APPROXIMATION
AAVEUSDT-C0003,AAVEUSDT,False,LONG,2021-09-20T00:21:44.103000Z,2021-10-11T10:45:59.958000Z,1851855.855,366,9677,0,1,183,71,NONE,FULL_CLOSE,d1410424-aef3-4b5f-73cc-145add98f567,9db57060-24db-93de-2185-b13080dc2706,256,64,25382210.99999999999999999999,0,0,-26496,3827308,,AGGREGATE_ONLY_NOT_ALIGNED,XBT,,LOW,HIGH,MEDIUM,HIGH,MEDIUM,LOW,LOW,AAVEUSDT-C0003,BEHAVIORAL_APPROXIMATION
BNBUSDT-C0005,BNBUSDT,False,LONG,2021-09-20T02:35:14.354000Z,2021-10-01T13:53:09.525000Z,991075.171,27,5465,0,1,53,8,NONE,FULL_CLOSE,daf869c7-c063-aff8-59f0-43e0358dc337,271158cc-dd2f-4263-c667-5749059fad3c,63,35,33803365.99999999999999999999,0,0,45540,1540962,,AGGREGATE_ONLY_NOT_ALIGNED,XBT,,LOW,HIGH,MEDIUM,HIGH,MEDIUM,LOW,LOW,BNBUSDT-C0005,BEHAVIORAL_APPROXIMATION
LTCU21-C0003,LTCU21,False,LONG,2021-09-20T11:08:19.948000Z,2021-09-21T17:40:21.791000Z,109921.843,3,222,0,1,22,18,NONE,FULL_CLOSE,0d38b873-9e49-9efb-c544-1455c86f24b3,17a132b3-30ba-42dd-3e7b-274583aacfc9,42,0,2353200,0,0,-5064,0,,AGGREGATE_ONLY_NOT_ALIGNED,XBT,,HIGH,HIGH,MEDIUM,MEDIUM,MEDIUM,MEDIUM,MEDIUM,LTCU21-C0003,BEHAVIORAL_APPROXIMATION
TRXU21-C0003,TRXU21,False,LONG,2021-09-21T16:23:28.175000Z,2021-09-24T11:59:59.999000Z,243391.824,301200,2100000,0,1,65,30,NONE,SETTLEMENT,a31e9c8d-f93d-e726-3a7c-a13425bffb3b,7a34520d-79f3-561a-393a-ca34af0ab555,97,0,20950781.00000000000000000002,0,0,-84670,0,,AGGREGATE_ONLY_NOT_ALIGNED,XBT,,HIGH,HIGH,MEDIUM,MEDIUM,MEDIUM,MEDIUM,MEDIUM,TRXU21-C0003,BEHAVIORAL_APPROXIMATION
LINKUSDT-C0005,LINKUSDT,False,LONG,2021-09-21T20:42:29.371000Z,2021-09-22T09:14:08.137000Z,45098.766,224,888,0,1,13,41,NONE,FULL_CLOSE,0e37a7d3-713a-41ea-6f38-0d1cbd0c7a55,bb7bb819-a3e6-552f-ebc6-5f48c8aaaa39,56,1,10300800,0,0,-27420,90810,,AGGREGATE_ONLY_NOT_ALIGNED,XBT,,HIGH,HIGH,MEDIUM,HIGH,MEDIUM,MEDIUM,MEDIUM,LINKUSDT-C0005,BEHAVIORAL_APPROXIMATION
LTCU21-C0004,LTCU21,False,LONG,2021-09-24T09:21:57.198000Z,2021-09-24T11:59:59.999000Z,9482.801,18,1000,0,1,7,0,NONE,SETTLEMENT,43fd5bcf-ce99-24bd-efa9-bc48ee9eceff,c30a506f-3bce-dade-6497-3446e4df0a89,9,0,5100000,0,0,-34847,0,,AGGREGATE_ONLY_NOT_ALIGNED,XBT,,HIGH,HIGH,MEDIUM,MEDIUM,MEDIUM,MEDIUM,MEDIUM,LTCU21-C0004,BEHAVIORAL_APPROXIMATION
ETHUSD-C0145,ETHUSD,False,SHORT,2021-09-26T09:46:51.963000Z,2021-09-26T15:52:58.560000Z,21966.597,-15,2901,0,1,27,18,ETHUSD-C0144,FULL_CLOSE,277d5b73-10ec-53e8-5f47-1d3b8688f311,d7cc4f39-7e0b-8c11-a343-c01218b8a6ba,47,1,-12987070.00000000000000000000,0,0,156501,-59892,,AGGREGATE_ONLY_NOT_ALIGNED,XBT,,HIGH,HIGH,MEDIUM,MEDIUM,MEDIUM,MEDIUM,MEDIUM,ETHUSD-C0145,BEHAVIORAL_APPROXIMATION
ETHUSD-C0146,ETHUSD,False,LONG,2021-09-26T20:27:37.634000Z,2021-10-09T19:57:27.854000Z,1121390.22,219,5772,0,1,104,163,NONE,FULL_CLOSE,ab36038a-17fd-699b-3370-eb1b73470efb,ee2cc8f9-1536-796b-e7b0-88b10a81688d,269,38,260245205.0000000000000000000,0,0,173016,11186052,,AGGREGATE_ONLY_NOT_ALIGNED,XBT,,HIGH,HIGH,MEDIUM,MEDIUM,MEDIUM,MEDIUM,MEDIUM,ETHUSD-C0146,BEHAVIORAL_APPROXIMATION
DOGEUSD-C0001,DOGEUSD,False,LONG,2021-10-01T10:11:06.936000Z,2021-10-03T18:59:25.470000Z,204498.534,989,6790,0,1,58,56,NONE,FULL_CLOSE,2826ca91-42e6-4fb1-1a0b-a47b5ed3495a,435f3e0e-534e-623f-1a46-3b27a319f46a,116,7,7432993,0,0,0,90195,,AGGREGATE_ONLY_NOT_ALIGNED,XBT,,HIGH,HIGH,HIGH,MEDIUM,MEDIUM,MEDIUM,MEDIUM,DOGEUSD-C0001,BEHAVIORAL_APPROXIMATION
AXSUSDT-C0003,AXSUSDT,False,SHORT,2021-10-01T15:02:56.097000Z,2021-10-02T23:31:18.544000Z,116902.447,-30,24473,0,1,275,252,NONE,FULL_CLOSE,7f18f095-22a3-d807-5a4d-2d0ceef4e252,d9334bf6-99a2-7d41-0db4-34b7b8fe4589,529,4,12138961.99999999999999999998,0,0,-572767,8662581,,AGGREGATE_ONLY_NOT_ALIGNED,XBT,,LOW,HIGH,MEDIUM,MEDIUM,MEDIUM,LOW,LOW,AXSUSDT-C0003,BEHAVIORAL_APPROXIMATION
AXSUSDT-C0004,AXSUSDT,False,SHORT,2021-10-03T15:37:31.899000Z,2021-10-05T19:43:29.260000Z,187557.361,-44,6249,0,1,75,116,NONE,FULL_CLOSE,b5d3db11-aae4-c38d-452b-0ddf5ea24c1c,4b1762f0-fecd-7d47-c5d9-df292324cbc4,193,6,13588701.99999999999999999997,0,0,-101734,3938879,,AGGREGATE_ONLY_NOT_ALIGNED,XBT,,LOW,HIGH,MEDIUM,MEDIUM,MEDIUM,LOW,LOW,AXSUSDT-C0004,BEHAVIORAL_APPROXIMATION
DOGEUSD-C0002,DOGEUSD,False,LONG,2021-10-03T20:52:57.103000Z,2021-10-04T19:15:59.991000Z,80582.888,222,2332,0,1,6,5,NONE,FULL_CLOSE,61832255-6bce-cb2b-85e7-495641f0a58c,3bdb7601-bada-5551-5672-b02cf37a1182,13,2,2740891.000000000000000000000,0,0,0,6218,,AGGREGATE_ONLY_NOT_ALIGNED,XBT,,HIGH,HIGH,HIGH,MEDIUM,MEDIUM,MEDIUM,MEDIUM,DOGEUSD-C0002,BEHAVIORAL_APPROXIMATION
ETHZ21-C0001,ETHZ21,False,LONG,2021-10-05T21:55:06.009000Z,2021-12-04T05:27:47.951000Z,5124761.942,236000000,40711000000,0,1,292,336,NONE,FULL_CLOSE,562dba49-6fee-790d-23e9-38c06cae915e,96e5f60b-0eeb-0288-6e87-91efefa6311f,630,0,342856830.0000000000000000008,0,0,-296967,0,,AGGREGATE_ONLY_NOT_ALIGNED,XBT,,HIGH,HIGH,MEDIUM,MEDIUM,MEDIUM,MEDIUM,MEDIUM,ETHZ21-C0001,BEHAVIORAL_APPROXIMATION
DOGEUSD-C0003,DOGEUSD,False,LONG,2021-10-07T14:37:02.172000Z,2021-10-29T01:40:43.006000Z,1854220.834,46,16234,0,1,66,39,NONE,FULL_CLOSE,dd20a06e-06dc-6379-e66e-02b84ec84bdd,be9001b5-3f65-a347-7105-f6771fb54fbc,107,64,85606626.00000000000000000000,0,0,442195,7904805,,AGGREGATE_ONLY_NOT_ALIGNED,XBT,,HIGH,HIGH,MEDIUM,MEDIUM,MEDIUM,MEDIUM,MEDIUM,DOGEUSD-C0003,BEHAVIORAL_APPROXIMATION
ETHUSD-C0147,ETHUSD,False,LONG,2021-10-10T23:39:01.679000Z,2021-10-11T10:27:27.448000Z,38905.769,2,444,0,1,5,7,NONE,FULL_CLOSE,022ca24e-2753-4078-46b2-9b7eb6f06861,dd1a1620-9b18-a8de-d119-01e5123e02fb,14,1,7992675.0,0,0,64511,15632,,AGGREGATE_ONLY_NOT_ALIGNED,XBT,,HIGH,HIGH,MEDIUM,MEDIUM,MEDIUM,MEDIUM,MEDIUM,ETHUSD-C0147,BEHAVIORAL_APPROXIMATION
BNBUSDT-C0006,BNBUSDT,False,LONG,2021-10-11T00:03:21.172000Z,2021-10-11T16:36:13.469000Z,59572.297,200,1111,0,1,1,3,NONE,FULL_CLOSE,f9ab0c2e-24dc-79c5-7bd2-9a28e6a48fb6,43eb11ff-3f0c-3b53-4e4e-15e3bdcf9022,6,2,1684276,0,0,-8294,9233,,AGGREGATE_ONLY_NOT_ALIGNED,XBT,,HIGH,HIGH,MEDIUM,HIGH,MEDIUM,MEDIUM,MEDIUM,BNBUSDT-C0006,BEHAVIORAL_APPROXIMATION
AAVEUSDT-C0004,AAVEUSDT,False,LONG,2021-10-12T03:10:17.029000Z,2021-10-15T01:13:42.012000Z,252204.983,1111,1111,0,1,0,2,NONE,FULL_CLOSE,8b9c4017-b124-31a2-4f08-3623c43ca42c,fade1b69-6a34-30a3-5e9a-fa29c5ff9833,4,9,2155325,0,0,13493,146050,,AGGREGATE_ONLY_NOT_ALIGNED,XBT,,HIGH,HIGH,MEDIUM,HIGH,MEDIUM,MEDIUM,MEDIUM,AAVEUSDT-C0004,BEHAVIORAL_APPROXIMATION
ETHUSD-C0148,ETHUSD,False,LONG,2021-10-12T03:10:32.837000Z,2021-10-12T23:55:05.373000Z,74672.536,53,999,0,1,7,12,NONE,FULL_CLOSE,c0bfa76b-f79d-204f-da1b-dab0837b0c56,f2eb08b2-31f5-60e0-1d46-cd6b681aa705,21,3,7331890,0,0,140237,92201,,AGGREGATE_ONLY_NOT_ALIGNED,XBT,,HIGH,HIGH,MEDIUM,MEDIUM,MEDIUM,MEDIUM,MEDIUM,ETHUSD-C0148,BEHAVIORAL_APPROXIMATION
ETHUSD-C0149,ETHUSD,False,LONG,2021-10-13T05:43:46.628000Z,2021-10-15T01:10:15.954000Z,156389.326,27,999,0,1,9,11,NONE,FULL_CLOSE,832006d9-482d-cd64-6edf-8122cff2c6ef,cde58c1b-39ed-ab35-edf6-ad4237393bc7,22,5,32209785,0,0,153730,1346391,,AGGREGATE_ONLY_NOT_ALIGNED,XBT,,HIGH,HIGH,MEDIUM,MEDIUM,MEDIUM,MEDIUM,MEDIUM,ETHUSD-C0149,BEHAVIORAL_APPROXIMATION
AAVEUSDT-C0005,AAVEUSDT,False,LONG,2021-10-15T08:51:00.999000Z,2021-11-02T11:59:59.999000Z,1566539.0,333,7439,0,1,79,17,NONE,SETTLEMENT,4f8d2e23-f3e3-dbab-bfd4-abc04bf41497,0d881570-ba4c-bc12-7efb-56ae7220d7eb,98,54,28561975.00000000000000000000,0,0,-44225,4545008,,AGGREGATE_ONLY_NOT_ALIGNED,XBT,,HIGH,HIGH,MEDIUM,MEDIUM,MEDIUM,MEDIUM,MEDIUM,AAVEUSDT-C0005,BEHAVIORAL_APPROXIMATION
ETHUSD-C0150,ETHUSD,False,LONG,2021-10-15T16:59:47.871000Z,2021-10-16T20:04:30.195000Z,97482.324,892,3999,0,1,23,21,NONE,FULL_CLOSE,09619655-eff9-680a-568f-f0f485934e7c,dad6a028-79e8-77d8-d2f6-b9cf79cdfcbc,46,4,-7023770.000000000000000000000,0,0,599537,2867487,,AGGREGATE_ONLY_NOT_ALIGNED,XBT,,HIGH,HIGH,MEDIUM,MEDIUM,MEDIUM,MEDIUM,MEDIUM,ETHUSD-C0150,BEHAVIORAL_APPROXIMATION
ETHUSD-C0151,ETHUSD,False,LONG,2021-10-17T20:01:23.169000Z,2021-11-06T19:14:36.701000Z,1725193.532,188,5217,0,1,106,233,NONE,FULL_CLOSE,18dea175-670f-2d07-3037-d0833b635c14,a7e68ee3-09e6-2367-2998-b87dfe01a64a,341,59,284957425.0000000000000000013,0,0,749512,46590213,,AGGREGATE_ONLY_NOT_ALIGNED,XBT,,HIGH,HIGH,MEDIUM,MEDIUM,MEDIUM,MEDIUM,MEDIUM,ETHUSD-C0151,BEHAVIORAL_APPROXIMATION
XBTUSD-C0359,XBTUSD,True,LONG,2021-10-17T20:02:24.334000Z,2021-10-27T07:39:44.244000Z,819439.91,30000,750000,0,1,75,56,NONE,FULL_CLOSE,796c90ab-6902-2663-9b94-5d6b19d31391,f2a6d5d5-db6e-04a9-4ab4-430b92b1d3ad,133,28,-14932864.99999999999999999997,0,0,742064,2306784,,AGGREGATE_ONLY_NOT_ALIGNED,XBT,,HIGH,HIGH,MEDIUM,MEDIUM,MEDIUM,MEDIUM,MEDIUM,XBTUSD-C0359,BEHAVIORAL_APPROXIMATION
LUNAUSD-C0001,LUNAUSD,False,LONG,2021-10-20T09:55:35.965000Z,2021-10-28T06:25:58.788000Z,678622.823,94,1221,0,1,7,5,NONE,FULL_CLOSE,1c4a0315-b0d7-d74e-5a9b-09525d632ae2,ce0c225b-ec7e-9af6-4435-92f81c60fd9e,14,24,1357984.000000000000000000000,0,0,34933,1831141,,AGGREGATE_ONLY_NOT_ALIGNED,XBT,,HIGH,HIGH,MEDIUM,HIGH,MEDIUM,MEDIUM,MEDIUM,LUNAUSD-C0001,BEHAVIORAL_APPROXIMATION
XRPUSD-C0069,XRPUSD,False,LONG,2021-10-20T19:37:16.125000Z,2021-11-26T08:17:30.480000Z,3156014.355,191,18887,0,1,33,36,NONE,FULL_CLOSE,02386d55-b64f-8ecf-42bc-6e3184f6339b,6853dece-ca9c-cd3e-0852-c78690fd0c5b,71,110,22753798.00000000000000000001,0,0,205270,10739732,,AGGREGATE_ONLY_NOT_ALIGNED,XBT,,HIGH,HIGH,MEDIUM,MEDIUM,MEDIUM,MEDIUM,MEDIUM,XRPUSD-C0069,BEHAVIORAL_APPROXIMATION
ADAUSD-C0001,ADAUSD,False,LONG,2021-10-26T05:00:42.074000Z,2021-11-19T17:00:25.402000Z,2116783.328,219,15000,-23,1,111,248,NONE,FLIP,2330433b-179d-215c-686e-f77aa51b4793,c1bd2564-6d43-ed33-2e14-b3d4e5f4b50a,361,73,-36428997.99999999999999999997,0,0,-9321,14253989,,AGGREGATE_ONLY_NOT_ALIGNED,XBT,,LOW,HIGH,MEDIUM,MEDIUM,MEDIUM,LOW,LOW,"ADAUSD-C0001,ADAUSD-C0002",BEHAVIORAL_APPROXIMATION
XBTUSD-C0360,XBTUSD,True,SHORT,2021-10-27T07:43:34.432000Z,2021-10-28T08:21:08.146000Z,88653.714,-3800,480000,0,1,27,68,NONE,FULL_CLOSE,35d3d645-c7ab-9c1a-3252-61d1ce8acb7f,fa6746ae-6aff-423f-aee9-617486e0786f,97,3,8243603.000000000000000000003,0,0,803959,-163257,,AGGREGATE_ONLY_NOT_ALIGNED,XBT,,HIGH,HIGH,MEDIUM,MEDIUM,MEDIUM,MEDIUM,MEDIUM,XBTUSD-C0360,BEHAVIORAL_APPROXIMATION
XBTUSD-C0361,XBTUSD,True,SHORT,2021-10-28T08:51:50.771000Z,2021-10-28T21:32:58.964000Z,45668.193,-10000,300000,0,1,23,22,NONE,FULL_CLOSE,15b73f9f-e232-1026-e9e4-65f6c94ce5f4,fd35a911-274e-d9cf-0425-f759b7be8e4b,47,2,1595746.000000000000000000001,0,0,463949,-83299,,AGGREGATE_ONLY_NOT_ALIGNED,XBT,,HIGH,HIGH,MEDIUM,MEDIUM,MEDIUM,MEDIUM,MEDIUM,XBTUSD-C0361,BEHAVIORAL_APPROXIMATION
AXSUSDT-C0005,AXSUSDT,False,SHORT,2021-10-29T13:20:26.105000Z,2021-10-29T16:16:08.976000Z,10542.871,-135,666,0,1,3,7,NONE,FULL_CLOSE,8d69a83d-199e-0413-cd5a-6c2f7c99063e,fb3007a4-8a06-9cb3-94d4-83c70be80cea,12,0,-3750590,0,0,41700,0,,AGGREGATE_ONLY_NOT_ALIGNED,XBT,,HIGH,HIGH,MEDIUM,MEDIUM,MEDIUM,MEDIUM,MEDIUM,AXSUSDT-C0005,BEHAVIORAL_APPROXIMATION
TRXUSDT-C0001,TRXUSDT,False,LONG,2021-10-29T17:27:32.668000Z,2021-11-02T11:59:59.999000Z,325947.331,499,8332,0,1,14,0,NONE,SETTLEMENT,e4f95100-5f92-57d0-52fc-dc63d36dc22a,68f2bbb3-0259-fdf0-349f-278db210f05c,16,11,3156715,0,0,13247,137522,,AGGREGATE_ONLY_NOT_ALIGNED,XBT,,HIGH,HIGH,MEDIUM,MEDIUM,MEDIUM,MEDIUM,MEDIUM,TRXUSDT-C0001,BEHAVIORAL_APPROXIMATION
DOGEUSD-C0004,DOGEUSD,False,LONG,2021-10-30T02:37:48.808000Z,2021-11-04T06:09:05.647000Z,444676.839,18,7777,0,1,37,23,NONE,FULL_CLOSE,1a1c5ee2-601b-d837-b8d5-4ae70421da9c,b1625802-5058-68b6-1b94-fa51b1c26fa6,62,16,-12865235.99999999999999999999,0,0,-41397,2344288,,AGGREGATE_ONLY_NOT_ALIGNED,XBT,,LOW,HIGH,MEDIUM,MEDIUM,MEDIUM,LOW,LOW,DOGEUSD-C0004,BEHAVIORAL_APPROXIMATION
LTCUSD-C0043,LTCUSD,False,LONG,2021-11-03T03:05:06.622000Z,2021-12-01T20:38:34.788000Z,2482408.166,2,11990,0,1,75,57,NONE,FULL_CLOSE,4f3181c7-ab12-a284-fba4-fcf690352d58,84e4bc96-a7c3-bbc8-f30c-bad9adb3855e,134,87,9511140.000000000000000000000,0,0,-8476,11554591,,AGGREGATE_ONLY_NOT_ALIGNED,XBT,,HIGH,HIGH,MEDIUM,MEDIUM,MEDIUM,MEDIUM,MEDIUM,LTCUSD-C0043,BEHAVIORAL_APPROXIMATION
ETHUSD-C0152,ETHUSD,False,LONG,2021-11-10T20:50:36.548000Z,2021-12-01T21:04:32.858000Z,1815236.31,69,14917,0,1,622,572,NONE,FULL_CLOSE,e39ae7f2-2fa4-389b-3a53-fdb2380b5411,e6e140e6-369c-7eff-ebd2-902c575630d7,1196,63,90494795.00000000000000000008,0,0,1257132,89554698,,AGGREGATE_ONLY_NOT_ALIGNED,XBT,,LOW,HIGH,MEDIUM,MEDIUM,MEDIUM,LOW,LOW,ETHUSD-C0152,BEHAVIORAL_APPROXIMATION
XBTUSD-C0362,XBTUSD,True,LONG,2021-11-10T21:20:42.499000Z,2021-11-26T16:51:15.519000Z,1366233.02,30000,1590000,0,1,168,171,NONE,FULL_CLOSE,4cfd5cd8-c434-9685-d25a-92a41edc3deb,f34edd16-3c4d-07d8-6fa0-c497e69140f9,341,47,-182280532.0000000000000000000,0,0,915407,5930037,,AGGREGATE_ONLY_NOT_ALIGNED,XBT,,LOW,HIGH,MEDIUM,MEDIUM,MEDIUM,LOW,LOW,XBTUSD-C0362,BEHAVIORAL_APPROXIMATION
TRXZ21-C0001,TRXZ21,False,LONG,2021-11-15T06:44:35.666000Z,2021-12-03T20:39:26.899000Z,1605291.233,350000000000,350000000000000,0,1,68,54,NONE,FULL_CLOSE,f3f2cdea-ee9f-6aa3-1a51-ed2a0da06447,40b21101-3060-618c-f55f-6324fb14cbeb,124,0,-25690126.00000000000000000002,0,0,-83210,0,,AGGREGATE_ONLY_NOT_ALIGNED,XBT,,HIGH,HIGH,MEDIUM,MEDIUM,MEDIUM,MEDIUM,MEDIUM,TRXZ21-C0001,BEHAVIORAL_APPROXIMATION
ADAUSD-C0002,ADAUSD,False,SHORT,2021-11-19T17:00:25.402000Z,2021-11-20T11:47:48.728000Z,67643.326,-23,14876,0,1,119,19,ADAUSD-C0001,FULL_CLOSE,c1bd2564-6d43-ed33-2e14-b3d4e5f4b50a,f948c440-350b-b82e-9b12-01ce8435c328,140,2,-5464134.000000000000000000001,0,0,116000,-146645,,AGGREGATE_ONLY_NOT_ALIGNED,XBT,,LOW,HIGH,MEDIUM,MEDIUM,MEDIUM,LOW,LOW,ADAUSD-C0002,BEHAVIORAL_APPROXIMATION
DOGEUSD-C0005,DOGEUSD,False,LONG,2021-11-24T14:18:37.103000Z,2021-11-26T16:09:14.318000Z,179437.215,1056,9999,0,1,58,63,NONE,FULL_CLOSE,62ca5788-b51d-46ea-26fe-9ec308d8f59f,dc19c532-bd48-0bf3-2a70-26fc1a9daf54,123,6,6104090.999999999999999999999,0,0,-17639,363571,,AGGREGATE_ONLY_NOT_ALIGNED,XBT,,LOW,HIGH,MEDIUM,MEDIUM,MEDIUM,LOW,LOW,DOGEUSD-C0005,BEHAVIORAL_APPROXIMATION
LUNAUSD-C0002,LUNAUSD,False,LONG,2021-11-24T17:28:58.208000Z,2021-11-25T19:10:09.118000Z,92470.91,94,555,0,1,2,0,NONE,FULL_CLOSE,47f03edd-40c0-a4e1-fed5-11492d884207,fe8b4488-eb63-6999-e3a1-ef4861c491b0,4,3,2731155,0,0,9827,19700,,AGGREGATE_ONLY_NOT_ALIGNED,XBT,,HIGH,HIGH,MEDIUM,HIGH,MEDIUM,MEDIUM,MEDIUM,LUNAUSD-C0002,BEHAVIORAL_APPROXIMATION
LUNAUSD-C0003,LUNAUSD,False,LONG,2021-11-26T08:17:41.358000Z,2021-11-26T14:05:06.910000Z,20845.552,43,1666,0,1,37,7,NONE,FULL_CLOSE,48ed2eb0-9dea-f192-3b80-3b38e0741793,6f44c84a-32de-84ad-6b2e-53957700ec50,46,1,1947892.000000000000000000000,0,0,8828,14283,,AGGREGATE_ONLY_NOT_ALIGNED,XBT,,HIGH,HIGH,MEDIUM,HIGH,MEDIUM,MEDIUM,MEDIUM,LUNAUSD-C0003,BEHAVIORAL_APPROXIMATION
XBTUSD-C0363,XBTUSD,True,LONG,2021-11-30T07:06:23.130000Z,2021-12-01T20:22:46.473000Z,134183.343,50000,260000,0,1,8,17,NONE,FULL_CLOSE,e1715e58-2c20-d492-0735-cdaa0685e8b0,f9ecf8bd-ba3d-898b-3667-5ab6d415a0b9,27,5,4490922.000000000000000000000,0,0,139416,148057,,AGGREGATE_ONLY_NOT_ALIGNED,XBT,,HIGH,HIGH,MEDIUM,MEDIUM,MEDIUM,MEDIUM,MEDIUM,XBTUSD-C0363,BEHAVIORAL_APPROXIMATION
ETHUSD-C0153,ETHUSD,False,LONG,2021-12-01T22:32:44.123000Z,2021-12-03T15:50:04.808000Z,148640.685,5,1887,0,1,32,24,NONE,FULL_CLOSE,0715cdd4-988d-38e5-46d5-02fcc3f01ffe,bbf7bb09-abb4-b9b3-7a7b-5eccbf23ef17,58,5,-14328844.99999999999999999999,0,0,536895,680990,,AGGREGATE_ONLY_NOT_ALIGNED,XBT,,HIGH,HIGH,MEDIUM,MEDIUM,MEDIUM,MEDIUM,MEDIUM,ETHUSD-C0153,BEHAVIORAL_APPROXIMATION
XBTUSD-C0364,XBTUSD,True,LONG,2021-12-03T13:35:05.037000Z,2021-12-03T15:43:48.950000Z,7723.913,100,60000,0,1,4,5,NONE,FULL_CLOSE,9de0fcf6-b251-8a50-5171-ed33c0a5a4c9,dff5e8b5-11fa-8ea5-d70e-db2ddfb1375c,11,0,-2450541,0,0,43223,0,,AGGREGATE_ONLY_NOT_ALIGNED,XBT,,HIGH,HIGH,MEDIUM,MEDIUM,MEDIUM,MEDIUM,MEDIUM,XBTUSD-C0364,BEHAVIORAL_APPROXIMATION
ETHUSD-C0154,ETHUSD,False,LONG,2021-12-03T15:55:24.330000Z,2021-12-03T16:38:19.078000Z,2574.748,222,3442,-1,1,16,71,NONE,FLIP,cd77fc1e-a99e-3e8f-b7eb-e8b1c3def5c8,ff8099df-1f48-7a36-1e27-2c762f81c756,89,0,900870.0000000000000000000004,0,0,530941,0,,AGGREGATE_ONLY_NOT_ALIGNED,XBT,,HIGH,HIGH,MEDIUM,MEDIUM,MEDIUM,MEDIUM,MEDIUM,"ETHUSD-C0154,ETHUSD-C0155",BEHAVIORAL_APPROXIMATION
ETHUSD-C0155,ETHUSD,False,SHORT,2021-12-03T16:38:19.078000Z,2021-12-03T16:38:44.857000Z,25.779,-1,1,0,1,0,0,ETHUSD-C0154,FULL_CLOSE,ff8099df-1f48-7a36-1e27-2c762f81c756,ea24febf-79b4-ed2e-f385-83fb817f33f3,2,0,-1555,0,0,220,0,,AGGREGATE_ONLY_NOT_ALIGNED,XBT,,HIGH,HIGH,MEDIUM,MEDIUM,MEDIUM,MEDIUM,MEDIUM,ETHUSD-C0155,BEHAVIORAL_APPROXIMATION
ETHUSD-C0156,ETHUSD,False,LONG,2021-12-03T16:42:12.996000Z,2021-12-04T06:30:52.752000Z,49719.756,3,11108,0,1,201,318,NONE,FULL_CLOSE,e410212f-2dc1-4429-b3b0-7a47fe5e5108,ef4d93d6-4bd0-29b9-d7ae-db7a65a646fc,521,2,-241109730.0000000000000000006,0,0,303934,2903308,,AGGREGATE_ONLY_NOT_ALIGNED,XBT,,LOW,HIGH,MEDIUM,MEDIUM,MEDIUM,LOW,LOW,ETHUSD-C0156,BEHAVIORAL_APPROXIMATION
XBTUSD-C0365,XBTUSD,True,LONG,2021-12-03T20:19:20.606000Z,2021-12-03T21:20:48.640000Z,3688.034,50000,50000,0,1,0,0,NONE,FULL_CLOSE,edd1f3ac-408c-8b2d-a88d-933f055bfcdc,e9df2661-cbb7-b364-ef2e-38342b37c623,2,0,3708000,0,0,-18967,0,,AGGREGATE_ONLY_NOT_ALIGNED,XBT,,HIGH,HIGH,MEDIUM,MEDIUM,MEDIUM,MEDIUM,MEDIUM,XBTUSD-C0365,BEHAVIORAL_APPROXIMATION
XBTUSD-C0366,XBTUSD,True,LONG,2021-12-04T04:55:34.631000Z,2021-12-04T05:41:23.183000Z,2748.552,50000,800000,0,1,15,69,NONE,FULL_CLOSE,91114d99-5c58-587a-93c9-92043448e644,cde7f8bc-3392-d51c-9ae1-f60d47c42a2a,86,0,89138177.00,0,0,676300,0,,AGGREGATE_ONLY_NOT_ALIGNED,XBT,,HIGH,HIGH,MEDIUM,MEDIUM,MEDIUM,MEDIUM,MEDIUM,XBTUSD-C0366,BEHAVIORAL_APPROXIMATION
ETHUSD-C0157,ETHUSD,False,LONG,2021-12-04T07:08:14.998000Z,2021-12-04T08:44:06.085000Z,5751.087,31,1629,0,1,8,40,NONE,FULL_CLOSE,ba0d061e-075b-9a06-f55f-1a6690136384,fd1f6b4b-ff57-d1a7-7942-448ffbf38e61,50,0,16072640.00000000000000000001,0,0,259242,0,,AGGREGATE_ONLY_NOT_ALIGNED,XBT,,HIGH,HIGH,MEDIUM,MEDIUM,MEDIUM,MEDIUM,MEDIUM,ETHUSD-C0157,BEHAVIORAL_APPROXIMATION
ETHZ21-C0002,ETHZ21,False,LONG,2021-12-04T08:29:06.948000Z,2021-12-10T17:38:33.157000Z,551366.209,824000000,16500000000,0,1,22,86,NONE,FULL_CLOSE,1d8f23ab-04ec-6244-8e00-bc8c3341af9f,49b77c82-2754-4e79-8728-99ea4dab2e8d,110,0,29305220.00000000000000000003,0,0,219117,0,,AGGREGATE_ONLY_NOT_ALIGNED,XBT,,HIGH,HIGH,MEDIUM,MEDIUM,MEDIUM,MEDIUM,MEDIUM,ETHZ21-C0002,BEHAVIORAL_APPROXIMATION
ETHUSD-C0158,ETHUSD,False,LONG,2021-12-04T10:42:01.458000Z,2021-12-04T12:44:32.675000Z,7351.217,2,666,0,1,12,14,NONE,FULL_CLOSE,e9d46389-727e-9f1d-1aea-b7e3da66c466,d335c6bf-fba1-236a-384f-89a4fd3d10c8,28,1,3079755,0,0,105094,138853,,AGGREGATE_ONLY_NOT_ALIGNED,XBT,,HIGH,HIGH,MEDIUM,MEDIUM,MEDIUM,MEDIUM,MEDIUM,ETHUSD-C0158,BEHAVIORAL_APPROXIMATION
XBTUSD-C0367,XBTUSD,True,LONG,2021-12-04T11:39:53.726000Z,2021-12-04T12:44:47.760000Z,3894.034,28100,60000,0,1,6,4,NONE,FULL_CLOSE,62d13bb7-1156-89e1-d2c4-8df843050ec1,e98b933e-0d99-e9ba-7d88-dddc19ff1450,12,1,2422336,0,0,50590,12884,,AGGREGATE_ONLY_NOT_ALIGNED,XBT,,HIGH,HIGH,MEDIUM,MEDIUM,MEDIUM,MEDIUM,MEDIUM,XBTUSD-C0367,BEHAVIORAL_APPROXIMATION
XBTUSD-C0368,XBTUSD,True,SHORT,2021-12-04T15:09:52.768000Z,2021-12-06T14:30:41.512000Z,170448.744,-4500,640000,0,1,39,73,NONE,FULL_CLOSE,57f71681-441f-45ab-2fa1-1e584641eb64,c74ea046-2012-a94f-a37f-28e4ea795741,114,6,6749594.999999999999999999997,0,0,565208,2024251,,AGGREGATE_ONLY_NOT_ALIGNED,XBT,,HIGH,HIGH,MEDIUM,MEDIUM,MEDIUM,MEDIUM,MEDIUM,XBTUSD-C0368,BEHAVIORAL_APPROXIMATION
ETHUSD-C0159,ETHUSD,False,LONG,2021-12-04T21:44:44.977000Z,2021-12-05T02:51:50.039000Z,18425.062,7,333,0,1,9,17,NONE,FULL_CLOSE,196cc732-85c7-43d5-40d5-1f45cc5a0442,fdf3dfb3-6e8a-a49b-6399-bb7bf5267f47,28,0,1133590,0,0,54728,0,,AGGREGATE_ONLY_NOT_ALIGNED,XBT,,HIGH,HIGH,MEDIUM,MEDIUM,MEDIUM,MEDIUM,MEDIUM,ETHUSD-C0159,BEHAVIORAL_APPROXIMATION
ETHUSD-C0160,ETHUSD,False,LONG,2021-12-06T08:24:43.743000Z,2021-12-06T12:54:53.100000Z,16209.357,333,666,0,1,18,12,NONE,FULL_CLOSE,412f6d78-d796-7015-2afa-df0e8dd28f95,f6b6ba3a-f295-e4c8-e039-a4c62f7f962a,32,1,5121575,0,0,108817,331082,,AGGREGATE_ONLY_NOT_ALIGNED,XBT,,LOW,HIGH,MEDIUM,MEDIUM,MEDIUM,LOW,LOW,ETHUSD-C0160,BEHAVIORAL_APPROXIMATION
XBTUSD-C0369,XBTUSD,True,SHORT,2021-12-06T15:15:27.129000Z,2021-12-09T19:18:39.688000Z,273792.559,-5200,1038000,0,1,94,77,NONE,FULL_CLOSE,70e2c259-0c73-5313-f179-adcfe920db88,f5dcc157-401b-32ac-b040-02f27c5ef4c3,173,9,97918106.00000000000000000002,0,0,278940,-293659,,AGGREGATE_ONLY_NOT_ALIGNED,XBT,,HIGH,HIGH,MEDIUM,MEDIUM,MEDIUM,MEDIUM,MEDIUM,XBTUSD-C0369,BEHAVIORAL_APPROXIMATION
LTCZ21-C0001,LTCZ21,False,LONG,2021-12-06T22:19:25.621000Z,2021-12-13T19:20:17.272000Z,594051.651,8090000000,299900000000,0,1,51,69,NONE,FULL_CLOSE,434e0541-8dd3-a1e8-8ebf-b61e7aeae07b,b9761395-22e4-61f0-3bb7-e07b18a37956,122,0,-22521170.00000000000000000002,0,0,-230577,0,,AGGREGATE_ONLY_NOT_ALIGNED,XBT,,HIGH,HIGH,MEDIUM,MEDIUM,MEDIUM,MEDIUM,MEDIUM,LTCZ21-C0001,BEHAVIORAL_APPROXIMATION
ETHUSD-C0161,ETHUSD,False,LONG,2021-12-08T15:08:42.142000Z,2021-12-10T17:36:48.148000Z,181686.006,2,7217,0,1,156,212,NONE,FULL_CLOSE,2315b630-546d-d57c-0e28-d71e67769adc,f3475742-4014-1f4f-c3e7-23097fc4fd9b,370,6,-105719155.0000000000000000000,0,0,1028669,4876302,,AGGREGATE_ONLY_NOT_ALIGNED,XBT,,HIGH,HIGH,MEDIUM,MEDIUM,MEDIUM,MEDIUM,MEDIUM,ETHUSD-C0161,BEHAVIORAL_APPROXIMATION
XBTUSD-C0370,XBTUSD,True,LONG,2021-12-09T20:59:28.129000Z,2021-12-09T21:45:00.306000Z,2732.177,10000,10000,-10000,1,0,0,NONE,FLIP,d14149c9-a3c8-aaa9-0357-45a80b3a0234,41b99fb8-feb7-b638-4126-cb0ad9ec41bd,2,0,179500,0,0,-6253,0,,AGGREGATE_ONLY_NOT_ALIGNED,XBT,,HIGH,HIGH,MEDIUM,MEDIUM,MEDIUM,MEDIUM,MEDIUM,"XBTUSD-C0370,XBTUSD-C0371",BEHAVIORAL_APPROXIMATION
XBTUSD-C0371,XBTUSD,True,SHORT,2021-12-09T21:45:00.306000Z,2021-12-10T01:42:00.052000Z,14219.746,-10000,110000,0,1,11,4,XBTUSD-C0370,FULL_CLOSE,41b99fb8-feb7-b638-4126-cb0ad9ec41bd,f92d7aef-5b87-e53c-103b-04512dfafe9c,17,0,137200.0000000000000000000000,0,0,92923,0,,AGGREGATE_ONLY_NOT_ALIGNED,XBT,,HIGH,HIGH,MEDIUM,MEDIUM,MEDIUM,MEDIUM,MEDIUM,XBTUSD-C0371,BEHAVIORAL_APPROXIMATION
XBTUSD-C0372,XBTUSD,True,SHORT,2021-12-10T02:19:13.454000Z,2021-12-11T05:39:08.400000Z,98394.946,-20000,1090000,0,1,130,63,NONE,FULL_CLOSE,3801aedd-dfca-a12a-0560-1689489712b2,f6d4a300-0cfe-a80f-3de6-44ecd6e6b830,195,4,4670164.999999999999999999995,0,0,841312,-450610,,AGGREGATE_ONLY_NOT_ALIGNED,XBT,,LOW,HIGH,MEDIUM,MEDIUM,MEDIUM,LOW,LOW,XBTUSD-C0372,BEHAVIORAL_APPROXIMATION
ETHZ21-C0003,ETHZ21,False,LONG,2021-12-11T00:12:57.823000Z,2021-12-31T11:59:59.999000Z,1770422.176,89000000,25450000000,0,1,119,9,NONE,SETTLEMENT,5fc55714-64be-88c3-750d-41bedb66f506,d2436e87-e8aa-91d5-20eb-de74f0688747,130,0,-77792680.00000000000000000000,0,0,-27327,0,,AGGREGATE_ONLY_NOT_ALIGNED,XBT,,HIGH,HIGH,MEDIUM,MEDIUM,MEDIUM,MEDIUM,MEDIUM,ETHZ21-C0003,BEHAVIORAL_APPROXIMATION
XBTUSD-C0373,XBTUSD,True,SHORT,2021-12-11T07:29:44.430000Z,2021-12-16T19:31:13.248000Z,475288.818,-100,2213800,0,1,222,242,NONE,FULL_CLOSE,08b3ed69-a05b-cd3d-2c93-d6e4ea1ea25e,fb728d55-1ba2-a3d7-042a-1d52c6658977,466,16,45234035.00000000000000000005,0,0,1321550,-1398478,,AGGREGATE_ONLY_NOT_ALIGNED,XBT,,HIGH,HIGH,MEDIUM,MEDIUM,MEDIUM,MEDIUM,MEDIUM,XBTUSD-C0373,BEHAVIORAL_APPROXIMATION
ETHUSD-C0162,ETHUSD,False,SHORT,2021-12-13T12:37:57.387000Z,2021-12-13T19:45:56.030000Z,25678.643,-6,253,0,1,18,7,NONE,FULL_CLOSE,22ca4774-76bb-270d-6410-9796bdaa5abb,f098583d-18a8-c6e7-8141-d0927bec0eba,27,0,7077615.000000000000000000000,0,0,97272,0,,AGGREGATE_ONLY_NOT_ALIGNED,XBT,,HIGH,HIGH,MEDIUM,MEDIUM,MEDIUM,MEDIUM,MEDIUM,ETHUSD-C0162,BEHAVIORAL_APPROXIMATION
ETHUSD-C0163,ETHUSD,False,SHORT,2021-12-14T00:05:17.415000Z,2021-12-15T20:29:59.311000Z,159881.896,-60,642,0,1,21,30,NONE,FULL_CLOSE,14749c4e-6edd-ed09-4166-8d8e21f76ecd,d16a479b-6fb3-5a04-068a-82c028f7c617,53,6,-3699804.999999999999999999998,0,0,94183,-214801,,AGGREGATE_ONLY_NOT_ALIGNED,XBT,,HIGH,HIGH,MEDIUM,MEDIUM,MEDIUM,MEDIUM,MEDIUM,ETHUSD-C0163,BEHAVIORAL_APPROXIMATION
ETHUSD-C0164,ETHUSD,False,LONG,2021-12-16T07:51:51.969000Z,2021-12-18T10:23:08.358000Z,181876.389,9,4905,0,1,76,118,NONE,FULL_CLOSE,28ada468-5a47-2f6d-af17-4e7349549568,ff6844a1-7db5-5970-e601-797fb9ad0198,196,6,-16138335.00000000000000000004,0,0,648723,2904063,,AGGREGATE_ONLY_NOT_ALIGNED,XBT,,HIGH,HIGH,MEDIUM,MEDIUM,MEDIUM,MEDIUM,MEDIUM,ETHUSD-C0164,BEHAVIORAL_APPROXIMATION
XBTUSD-C0374,XBTUSD,True,LONG,2021-12-16T22:08:01.186000Z,2021-12-17T16:55:12.902000Z,67631.716,5600,440000,0,1,20,27,NONE,FULL_CLOSE,7f650065-0cad-46f8-a077-af6d8751d4f8,febdf835-3bec-d7ec-9e28-a03242263a49,49,2,7026377.000000000000000000000,0,0,374728,50747,,AGGREGATE_ONLY_NOT_ALIGNED,XBT,,HIGH,HIGH,MEDIUM,MEDIUM,MEDIUM,MEDIUM,MEDIUM,XBTUSD-C0374,BEHAVIORAL_APPROXIMATION
XBTUSD-C0375,XBTUSD,True,LONG,2021-12-17T20:17:37.515000Z,2021-12-18T02:03:57.655000Z,20780.14,60100,300500,0,1,16,57,NONE,FULL_CLOSE,00821843-76b7-1f44-94bc-9086a3987d57,fe839b81-afef-19e2-f0e4-5d15d46cb092,75,0,-1864284,0,0,262100,0,,AGGREGATE_ONLY_NOT_ALIGNED,XBT,,HIGH,HIGH,MEDIUM,MEDIUM,MEDIUM,MEDIUM,MEDIUM,XBTUSD-C0375,BEHAVIORAL_APPROXIMATION
XBTUSD-C0376,XBTUSD,True,LONG,2021-12-18T02:05:22.877000Z,2021-12-22T02:31:59.227000Z,347196.35,1200,290100,-9900,1,57,34,NONE,FLIP,fff9e39f-e0f7-90b7-a9fa-41a4e4ce3556,04185968-d2af-b031-3864-0d9ccad15c6d,93,12,26450705.00000000000000000000,0,0,203495,316653,,AGGREGATE_ONLY_NOT_ALIGNED,XBT,,HIGH,HIGH,MEDIUM,MEDIUM,MEDIUM,MEDIUM,MEDIUM,"XBTUSD-C0376,XBTUSD-C0377",BEHAVIORAL_APPROXIMATION
ETHUSD-C0165,ETHUSD,False,LONG,2021-12-19T01:27:27.334000Z,2021-12-21T00:00:49.516000Z,167602.182,333,2478,0,1,38,38,NONE,FULL_CLOSE,efdd070a-2fd8-f87b-a4a5-605ea0d64efb,fb93ba78-ae1f-9a45-05a3-447043582773,78,6,6788069.999999999999999999999,0,0,167941,786348,,AGGREGATE_ONLY_NOT_ALIGNED,XBT,,HIGH,HIGH,MEDIUM,MEDIUM,MEDIUM,MEDIUM,MEDIUM,ETHUSD-C0165,BEHAVIORAL_APPROXIMATION
LUNAUSD-C0004,LUNAUSD,False,SHORT,2021-12-21T17:15:11.690000Z,2021-12-28T17:36:15.454000Z,606063.764,-5,3000,0,1,76,78,NONE,FULL_CLOSE,07fe781a-cf74-ad87-7560-e304a542a4fd,83d15858-676b-de31-bbf3-e485ef69a546,156,21,26119742.00000000000000000002,0,0,-32069,504293,,AGGREGATE_ONLY_NOT_ALIGNED,XBT,,LOW,HIGH,MEDIUM,HIGH,MEDIUM,LOW,LOW,LUNAUSD-C0004,BEHAVIORAL_APPROXIMATION
XBTUSD-C0377,XBTUSD,True,SHORT,2021-12-22T02:31:59.227000Z,2021-12-29T02:56:22.144000Z,606262.917,-9900,889900,0,1,65,97,XBTUSD-C0376,FULL_CLOSE,04185968-d2af-b031-3864-0d9ccad15c6d,fa8c99af-4c6a-233a-7826-69ebb2f2dcbe,164,21,70465804.00000000000000000000,0,0,324164,-372975,,AGGREGATE_ONLY_NOT_ALIGNED,XBT,,HIGH,HIGH,MEDIUM,MEDIUM,MEDIUM,MEDIUM,MEDIUM,XBTUSD-C0377,BEHAVIORAL_APPROXIMATION
ETHUSD-C0166,ETHUSD,False,LONG,2021-12-24T01:36:08.957000Z,2021-12-29T11:22:11.707000Z,467162.75,2,3419,-24,1,60,116,NONE,FLIP,871d338f-c73e-86a1-4c10-bdf0fef0a268,223c47de-d95c-df32-546a-dacac04b1cf0,178,16,-49467974.99999999999999999997,0,0,203437,2983725,,AGGREGATE_ONLY_NOT_ALIGNED,XBT,,LOW,HIGH,MEDIUM,MEDIUM,MEDIUM,LOW,LOW,"ETHUSD-C0166,ETHUSD-C0167",BEHAVIORAL_APPROXIMATION
ETHUSD-C0167,ETHUSD,False,SHORT,2021-12-29T11:22:11.707000Z,2021-12-30T04:16:50.872000Z,60879.165,-24,2667,0,1,110,79,ETHUSD-C0166,FULL_CLOSE,223c47de-d95c-df32-546a-dacac04b1cf0,cb21f163-0c3b-fbf4-08c5-53e3b7d23c77,191,3,20314960.00000000000000000001,0,0,628774,-672190,,AGGREGATE_ONLY_NOT_ALIGNED,XBT,,HIGH,HIGH,MEDIUM,MEDIUM,MEDIUM,MEDIUM,MEDIUM,ETHUSD-C0167,BEHAVIORAL_APPROXIMATION
XBTUSD-C0378,XBTUSD,True,SHORT,2021-12-29T12:27:01.471000Z,2022-01-03T23:31:08.884000Z,471847.413,-300,1580000,0,1,298,215,NONE,FULL_CLOSE,66f4d463-157f-52b2-b0b7-f27be7a9d95a,f1f6c886-7e3c-b5f8-339f-441e8dc23036,515,16,95177527.99999999999999999995,0,0,3389372,-620388,,AGGREGATE_ONLY_NOT_ALIGNED,XBT,,HIGH,HIGH,MEDIUM,MEDIUM,MEDIUM,MEDIUM,MEDIUM,XBTUSD-C0378,BEHAVIORAL_APPROXIMATION
ETHUSD-C0168,ETHUSD,False,LONG,2021-12-30T04:24:16.236000Z,2021-12-30T07:59:06.163000Z,12889.927,26,26,0,1,0,1,NONE,FULL_CLOSE,c6812bbb-05c5-010d-3413-fe4e5d6e844d,96a8ddf2-91e4-eb17-9d41-6388d7ad19ae,3,0,99430,0,0,3869,0,,AGGREGATE_ONLY_NOT_ALIGNED,XBT,,HIGH,HIGH,MEDIUM,MEDIUM,MEDIUM,MEDIUM,MEDIUM,ETHUSD-C0168,BEHAVIORAL_APPROXIMATION
ETHH22-C0001,ETHH22,False,LONG,2021-12-31T20:19:58.340000Z,2022-01-17T10:50:25.955000Z,1434627.615,100000,36306000,0,1,172,97,NONE,FULL_CLOSE,c35ac056-87ee-7ad5-1d8d-f95f93488de5,5ff523de-b2a8-cdce-04a7-639f95774384,271,0,9821300.000000000000000000052,0,0,1553577,0,,AGGREGATE_ONLY_NOT_ALIGNED,XBT,,HIGH,HIGH,MEDIUM,MEDIUM,MEDIUM,MEDIUM,MEDIUM,ETHH22-C0001,BEHAVIORAL_APPROXIMATION
LUNAUSD-C0005,LUNAUSD,False,SHORT,2022-01-02T09:03:23.409000Z,2022-01-03T07:43:37.059000Z,81613.65,-36,1150,0,1,26,8,NONE,FULL_CLOSE,f666e224-1076-148d-4761-02329df067f2,f89d288e-f04e-283a-6376-99aa9e268f29,36,3,-1493400.000000000000000000000,0,0,37356,-13991,,AGGREGATE_ONLY_NOT_ALIGNED,XBT,,HIGH,HIGH,MEDIUM,HIGH,MEDIUM,MEDIUM,MEDIUM,LUNAUSD-C0005,BEHAVIORAL_APPROXIMATION
LUNAUSD-C0006,LUNAUSD,False,SHORT,2022-01-03T10:14:05.474000Z,2022-01-04T06:13:56.596000Z,71991.122,-27,400,0,1,21,5,NONE,FULL_CLOSE,ba311ba0-bf8c-e8f6-5843-781f284280f3,a76d0030-f333-a4ee-0ecc-573ca4a64d36,28,3,1815034,0,0,13942,-9038,,AGGREGATE_ONLY_NOT_ALIGNED,XBT,,HIGH,HIGH,MEDIUM,HIGH,MEDIUM,MEDIUM,MEDIUM,LUNAUSD-C0006,BEHAVIORAL_APPROXIMATION
XBTUSD-C0379,XBTUSD,True,LONG,2022-01-03T23:38:28.794000Z,2022-01-05T11:52:07.475000Z,130418.681,2800,520000,0,1,35,56,NONE,FULL_CLOSE,198e1758-575c-3b2e-37cc-e4578cf49866,fe2a5b9f-48e7-80cb-4e02-64d1e64bcf94,93,4,7128985.999999999999999999995,0,0,603843,111640,,AGGREGATE_ONLY_NOT_ALIGNED,XBT,,HIGH,HIGH,MEDIUM,MEDIUM,MEDIUM,MEDIUM,MEDIUM,XBTUSD-C0379,BEHAVIORAL_APPROXIMATION
ETHUSD-C0169,ETHUSD,False,LONG,2022-01-03T23:39:16.433000Z,2022-01-05T11:52:48.397000Z,130411.964,50,1110,0,1,22,22,NONE,FULL_CLOSE,2658d2ae-a6f4-843f-15f0-c2afc107665a,e90a484b-a844-32ee-7f67-f9fc8b247e58,46,4,4464870,0,0,214301,595152,,AGGREGATE_ONLY_NOT_ALIGNED,XBT,,HIGH,HIGH,MEDIUM,MEDIUM,MEDIUM,MEDIUM,MEDIUM,ETHUSD-C0169,BEHAVIORAL_APPROXIMATION
XBTUSD-C0380,XBTUSD,True,SHORT,2022-01-05T12:09:58.365000Z,2022-01-05T14:47:20.385000Z,9442.02,-100,1040000,0,1,83,86,NONE,FULL_CLOSE,6a484b80-8ab8-390e-037b-c02d9f75c6cb,d750932a-3d28-516d-4457-3d7e4de8af54,171,0,-11054403.99999999999999999998,0,0,1799467,0,,AGGREGATE_ONLY_NOT_ALIGNED,XBT,,HIGH,HIGH,MEDIUM,MEDIUM,MEDIUM,MEDIUM,MEDIUM,XBTUSD-C0380,BEHAVIORAL_APPROXIMATION
XBTUSD-C0381,XBTUSD,True,LONG,2022-01-05T15:04:22.731000Z,2022-01-05T17:51:32.464000Z,10029.733,17900,440000,-15900,1,39,54,NONE,FLIP,01d03ef9-e254-7a27-c18b-a35da089202e,8193784e-bba0-82bd-f384-9506152a04ee,95,0,-6068405.999999999999999999998,0,0,544693,0,,AGGREGATE_ONLY_NOT_ALIGNED,XBT,,HIGH,HIGH,MEDIUM,MEDIUM,MEDIUM,MEDIUM,MEDIUM,"XBTUSD-C0381,XBTUSD-C0382",BEHAVIORAL_APPROXIMATION
XBTUSD-C0382,XBTUSD,True,SHORT,2022-01-05T17:51:32.464000Z,2022-01-06T19:46:26.616000Z,93294.152,-15900,2050000,0,1,220,101,XBTUSD-C0381,FULL_CLOSE,8193784e-bba0-82bd-f384-9506152a04ee,b8fabcdf-f6d3-b8db-bcc5-ad1cf76ce78e,323,3,262846463.0000000000000000000,0,0,2272890,-600403,,AGGREGATE_ONLY_NOT_ALIGNED,XBT,,HIGH,HIGH,MEDIUM,MEDIUM,MEDIUM,MEDIUM,MEDIUM,XBTUSD-C0382,BEHAVIORAL_APPROXIMATION
ETHUSD-C0170,ETHUSD,False,LONG,2022-01-05T19:15:09.217000Z,2022-01-07T15:14:34.107000Z,158364.89,38,1554,0,1,17,44,NONE,FULL_CLOSE,f3ff297d-2874-47bc-cc82-b96fa7c7164d,fa7b6edb-d651-3c43-ed38-64cf8aaef175,63,6,-32068644.99999999999999999998,0,0,256506,700022,,AGGREGATE_ONLY_NOT_ALIGNED,XBT,,HIGH,HIGH,MEDIUM,MEDIUM,MEDIUM,MEDIUM,MEDIUM,ETHUSD-C0170,BEHAVIORAL_APPROXIMATION
XBTUSD-C0383,XBTUSD,True,LONG,2022-01-07T03:23:23.160000Z,2022-01-07T15:19:27.774000Z,42964.614,15700,920000,0,1,38,68,NONE,FULL_CLOSE,3074ceef-d2b3-8ea0-89bd-844133e2b679,cd5df754-1d80-a102-d310-f7d32017cae1,108,2,21895476.00000000000000000003,0,0,262418,45071,,AGGREGATE_ONLY_NOT_ALIGNED,XBT,,LOW,HIGH,MEDIUM,MEDIUM,MEDIUM,LOW,LOW,XBTUSD-C0383,BEHAVIORAL_APPROXIMATION
ETHUSD-C0171,ETHUSD,False,LONG,2022-01-07T15:51:41.562000Z,2022-01-07T16:10:20.381000Z,1118.819,27,333,0,1,4,3,NONE,FULL_CLOSE,da025416-6d88-c172-d870-c1adf878e414,b3b9ea8a-cc25-579d-c1ca-0bc7b12c442c,9,0,1913130,0,0,41996,0,,AGGREGATE_ONLY_NOT_ALIGNED,XBT,,HIGH,HIGH,MEDIUM,MEDIUM,MEDIUM,MEDIUM,MEDIUM,ETHUSD-C0171,BEHAVIORAL_APPROXIMATION
XBTUSD-C0384,XBTUSD,True,LONG,2022-01-07T15:52:49.956000Z,2022-01-07T16:10:02.635000Z,1032.679,20000,20000,0,1,0,8,NONE,FULL_CLOSE,11366c00-f799-0350-09b6-788119835ac7,b17d9f60-52de-4a57-2508-dba3a0e61096,10,0,580641,0,0,19338,0,,AGGREGATE_ONLY_NOT_ALIGNED,XBT,,HIGH,HIGH,MEDIUM,MEDIUM,MEDIUM,MEDIUM,MEDIUM,XBTUSD-C0384,BEHAVIORAL_APPROXIMATION
XBTUSD-C0385,XBTUSD,True,LONG,2022-01-08T00:53:10.073000Z,2022-01-08T21:44:12Z,75061.927,18500,1847700,0,1,137,216,NONE,FULL_CLOSE,02acc785-ea4f-df3e-5e24-ee8453271589,ef5556e2-e64d-814d-7a53-96d985873eca,355,3,-7353000.999999999999999999997,0,0,4052317,248237,,AGGREGATE_ONLY_NOT_ALIGNED,XBT,,HIGH,HIGH,MEDIUM,MEDIUM,MEDIUM,MEDIUM,MEDIUM,XBTUSD-C0385,BEHAVIORAL_APPROXIMATION
ETHUSD-C0172,ETHUSD,False,LONG,2022-01-08T18:10:36.119000Z,2022-01-09T08:29:29.717000Z,51533.598,80,999,0,1,20,15,NONE,FULL_CLOSE,35f9798a-ac64-5d37-32c2-425346774d65,fe587fb2-ec4a-680d-310a-5964e4a91140,37,2,5751609.999999999999999999999,0,0,131886,216787,,AGGREGATE_ONLY_NOT_ALIGNED,XBT,,HIGH,HIGH,MEDIUM,MEDIUM,MEDIUM,MEDIUM,MEDIUM,ETHUSD-C0172,BEHAVIORAL_APPROXIMATION
XBTUSD-C0386,XBTUSD,True,LONG,2022-01-08T21:46:09.148000Z,2022-01-08T22:28:20.952000Z,2531.804,60000,120000,0,1,5,2,NONE,FULL_CLOSE,c8c32c24-210f-ecb9-16f6-331607efcc33,6c831280-1f9a-0af5-c8c7-5869d448523f,9,0,2599200,0,0,-57107,0,,AGGREGATE_ONLY_NOT_ALIGNED,XBT,,HIGH,HIGH,MEDIUM,MEDIUM,MEDIUM,MEDIUM,MEDIUM,XBTUSD-C0386,BEHAVIORAL_APPROXIMATION
XBTUSD-C0387,XBTUSD,True,SHORT,2022-01-08T22:28:34.924000Z,2022-01-08T23:57:13.327000Z,5318.403,-1000,58800,58800,1,2,0,NONE,FLIP,8a342daf-7162-fe80-beb7-ff2a697a5b5b,d1c40ecf-caa9-3be5-2e81-ffa90221e6aa,4,0,41628,0,0,-14682,0,,AGGREGATE_ONLY_NOT_ALIGNED,XBT,,HIGH,HIGH,MEDIUM,MEDIUM,MEDIUM,MEDIUM,MEDIUM,"XBTUSD-C0387,XBTUSD-C0388",BEHAVIORAL_APPROXIMATION
XBTUSD-C0388,XBTUSD,True,LONG,2022-01-08T23:57:13.327000Z,2022-01-09T10:50:23.958000Z,39190.631,58800,298800,0,1,10,15,XBTUSD-C0387,FULL_CLOSE,d1c40ecf-caa9-3be5-2e81-ffa90221e6aa,f78a8d8e-2702-07d8-5b7c-48db07bf64ea,27,1,199996.9999999999999999999998,0,0,327363,42730,,AGGREGATE_ONLY_NOT_ALIGNED,XBT,,HIGH,HIGH,MEDIUM,MEDIUM,MEDIUM,MEDIUM,MEDIUM,XBTUSD-C0388,BEHAVIORAL_APPROXIMATION
XBTUSD-C0389,XBTUSD,True,LONG,2022-01-09T13:59:38.355000Z,2022-01-09T19:29:04.358000Z,19766.003,2000,40000,-40000,1,6,0,NONE,FLIP,7c510560-2284-f645-01ad-10489a7a07b6,5816f695-bc0b-e323-e318-b3bc29dca929,8,0,1306700,0,0,-18946,0,,AGGREGATE_ONLY_NOT_ALIGNED,XBT,,HIGH,HIGH,MEDIUM,MEDIUM,MEDIUM,MEDIUM,MEDIUM,"XBTUSD-C0389,XBTUSD-C0390",BEHAVIORAL_APPROXIMATION
XBTUSD-C0390,XBTUSD,True,SHORT,2022-01-09T19:29:04.358000Z,2022-01-09T23:23:52.203000Z,14087.845,-40000,280000,20000,1,11,20,XBTUSD-C0389,FLIP,5816f695-bc0b-e323-e318-b3bc29dca929,b8552d12-8a5b-fc16-ab6e-9d3794705c2c,33,1,7636806.000000000000000000000,0,0,-42647,-15966,,AGGREGATE_ONLY_NOT_ALIGNED,XBT,,HIGH,HIGH,MEDIUM,MEDIUM,MEDIUM,MEDIUM,MEDIUM,"XBTUSD-C0390,XBTUSD-C0391",BEHAVIORAL_APPROXIMATION
XBTUSD-C0391,XBTUSD,True,LONG,2022-01-09T23:23:52.203000Z,2022-01-10T12:11:48.744000Z,46076.541,20000,960000,0,1,111,186,XBTUSD-C0390,FULL_CLOSE,b8552d12-8a5b-fc16-ab6e-9d3794705c2c,dc5eddf3-88d8-1985-8df4-d1308835cee0,299,2,-19817163.99999999999999999993,0,0,1840174,-39965,,AGGREGATE_ONLY_NOT_ALIGNED,XBT,,HIGH,HIGH,MEDIUM,MEDIUM,MEDIUM,MEDIUM,MEDIUM,XBTUSD-C0391,BEHAVIORAL_APPROXIMATION
ETHUSD-C0173,ETHUSD,False,LONG,2022-01-10T12:43:19.740000Z,2022-01-10T14:07:37.860000Z,5058.12,34,444,0,1,4,18,NONE,FULL_CLOSE,64c4c2af-d7d3-329f-2033-a7ce2ff44c0c,f0ea246a-032e-cfdd-7773-c6a5d3ab55db,24,0,-2245215,0,0,53361,0,,AGGREGATE_ONLY_NOT_ALIGNED,XBT,,HIGH,HIGH,MEDIUM,MEDIUM,MEDIUM,MEDIUM,MEDIUM,ETHUSD-C0173,BEHAVIORAL_APPROXIMATION
XBTUSD-C0392,XBTUSD,True,SHORT,2022-01-10T15:35:45.869000Z,2022-01-10T17:28:39.205000Z,6773.336,-2700,651600,0,1,63,76,NONE,FULL_CLOSE,083aca2e-d079-2c4c-f000-7118750c51c1,eff3f7b2-a7cf-b0a3-2fd1-2488b8711a73,141,0,631403.0000000000000000000000,0,0,908949,0,,AGGREGATE_ONLY_NOT_ALIGNED,XBT,,HIGH,HIGH,MEDIUM,MEDIUM,MEDIUM,MEDIUM,MEDIUM,XBTUSD-C0392,BEHAVIORAL_APPROXIMATION
XBTUSD-C0393,XBTUSD,True,LONG,2022-01-10T17:32:43.900000Z,2022-01-10T17:48:27.520000Z,943.62,9100,135200,0,1,21,24,NONE,FULL_CLOSE,2107519d-dd68-d030-0535-0e5e5d0c478f,e893cb1f-b1c4-f47c-ef05-0392b66ab7d9,47,0,3817773.999999999999999999999,0,0,329654,0,,AGGREGATE_ONLY_NOT_ALIGNED,XBT,,HIGH,HIGH,MEDIUM,MEDIUM,MEDIUM,MEDIUM,MEDIUM,XBTUSD-C0393,BEHAVIORAL_APPROXIMATION
XBTUSD-C0394,XBTUSD,True,LONG,2022-01-10T17:49:25.779000Z,2022-01-10T17:54:07.181000Z,281.402,33800,67600,0,1,2,7,NONE,FULL_CLOSE,ccf1bbad-c862-a5bb-e9d0-ad28f119cf68,e738df8d-f72e-cf20-d146-ef3436548938,11,0,1174399,0,0,65273,0,,AGGREGATE_ONLY_NOT_ALIGNED,XBT,,HIGH,HIGH,MEDIUM,MEDIUM,MEDIUM,MEDIUM,MEDIUM,XBTUSD-C0394,BEHAVIORAL_APPROXIMATION
XBTUSD-C0395,XBTUSD,True,LONG,2022-01-10T17:56:38.117000Z,2022-01-10T18:32:56.255000Z,2178.138,19100,33800,0,1,3,4,NONE,FULL_CLOSE,24f3e4a4-10fd-c31f-c7b7-ff13b11d82b5,ff889637-588f-0036-2001-5b455f41c9c0,9,0,475197,0,0,32561,0,,AGGREGATE_ONLY_NOT_ALIGNED,XBT,,HIGH,HIGH,MEDIUM,MEDIUM,MEDIUM,MEDIUM,MEDIUM,XBTUSD-C0395,BEHAVIORAL_APPROXIMATION
XBTUSD-C0396,XBTUSD,True,SHORT,2022-01-10T19:02:14.676000Z,2022-01-10T19:41:52.791000Z,2378.115,-500,338000,6500,1,68,58,NONE,FLIP,0341b011-395e-bcd0-ab19-166751e1c51d,0db47c77-8be0-43d5-e35e-e16b9cf69647,128,0,-3108940.000000000000000000004,0,0,965107,0,,AGGREGATE_ONLY_NOT_ALIGNED,XBT,,HIGH,HIGH,MEDIUM,MEDIUM,MEDIUM,MEDIUM,MEDIUM,"XBTUSD-C0396,XBTUSD-C0397",BEHAVIORAL_APPROXIMATION
XBTUSD-C0397,XBTUSD,True,LONG,2022-01-10T19:41:52.791000Z,2022-01-10T19:50:26.156000Z,513.365,6500,42000,-38000,1,13,0,XBTUSD-C0396,FLIP,0db47c77-8be0-43d5-e35e-e16b9cf69647,2a6706a0-95c5-3d82-e598-4a15d49bd2a4,15,0,-424454,0,0,23335,0,,AGGREGATE_ONLY_NOT_ALIGNED,XBT,,HIGH,HIGH,MEDIUM,MEDIUM,MEDIUM,MEDIUM,MEDIUM,"XBTUSD-C0397,XBTUSD-C0398",BEHAVIORAL_APPROXIMATION
XBTUSD-C0398,XBTUSD,True,SHORT,2022-01-10T19:50:26.156000Z,2022-01-10T20:48:03.006000Z,3456.85,-38000,678000,19700,1,80,29,XBTUSD-C0397,FLIP,2a6706a0-95c5-3d82-e598-4a15d49bd2a4,44fe08c9-e319-79f5-c66e-0730fcc8582d,111,1,-10549873.00000000000000000000,0,0,637418,41450,,AGGREGATE_ONLY_NOT_ALIGNED,XBT,,HIGH,HIGH,MEDIUM,MEDIUM,MEDIUM,MEDIUM,MEDIUM,"XBTUSD-C0398,XBTUSD-C0399",BEHAVIORAL_APPROXIMATION
XBTUSD-C0399,XBTUSD,True,LONG,2022-01-10T20:48:03.006000Z,2022-01-14T10:03:57.888000Z,306954.882,19700,1499600,0,1,363,328,XBTUSD-C0398,FULL_CLOSE,44fe08c9-e319-79f5-c66e-0730fcc8582d,f748581d-ef5b-d0f6-ba28-dd4b60afdff8,693,10,76234512.00000000000000000014,0,0,1718684,-1306643,,AGGREGATE_ONLY_NOT_ALIGNED,XBT,,HIGH,HIGH,MEDIUM,MEDIUM,MEDIUM,MEDIUM,MEDIUM,XBTUSD-C0399,BEHAVIORAL_APPROXIMATION
ETHUSD-C0174,ETHUSD,False,LONG,2022-01-12T03:41:23.570000Z,2022-01-12T20:30:00.800000Z,60517.23,22,1298,0,1,84,41,NONE,FULL_CLOSE,c3635d43-e8b0-4e40-e6d3-fe65764c74d9,ef4fb0d0-ce76-4da7-548a-4d64e152f5d1,127,3,17404934.99999999999999999998,0,0,246886,212415,,AGGREGATE_ONLY_NOT_ALIGNED,XBT,,HIGH,HIGH,MEDIUM,MEDIUM,MEDIUM,MEDIUM,MEDIUM,ETHUSD-C0174,BEHAVIORAL_APPROXIMATION
DOGEUSD-C0006,DOGEUSD,False,LONG,2022-01-12T05:48:13.181000Z,2022-01-14T10:04:18.630000Z,188165.449,1,5000,0,1,55,25,NONE,FULL_CLOSE,73118426-a9f9-e26a-9a3f-6c0cb2409714,ea28445e-22f5-f32d-dcf1-d8bd13008377,82,6,16180216.00000,0,0,66367,56834,,AGGREGATE_ONLY_NOT_ALIGNED,XBT,,HIGH,HIGH,MEDIUM,MEDIUM,MEDIUM,MEDIUM,MEDIUM,DOGEUSD-C0006,BEHAVIORAL_APPROXIMATION
ETHUSD-C0175,ETHUSD,False,SHORT,2022-01-12T21:24:52.729000Z,2022-01-14T18:56:53.237000Z,163920.508,-55,55,0,1,0,1,NONE,FULL_CLOSE,d436c782-f239-14c5-af56-f95e9a004d73,35b08860-959b-dc97-f58c-b03f4b35da74,3,5,653675,0,0,7177,-13285,,AGGREGATE_ONLY_NOT_ALIGNED,XBT,,HIGH,HIGH,MEDIUM,MEDIUM,MEDIUM,MEDIUM,MEDIUM,ETHUSD-C0175,BEHAVIORAL_APPROXIMATION
XBTUSD-C0400,XBTUSD,True,SHORT,2022-01-14T10:25:40.272000Z,2022-01-15T04:18:54.930000Z,64394.658,-10000,3094400,11500,1,150,203,NONE,FLIP,7ea4c64b-31ec-e3f4-7d62-d94bef3525b6,a9fb9bcd-6c06-6db4-dfce-b0c473a1f711,355,3,-140626690.9999999999999999999,0,0,684883,201566,,AGGREGATE_ONLY_NOT_ALIGNED,XBT,,HIGH,HIGH,MEDIUM,MEDIUM,MEDIUM,MEDIUM,MEDIUM,"XBTUSD-C0400,XBTUSD-C0401",BEHAVIORAL_APPROXIMATION
XBTUSD-C0401,XBTUSD,True,LONG,2022-01-15T04:18:54.930000Z,2022-01-15T20:02:14.291000Z,56599.361,11500,205600,0,1,4,16,XBTUSD-C0400,FULL_CLOSE,a9fb9bcd-6c06-6db4-dfce-b0c473a1f711,dbd2b5b8-0cd7-11cb-a9b5-2a42e035c735,22,2,6061384,0,0,191552,-78337,,AGGREGATE_ONLY_NOT_ALIGNED,XBT,,HIGH,HIGH,MEDIUM,MEDIUM,MEDIUM,MEDIUM,MEDIUM,XBTUSD-C0401,BEHAVIORAL_APPROXIMATION
BNBUSD-C0001,BNBUSD,False,LONG,2022-01-15T09:17:33.275000Z,2022-01-15T20:02:51.503000Z,38718.228,10,3300,0,1,11,13,NONE,FULL_CLOSE,176af43f-b089-a08a-2344-b3ffc1029dde,7da85d98-c2da-1f17-e696-aa41f547c59b,26,2,1201480.000000000000000000000,0,0,47110,30551,,AGGREGATE_ONLY_NOT_ALIGNED,XBT,,HIGH,HIGH,MEDIUM,MEDIUM,MEDIUM,MEDIUM,MEDIUM,BNBUSD-C0001,BEHAVIORAL_APPROXIMATION
XBTUSD-C0402,XBTUSD,True,SHORT,2022-01-15T20:33:55.342000Z,2022-01-20T15:04:25.784000Z,412230.442,-10000,3956200,26400,1,748,562,NONE,FLIP,c00fe43f-9177-baab-a307-5433c71553ae,7cee6666-beb2-8593-e010-508b18b70777,1312,14,53735376.00000000000000000249,0,0,6648363,-3856185,,AGGREGATE_ONLY_NOT_ALIGNED,XBT,,LOW,HIGH,MEDIUM,MEDIUM,MEDIUM,LOW,LOW,"XBTUSD-C0402,XBTUSD-C0403",BEHAVIORAL_APPROXIMATION
DOGEUSD-C0007,DOGEUSD,False,LONG,2022-01-16T11:57:12.514000Z,2022-01-17T08:05:14.836000Z,72482.322,500,5000,0,1,14,6,NONE,FULL_CLOSE,8723db13-0b28-f6c9-328f-19419f762e35,9e62a41a-852f-2f6f-a652-4e19ed44b67f,22,3,-1719187.0000,0,0,49378,58363,,AGGREGATE_ONLY_NOT_ALIGNED,XBT,,HIGH,HIGH,MEDIUM,MEDIUM,MEDIUM,MEDIUM,MEDIUM,DOGEUSD-C0007,BEHAVIORAL_APPROXIMATION
LUNAUSD-C0007,LUNAUSD,False,SHORT,2022-01-17T10:07:16.556000Z,2022-01-22T07:59:21.398000Z,424324.842,-60,2000,0,1,37,35,NONE,FULL_CLOSE,684ca19f-587c-f264-7c00-4ee1e730ef81,2c41dab2-0c8e-9d6d-a6bd-49aae3cec625,74,15,45304800.0,0,0,-14141,-157115,,AGGREGATE_ONLY_NOT_ALIGNED,XBT,,HIGH,HIGH,MEDIUM,HIGH,MEDIUM,MEDIUM,MEDIUM,LUNAUSD-C0007,BEHAVIORAL_APPROXIMATION
ETHUSD-C0176,ETHUSD,False,SHORT,2022-01-18T14:50:19.791000Z,2022-01-20T16:02:37.197000Z,177137.406,-10,770,0,1,34,15,NONE,FULL_CLOSE,3755ac96-e7c8-7b95-9709-71d45e80ab06,fc3754d9-6b6c-3f6f-d032-6f8bc7de48df,51,6,-10388865.00000000000000000000,0,0,153105,-337270,,AGGREGATE_ONLY_NOT_ALIGNED,XBT,,HIGH,HIGH,MEDIUM,MEDIUM,MEDIUM,MEDIUM,MEDIUM,ETHUSD-C0176,BEHAVIORAL_APPROXIMATION
XBTUSD-C0403,XBTUSD,True,LONG,2022-01-20T15:04:25.784000Z,2022-01-20T20:14:11.951000Z,18586.167,26400,2591400,-57100,1,184,76,XBTUSD-C0402,FLIP,7cee6666-beb2-8593-e010-508b18b70777,9ab56d00-b711-0d92-11c5-92372d40453d,262,1,-51898684.99999999999999999999,0,0,4419083,533747,,AGGREGATE_ONLY_NOT_ALIGNED,XBT,,HIGH,HIGH,MEDIUM,MEDIUM,MEDIUM,MEDIUM,MEDIUM,"XBTUSD-C0403,XBTUSD-C0404",BEHAVIORAL_APPROXIMATION
XBTUSD-C0404,XBTUSD,True,SHORT,2022-01-20T20:14:11.951000Z,2022-01-25T17:15:12.071000Z,421260.12,-57100,3058600,0,1,946,753,XBTUSD-C0403,FULL_CLOSE,9ab56d00-b711-0d92-11c5-92372d40453d,ff6f5710-86cf-d5dd-a29c-94d59f77d656,1701,14,1221577051.000000000000000011,0,0,9337737,7908632,,AGGREGATE_ONLY_NOT_ALIGNED,XBT,,LOW,HIGH,MEDIUM,MEDIUM,MEDIUM,LOW,LOW,XBTUSD-C0404,BEHAVIORAL_APPROXIMATION
DOGEUSD-C0008,DOGEUSD,False,LONG,2022-01-22T16:04:26.835000Z,2022-01-26T15:26:54.877000Z,343348.042,500,3000,0,1,10,4,NONE,FULL_CLOSE,f71fa9bc-9cab-a801-8751-55985293cc4b,f2ebeb09-7ff3-ac97-7d12-24fbf1375297,16,12,3493182.000000000000000000000,0,0,26786,76025,,AGGREGATE_ONLY_NOT_ALIGNED,XBT,,HIGH,HIGH,MEDIUM,MEDIUM,MEDIUM,MEDIUM,MEDIUM,DOGEUSD-C0008,BEHAVIORAL_APPROXIMATION
ETHUSD-C0177,ETHUSD,False,LONG,2022-01-25T02:48:44.152000Z,2022-01-26T14:45:13.511000Z,129389.359,20,330,0,1,10,7,NONE,FULL_CLOSE,d9cb1081-384f-af1f-7d49-95b7d23afc2d,bef7e713-d38b-573e-fba7-e98cd746bbfe,19,5,7376800.000000000000000000000,0,0,46498,66185,,AGGREGATE_ONLY_NOT_ALIGNED,XBT,,HIGH,HIGH,MEDIUM,MEDIUM,MEDIUM,MEDIUM,MEDIUM,ETHUSD-C0177,BEHAVIORAL_APPROXIMATION
XBTUSD-C0405,XBTUSD,True,LONG,2022-01-25T21:35:00.880000Z,2022-01-26T10:58:35.155000Z,48214.275,22800,60000,0,1,1,0,NONE,FULL_CLOSE,746d2f26-b926-111a-e0cd-8356a2a06f3a,8e67d265-a753-c720-a1ea-0f9b496fa41b,3,1,7201800,0,0,-32206,-35435,,AGGREGATE_ONLY_NOT_ALIGNED,XBT,,HIGH,HIGH,MEDIUM,MEDIUM,MEDIUM,MEDIUM,MEDIUM,XBTUSD-C0405,BEHAVIORAL_APPROXIMATION
XBTUSD-C0406,XBTUSD,True,SHORT,2022-01-26T13:43:58.288000Z,2022-01-26T21:44:04.809000Z,28806.521,-7500,360000,0,1,44,47,NONE,FULL_CLOSE,66011108-127d-c431-0202-f1adfa4eeb03,ff3556d8-cadc-24a3-f449-cda3e4101cdb,93,1,35657015.00000000000000000002,0,0,612992,250881,,AGGREGATE_ONLY_NOT_ALIGNED,XBT,,HIGH,HIGH,MEDIUM,MEDIUM,MEDIUM,MEDIUM,MEDIUM,XBTUSD-C0406,BEHAVIORAL_APPROXIMATION
DOGEUSD-C0009,DOGEUSD,False,LONG,2022-01-26T21:41:05.950000Z,2022-01-28T19:31:52.389000Z,165046.439,281,1000,0,1,3,1,NONE,FULL_CLOSE,3751a297-1a86-0ed5-6e1a-4798357b4edd,d7ca2cc7-0e5b-bde0-1680-dfede2233d7f,6,5,-184053.0,0,0,5548,19919,,AGGREGATE_ONLY_NOT_ALIGNED,XBT,,HIGH,HIGH,MEDIUM,MEDIUM,MEDIUM,MEDIUM,MEDIUM,DOGEUSD-C0009,BEHAVIORAL_APPROXIMATION
XBTUSD-C0407,XBTUSD,True,LONG,2022-01-26T22:01:33.556000Z,2022-01-27T02:06:49.184000Z,14715.628,20000,200000,0,1,24,41,NONE,FULL_CLOSE,f10d27bf-1b74-2ab8-44ae-0e95232da16a,f6961e91-0ea2-e7d1-d6a1-9b596243fb66,67,0,-12490751.0000,0,0,355313,0,,AGGREGATE_ONLY_NOT_ALIGNED,XBT,,HIGH,HIGH,MEDIUM,MEDIUM,MEDIUM,MEDIUM,MEDIUM,XBTUSD-C0407,BEHAVIORAL_APPROXIMATION
ETHUSD-C0178,ETHUSD,False,LONG,2022-01-26T22:40:13.956000Z,2022-01-28T15:27:54.855000Z,146860.899,9,10518,0,1,176,95,NONE,FULL_CLOSE,24f64912-0204-a1f4-3b10-59f08a357f2e,fe6091e3-a305-d208-946f-813ecc57e337,273,5,9987749.999999999999999999996,0,0,560391,732403,,AGGREGATE_ONLY_NOT_ALIGNED,XBT,,HIGH,HIGH,MEDIUM,MEDIUM,MEDIUM,MEDIUM,MEDIUM,ETHUSD-C0178,BEHAVIORAL_APPROXIMATION
XBTUSD-C0408,XBTUSD,True,LONG,2022-01-27T03:43:54.473000Z,2022-01-27T10:50:23.753000Z,25589.28,10600,20000,0,1,1,6,NONE,FULL_CLOSE,7665dd37-1228-f293-7e8d-c5ed61b641a9,c6075f5c-b9af-398e-f281-7c99e3f71604,9,1,1140979,0,0,21859,-6319,,AGGREGATE_ONLY_NOT_ALIGNED,XBT,,HIGH,HIGH,MEDIUM,MEDIUM,MEDIUM,MEDIUM,MEDIUM,XBTUSD-C0408,BEHAVIORAL_APPROXIMATION
XBTUSD-C0409,XBTUSD,True,LONG,2022-01-27T11:45:04.013000Z,2022-01-30T00:41:56.717000Z,219412.704,4300,1968000,0,1,373,304,NONE,FULL_CLOSE,1d87c83c-ff42-337d-ccce-342c267af4a7,f805592a-a1bd-68f2-f349-8b0405c2c195,679,8,139463102.0000000000000000004,0,0,5540195,931145,,AGGREGATE_ONLY_NOT_ALIGNED,XBT,,HIGH,HIGH,MEDIUM,MEDIUM,MEDIUM,MEDIUM,MEDIUM,XBTUSD-C0409,BEHAVIORAL_APPROXIMATION
XBTUSD-C0410,XBTUSD,True,LONG,2022-01-30T03:24:48.871000Z,2022-01-30T04:12:24.041000Z,2855.17,7500,10000,0,1,1,0,NONE,FULL_CLOSE,755c25d9-1316-6a12-5531-f8a7a0ae1b6f,4b68bbed-793b-701a-75c8-0b5ee5b26dd1,3,1,-89100,0,0,26335,-2267,,AGGREGATE_ONLY_NOT_ALIGNED,XBT,,HIGH,HIGH,MEDIUM,MEDIUM,MEDIUM,MEDIUM,MEDIUM,XBTUSD-C0410,BEHAVIORAL_APPROXIMATION
XBTUSD-C0411,XBTUSD,True,SHORT,2022-01-30T04:12:37.040000Z,2022-01-31T17:18:45.097000Z,133568.057,-10000,1286000,0,1,266,138,NONE,FULL_CLOSE,730a201d-a1e9-2b05-2e0b-115f8b52e390,ff301d66-9d36-fd86-850c-5fe790561ca2,406,4,-86301262.00000000000000000008,0,0,3225800,156983,,AGGREGATE_ONLY_NOT_ALIGNED,XBT,,HIGH,HIGH,MEDIUM,MEDIUM,MEDIUM,MEDIUM,MEDIUM,XBTUSD-C0411,BEHAVIORAL_APPROXIMATION
ETHUSD-C0179,ETHUSD,False,SHORT,2022-01-30T04:15:42.500000Z,2022-01-31T17:52:57.912000Z,135435.412,-111,666,0,1,12,12,NONE,FULL_CLOSE,dc5fe617-b54c-e6bc-e490-d1e751b4470f,f8fead69-d9a0-dbb5-d7df-6f025de91dd6,26,4,-3655775,0,0,89078,-125010,,AGGREGATE_ONLY_NOT_ALIGNED,XBT,,HIGH,HIGH,MEDIUM,MEDIUM,MEDIUM,MEDIUM,MEDIUM,ETHUSD-C0179,BEHAVIORAL_APPROXIMATION
XBTUSD-C0412,XBTUSD,True,LONG,2022-01-31T17:58:00.085000Z,2022-02-02T04:32:28.309000Z,124468.224,300,1700000,0,1,150,140,NONE,FULL_CLOSE,2aff0101-ae6d-d747-7520-c067b04046b6,fb9d8384-e03a-083e-64d1-083c6bd74642,292,5,-9007455.999999999999999999974,0,0,2705593,-367060,,AGGREGATE_ONLY_NOT_ALIGNED,XBT,,HIGH,HIGH,MEDIUM,MEDIUM,MEDIUM,MEDIUM,MEDIUM,XBTUSD-C0412,BEHAVIORAL_APPROXIMATION
XBTUSD-C0413,XBTUSD,True,SHORT,2022-02-02T05:16:13.816000Z,2022-02-02T08:13:01.421000Z,10607.605,-3100,90000,0,1,44,5,NONE,FULL_CLOSE,02fa0d2a-cae2-58cd-ca5f-d0d06a692519,d5d78af6-1ff1-56c2-f70e-58a06a79b8b1,51,0,139441.0000000000000000000001,0,0,234403,0,,AGGREGATE_ONLY_NOT_ALIGNED,XBT,,HIGH,HIGH,MEDIUM,MEDIUM,MEDIUM,MEDIUM,MEDIUM,XBTUSD-C0413,BEHAVIORAL_APPROXIMATION
XBTUSD-C0414,XBTUSD,True,SHORT,2022-02-02T12:10:58.943000Z,2022-02-02T15:02:07.582000Z,10268.639,-30000,30000,0,1,0,3,NONE,FULL_CLOSE,0805df08-5ac4-4122-81f9-aaa13d740c02,dc67d0a7-8ec4-fc4e-e65c-0684dc2104b3,5,0,1846800,0,0,16076,0,,AGGREGATE_ONLY_NOT_ALIGNED,XBT,,HIGH,HIGH,MEDIUM,MEDIUM,MEDIUM,MEDIUM,MEDIUM,XBTUSD-C0414,BEHAVIORAL_APPROXIMATION
XBTUSD-C0415,XBTUSD,True,LONG,2022-02-02T16:02:55.800000Z,2022-02-04T04:25:31.431000Z,130955.631,3900,1500000,0,1,118,173,NONE,FULL_CLOSE,5cfa51b3-cf65-c8a1-73af-2f40e6618a1e,dc9d07cd-0181-4927-abc1-99a0de6aea04,293,5,6510542.000000000000000000005,0,0,1530826,-25527,,AGGREGATE_ONLY_NOT_ALIGNED,XBT,,HIGH,HIGH,MEDIUM,MEDIUM,MEDIUM,MEDIUM,MEDIUM,XBTUSD-C0415,BEHAVIORAL_APPROXIMATION
ETHUSD-C0180,ETHUSD,False,LONG,2022-02-03T04:02:30.001000Z,2022-02-03T16:34:08.359000Z,45098.358,1,223,0,1,4,10,NONE,FULL_CLOSE,81190bb7-6161-eacd-51fb-3b7c0eca5b98,f4c6f38c-30fb-0bbf-a4d5-05db3de0d110,16,1,-515269.9999999999999999999999,0,0,23631,5847,,AGGREGATE_ONLY_NOT_ALIGNED,XBT,,HIGH,HIGH,MEDIUM,MEDIUM,MEDIUM,MEDIUM,MEDIUM,ETHUSD-C0180,BEHAVIORAL_APPROXIMATION
XBTUSD-C0416,XBTUSD,True,SHORT,2022-02-04T05:35:36.323000Z,2022-02-06T23:37:22.204000Z,237705.881,-200,4180000,0,1,464,393,NONE,FULL_CLOSE,6c7a036f-a60e-da6c-8019-098406fc1875,fdf13059-d8e8-7000-f615-4060d4607f7a,859,8,-211497681.0000000000000000015,0,0,5699287,-1435598,,AGGREGATE_ONLY_NOT_ALIGNED,XBT,,HIGH,HIGH,MEDIUM,MEDIUM,MEDIUM,MEDIUM,MEDIUM,XBTUSD-C0416,BEHAVIORAL_APPROXIMATION
LTCUSD-C0044,LTCUSD,False,LONG,2022-02-06T08:57:48.303000Z,2022-02-15T14:29:28.592000Z,797500.289,80,106109,-366,1,261,277,NONE,FLIP,0264a028-ad06-2f1a-887f-3244550c4727,b8b031c3-ccb2-e003-49d8-fc04ebbd8ccd,540,28,33318286.00000000000000000013,0,0,255752,4649365,,AGGREGATE_ONLY_NOT_ALIGNED,XBT,,LOW,HIGH,MEDIUM,MEDIUM,MEDIUM,LOW,LOW,"LTCUSD-C0044,LTCUSD-C0045",BEHAVIORAL_APPROXIMATION
XBTUSD-C0417,XBTUSD,True,LONG,2022-02-07T00:29:52.002000Z,2022-02-07T09:31:36.305000Z,32504.303,7500,10000,0,1,1,2,NONE,FULL_CLOSE,9371d2c9-8cce-783c-f1f2-11bf0a0a1510,e7989e88-f0f3-523d-fe04-b39360460267,5,1,370600,0,0,23741,-187,,AGGREGATE_ONLY_NOT_ALIGNED,XBT,,HIGH,HIGH,MEDIUM,MEDIUM,MEDIUM,MEDIUM,MEDIUM,XBTUSD-C0417,BEHAVIORAL_APPROXIMATION
XRPUSD-C0070,XRPUSD,False,LONG,2022-02-07T02:36:16.270000Z,2022-02-08T08:42:39.960000Z,108383.69,3,2443,0,1,8,5,NONE,FULL_CLOSE,a759844f-d7bb-401c-cf95-1bc3479e0246,17cd59b4-af93-5476-0439-302ed0117034,15,4,3005652.000000000000000000000,0,0,19693,-2109,,AGGREGATE_ONLY_NOT_ALIGNED,XBT,,HIGH,HIGH,MEDIUM,MEDIUM,MEDIUM,MEDIUM,MEDIUM,XRPUSD-C0070,BEHAVIORAL_APPROXIMATION
XBTUSD-C0418,XBTUSD,True,LONG,2022-02-07T09:35:32.247000Z,2022-02-09T01:57:03.781000Z,145291.534,10000,75000,0,1,10,11,NONE,FULL_CLOSE,692ae220-5711-32e7-d640-0e06a3cb29de,e660d816-db2d-4ff0-0d51-490da8ee800a,23,5,2223600.000000000000000000002,0,0,102624,-42927,,AGGREGATE_ONLY_NOT_ALIGNED,XBT,,HIGH,HIGH,MEDIUM,MEDIUM,MEDIUM,MEDIUM,MEDIUM,XBTUSD-C0418,BEHAVIORAL_APPROXIMATION
DOGEUSD-C0010,DOGEUSD,False,LONG,2022-02-07T18:15:56.134000Z,2022-02-13T11:25:28.782000Z,493772.648,500,22000,0,1,90,41,NONE,FULL_CLOSE,8c155aeb-0a23-d68d-0bb5-89110f9f3491,b08cb487-eb4e-1a4f-1412-375eed332ec1,133,17,1566265.000000000000000000001,0,0,-28802,932888,,AGGREGATE_ONLY_NOT_ALIGNED,XBT,,HIGH,HIGH,MEDIUM,MEDIUM,MEDIUM,MEDIUM,MEDIUM,DOGEUSD-C0010,BEHAVIORAL_APPROXIMATION
XBTUSD-C0419,XBTUSD,True,LONG,2022-02-09T02:29:50.677000Z,2022-02-09T13:13:15.583000Z,38604.906,5000,5000,-5000,1,0,0,NONE,FLIP,9cfcb933-daad-1b7c-8135-4034102e42b4,9e8dcfda-2786-b843-15bd-e6c168f9890d,2,2,289900,0,0,3520,639,,AGGREGATE_ONLY_NOT_ALIGNED,XBT,,HIGH,HIGH,MEDIUM,MEDIUM,MEDIUM,MEDIUM,MEDIUM,"XBTUSD-C0419,XBTUSD-C0420",BEHAVIORAL_APPROXIMATION
XBTUSD-C0420,XBTUSD,True,SHORT,2022-02-09T13:13:15.583000Z,2022-02-11T12:14:36.558000Z,169280.975,-5000,45000,0,1,4,17,XBTUSD-C0419,FULL_CLOSE,9e8dcfda-2786-b843-15bd-e6c168f9890d,f2eee61c-f302-1c88-919f-c9a31f84388a,23,6,3655465.999999999999999999999,0,0,29089,-14914,,AGGREGATE_ONLY_NOT_ALIGNED,XBT,,HIGH,HIGH,MEDIUM,MEDIUM,MEDIUM,MEDIUM,MEDIUM,XBTUSD-C0420,BEHAVIORAL_APPROXIMATION
XRPUSD-C0071,XRPUSD,False,LONG,2022-02-10T04:28:53.427000Z,2022-02-12T21:31:30.838000Z,234157.411,200,31108,0,1,56,35,NONE,FULL_CLOSE,343e2775-8cdf-da79-d534-80dcf6fd3cb5,91b0adde-c307-05e9-6fef-a9e0d12ec3b8,93,8,12614612.00000000000000000000,0,0,11037,384318,,AGGREGATE_ONLY_NOT_ALIGNED,XBT,,HIGH,HIGH,MEDIUM,MEDIUM,MEDIUM,MEDIUM,MEDIUM,XRPUSD-C0071,BEHAVIORAL_APPROXIMATION
XBTUSD-C0421,XBTUSD,True,LONG,2022-02-11T13:42:59.367000Z,2022-02-15T10:26:02.117000Z,333782.75,7500,1596000,-4800,1,137,169,NONE,FLIP,1f6b1f0c-3709-a0d8-9c08-76e0485b98ea,f66ee485-1629-635d-5af9-22496893a053,308,11,13387927.99999999999999999996,0,0,616382,1624457,,AGGREGATE_ONLY_NOT_ALIGNED,XBT,,HIGH,HIGH,MEDIUM,MEDIUM,MEDIUM,MEDIUM,MEDIUM,"XBTUSD-C0421,XBTUSD-C0422",BEHAVIORAL_APPROXIMATION
XBTUSD-C0422,XBTUSD,True,SHORT,2022-02-15T10:26:02.117000Z,2022-02-16T06:35:02.197000Z,72540.08,-4800,104000,0,1,19,14,XBTUSD-C0421,FULL_CLOSE,f66ee485-1629-635d-5af9-22496893a053,f1fb76f7-03d6-77e8-22f8-66d46711f800,35,3,1865954.000000000000000000002,0,0,68297,-8003,,AGGREGATE_ONLY_NOT_ALIGNED,XBT,,LOW,HIGH,MEDIUM,MEDIUM,MEDIUM,LOW,LOW,XBTUSD-C0422,BEHAVIORAL_APPROXIMATION
LTCUSD-C0045,LTCUSD,False,SHORT,2022-02-15T14:29:28.592000Z,2022-02-16T13:50:10.794000Z,84042.202,-366,21891,439,1,18,58,LTCUSD-C0044,FLIP,b8b031c3-ccb2-e003-49d8-fc04ebbd8ccd,9c4341f7-6608-6dfa-7296-2e92ee312262,78,3,9869087.999999999999999999997,0,0,188946,-178777,,AGGREGATE_ONLY_NOT_ALIGNED,XBT,,LOW,HIGH,MEDIUM,MEDIUM,MEDIUM,LOW,LOW,"LTCUSD-C0045,LTCUSD-C0046",BEHAVIORAL_APPROXIMATION
XBTUSD-C0423,XBTUSD,True,LONG,2022-02-16T13:34:58.970000Z,2022-02-20T18:06:36.937000Z,361897.967,5900,2210200,0,1,225,407,NONE,FULL_CLOSE,14c4a91a-c7d7-ca7c-0a0e-e4dd645ae888,dbaf7669-fef6-bb2a-acd3-31f2967133fe,634,12,-259718238.0000000000000000008,0,0,3791968,-1478051,,AGGREGATE_ONLY_NOT_ALIGNED,XBT,,LOW,HIGH,MEDIUM,MEDIUM,MEDIUM,LOW,LOW,XBTUSD-C0423,BEHAVIORAL_APPROXIMATION
LTCUSD-C0046,LTCUSD,False,LONG,2022-02-16T13:50:10.794000Z,2022-02-18T11:28:25.796000Z,164295.002,439,13439,0,1,22,25,LTCUSD-C0045,FULL_CLOSE,9c4341f7-6608-6dfa-7296-2e92ee312262,eb9d4fb2-16bb-d903-3fa6-970812611b78,49,5,-406665.9999999999999999999998,0,0,-13739,78517,,AGGREGATE_ONLY_NOT_ALIGNED,XBT,,HIGH,HIGH,MEDIUM,MEDIUM,MEDIUM,MEDIUM,MEDIUM,LTCUSD-C0046,BEHAVIORAL_APPROXIMATION
XBTUSD-C0424,XBTUSD,True,LONG,2022-02-20T21:31:41.821000Z,2022-02-21T10:17:45.534000Z,45963.713,7700,20000,0,1,1,1,NONE,FULL_CLOSE,5b294572-a1cf-0ddc-abf3-cad17620fb27,b902239b-ac9e-1bdb-7f9e-9665446d1f86,4,1,1009000,0,0,52010,5136,,AGGREGATE_ONLY_NOT_ALIGNED,XBT,,HIGH,HIGH,MEDIUM,MEDIUM,MEDIUM,MEDIUM,MEDIUM,XBTUSD-C0424,BEHAVIORAL_APPROXIMATION
XBTUSD-C0425,XBTUSD,True,LONG,2022-02-21T11:39:59.467000Z,2022-02-21T15:18:06.734000Z,13087.267,20000,40000,0,1,1,2,NONE,FULL_CLOSE,23f87fcf-cb43-89ed-97f5-3df2ce1b0331,b58fdf6e-1576-e84b-08cc-b3e0ee123c04,5,1,4274850,0,0,40488,5318,,AGGREGATE_ONLY_NOT_ALIGNED,XBT,,HIGH,HIGH,MEDIUM,MEDIUM,MEDIUM,MEDIUM,MEDIUM,XBTUSD-C0425,BEHAVIORAL_APPROXIMATION
XBTUSD-C0426,XBTUSD,True,LONG,2022-02-21T18:04:58.609000Z,2022-02-22T12:01:06.783000Z,64568.174,600,880000,0,1,100,90,NONE,FULL_CLOSE,576e03b8-b162-464f-9e5b-834b7bf073d5,fa9cb5cf-caa0-0954-3da6-dcfc39cda3a5,192,3,-6938617.999999999999999999997,0,0,596488,-164480,,AGGREGATE_ONLY_NOT_ALIGNED,XBT,,LOW,HIGH,MEDIUM,MEDIUM,MEDIUM,LOW,LOW,XBTUSD-C0426,BEHAVIORAL_APPROXIMATION
XBTUSD-C0427,XBTUSD,True,LONG,2022-02-22T16:51:02.492000Z,2022-02-24T04:16:10.387000Z,127507.895,3700,1371000,0,1,135,142,NONE,FULL_CLOSE,29a43f72-19bc-d8ba-e6ca-0a63897f80a8,83a43d0c-253b-4dc7-bfc6-7c15ee654900,279,5,-201434633.0000000000000000000,0,0,2079229,-722261,,AGGREGATE_ONLY_NOT_ALIGNED,XBT,,HIGH,HIGH,MEDIUM,MEDIUM,MEDIUM,MEDIUM,MEDIUM,XBTUSD-C0427,BEHAVIORAL_APPROXIMATION
DOGEUSD-C0011,DOGEUSD,False,LONG,2022-02-24T05:45:28.064000Z,2022-02-27T20:13:58.550000Z,311310.486,203,1110,0,1,2,1,NONE,FULL_CLOSE,e1cb51a8-2369-ac21-efa4-7fee90011555,a4036bf3-d833-9f69-8044-874b3d76f425,5,11,1590676,0,0,5591,35473,,AGGREGATE_ONLY_NOT_ALIGNED,XBT,,HIGH,HIGH,MEDIUM,MEDIUM,MEDIUM,MEDIUM,MEDIUM,DOGEUSD-C0011,BEHAVIORAL_APPROXIMATION
XBTUSD-C0428,XBTUSD,True,SHORT,2022-02-24T07:51:41.695000Z,2022-02-25T12:53:31.689000Z,104509.994,-7500,2379600,700,1,158,223,NONE,FLIP,0cc7dddd-168d-596f-8b51-a83830a4b8fb,29a29f68-7f0b-e26a-3a7e-b6314851f1ff,383,4,-227110923.0000000000000000004,0,0,2721242,522254,,AGGREGATE_ONLY_NOT_ALIGNED,XBT,,HIGH,HIGH,MEDIUM,MEDIUM,MEDIUM,MEDIUM,MEDIUM,"XBTUSD-C0428,XBTUSD-C0429",BEHAVIORAL_APPROXIMATION
XBTUSD-C0429,XBTUSD,True,LONG,2022-02-25T12:53:31.689000Z,2022-02-25T23:00:42.064000Z,36430.375,700,411500,0,1,39,33,XBTUSD-C0428,FULL_CLOSE,29a29f68-7f0b-e26a-3a7e-b6314851f1ff,fc6d39d0-075e-9fcf-656a-ac0d63f7abd0,74,1,8727672.999999999999999999998,0,0,1048928,106360,,AGGREGATE_ONLY_NOT_ALIGNED,XBT,,HIGH,HIGH,MEDIUM,MEDIUM,MEDIUM,MEDIUM,MEDIUM,XBTUSD-C0429,BEHAVIORAL_APPROXIMATION
XBTUSD-C0430,XBTUSD,True,LONG,2022-02-26T08:02:04.064000Z,2022-02-27T17:55:33.479000Z,122009.415,5500,567500,0,1,58,56,NONE,FULL_CLOSE,5d450d2c-932a-c1b7-fd92-0207c1287a67,fab64023-968d-c7a7-2175-81d433c78d17,116,4,30507116.99999999999999999993,0,0,768367,-415143,,AGGREGATE_ONLY_NOT_ALIGNED,XBT,,HIGH,HIGH,MEDIUM,MEDIUM,MEDIUM,MEDIUM,MEDIUM,XBTUSD-C0430,BEHAVIORAL_APPROXIMATION
XBTUSD-C0431,XBTUSD,True,LONG,2022-02-27T19:48:21.263000Z,2022-02-27T21:49:05.119000Z,7243.856,600,144400,0,1,11,27,NONE,FULL_CLOSE,2760f93e-3dbf-8347-788b-4128069a003b,dbf200e5-ac01-7006-74d0-1e25b5dcf01c,40,1,497330.0000000000000000000000,0,0,248495,-20075,,AGGREGATE_ONLY_NOT_ALIGNED,XBT,,HIGH,HIGH,MEDIUM,MEDIUM,MEDIUM,MEDIUM,MEDIUM,XBTUSD-C0431,BEHAVIORAL_APPROXIMATION
XBTUSD-C0432,XBTUSD,True,LONG,2022-02-28T06:15:23.716000Z,2022-02-28T09:11:16.968000Z,10553.252,1600,2110900,0,1,219,204,NONE,FULL_CLOSE,007d60f8-034a-ac6c-4515-a8dee4973510,f854b25d-648f-3bb7-963e-0d8c42bab128,425,0,47866218.99999999999999999995,0,0,5347135,0,,AGGREGATE_ONLY_NOT_ALIGNED,XBT,,HIGH,HIGH,MEDIUM,MEDIUM,MEDIUM,MEDIUM,MEDIUM,XBTUSD-C0432,BEHAVIORAL_APPROXIMATION
XBTUSD-C0433,XBTUSD,True,LONG,2022-02-28T09:59:58.336000Z,2022-02-28T17:58:14.297000Z,28695.961,44300,111000,0,1,4,3,NONE,FULL_CLOSE,43ccf7a0-1d62-3804-2acf-c59512542e40,e65ccce5-5931-b28d-54db-a3bfcd8fc999,9,1,22426440,0,0,105462,-17219,,AGGREGATE_ONLY_NOT_ALIGNED,XBT,,HIGH,HIGH,MEDIUM,MEDIUM,MEDIUM,MEDIUM,MEDIUM,XBTUSD-C0433,BEHAVIORAL_APPROXIMATION
XBTUSD-C0434,XBTUSD,True,SHORT,2022-02-28T18:17:05.404000Z,2022-03-03T15:43:57.512000Z,250012.108,-7500,744200,28900,1,110,104,NONE,FLIP,2249a823-592e-be71-e6e5-0b9b9ac8ac07,ca7a9dde-7cdb-18c2-79a0-6b991878608a,216,9,21969523.00000000000000000000,0,0,396318,-577311,,AGGREGATE_ONLY_NOT_ALIGNED,XBT,,HIGH,HIGH,MEDIUM,MEDIUM,MEDIUM,MEDIUM,MEDIUM,"XBTUSD-C0434,XBTUSD-C0435",BEHAVIORAL_APPROXIMATION
ETHH22-C0002,ETHH22,False,LONG,2022-03-01T13:57:22.036000Z,2022-03-04T16:04:17.494000Z,266815.458,35000,11130000,0,1,38,109,NONE,FULL_CLOSE,1fe733fc-98b6-544d-fade-b885463c1784,7e693fef-8dab-72bd-0947-b75aeed7ed8f,149,0,-24299929.99999999999999999996,0,0,53171,0,,AGGREGATE_ONLY_NOT_ALIGNED,XBT,,HIGH,HIGH,MEDIUM,MEDIUM,MEDIUM,MEDIUM,MEDIUM,ETHH22-C0002,BEHAVIORAL_APPROXIMATION
ETHUSD-C0181,ETHUSD,False,LONG,2022-03-01T13:57:58.637000Z,2022-03-04T14:49:27.795000Z,262289.158,1,9345,0,1,267,193,NONE,FULL_CLOSE,f2674870-46bc-27b4-6c16-551376bd7d23,943b78b6-f524-1a92-ed9a-98f33642c2bb,462,9,-86288274.99999999999999999996,0,0,595007,3489353,,AGGREGATE_ONLY_NOT_ALIGNED,XBT,,HIGH,HIGH,MEDIUM,MEDIUM,MEDIUM,MEDIUM,MEDIUM,ETHUSD-C0181,BEHAVIORAL_APPROXIMATION
XBTUSD-C0435,XBTUSD,True,LONG,2022-03-03T15:43:57.512000Z,2022-03-03T22:45:24.977000Z,25287.465,28900,68900,0,1,1,9,XBTUSD-C0434,FULL_CLOSE,ca7a9dde-7cdb-18c2-79a0-6b991878608a,c58f3dae-edf0-dd0a-8c3f-ef26ec65286e,12,1,781784.0000000000000000000000,0,0,71482,16324,,AGGREGATE_ONLY_NOT_ALIGNED,XBT,,HIGH,HIGH,MEDIUM,MEDIUM,MEDIUM,MEDIUM,MEDIUM,XBTUSD-C0435,BEHAVIORAL_APPROXIMATION
XBTUSD-C0436,XBTUSD,True,LONG,2022-03-04T00:52:48.070000Z,2022-03-04T19:53:35.921000Z,68447.851,36400,1874200,-3200,1,236,181,NONE,FLIP,47855d67-812e-19e9-ebf2-8fe53538241b,01ea42b4-5568-1086-d518-3f62381d7707,419,2,-40780809.00000000000000000005,0,0,3429528,432316,,AGGREGATE_ONLY_NOT_ALIGNED,XBT,,HIGH,HIGH,MEDIUM,MEDIUM,MEDIUM,MEDIUM,MEDIUM,"XBTUSD-C0436,XBTUSD-C0437",BEHAVIORAL_APPROXIMATION
XBTUSD-C0437,XBTUSD,True,SHORT,2022-03-04T19:53:35.921000Z,2022-03-05T03:06:27.100000Z,25971.179,-3200,94200,0,1,11,21,XBTUSD-C0436,FULL_CLOSE,01ea42b4-5568-1086-d518-3f62381d7707,bfe041ed-18b6-a625-3ab5-ec5623b0097c,34,1,5312085.000000000000000000003,0,0,234935,-23701,,AGGREGATE_ONLY_NOT_ALIGNED,XBT,,HIGH,HIGH,MEDIUM,MEDIUM,MEDIUM,MEDIUM,MEDIUM,XBTUSD-C0437,BEHAVIORAL_APPROXIMATION
ETHH22-C0003,ETHH22,False,LONG,2022-03-05T09:01:50.087000Z,2022-03-12T10:20:40.986000Z,609530.899,300000,5548000,0,1,38,12,NONE,FULL_CLOSE,e1017e10-b41d-52af-c480-ef1168dded2d,e6eb98a5-0fd3-c8d4-7a4f-7123186c6191,52,0,-9882829.999999999999999999999,0,0,180614,0,,AGGREGATE_ONLY_NOT_ALIGNED,XBT,,HIGH,HIGH,MEDIUM,MEDIUM,MEDIUM,MEDIUM,MEDIUM,ETHH22-C0003,BEHAVIORAL_APPROXIMATION
XBTUSD-C0438,XBTUSD,True,SHORT,2022-03-06T05:53:49.113000Z,2022-03-07T01:35:24.551000Z,70895.438,-6000,213000,0,1,43,35,NONE,FULL_CLOSE,f4bca534-69cb-48a5-b57a-3a686e0e06bd,fae1f962-1c27-d6b9-d11e-9ad00ed2fe97,80,2,16065492.99999999999999999999,0,0,636483,11429,,AGGREGATE_ONLY_NOT_ALIGNED,XBT,,HIGH,HIGH,MEDIUM,MEDIUM,MEDIUM,MEDIUM,MEDIUM,XBTUSD-C0438,BEHAVIORAL_APPROXIMATION
XBTUSD-C0439,XBTUSD,True,SHORT,2022-03-07T04:33:12.160000Z,2022-03-09T08:13:15.940000Z,186003.78,-5300,811900,0,1,142,104,NONE,FULL_CLOSE,63b157dd-4bbd-a2ed-28da-4d147d50a229,da29ebc4-bab7-025a-9e51-e779d6e78522,248,6,-63292705.99999999999999999992,0,0,1644533,-285131,,AGGREGATE_ONLY_NOT_ALIGNED,XBT,,HIGH,HIGH,MEDIUM,MEDIUM,MEDIUM,MEDIUM,MEDIUM,XBTUSD-C0439,BEHAVIORAL_APPROXIMATION
XRPUSD-C0072,XRPUSD,False,LONG,2022-03-09T07:11:55.103000Z,2022-03-10T04:49:39.185000Z,77864.082,781,26664,0,1,49,55,NONE,FULL_CLOSE,cd802beb-b14e-3dd9-b020-adee9d6c80af,b9da5bbe-5000-8acb-1335-fb8606c8c4ff,106,3,-2569741.999999999999999999998,0,0,154838,360044,,AGGREGATE_ONLY_NOT_ALIGNED,XBT,,HIGH,HIGH,MEDIUM,MEDIUM,MEDIUM,MEDIUM,MEDIUM,XRPUSD-C0072,BEHAVIORAL_APPROXIMATION
XBTUSD-C0440,XBTUSD,True,LONG,2022-03-10T00:30:14.702000Z,2022-03-10T12:11:14.102000Z,42059.4,100,742800,0,1,35,126,NONE,FULL_CLOSE,fdcae933-b1c4-1ae4-1015-f24b062beec6,ecc827db-9868-af62-af76-67656a0deabe,163,2,-90747225.99999999999999999993,0,0,933453,221170,,AGGREGATE_ONLY_NOT_ALIGNED,XBT,,HIGH,HIGH,MEDIUM,MEDIUM,MEDIUM,MEDIUM,MEDIUM,XBTUSD-C0440,BEHAVIORAL_APPROXIMATION
XBTUSD-C0441,XBTUSD,True,SHORT,2022-03-10T13:35:15.107000Z,2022-03-23T04:19:04.911000Z,1089829.804,-7900,1204900,27700,1,535,441,NONE,FLIP,9c4a6dcd-2013-5d94-7ece-069ea0002784,71b1af3b-a399-b81a-acc5-2397f2f76dbc,978,38,6623562.999999999999999999938,0,0,3616587,1080476,,AGGREGATE_ONLY_NOT_ALIGNED,XBT,,LOW,HIGH,MEDIUM,MEDIUM,MEDIUM,LOW,LOW,"XBTUSD-C0441,XBTUSD-C0442",BEHAVIORAL_APPROXIMATION
ETHM22-C0001,ETHM22,False,LONG,2022-03-16T07:47:35.207000Z,2022-04-09T02:46:10.755000Z,2055515.548,10000,8946000,0,1,45,122,NONE,FULL_CLOSE,ab695687-53d5-b444-f578-2cba2705cd42,425fe14e-7ddf-c902-391f-f060329502c4,169,0,51039210.00000000000000000007,0,0,216457,0,,AGGREGATE_ONLY_NOT_ALIGNED,XBT,,HIGH,HIGH,MEDIUM,MEDIUM,MEDIUM,MEDIUM,MEDIUM,ETHM22-C0001,BEHAVIORAL_APPROXIMATION
ETHH22-C0004,ETHH22,False,LONG,2022-03-17T12:16:41.496000Z,2022-03-21T20:14:22.063000Z,374260.567,300000,300000,0,1,0,3,NONE,FULL_CLOSE,35f782b5-e2ea-1e05-8576-b25f13a8e562,bea079c6-9264-3891-c685-ed7f7f0d201a,5,0,804480,0,0,8607,0,,AGGREGATE_ONLY_NOT_ALIGNED,XBT,,HIGH,HIGH,MEDIUM,MEDIUM,MEDIUM,MEDIUM,MEDIUM,ETHH22-C0004,BEHAVIORAL_APPROXIMATION
XRPUSD-C0073,XRPUSD,False,LONG,2022-03-17T19:51:11.443000Z,2022-03-18T08:38:00.807000Z,46009.364,700,2677,0,1,14,3,NONE,FULL_CLOSE,6817fdc1-80e4-a013-6d6e-0e7ad28ed0fa,12b229fd-e4ae-d22e-2830-f1e2892c42bf,19,2,-361720.0000000000000000000000,0,0,1917,47593,,AGGREGATE_ONLY_NOT_ALIGNED,XBT,,HIGH,HIGH,MEDIUM,MEDIUM,MEDIUM,MEDIUM,MEDIUM,XRPUSD-C0073,BEHAVIORAL_APPROXIMATION
XRPUSD-C0074,XRPUSD,False,LONG,2022-03-19T05:34:19.240000Z,2022-03-27T12:42:14.496000Z,716875.256,700,7777,0,1,30,42,NONE,FULL_CLOSE,7856382f-f0e7-193c-bf32-e4d064556a0f,a7387fcc-a560-8d70-1f61-30ed3bee2d88,74,25,2558566.0,0,0,80143,373797,,AGGREGATE_ONLY_NOT_ALIGNED,XBT,,HIGH,HIGH,MEDIUM,MEDIUM,MEDIUM,MEDIUM,MEDIUM,XRPUSD-C0074,BEHAVIORAL_APPROXIMATION
XBTUSD-C0442,XBTUSD,True,LONG,2022-03-23T04:19:04.911000Z,2022-03-23T07:12:03.241000Z,10378.33,27700,27700,0,1,0,2,XBTUSD-C0441,FULL_CLOSE,71b1af3b-a399-b81a-acc5-2397f2f76dbc,ae4b8758-543d-2858-0937-58daa8b9d23f,4,0,491952,0,0,32893,0,,AGGREGATE_ONLY_NOT_ALIGNED,XBT,,HIGH,HIGH,MEDIUM,MEDIUM,MEDIUM,MEDIUM,MEDIUM,XBTUSD-C0442,BEHAVIORAL_APPROXIMATION
XBTUSD-C0443,XBTUSD,True,SHORT,2022-03-23T10:21:29.546000Z,2022-03-23T11:35:32.861000Z,4443.315,-11600,90000,0,1,4,5,NONE,FULL_CLOSE,10392d68-4068-6470-ac23-c893624a6e5c,9646131f-7921-8a8f-339f-219121bb8167,11,0,1072500.000000000000000000000,0,0,128442,0,,AGGREGATE_ONLY_NOT_ALIGNED,XBT,,HIGH,HIGH,MEDIUM,MEDIUM,MEDIUM,MEDIUM,MEDIUM,XBTUSD-C0443,BEHAVIORAL_APPROXIMATION
XBTUSD-C0444,XBTUSD,True,SHORT,2022-03-23T12:57:54.250000Z,2022-04-01T00:05:21.130000Z,731246.88,-13500,930000,0,1,142,191,NONE,FULL_CLOSE,202ef7b2-d84b-cc99-2bd0-a03944e462f9,eb91a8e6-39e8-67a7-e34f-5c1bb8482b57,335,25,-90407202.00000000000000000002,0,0,1379143,-952190,,AGGREGATE_ONLY_NOT_ALIGNED,XBT,,HIGH,HIGH,MEDIUM,MEDIUM,MEDIUM,MEDIUM,MEDIUM,XBTUSD-C0444,BEHAVIORAL_APPROXIMATION
ETHUSD-C0182,ETHUSD,False,LONG,2022-03-28T00:33:42.827000Z,2022-03-28T13:25:19.826000Z,46296.999,199,1521,0,1,17,30,NONE,FULL_CLOSE,15b32cc6-31cc-6048-7f66-2a1fc5f90e91,fc21faeb-4789-20e2-8559-3d44447d94cc,49,2,3129084.999999999999999999999,0,0,140595,227448,,AGGREGATE_ONLY_NOT_ALIGNED,XBT,,HIGH,HIGH,MEDIUM,MEDIUM,MEDIUM,MEDIUM,MEDIUM,ETHUSD-C0182,BEHAVIORAL_APPROXIMATION
XRPUSD-C0075,XRPUSD,False,LONG,2022-03-31T01:48:59.522000Z,2022-05-05T13:06:17.218000Z,3064637.696,252,8351,0,1,44,40,NONE,FULL_CLOSE,6122a872-335d-bccd-611b-c962e92d7f08,f0a7634e-8427-6751-609f-777fda18ba65,86,107,-28606235.99999999999999999998,0,0,40984,1593888,,AGGREGATE_ONLY_NOT_ALIGNED,XBT,,HIGH,HIGH,MEDIUM,MEDIUM,MEDIUM,MEDIUM,MEDIUM,XRPUSD-C0075,BEHAVIORAL_APPROXIMATION
ETHUSD-C0183,ETHUSD,False,LONG,2022-03-31T16:26:33.266000Z,2022-04-05T01:16:03.309000Z,377370.043,182,1210,0,1,30,42,NONE,FULL_CLOSE,83d4bf43-1344-c278-4eb2-c9cd121f8fbb,9f6479b4-252d-be27-3355-bc92569e8705,74,13,24909815.00000000000000000001,0,0,157366,309725,,AGGREGATE_ONLY_NOT_ALIGNED,XBT,,HIGH,HIGH,MEDIUM,MEDIUM,MEDIUM,MEDIUM,MEDIUM,ETHUSD-C0183,BEHAVIORAL_APPROXIMATION
XBTUSD-C0445,XBTUSD,True,LONG,2022-04-01T01:53:35.251000Z,2022-04-01T08:38:23.307000Z,24288.056,60000,420000,0,1,11,29,NONE,FULL_CLOSE,febe63f9-d361-f66c-6578-949d6e582b1f,5433d263-6c40-bd2e-d9b7-d4b381db511c,42,1,13033418.00000000000000000000,0,0,403734,94154,,AGGREGATE_ONLY_NOT_ALIGNED,XBT,,HIGH,HIGH,MEDIUM,MEDIUM,MEDIUM,MEDIUM,MEDIUM,XBTUSD-C0445,BEHAVIORAL_APPROXIMATION
XBTUSD-C0446,XBTUSD,True,LONG,2022-04-03T22:03:16.956000Z,2022-04-05T01:15:53.038000Z,97956.082,200,80000,0,1,13,23,NONE,FULL_CLOSE,da1e933b-c56f-f040-09d4-0bc482d724bd,ee9181e6-afc4-3a37-c478-d1c8458be00c,38,3,-607000,0,0,92527,43445,,AGGREGATE_ONLY_NOT_ALIGNED,XBT,,HIGH,HIGH,MEDIUM,MEDIUM,MEDIUM,MEDIUM,MEDIUM,XBTUSD-C0446,BEHAVIORAL_APPROXIMATION
DOGEUSD-C0012,DOGEUSD,False,LONG,2022-04-05T06:05:58.694000Z,2022-04-06T00:09:46.599000Z,65027.905,19,4700,0,1,15,15,NONE,FULL_CLOSE,4ed47430-cbc2-b09a-bf9b-858d301bcf32,9a9c2664-6713-ddee-3365-23814497192e,32,2,6579990.000000000000000000001,0,0,24852,17866,,AGGREGATE_ONLY_NOT_ALIGNED,XBT,,HIGH,HIGH,MEDIUM,MEDIUM,MEDIUM,MEDIUM,MEDIUM,DOGEUSD-C0012,BEHAVIORAL_APPROXIMATION
XBTUSD-C0447,XBTUSD,True,LONG,2022-04-05T16:01:51.360000Z,2022-04-06T07:02:54.225000Z,54062.865,20000,60000,0,1,4,10,NONE,FULL_CLOSE,061f1881-9282-5cca-25c2-8e086ced65d4,edc1a866-f89d-b4da-c362-bc2d535a7bfd,16,2,414800,0,0,26469,13192,,AGGREGATE_ONLY_NOT_ALIGNED,XBT,,HIGH,HIGH,MEDIUM,MEDIUM,MEDIUM,MEDIUM,MEDIUM,XBTUSD-C0447,BEHAVIORAL_APPROXIMATION
XBTUSD-C0448,XBTUSD,True,LONG,2022-04-06T10:18:27.653000Z,2022-04-09T02:38:29.363000Z,231601.71,10000,430000,0,1,22,44,NONE,FULL_CLOSE,fb3e849b-e995-1a87-1ca0-6461ecd93a7e,dc157718-991e-475c-d16b-ecd6b7dfd91a,68,8,-26627963.00000000000000000000,0,0,155667,422454,,AGGREGATE_ONLY_NOT_ALIGNED,XBT,,HIGH,HIGH,MEDIUM,MEDIUM,MEDIUM,MEDIUM,MEDIUM,XBTUSD-C0448,BEHAVIORAL_APPROXIMATION
DOGEUSD-C0013,DOGEUSD,False,LONG,2022-04-06T13:41:48.288000Z,2022-09-19T12:04:35.626000Z,14336567.338,222,37884,0,1,282,208,NONE,FULL_CLOSE,538436b6-7e2b-4283-b82f-db5c7245de8f,e7cab218-3dc9-1fb5-cac8-a5c76532d818,492,498,15572036.00000000000000000002,0,0,225658,6606320,,AGGREGATE_ONLY_NOT_ALIGNED,XBT,,HIGH,HIGH,MEDIUM,MEDIUM,MEDIUM,MEDIUM,MEDIUM,DOGEUSD-C0013,BEHAVIORAL_APPROXIMATION
ETHUSD-C0184,ETHUSD,False,LONG,2022-04-06T15:32:48.903000Z,2022-04-07T09:53:39.837000Z,66050.934,42,3174,0,1,43,60,NONE,FULL_CLOSE,391a120a-01fb-819f-83bd-9701e04fe9f0,f6a242c6-8059-c4ac-c224-3a8c35a13f85,105,2,8682969.999999999999999999999,0,0,75610,690117,,AGGREGATE_ONLY_NOT_ALIGNED,XBT,,HIGH,HIGH,MEDIUM,MEDIUM,MEDIUM,MEDIUM,MEDIUM,ETHUSD-C0184,BEHAVIORAL_APPROXIMATION
ETHUSD-C0185,ETHUSD,False,SHORT,2022-04-07T09:53:42.215000Z,2022-04-07T10:04:52.494000Z,670.279,-23,104,0,1,4,2,NONE,FULL_CLOSE,782fd26b-80b4-aadd-0975-8cc7633a7615,90e17b48-fc19-bc6c-b444-ff8163b7edfe,8,0,-96440,0,0,13445,0,,AGGREGATE_ONLY_NOT_ALIGNED,XBT,,HIGH,HIGH,MEDIUM,MEDIUM,MEDIUM,MEDIUM,MEDIUM,ETHUSD-C0185,BEHAVIORAL_APPROXIMATION
ETHUSD-C0186,ETHUSD,False,LONG,2022-04-07T14:40:16.081000Z,2022-04-07T16:59:11.423000Z,8335.342,116,400,0,1,5,10,NONE,FULL_CLOSE,f26ef564-4906-c840-490b-fb4a8a7e7e15,148bdb75-b025-69f9-330d-8c9e4a1c1d54,17,0,1334330,0,0,5197,0,,AGGREGATE_ONLY_NOT_ALIGNED,XBT,,HIGH,HIGH,MEDIUM,MEDIUM,MEDIUM,MEDIUM,MEDIUM,ETHUSD-C0186,BEHAVIORAL_APPROXIMATION
ETHM22-C0002,ETHM22,False,LONG,2022-04-11T08:15:55.399000Z,2022-04-26T15:21:12.603000Z,1321517.204,99000,586000,-14000,1,13,21,NONE,FLIP,7bc4c161-8a41-11ed-176d-1d033073a01c,90a50e40-c34d-ba29-69cc-6ce12bacd54c,36,0,-130110.0000000000000000000000,0,0,-7232,0,,AGGREGATE_ONLY_NOT_ALIGNED,XBT,,HIGH,HIGH,MEDIUM,MEDIUM,MEDIUM,MEDIUM,MEDIUM,"ETHM22-C0002,ETHM22-C0003",BEHAVIORAL_APPROXIMATION
ETHUSD-C0187,ETHUSD,False,SHORT,2022-04-11T09:36:15.567000Z,2022-04-11T12:43:55.106000Z,11259.539,-100,100,0,1,0,2,NONE,FULL_CLOSE,a9c43de1-85ec-7ae5-937d-183ee6b04b79,dd10ecba-99dd-e7aa-711a-30722d661836,4,1,574900,0,0,12197,-3050,,AGGREGATE_ONLY_NOT_ALIGNED,XBT,,HIGH,HIGH,MEDIUM,MEDIUM,MEDIUM,MEDIUM,MEDIUM,ETHUSD-C0187,BEHAVIORAL_APPROXIMATION
ETHUSD-C0188,ETHUSD,False,SHORT,2022-04-14T05:54:31.435000Z,2022-04-15T05:45:21.269000Z,85849.834,-1,700,0,1,35,19,NONE,FULL_CLOSE,01578aff-6a84-38b7-0575-1e36ee13a979,533ee121-ce4e-d8a8-7e05-b4d305411274,56,3,6000205.000000000000000000000,0,0,90115,-27546,,AGGREGATE_ONLY_NOT_ALIGNED,XBT,,HIGH,HIGH,MEDIUM,MEDIUM,MEDIUM,MEDIUM,MEDIUM,ETHUSD-C0188,BEHAVIORAL_APPROXIMATION
XBTUSD-C0449,XBTUSD,True,SHORT,2022-04-17T23:11:53.717000Z,2022-04-18T09:08:59.235000Z,35825.518,-10000,110000,0,1,22,35,NONE,FULL_CLOSE,ef95b70a-9748-475c-5e22-2acf508547cc,f1ae2e67-f6b3-4987-ecb0-25c72d037dca,59,1,6014031.000000000000000000003,0,0,189204,34250,,AGGREGATE_ONLY_NOT_ALIGNED,XBT,,HIGH,HIGH,MEDIUM,MEDIUM,MEDIUM,MEDIUM,MEDIUM,XBTUSD-C0449,BEHAVIORAL_APPROXIMATION
XBTUSD-C0450,XBTUSD,True,SHORT,2022-04-18T17:09:55.362000Z,2022-04-19T14:52:52.589000Z,78177.227,-9800,260000,0,1,20,40,NONE,FULL_CLOSE,b304899f-6583-35b6-daae-bbe536647bd0,ee13ff6e-bb66-b158-e941-362f076b2eef,62,3,-16219975.00000000000000000000,0,0,278571,-70109,,AGGREGATE_ONLY_NOT_ALIGNED,XBT,,HIGH,HIGH,MEDIUM,MEDIUM,MEDIUM,MEDIUM,MEDIUM,XBTUSD-C0450,BEHAVIORAL_APPROXIMATION
ETHUSD-C0189,ETHUSD,False,SHORT,2022-04-19T14:05:31.346000Z,2022-04-20T11:41:14.902000Z,77743.556,-100,200,0,1,3,1,NONE,FULL_CLOSE,9245fcab-70dc-27c8-1b96-0369fb862333,cbae0480-145c-4822-426e-bfd7ea99ad00,6,2,-232000,0,0,25134,-23341,,AGGREGATE_ONLY_NOT_ALIGNED,XBT,,HIGH,HIGH,MEDIUM,MEDIUM,MEDIUM,MEDIUM,MEDIUM,ETHUSD-C0189,BEHAVIORAL_APPROXIMATION
XBTUSD-C0451,XBTUSD,True,SHORT,2022-04-20T11:45:47.206000Z,2022-04-20T18:50:07.413000Z,25460.207,-33600,80000,0,1,2,16,NONE,FULL_CLOSE,9cc87f64-ae93-2506-79f1-de8d5fb48513,fd101a42-9c85-0030-6a6d-4ad5d2516d36,20,1,4856301,0,0,78409,17092,,AGGREGATE_ONLY_NOT_ALIGNED,XBT,,HIGH,HIGH,MEDIUM,MEDIUM,MEDIUM,MEDIUM,MEDIUM,XBTUSD-C0451,BEHAVIORAL_APPROXIMATION
XBTUSD-C0452,XBTUSD,True,SHORT,2022-04-21T11:37:47.073000Z,2022-04-21T18:18:01.523000Z,24014.45,-52600,80000,0,1,3,2,NONE,FULL_CLOSE,02f3bc64-dca9-2f60-7e7f-1a1c077aec5c,e4ceb377-0b34-3de0-437e-8a8c3bd518c3,7,1,4697600,0,0,77546,7914,,AGGREGATE_ONLY_NOT_ALIGNED,XBT,,HIGH,HIGH,MEDIUM,MEDIUM,MEDIUM,MEDIUM,MEDIUM,XBTUSD-C0452,BEHAVIORAL_APPROXIMATION
XBTUSD-C0453,XBTUSD,True,LONG,2022-04-21T22:10:01.799000Z,2022-04-24T09:03:06.199000Z,211984.4,2900,630000,0,1,60,48,NONE,FULL_CLOSE,1a9f8314-8f0d-6661-6382-685ea9d4996f,fdb73b44-83ef-1e3a-78dd-cbdc48470be0,110,7,-744395.0000000000000000000005,0,0,602526,-211187,,AGGREGATE_ONLY_NOT_ALIGNED,XBT,,HIGH,HIGH,MEDIUM,MEDIUM,MEDIUM,MEDIUM,MEDIUM,XBTUSD-C0453,BEHAVIORAL_APPROXIMATION
XBTUSD-C0454,XBTUSD,True,SHORT,2022-04-25T00:32:44.493000Z,2022-04-26T15:03:07.762000Z,138623.269,-4700,80000,0,1,5,10,NONE,FULL_CLOSE,c62d2bcc-a597-260f-228e-c20946e01e29,f94ead8c-d2d6-ed2c-50a3-900c00246840,17,5,43658.000,0,0,132588,-25960,,AGGREGATE_ONLY_NOT_ALIGNED,XBT,,HIGH,HIGH,MEDIUM,MEDIUM,MEDIUM,MEDIUM,MEDIUM,XBTUSD-C0454,BEHAVIORAL_APPROXIMATION
ETHUSD-C0190,ETHUSD,False,SHORT,2022-04-25T01:54:41.404000Z,2022-04-25T11:48:30.563000Z,35629.159,-80,1500,0,1,34,19,NONE,FULL_CLOSE,001b866d-2596-c6b7-fa10-fefd5dd3d874,f90c29b4-1747-147c-c084-d589860f5b9e,55,1,549270.0000000000000000000001,0,0,274993,-75071,,AGGREGATE_ONLY_NOT_ALIGNED,XBT,,HIGH,HIGH,MEDIUM,MEDIUM,MEDIUM,MEDIUM,MEDIUM,ETHUSD-C0190,BEHAVIORAL_APPROXIMATION
ETHM22-C0003,ETHM22,False,SHORT,2022-04-26T15:21:12.603000Z,2022-05-09T10:46:36.045000Z,1106723.442,-14000,126000,126000,1,0,0,ETHM22-C0002,FLIP,90a50e40-c34d-ba29-69cc-6ce12bacd54c,cdf1d3c6-90c5-f63c-695f-0ed113bd21c1,2,0,26600,0,0,-1010,0,,AGGREGATE_ONLY_NOT_ALIGNED,XBT,,HIGH,HIGH,MEDIUM,MEDIUM,MEDIUM,MEDIUM,MEDIUM,"ETHM22-C0003,ETHM22-C0004",BEHAVIORAL_APPROXIMATION
XBTUSD-C0455,XBTUSD,True,SHORT,2022-04-28T14:33:06.427000Z,2022-04-29T00:03:13.848000Z,34207.421,-4800,570000,0,1,42,42,NONE,FULL_CLOSE,678b4a53-23eb-ea14-3933-f66265d8b202,9848cce2-4274-afff-9074-b6ceeeece1b8,86,1,10961035.00000000000000000000,0,0,654908,71464,,AGGREGATE_ONLY_NOT_ALIGNED,XBT,,HIGH,HIGH,MEDIUM,MEDIUM,MEDIUM,MEDIUM,MEDIUM,XBTUSD-C0455,BEHAVIORAL_APPROXIMATION
ETHUSD-C0191,ETHUSD,False,LONG,2022-04-29T01:30:04.520000Z,2022-04-29T03:39:15.912000Z,7751.392,33,1400,0,1,33,33,NONE,FULL_CLOSE,0c001b52-2e7d-34f4-63b2-a49751f305fc,df4a3d77-8b6a-d264-0062-65bd43bd4cb7,68,0,-3254650.0,0,0,68296,0,,AGGREGATE_ONLY_NOT_ALIGNED,XBT,,LOW,HIGH,MEDIUM,MEDIUM,MEDIUM,LOW,LOW,ETHUSD-C0191,BEHAVIORAL_APPROXIMATION
ETHUSD-C0192,ETHUSD,False,SHORT,2022-04-29T03:39:29.470000Z,2022-05-01T12:25:39.627000Z,204370.157,-67,82,0,1,2,5,NONE,FULL_CLOSE,59a76549-33e5-3f64-e6bf-3eb7d31afa40,cd8000f2-fa59-105c-809d-134bb650baae,9,8,1270700,0,0,14632,-24572,,AGGREGATE_ONLY_NOT_ALIGNED,XBT,,HIGH,HIGH,MEDIUM,MEDIUM,MEDIUM,MEDIUM,MEDIUM,ETHUSD-C0192,BEHAVIORAL_APPROXIMATION
XBTUSD-C0456,XBTUSD,True,LONG,2022-04-29T09:06:03.812000Z,2022-04-29T10:45:52.321000Z,5988.509,100,160000,0,1,5,28,NONE,FULL_CLOSE,f160df66-bc3a-6e1d-60dd-262c217e308c,f0309e40-9807-2298-f1fc-65aa65f33e09,35,0,-2030257,0,0,267044,0,,AGGREGATE_ONLY_NOT_ALIGNED,XBT,,HIGH,HIGH,MEDIUM,MEDIUM,MEDIUM,MEDIUM,MEDIUM,XBTUSD-C0456,BEHAVIORAL_APPROXIMATION
XBTUSD-C0457,XBTUSD,True,SHORT,2022-04-29T10:45:58.897000Z,2022-05-07T22:06:46.565000Z,732047.668,-10000,432000,0,1,87,54,NONE,FULL_CLOSE,c894e1f1-7555-0847-6ddb-ba2a88775c4e,7320286c-f0b1-1267-e943-65a3af1f910e,143,26,70918531.00000000000000000001,0,0,1132095,-491947,,AGGREGATE_ONLY_NOT_ALIGNED,XBT,,HIGH,HIGH,MEDIUM,MEDIUM,MEDIUM,MEDIUM,MEDIUM,XBTUSD-C0457,BEHAVIORAL_APPROXIMATION
ETHUSD-C0193,ETHUSD,False,SHORT,2022-05-02T10:58:41.936000Z,2022-05-04T10:27:29.869000Z,170927.933,-27,1800,0,1,45,37,NONE,FULL_CLOSE,4eeb9d39-1a08-5531-c1e4-5d2c8944f99d,fead512b-3c07-58e1-8ada-87051c097db3,84,6,-4930825.000,0,0,433202,-506534,,AGGREGATE_ONLY_NOT_ALIGNED,XBT,,HIGH,HIGH,MEDIUM,MEDIUM,MEDIUM,MEDIUM,MEDIUM,ETHUSD-C0193,BEHAVIORAL_APPROXIMATION
ETHUSD-C0194,ETHUSD,False,SHORT,2022-05-04T11:27:04.079000Z,2022-05-04T19:08:29.096000Z,27685.017,-119,1000,0,1,10,14,NONE,FULL_CLOSE,0b303544-a43f-403f-72c8-ba171ae1f87e,e2d2d449-f4d7-41c2-2b6e-4e66c06a9243,26,1,-4923160,0,0,193101,-15616,,AGGREGATE_ONLY_NOT_ALIGNED,XBT,,HIGH,HIGH,MEDIUM,MEDIUM,MEDIUM,MEDIUM,MEDIUM,ETHUSD-C0194,BEHAVIORAL_APPROXIMATION
LTCUSD-C0047,LTCUSD,False,LONG,2022-05-04T18:58:20.707000Z,2022-05-08T02:58:48.443000Z,288027.736,13,6963,0,1,30,29,NONE,FULL_CLOSE,93c94291-aa74-8531-7d28-7e711bf59d88,f42161d6-bf89-2ac6-034f-2860c5a83160,61,10,-19341921.99999999999999999999,0,0,85044,216102,,AGGREGATE_ONLY_NOT_ALIGNED,XBT,,HIGH,HIGH,MEDIUM,MEDIUM,MEDIUM,MEDIUM,MEDIUM,LTCUSD-C0047,BEHAVIORAL_APPROXIMATION
ETHUSD-C0195,ETHUSD,False,SHORT,2022-05-07T07:02:59.989000Z,2022-05-07T22:09:15.178000Z,54375.189,-2,700,0,1,23,15,NONE,FULL_CLOSE,448cb064-7ea6-b6a3-e6a1-72be9aa91b99,f9171d80-b9c8-7d66-6556-8aa1b1d46a1b,40,2,3567050.000000000000000000000,0,0,142154,-91638,,AGGREGATE_ONLY_NOT_ALIGNED,XBT,,HIGH,HIGH,MEDIUM,MEDIUM,MEDIUM,MEDIUM,MEDIUM,ETHUSD-C0195,BEHAVIORAL_APPROXIMATION
XBTUSD-C0458,XBTUSD,True,SHORT,2022-05-07T23:12:29.264000Z,2022-05-08T06:15:49.269000Z,25400.005,-5000,25000,0,1,2,1,NONE,FULL_CLOSE,6b41977f-6ae9-49bf-17ff-eacc4b41e117,f5f94156-f83a-db35-2782-7b776266d44f,5,1,2032050.0,0,0,59222,4568,,AGGREGATE_ONLY_NOT_ALIGNED,XBT,,HIGH,HIGH,MEDIUM,MEDIUM,MEDIUM,MEDIUM,MEDIUM,XBTUSD-C0458,BEHAVIORAL_APPROXIMATION
XBTUSD-C0459,XBTUSD,True,SHORT,2022-05-08T07:56:47.073000Z,2022-05-13T12:19:42.923000Z,447775.85,-5000,291600,0,1,166,156,NONE,FULL_CLOSE,5d077dae-d7ec-4bff-35cf-30489c7fb32b,e3557f21-d8ff-df80-161b-5c5e25c16ebc,324,16,48520278.99999999999999999997,0,0,1964981,2158959,,AGGREGATE_ONLY_NOT_ALIGNED,XBT,,HIGH,HIGH,MEDIUM,MEDIUM,MEDIUM,MEDIUM,MEDIUM,XBTUSD-C0459,BEHAVIORAL_APPROXIMATION
ETHM22-C0004,ETHM22,False,LONG,2022-05-09T10:46:36.045000Z,2022-06-24T11:59:59.999000Z,3978803.954,126000,2186000,0,1,26,1,ETHM22-C0003,SETTLEMENT,cdf1d3c6-90c5-f63c-695f-0ed113bd21c1,d6b72f59-ce20-9043-dec6-5fe862e213e5,29,0,-8708540.000000000000000000000,0,0,-10387,0,,AGGREGATE_ONLY_NOT_ALIGNED,XBT,,HIGH,HIGH,MEDIUM,MEDIUM,MEDIUM,MEDIUM,MEDIUM,ETHM22-C0004,BEHAVIORAL_APPROXIMATION
XBTUSD-C0460,XBTUSD,True,SHORT,2022-05-14T03:56:57.170000Z,2022-05-15T21:09:36.289000Z,148359.119,-2700,165000,0,1,30,39,NONE,FULL_CLOSE,10b4707b-0dda-d5ca-84e3-fe46236d9970,f845e6f6-01ed-84fa-8769-6a8b4825cb5b,71,6,-25365895.00000000000000000000,0,0,554348,246468,,AGGREGATE_ONLY_NOT_ALIGNED,XBT,,HIGH,HIGH,MEDIUM,MEDIUM,MEDIUM,MEDIUM,MEDIUM,XBTUSD-C0460,BEHAVIORAL_APPROXIMATION
XBTUSD-C0461,XBTUSD,True,SHORT,2022-05-16T15:36:16.846000Z,2022-05-18T16:25:32.095000Z,175755.249,-7400,195000,0,1,34,36,NONE,FULL_CLOSE,5e783b66-a276-2346-af7f-06ae45e106e8,e95b324d-32a4-8443-de14-b01c796646ea,72,6,-9773136.000000000000000000002,0,0,1311487,380269,,AGGREGATE_ONLY_NOT_ALIGNED,XBT,,HIGH,HIGH,MEDIUM,MEDIUM,MEDIUM,MEDIUM,MEDIUM,XBTUSD-C0461,BEHAVIORAL_APPROXIMATION
ETHUSD-C0196,ETHUSD,False,SHORT,2022-05-18T13:00:31.502000Z,2022-05-18T16:25:12.725000Z,12281.223,-67,800,0,1,20,8,NONE,FULL_CLOSE,03017a37-1f47-79d8-f7b3-ecf8b8dae852,dd6f6d4f-758c-34ee-4901-21206483e843,30,0,3425890.0000,0,0,174755,0,,AGGREGATE_ONLY_NOT_ALIGNED,XBT,,HIGH,HIGH,MEDIUM,MEDIUM,MEDIUM,MEDIUM,MEDIUM,ETHUSD-C0196,BEHAVIORAL_APPROXIMATION
XBTUSD-C0462,XBTUSD,True,SHORT,2022-05-19T03:19:04.900000Z,2022-05-21T09:48:51.262000Z,196186.362,-100,110000,0,1,15,14,NONE,FULL_CLOSE,30b68ab3-4947-8394-da6e-02ffb453980b,f808cd0b-ece1-6baf-3624-8b29ed52f79c,31,7,3150951.000000000000000000000,0,0,420285,154332,,AGGREGATE_ONLY_NOT_ALIGNED,XBT,,HIGH,HIGH,MEDIUM,MEDIUM,MEDIUM,MEDIUM,MEDIUM,XBTUSD-C0462,BEHAVIORAL_APPROXIMATION
ETHUSD-C0197,ETHUSD,False,SHORT,2022-05-19T15:22:53.596000Z,2022-05-20T14:27:33.755000Z,83080.159,-89,1200,0,1,22,8,NONE,FULL_CLOSE,477e0eb1-f0f3-f9f5-aefd-01575f1d2aca,946ad597-29e8-f369-15e0-517a5304fdf6,32,3,1227885.000000000000000000000,0,0,156672,-660945,,AGGREGATE_ONLY_NOT_ALIGNED,XBT,,LOW,HIGH,MEDIUM,MEDIUM,MEDIUM,LOW,LOW,ETHUSD-C0197,BEHAVIORAL_APPROXIMATION
XRPUSD-C0076,XRPUSD,False,LONG,2022-05-31T22:56:05.874000Z,2022-06-11T13:05:22.759000Z,914956.885,25,5400,0,1,20,2,NONE,FULL_CLOSE,b5dfae6d-2171-784f-c19d-17566231436c,c4649513-3d41-2f07-bd2c-536dfbba188b,24,32,-4116000.000000000000000000000,0,0,25702,338789,,AGGREGATE_ONLY_NOT_ALIGNED,XBT,,HIGH,HIGH,MEDIUM,MEDIUM,MEDIUM,MEDIUM,MEDIUM,XRPUSD-C0076,BEHAVIORAL_APPROXIMATION
XBTUSD-C0463,XBTUSD,True,LONG,2022-06-07T03:22:43.245000Z,2022-06-10T21:51:08.356000Z,325705.111,11800,280000,0,1,29,61,NONE,FULL_CLOSE,a8e8e237-bbc4-d650-56dc-4ca7e894c58b,2c5523a0-7eba-2f94-c4d2-9c9178a893cc,92,12,5842094.000000000000000000001,0,0,159633,-49249,,AGGREGATE_ONLY_NOT_ALIGNED,XBT,,HIGH,HIGH,MEDIUM,MEDIUM,MEDIUM,MEDIUM,MEDIUM,XBTUSD-C0463,BEHAVIORAL_APPROXIMATION
ETHUSD-C0198,ETHUSD,False,LONG,2022-06-07T14:47:31.341000Z,2022-06-11T12:20:30.246000Z,336778.905,20,3200,0,1,48,49,NONE,FULL_CLOSE,37d4bd7c-4292-cd02-e9fa-73bcfb46bffc,d9a3c8ad-4299-aa33-a01d-c232182cb70e,99,12,-33831200.0000000,0,0,233426,3940281,,AGGREGATE_ONLY_NOT_ALIGNED,XBT,,HIGH,HIGH,MEDIUM,MEDIUM,MEDIUM,MEDIUM,MEDIUM,ETHUSD-C0198,BEHAVIORAL_APPROXIMATION
XBTUSD-C0464,XBTUSD,True,LONG,2022-06-12T02:29:36.272000Z,2022-07-07T22:54:12.922000Z,2233476.65,5000,130000,0,1,74,38,NONE,FULL_CLOSE,d79bff41-16a2-9cda-add5-368f94407798,f4f9b365-9e03-39c1-079a-bf892e0d565c,114,78,1843161.000000000000000000015,0,0,564656,-238281,,AGGREGATE_ONLY_NOT_ALIGNED,XBT,,HIGH,HIGH,MEDIUM,MEDIUM,MEDIUM,MEDIUM,MEDIUM,XBTUSD-C0464,BEHAVIORAL_APPROXIMATION
ETHUSD-C0199,ETHUSD,False,LONG,2022-06-24T19:44:09.449000Z,2022-07-07T22:59:26.954000Z,1134917.505,99,1087,0,1,8,4,NONE,FULL_CLOSE,59124f72-2619-a375-ea44-5630088ca275,9625ae55-71ee-8e83-a273-93051db08143,14,40,3140040.000000000000000000000,0,0,154937,1192441,,AGGREGATE_ONLY_NOT_ALIGNED,XBT,,HIGH,HIGH,MEDIUM,MEDIUM,MEDIUM,MEDIUM,MEDIUM,ETHUSD-C0199,BEHAVIORAL_APPROXIMATION
ETHU22-C0001,ETHU22,False,LONG,2022-06-24T19:44:49.420000Z,2022-08-15T09:01:06.226000Z,4454176.806,24000,800000,-10000,1,15,16,NONE,FLIP,5d2fa05a-2b5e-942c-723c-d3bb7d29b0d2,73ec647a-7983-a594-c16c-b70c6ce6e97a,33,0,9283160.0,0,0,11392,0,,AGGREGATE_ONLY_NOT_ALIGNED,XBT,,HIGH,HIGH,MEDIUM,MEDIUM,MEDIUM,MEDIUM,MEDIUM,"ETHU22-C0001,ETHU22-C0002",BEHAVIORAL_APPROXIMATION
XBTUSD-C0465,XBTUSD,True,LONG,2022-07-08T09:09:57.181000Z,2022-07-08T16:08:44.279000Z,25127.098,1500,10000,0,1,2,3,NONE,FULL_CLOSE,8a716034-b34f-ec94-1ff9-57f29369b0a9,ede596d9-73c1-650b-1625-2bf702d01097,7,1,953817,0,0,29752,4638,,AGGREGATE_ONLY_NOT_ALIGNED,XBT,,HIGH,HIGH,MEDIUM,MEDIUM,MEDIUM,MEDIUM,MEDIUM,XBTUSD-C0465,BEHAVIORAL_APPROXIMATION
XBTUSD-C0466,XBTUSD,True,LONG,2022-07-08T16:43:03.326000Z,2022-07-15T15:35:44.426000Z,600761.1,3000,28000,0,1,8,2,NONE,FULL_CLOSE,38d8b14c-9019-797d-6398-e4b1f5b74b7d,c4133082-6d06-57c0-7ed5-1f1d232d37ce,12,21,4351130.00,0,0,111574,65525,,AGGREGATE_ONLY_NOT_ALIGNED,XBT,,HIGH,HIGH,MEDIUM,MEDIUM,MEDIUM,MEDIUM,MEDIUM,XBTUSD-C0466,BEHAVIORAL_APPROXIMATION
XBTUSD-C0467,XBTUSD,True,LONG,2022-07-15T15:59:00.608000Z,2022-07-30T13:08:16.540000Z,1285755.932,1700,66000,-2000,1,36,46,NONE,FLIP,c1abd702-a17b-0871-7cd7-e2ddb4607461,c88b5a40-8474-da5d-a4a7-b742405b0082,84,45,33350361.99999999999999999999,0,0,137500,93307,,AGGREGATE_ONLY_NOT_ALIGNED,XBT,,HIGH,HIGH,MEDIUM,MEDIUM,MEDIUM,MEDIUM,MEDIUM,"XBTUSD-C0467,XBTUSD-C0468",BEHAVIORAL_APPROXIMATION
ETHUSD-C0200,ETHUSD,False,LONG,2022-07-16T16:11:19.570000Z,2022-08-13T08:55:50.866000Z,2393071.296,37,1410,0,1,17,16,NONE,FULL_CLOSE,16a166ae-de88-f5ee-9ea5-dd34f71a7185,e5da0156-b245-1e10-bfaf-d2acd438390b,35,83,20628240.00000000000000000001,0,0,124649,694223,,AGGREGATE_ONLY_NOT_ALIGNED,XBT,,HIGH,HIGH,MEDIUM,MEDIUM,MEDIUM,MEDIUM,MEDIUM,ETHUSD-C0200,BEHAVIORAL_APPROXIMATION
XBTUSD-C0468,XBTUSD,True,SHORT,2022-07-30T13:08:16.540000Z,2022-08-01T10:51:56.767000Z,164620.227,-2000,3000,1000,1,1,1,XBTUSD-C0467,FLIP,c88b5a40-8474-da5d-a4a7-b742405b0082,9a16802f-ec59-e4c0-f5a7-4f7842933635,4,5,484720,0,0,8573,-1882,,AGGREGATE_ONLY_NOT_ALIGNED,XBT,,HIGH,HIGH,MEDIUM,MEDIUM,MEDIUM,MEDIUM,MEDIUM,"XBTUSD-C0468,XBTUSD-C0469",BEHAVIORAL_APPROXIMATION
XBTUSD-C0469,XBTUSD,True,LONG,2022-08-01T10:51:56.767000Z,2022-09-20T12:28:14.040000Z,4325777.273,1000,299800,0,1,92,71,XBTUSD-C0468,FULL_CLOSE,9a16802f-ec59-e4c0-f5a7-4f7842933635,fde9a20a-a862-b3bd-c404-6a8459307c5a,165,151,-76357249.99999999999999999999,0,0,1408812,-2718436,,AGGREGATE_ONLY_NOT_ALIGNED,XBT,,HIGH,HIGH,MEDIUM,MEDIUM,MEDIUM,MEDIUM,MEDIUM,XBTUSD-C0469,BEHAVIORAL_APPROXIMATION
ETHU22-C0002,ETHU22,False,SHORT,2022-08-15T09:01:06.226000Z,2022-09-17T08:34:43.983000Z,2849617.757,-10000,140000,0,1,11,2,ETHU22-C0001,FULL_CLOSE,73ec647a-7983-a594-c16c-b70c6ce6e97a,dde1d843-2e1b-3088-6950-f50147de50ea,15,0,1400000.000000000000000000000,0,0,8474,0,,AGGREGATE_ONLY_NOT_ALIGNED,XBT,,HIGH,HIGH,MEDIUM,MEDIUM,MEDIUM,MEDIUM,MEDIUM,ETHU22-C0002,BEHAVIORAL_APPROXIMATION
XBTUSD-C0470,XBTUSD,True,LONG,2022-09-21T18:02:14.194000Z,2022-09-22T08:01:33.986000Z,50359.792,700,62000,0,1,9,4,NONE,FULL_CLOSE,5ee960dd-8dd8-eaf3-287a-da27fa570282,eba03c69-7cab-b16d-f2aa-f6c8b9c6c60a,15,2,2865218.000000000000000000000,0,0,212636,6732,,AGGREGATE_ONLY_NOT_ALIGNED,XBT,,HIGH,HIGH,MEDIUM,MEDIUM,MEDIUM,MEDIUM,MEDIUM,XBTUSD-C0470,BEHAVIORAL_APPROXIMATION
DOGEUSD-C0014,DOGEUSD,False,LONG,2022-09-23T06:57:18.084000Z,2022-10-01T21:58:39.862000Z,745281.778,290,1222,0,1,3,4,NONE,FULL_CLOSE,02cab23f-ceeb-55be-db3b-cb0434d7a192,f342fae0-0064-0a27-6352-032267ec41b9,9,26,-152412.0000000000000000000000,0,0,11247,64779,,AGGREGATE_ONLY_NOT_ALIGNED,XBT,,HIGH,HIGH,MEDIUM,MEDIUM,MEDIUM,MEDIUM,MEDIUM,DOGEUSD-C0014,BEHAVIORAL_APPROXIMATION
XBTUSD-C0471,XBTUSD,True,LONG,2022-09-28T12:56:41.271000Z,2022-10-01T21:58:43.509000Z,291722.238,2000,212000,0,1,31,38,NONE,FULL_CLOSE,b321079a-d3bd-a54f-310d-90d173b9fd20,cca1a6d7-fd88-0e5a-8029-6449a01dd18c,71,10,246703.9999999999999999999996,0,0,352949,-32728,,AGGREGATE_ONLY_NOT_ALIGNED,XBT,,HIGH,HIGH,MEDIUM,MEDIUM,MEDIUM,MEDIUM,MEDIUM,XBTUSD-C0471,BEHAVIORAL_APPROXIMATION
XBTUSD-C0472,XBTUSD,True,LONG,2022-10-02T10:15:21.725000Z,2022-10-02T15:35:31.948000Z,19210.223,6000,6000,0,1,0,0,NONE,FULL_CLOSE,cb7166be-3812-3bb3-c120-9a1e51074592,9a66c5c6-5d35-e791-3e37-df370846c5ac,2,1,187320,0,0,20374,-219,,AGGREGATE_ONLY_NOT_ALIGNED,XBT,,HIGH,HIGH,MEDIUM,MEDIUM,MEDIUM,MEDIUM,MEDIUM,XBTUSD-C0472,BEHAVIORAL_APPROXIMATION
XBTUSD-C0473,XBTUSD,True,SHORT,2022-10-03T04:23:40.614000Z,2022-10-03T17:22:48.404000Z,46747.79,-6000,30000,6000,1,7,5,NONE,FLIP,5c34ea05-33c3-e738-5100-154aed74b652,d2d7295d-5312-8147-37a7-76183850bc90,14,1,-3151800,0,0,149037,25396,,AGGREGATE_ONLY_NOT_ALIGNED,XBT,,HIGH,HIGH,MEDIUM,MEDIUM,MEDIUM,MEDIUM,MEDIUM,"XBTUSD-C0473,XBTUSD-C0474",BEHAVIORAL_APPROXIMATION
XBTUSD-C0474,XBTUSD,True,LONG,2022-10-03T17:22:48.404000Z,2022-10-07T04:49:35.195000Z,300406.791,6000,150000,0,1,37,56,XBTUSD-C0473,FULL_CLOSE,d2d7295d-5312-8147-37a7-76183850bc90,f78d9a94-7700-26c2-2ed6-695580829685,95,11,8091932.999999999999999999997,0,0,1734649,-147395,,AGGREGATE_ONLY_NOT_ALIGNED,XBT,,HIGH,HIGH,MEDIUM,MEDIUM,MEDIUM,MEDIUM,MEDIUM,XBTUSD-C0474,BEHAVIORAL_APPROXIMATION
DOGEUSD-C0015,DOGEUSD,False,LONG,2022-10-05T00:25:06.337000Z,2022-10-27T09:13:29.651000Z,1932503.314,512,18946,0,1,26,19,NONE,FULL_CLOSE,1d3dc3ee-aa1b-7ffb-e931-c61d69561524,78b4f579-6b7a-b219-01b5-ceeeeff7fce0,47,67,28414234.99999999999999999998,0,0,19027,186156,,AGGREGATE_ONLY_NOT_ALIGNED,XBT,,HIGH,HIGH,MEDIUM,MEDIUM,MEDIUM,MEDIUM,MEDIUM,DOGEUSD-C0015,BEHAVIORAL_APPROXIMATION
XRPUSD-C0077,XRPUSD,False,SHORT,2022-10-08T04:25:58.049000Z,2022-10-19T20:49:00.747000Z,1009382.698,-445,4400,0,1,14,17,NONE,FULL_CLOSE,7d9add06-8980-c2a2-3ecb-71e5ad9a2807,edf24968-6bf9-8463-2876-f84b0121dbe0,33,35,5500128.000000000000000000000,0,0,53997,-110865,,AGGREGATE_ONLY_NOT_ALIGNED,XBT,,HIGH,HIGH,MEDIUM,MEDIUM,MEDIUM,MEDIUM,MEDIUM,XRPUSD-C0077,BEHAVIORAL_APPROXIMATION
XBTUSD-C0475,XBTUSD,True,SHORT,2022-10-08T22:52:00.646000Z,2022-10-17T10:37:00.584000Z,733499.938,-3000,150400,0,1,79,38,NONE,FULL_CLOSE,82c38531-f2dd-6242-52bd-217695d2fb28,fad7ebd1-331f-68b7-42ed-12303139d83e,119,25,4889288.999999999999999999999,0,0,1013974,121407,,AGGREGATE_ONLY_NOT_ALIGNED,XBT,,HIGH,HIGH,MEDIUM,MEDIUM,MEDIUM,MEDIUM,MEDIUM,XBTUSD-C0475,BEHAVIORAL_APPROXIMATION
XBTUSD-C0476,XBTUSD,True,SHORT,2022-10-17T11:13:45.875000Z,2022-10-18T17:37:06.990000Z,109401.115,-3800,44000,0,1,4,4,NONE,FULL_CLOSE,59fb4ebd-a6ea-92d0-e8fc-ab16f2b8cbf1,961e21bd-72d5-be32-06e8-9e1a7f606ee7,10,4,1787346.000000000000000000000,0,0,147384,4853,,AGGREGATE_ONLY_NOT_ALIGNED,XBT,,HIGH,HIGH,MEDIUM,MEDIUM,MEDIUM,MEDIUM,MEDIUM,XBTUSD-C0476,BEHAVIORAL_APPROXIMATION
XBTUSD-C0477,XBTUSD,True,SHORT,2022-10-19T06:02:17.253000Z,2022-10-19T17:47:03.955000Z,42286.702,-8200,40000,0,1,13,2,NONE,FULL_CLOSE,23bcd643-fd9c-ba63-bc70-8eaddecd7f47,f1e9a202-ec08-09a1-0192-2d1ec3e84c0b,17,1,906744.0,0,0,312610,-20832,,AGGREGATE_ONLY_NOT_ALIGNED,XBT,,HIGH,HIGH,MEDIUM,MEDIUM,MEDIUM,MEDIUM,MEDIUM,XBTUSD-C0477,BEHAVIORAL_APPROXIMATION
XBTUSD-C0478,XBTUSD,True,SHORT,2022-10-20T18:13:51.214000Z,2022-10-21T23:18:02.551000Z,104651.337,-6000,100000,0,1,15,4,NONE,FULL_CLOSE,63e3c5ad-8426-8137-b45f-efb5d42a562e,e243fde0-4138-29ca-f56c-bb79031abd8f,21,4,-4991400.0,0,0,785899,-61182,,AGGREGATE_ONLY_NOT_ALIGNED,XBT,,HIGH,HIGH,MEDIUM,MEDIUM,MEDIUM,MEDIUM,MEDIUM,XBTUSD-C0478,BEHAVIORAL_APPROXIMATION
XBTUSD-C0479,XBTUSD,True,SHORT,2022-10-22T06:54:42.803000Z,2022-10-23T22:17:53.328000Z,141790.525,-21900,440000,8100,1,40,61,NONE,FLIP,38fab24d-4b8a-db0b-29fe-a738cbc82f33,d4befab1-599a-21e0-39c6-eee134b20c09,103,5,-29228789.00000000000000000002,0,0,1387566,5485,,AGGREGATE_ONLY_NOT_ALIGNED,XBT,,HIGH,HIGH,MEDIUM,MEDIUM,MEDIUM,MEDIUM,MEDIUM,"XBTUSD-C0479,XBTUSD-C0480",BEHAVIORAL_APPROXIMATION
ETHZ22-C0001,ETHZ22,False,LONG,2022-10-22T22:00:42.461000Z,2022-11-12T03:20:36.316000Z,1747193.855,393000,4100000,0,1,28,34,NONE,FULL_CLOSE,427f7cf6-e400-bce3-34c2-26b37ee80d5b,6905789a-cb6b-a928-ec32-74145b8f84ba,64,0,31002149.99999999999999999999,0,0,116308,0,,AGGREGATE_ONLY_NOT_ALIGNED,XBT,,HIGH,HIGH,MEDIUM,MEDIUM,MEDIUM,MEDIUM,MEDIUM,ETHZ22-C0001,BEHAVIORAL_APPROXIMATION
XBTUSD-C0480,XBTUSD,True,LONG,2022-10-23T22:17:53.328000Z,2022-10-25T15:20:56.805000Z,147783.477,8100,417100,0,1,57,43,XBTUSD-C0479,FULL_CLOSE,d4befab1-599a-21e0-39c6-eee134b20c09,ee1b51e3-8efd-9ff4-0b18-714514cb5795,102,5,8136395.000000000000000000001,0,0,886412,529297,,AGGREGATE_ONLY_NOT_ALIGNED,XBT,,HIGH,HIGH,MEDIUM,MEDIUM,MEDIUM,MEDIUM,MEDIUM,XBTUSD-C0480,BEHAVIORAL_APPROXIMATION
XBTUSD-C0481,XBTUSD,True,SHORT,2022-10-25T15:22:26.980000Z,2022-10-25T15:51:01.219000Z,1714.239,-9500,10300,2300,1,1,2,NONE,FLIP,4fa71839-a91f-356f-c448-f28cf25dfd2d,832e085e-5c8d-1679-8661-113fb34447b2,5,0,-285749,0,0,42515,0,,AGGREGATE_ONLY_NOT_ALIGNED,XBT,,HIGH,HIGH,MEDIUM,MEDIUM,MEDIUM,MEDIUM,MEDIUM,"XBTUSD-C0481,XBTUSD-C0482",BEHAVIORAL_APPROXIMATION
XBTUSD-C0482,XBTUSD,True,LONG,2022-10-25T15:51:01.219000Z,2022-10-28T21:31:33.798000Z,279632.579,2300,220500,0,1,90,124,XBTUSD-C0481,FULL_CLOSE,832e085e-5c8d-1679-8661-113fb34447b2,e7996477-6c74-af76-0514-20618abf1319,216,10,52182309.99999999999999999995,0,0,1911597,394424,,AGGREGATE_ONLY_NOT_ALIGNED,XBT,,HIGH,HIGH,MEDIUM,MEDIUM,MEDIUM,MEDIUM,MEDIUM,XBTUSD-C0482,BEHAVIORAL_APPROXIMATION
DOGEUSD-C0016,DOGEUSD,False,LONG,2022-10-27T10:43:18.397000Z,2022-10-27T13:48:22.768000Z,11104.371,622,622,0,1,0,0,NONE,FULL_CLOSE,3bd85e0a-24e4-c192-a35e-02c799639a12,8048bc65-0de2-30e8-f945-1375e631c537,2,1,138706,0,0,3129,471,,AGGREGATE_ONLY_NOT_ALIGNED,XBT,,HIGH,HIGH,MEDIUM,MEDIUM,MEDIUM,MEDIUM,MEDIUM,DOGEUSD-C0016,BEHAVIORAL_APPROXIMATION
DOGEUSD-C0017,DOGEUSD,False,LONG,2022-10-28T03:57:00.432000Z,2022-10-28T15:48:01.587000Z,42661.155,137,666,-444,1,2,2,NONE,FLIP,5f3af3d1-0249-4613-a86c-25be8df80cd8,d9c1ce66-3f2d-b530-ee92-3b04cd0aad07,6,2,736961.0000000000000000000000,0,0,10773,1038,,AGGREGATE_ONLY_NOT_ALIGNED,XBT,,HIGH,HIGH,MEDIUM,MEDIUM,MEDIUM,MEDIUM,MEDIUM,"DOGEUSD-C0017,DOGEUSD-C0018",BEHAVIORAL_APPROXIMATION
DOGEUSD-C0018,DOGEUSD,False,SHORT,2022-10-28T15:48:01.587000Z,2022-10-30T13:57:32.925000Z,166171.338,-444,25996,0,1,22,46,DOGEUSD-C0017,FULL_CLOSE,d9c1ce66-3f2d-b530-ee92-3b04cd0aad07,d7962173-a6fd-d41f-4dd1-e68ebabb4a0e,70,6,-5114836.000000000000000000003,0,0,25535,-69659,,AGGREGATE_ONLY_NOT_ALIGNED,XBT,,HIGH,HIGH,MEDIUM,MEDIUM,MEDIUM,MEDIUM,MEDIUM,DOGEUSD-C0018,BEHAVIORAL_APPROXIMATION
XBTUSD-C0483,XBTUSD,True,LONG,2022-10-29T05:02:02.923000Z,2022-10-29T09:13:06.581000Z,15063.658,2000,6000,0,1,1,10,NONE,FULL_CLOSE,0a136d22-dbd7-dfe1-aa5b-e227695c1cfb,f83801a1-b5b0-4cce-35c6-feb7189f8dcb,13,0,250600.0000000000000000000001,0,0,26850,0,,AGGREGATE_ONLY_NOT_ALIGNED,XBT,,HIGH,HIGH,MEDIUM,MEDIUM,MEDIUM,MEDIUM,MEDIUM,XBTUSD-C0483,BEHAVIORAL_APPROXIMATION
XBTUSD-C0484,XBTUSD,True,LONG,2022-10-29T09:21:20.771000Z,2022-10-30T13:58:16.970000Z,103016.199,1900,102000,0,1,14,8,NONE,FULL_CLOSE,3516baa7-33b0-49c5-0908-8e593529880a,fe6f9b3e-b0b2-f920-c215-72b9b4095b42,24,4,-3727139.000000000000000000000,0,0,362185,62684,,AGGREGATE_ONLY_NOT_ALIGNED,XBT,,HIGH,HIGH,MEDIUM,MEDIUM,MEDIUM,MEDIUM,MEDIUM,XBTUSD-C0484,BEHAVIORAL_APPROXIMATION
XBTUSD-C0485,XBTUSD,True,SHORT,2022-10-30T16:03:12.211000Z,2022-10-31T01:43:23.036000Z,34810.825,-100,7000,7000,1,4,1,NONE,FLIP,2a4b6fc0-df11-a25f-55a4-ffc5789d89db,07b3c1fa-3420-75e2-6c79-703f9882af84,7,1,132630,0,0,12305,305,,AGGREGATE_ONLY_NOT_ALIGNED,XBT,,HIGH,HIGH,MEDIUM,MEDIUM,MEDIUM,MEDIUM,MEDIUM,"XBTUSD-C0485,XBTUSD-C0486",BEHAVIORAL_APPROXIMATION
DOGEUSD-C0019,DOGEUSD,False,SHORT,2022-10-31T00:58:30.425000Z,2022-10-31T10:02:39.093000Z,32648.668,-333,333,0,1,0,0,NONE,FULL_CLOSE,3df6a988-52ae-232d-4129-728031da38e8,3861deb3-d0ed-38e0-b34b-6edc41db99c7,2,1,92241,0,0,2658,-614,,AGGREGATE_ONLY_NOT_ALIGNED,XBT,,HIGH,HIGH,MEDIUM,MEDIUM,MEDIUM,MEDIUM,MEDIUM,DOGEUSD-C0019,BEHAVIORAL_APPROXIMATION
XBTUSD-C0486,XBTUSD,True,LONG,2022-10-31T01:43:23.036000Z,2022-10-31T15:55:20.622000Z,51117.586,7000,100000,0,1,27,24,XBTUSD-C0485,FULL_CLOSE,07b3c1fa-3420-75e2-6c79-703f9882af84,fcb8feda-e5f3-56eb-5e08-ce615d943f82,53,2,-5295650.00,0,0,445600,38138,,AGGREGATE_ONLY_NOT_ALIGNED,XBT,,HIGH,HIGH,MEDIUM,MEDIUM,MEDIUM,MEDIUM,MEDIUM,XBTUSD-C0486,BEHAVIORAL_APPROXIMATION
ETHUSD-C0201,ETHUSD,False,LONG,2022-10-31T10:02:04.043000Z,2022-10-31T15:45:59.746000Z,20635.703,102,222,0,1,1,1,NONE,FULL_CLOSE,adad9941-e9bb-62fe-839e-329b8c8e0157,d31d630e-6605-8ebe-119c-5b10cb6cd150,4,1,-1201155,0,0,22523,3600,,AGGREGATE_ONLY_NOT_ALIGNED,XBT,,HIGH,HIGH,MEDIUM,MEDIUM,MEDIUM,MEDIUM,MEDIUM,ETHUSD-C0201,BEHAVIORAL_APPROXIMATION
XBTUSD-C0487,XBTUSD,True,LONG,2022-10-31T16:42:56.429000Z,2022-11-01T03:38:39.679000Z,39343.25,9300,30000,0,1,12,5,NONE,FULL_CLOSE,b43e7c5c-9307-4df1-29a1-c07ce494deb2,a5e5a465-7a12-d8f2-3361-ed5303573245,19,1,237804.0,0,0,161594,4909,,AGGREGATE_ONLY_NOT_ALIGNED,XBT,,HIGH,HIGH,MEDIUM,MEDIUM,MEDIUM,MEDIUM,MEDIUM,XBTUSD-C0487,BEHAVIORAL_APPROXIMATION
ETHUSD-C0202,ETHUSD,False,LONG,2022-10-31T22:03:50.382000Z,2022-11-01T03:34:09.302000Z,19818.92,100,433,0,1,5,15,NONE,FULL_CLOSE,85c47553-fee6-2e61-59d9-f2ea418113b4,e2fee9e7-2a84-c77e-210f-71729de4ddc7,22,0,1018910.000000000000000000000,0,0,72845,0,,AGGREGATE_ONLY_NOT_ALIGNED,XBT,,HIGH,HIGH,MEDIUM,MEDIUM,MEDIUM,MEDIUM,MEDIUM,ETHUSD-C0202,BEHAVIORAL_APPROXIMATION
DOGEUSD-C0020,DOGEUSD,False,SHORT,2022-11-01T04:28:39.642000Z,2022-11-01T11:06:50.233000Z,23890.591,-222,1998,0,1,8,5,NONE,FULL_CLOSE,e4ba4c6e-aff6-0f38-0424-5fac019d9642,dd1a9f4a-e3eb-c559-50d0-e5cbc93990a3,15,0,487704.0000000000000000000000,0,0,15945,0,,AGGREGATE_ONLY_NOT_ALIGNED,XBT,,HIGH,HIGH,MEDIUM,MEDIUM,MEDIUM,MEDIUM,MEDIUM,DOGEUSD-C0020,BEHAVIORAL_APPROXIMATION
XBTUSD-C0488,XBTUSD,True,LONG,2022-11-01T05:04:56.002000Z,2022-11-01T11:10:51.145000Z,21955.143,44000,156000,0,1,12,28,NONE,FULL_CLOSE,677b24c2-3ae7-73fb-0440-ae3fc258368c,fcdd7a39-7281-728f-98dc-2e160da3c949,42,0,761659.9999999999999999999999,0,0,1138394,0,,AGGREGATE_ONLY_NOT_ALIGNED,XBT,,HIGH,HIGH,MEDIUM,MEDIUM,MEDIUM,MEDIUM,MEDIUM,XBTUSD-C0488,BEHAVIORAL_APPROXIMATION
XBTUSD-C0489,XBTUSD,True,LONG,2022-11-01T11:18:22.968000Z,2022-11-02T20:10:41.699000Z,118338.731,2600,166400,0,1,62,41,NONE,FULL_CLOSE,1679d8f4-9501-8d18-d25d-f3eb0fbe8484,fab0f786-51e2-d4cb-eb0f-162699790172,105,5,-4964670.999999999999999999998,0,0,1015743,84333,,AGGREGATE_ONLY_NOT_ALIGNED,XBT,,HIGH,HIGH,MEDIUM,MEDIUM,MEDIUM,MEDIUM,MEDIUM,XBTUSD-C0489,BEHAVIORAL_APPROXIMATION
ETHUSD-C0203,ETHUSD,False,LONG,2022-11-01T18:32:28.147000Z,2022-11-02T20:10:49.410000Z,92301.263,1,3110,0,1,38,61,NONE,FULL_CLOSE,aa86eee8-3cb1-1ae2-bcef-0fe06d83b2d5,e51e75f5-be5e-8ffd-dc97-1dfac5b6ed74,101,4,-6545910.000000000000000000004,0,0,448804,86215,,AGGREGATE_ONLY_NOT_ALIGNED,XBT,,HIGH,HIGH,MEDIUM,MEDIUM,MEDIUM,MEDIUM,MEDIUM,ETHUSD-C0203,BEHAVIORAL_APPROXIMATION
DOGEUSD-C0021,DOGEUSD,False,LONG,2022-11-02T08:12:01.805000Z,2022-11-03T05:26:26.680000Z,76464.875,83,999,0,1,7,4,NONE,FULL_CLOSE,1f468694-c666-1dd6-2255-ad75da02bd0c,b94e5356-b542-553f-2f6c-8ffa02bb6058,13,3,393102.0000000000000000000000,0,0,9995,8308,,AGGREGATE_ONLY_NOT_ALIGNED,XBT,,HIGH,HIGH,MEDIUM,MEDIUM,MEDIUM,MEDIUM,MEDIUM,DOGEUSD-C0021,BEHAVIORAL_APPROXIMATION
LTCUSD-C0048,LTCUSD,False,LONG,2022-11-02T08:52:16.943000Z,2022-11-02T12:32:39.914000Z,13222.971,1042,32903,0,1,60,32,NONE,FULL_CLOSE,26d30c91-a68d-6d5f-dee1-87c54770332a,f45bcd8b-f37a-16d9-31f7-e2b814c7276f,94,1,2865112.000000000000000000002,0,0,33090,118116,,AGGREGATE_ONLY_NOT_ALIGNED,XBT,,HIGH,HIGH,MEDIUM,MEDIUM,MEDIUM,MEDIUM,MEDIUM,LTCUSD-C0048,BEHAVIORAL_APPROXIMATION
ETHUSD-C0204,ETHUSD,False,LONG,2022-11-02T20:13:50.429000Z,2022-11-03T03:36:56.773000Z,26586.344,58,1222,0,1,9,12,NONE,FULL_CLOSE,0d9f6810-fe5c-c8b1-0faf-49743ae83a26,e6789a1e-f6dc-2e74-1472-2198f05a1237,23,0,4156065.000000000000000000001,0,0,281470,0,,AGGREGATE_ONLY_NOT_ALIGNED,XBT,,HIGH,HIGH,MEDIUM,MEDIUM,MEDIUM,MEDIUM,MEDIUM,ETHUSD-C0204,BEHAVIORAL_APPROXIMATION
DOGEUSD-C0022,DOGEUSD,False,LONG,2022-11-03T08:03:09.265000Z,2022-11-04T23:12:00.993000Z,140931.728,360,2220,0,1,8,4,NONE,FULL_CLOSE,c52ea1a5-fd7c-e3e1-e849-89b3d4aa9d32,ff5a21cc-5149-9489-4e28-da2083000667,14,5,335808.0,0,0,18242,37691,,AGGREGATE_ONLY_NOT_ALIGNED,XBT,,HIGH,HIGH,MEDIUM,MEDIUM,MEDIUM,MEDIUM,MEDIUM,DOGEUSD-C0022,BEHAVIORAL_APPROXIMATION
ETHUSD-C0205,ETHUSD,False,LONG,2022-11-03T20:34:09.587000Z,2022-11-03T21:31:48.871000Z,3459.284,7,340,0,1,3,5,NONE,FULL_CLOSE,fad448d4-9d05-adc0-8fe9-b4ce3a188474,dff6dcdc-754e-eed3-5ec6-3449ecc6e1bd,10,0,-7990.000000000000000000000000,0,0,78592,0,,AGGREGATE_ONLY_NOT_ALIGNED,XBT,,HIGH,HIGH,MEDIUM,MEDIUM,MEDIUM,MEDIUM,MEDIUM,ETHUSD-C0205,BEHAVIORAL_APPROXIMATION
ETHUSD-C0206,ETHUSD,False,LONG,2022-11-04T05:31:28.977000Z,2022-11-08T19:21:41.295000Z,395412.318,37,2677,0,1,29,46,NONE,FULL_CLOSE,341239fd-2610-c96a-e074-496b6fca2e4d,fd79334c-fb87-ff39-f141-9364a9a60211,77,13,-39039625.00000000000000000000,0,0,419814,659409,,AGGREGATE_ONLY_NOT_ALIGNED,XBT,,HIGH,HIGH,MEDIUM,MEDIUM,MEDIUM,MEDIUM,MEDIUM,ETHUSD-C0206,BEHAVIORAL_APPROXIMATION
XBTUSD-C0490,XBTUSD,True,LONG,2022-11-04T06:03:25.430000Z,2022-11-04T21:21:22.514000Z,55077.084,5000,510000,0,1,73,82,NONE,FULL_CLOSE,305843e7-85e1-7fc0-c8ef-8be670dc992b,f3873f22-3801-4099-d7d6-91ee85edebbf,157,2,35719700.00000000000000000001,0,0,1638998,-1345,,AGGREGATE_ONLY_NOT_ALIGNED,XBT,,HIGH,HIGH,MEDIUM,MEDIUM,MEDIUM,MEDIUM,MEDIUM,XBTUSD-C0490,BEHAVIORAL_APPROXIMATION
XBTUSD-C0491,XBTUSD,True,LONG,2022-11-04T21:52:09.842000Z,2022-11-09T01:30:00.598000Z,358670.756,3100,855600,0,1,104,165,NONE,FULL_CLOSE,001d81d0-252a-093f-8751-4f60c36ff613,fc3c9189-bb15-8d2c-30fd-6fe3f744a8d1,271,12,-460643219.0000000000000000005,0,0,5993701,1924769,,AGGREGATE_ONLY_NOT_ALIGNED,XBT,,HIGH,HIGH,MEDIUM,MEDIUM,MEDIUM,MEDIUM,MEDIUM,XBTUSD-C0491,BEHAVIORAL_APPROXIMATION
DOGEUSD-C0023,DOGEUSD,False,LONG,2022-11-05T09:09:30.837000Z,2022-11-08T19:21:30.783000Z,295919.946,168,9552,0,1,14,20,NONE,FULL_CLOSE,41172b21-772b-3a49-9325-80bbe0fbce10,eace29df-8ca5-0e9b-943c-a0f6b893177f,36,10,-19391860.00000000000000000004,0,0,61058,109970,,AGGREGATE_ONLY_NOT_ALIGNED,XBT,,HIGH,HIGH,MEDIUM,MEDIUM,MEDIUM,MEDIUM,MEDIUM,DOGEUSD-C0023,BEHAVIORAL_APPROXIMATION
DOGEUSD-C0024,DOGEUSD,False,LONG,2022-11-08T19:22:34.509000Z,2022-11-08T19:33:31.269000Z,656.76,1705,8888,0,1,3,0,NONE,FULL_CLOSE,4f648d34-dd12-aa05-9d6e-5f103e84292a,250922e6-a50a-e2e5-1374-83ebdc7a68ca,5,0,-5777200,0,0,44486,0,,AGGREGATE_ONLY_NOT_ALIGNED,XBT,,HIGH,HIGH,MEDIUM,MEDIUM,MEDIUM,MEDIUM,MEDIUM,DOGEUSD-C0024,BEHAVIORAL_APPROXIMATION
XBTUSD-C0492,XBTUSD,True,SHORT,2022-11-09T03:42:56.959000Z,2022-11-11T14:34:00.080000Z,211863.121,-500,2000,0,1,3,0,NONE,FULL_CLOSE,1e0826b8-8aca-e45f-5a09-65fcc1bf848b,659ba1c7-c343-c991-9ea9-0d4cfc4792d3,5,8,1143575,0,0,10309,131496,,AGGREGATE_ONLY_NOT_ALIGNED,XBT,,HIGH,HIGH,MEDIUM,MEDIUM,MEDIUM,MEDIUM,MEDIUM,XBTUSD-C0492,BEHAVIORAL_APPROXIMATION
DOGEUSD-C0025,DOGEUSD,False,LONG,2022-11-09T21:18:58.867000Z,2022-11-12T05:03:48.386000Z,200689.519,150,2950,0,1,13,5,NONE,FULL_CLOSE,a44da020-b235-6dd7-f388-1cbeaf4c0133,e78f564b-e456-e4b4-c6a6-039cbd594513,20,7,-931578.0000000000000000000000,0,0,19366,16627,,AGGREGATE_ONLY_NOT_ALIGNED,XBT,,HIGH,HIGH,MEDIUM,MEDIUM,MEDIUM,MEDIUM,MEDIUM,DOGEUSD-C0025,BEHAVIORAL_APPROXIMATION
XBTUSD-C0493,XBTUSD,True,LONG,2022-11-11T14:34:16.131000Z,2022-11-12T00:22:42.956000Z,35306.825,1000,321000,0,1,43,17,NONE,FULL_CLOSE,277f4a15-3667-6fe0-cc27-89891954cbf7,fa45ee2c-8848-f3c7-b8ed-03cc6bad05ce,62,1,1568945.000000000000000000001,0,0,1675985,-8402,,AGGREGATE_ONLY_NOT_ALIGNED,XBT,,HIGH,HIGH,MEDIUM,MEDIUM,MEDIUM,MEDIUM,MEDIUM,XBTUSD-C0493,BEHAVIORAL_APPROXIMATION
XBTUSD-C0494,XBTUSD,True,SHORT,2022-11-12T04:23:45.704000Z,2022-11-13T02:22:57.924000Z,79152.22,-4800,41000,0,1,12,11,NONE,FULL_CLOSE,08371f32-2393-9c12-0d9c-427e797a91f3,cc200367-151e-8651-922d-120ae3315f6f,25,2,-1488974.000000000000000000001,0,0,244662,287629,,AGGREGATE_ONLY_NOT_ALIGNED,XBT,,HIGH,HIGH,MEDIUM,MEDIUM,MEDIUM,MEDIUM,MEDIUM,XBTUSD-C0494,BEHAVIORAL_APPROXIMATION
DOGEUSD-C0026,DOGEUSD,False,LONG,2022-11-12T18:08:10.231000Z,2022-11-20T21:44:14.194000Z,704163.963,1000,5222,0,1,6,8,NONE,FULL_CLOSE,2ad55da0-2358-405b-7c57-b6c7f5561f7d,eeb352d8-8572-0317-fb58-429ae48f0d72,16,25,-3553929.000000000000000000000,0,0,28230,391643,,AGGREGATE_ONLY_NOT_ALIGNED,XBT,,HIGH,HIGH,MEDIUM,MEDIUM,MEDIUM,MEDIUM,MEDIUM,DOGEUSD-C0026,BEHAVIORAL_APPROXIMATION
ETHZ22-C0002,ETHZ22,False,LONG,2022-11-13T09:14:06.215000Z,2022-11-16T07:57:46.861000Z,254620.646,200000,200000,0,1,0,1,NONE,FULL_CLOSE,2a1cb15d-0f61-361a-6c76-005568a4c9eb,c1487bea-639a-7b80-eb64-b866d7f5f2e9,3,0,100000,0,0,3331,0,,AGGREGATE_ONLY_NOT_ALIGNED,XBT,,HIGH,HIGH,HIGH,MEDIUM,MEDIUM,MEDIUM,MEDIUM,ETHZ22-C0002,BEHAVIORAL_APPROXIMATION
XBTUSD-C0495,XBTUSD,True,LONG,2022-11-14T06:37:44.921000Z,2022-11-14T08:07:38.737000Z,5393.816,8400,110000,0,1,4,3,NONE,FULL_CLOSE,0070ec0e-1a16-cb4f-e322-aef202ff6096,fd87d41c-7dd9-ca86-694a-1df98c32edc8,9,0,34043592.00000000000000000000,0,0,1009977,0,,AGGREGATE_ONLY_NOT_ALIGNED,XBT,,HIGH,HIGH,MEDIUM,MEDIUM,MEDIUM,MEDIUM,MEDIUM,XBTUSD-C0495,BEHAVIORAL_APPROXIMATION
XBTUSD-C0496,XBTUSD,True,LONG,2022-11-14T08:38:46.477000Z,2022-11-14T11:34:09.346000Z,10522.869,900,5000,0,1,1,10,NONE,FULL_CLOSE,1b47583e-a4b1-8781-c76e-8a33fa38ab0c,d9193179-5a6c-53b1-397f-68af9275afd5,13,0,62166,0,0,19443,0,,AGGREGATE_ONLY_NOT_ALIGNED,XBT,,HIGH,HIGH,MEDIUM,MEDIUM,MEDIUM,MEDIUM,MEDIUM,XBTUSD-C0496,BEHAVIORAL_APPROXIMATION
XBTUSD-C0497,XBTUSD,True,LONG,2022-11-14T13:51:11.596000Z,2022-11-15T00:42:25.963000Z,39074.367,10000,40000,0,1,4,2,NONE,FULL_CLOSE,4674ba6e-0fad-505e-9f4e-46ed383be9e6,c3de569e-0c0c-46b3-ef48-0741ff270001,8,1,3399300.0,0,0,156420,-207679,,AGGREGATE_ONLY_NOT_ALIGNED,XBT,,HIGH,HIGH,MEDIUM,MEDIUM,MEDIUM,MEDIUM,MEDIUM,XBTUSD-C0497,BEHAVIORAL_APPROXIMATION
XBTUSD-C0498,XBTUSD,True,LONG,2022-11-15T07:17:13.349000Z,2022-11-15T08:03:59.859000Z,2806.51,7800,100000,0,1,20,10,NONE,FULL_CLOSE,532b1b55-686c-9e2b-665c-d0f3a6e1ea18,d05f5971-d3ec-8895-40ce-b8140b35d253,32,0,-2160977.000,0,0,678828,0,,AGGREGATE_ONLY_NOT_ALIGNED,XBT,,LOW,HIGH,MEDIUM,MEDIUM,MEDIUM,LOW,LOW,XBTUSD-C0498,BEHAVIORAL_APPROXIMATION
XBTUSD-C0499,XBTUSD,True,LONG,2022-11-15T08:30:28.440000Z,2022-11-15T09:31:33.337000Z,3664.897,100,20000,0,1,5,5,NONE,FULL_CLOSE,3efd1aa4-6318-1976-7ef6-d3dc12822985,e992cc39-69b2-72fd-299f-5c34d023b4c8,12,0,-673806,0,0,177846,0,,AGGREGATE_ONLY_NOT_ALIGNED,XBT,,HIGH,HIGH,MEDIUM,MEDIUM,MEDIUM,MEDIUM,MEDIUM,XBTUSD-C0499,BEHAVIORAL_APPROXIMATION
XBTUSD-C0500,XBTUSD,True,LONG,2022-11-15T11:04:20.933000Z,2022-11-15T12:04:33.357000Z,3612.424,1700,380000,0,1,68,25,NONE,FULL_CLOSE,0d26898a-e081-6839-73e0-ce599bb9e0d5,0ab6098a-87c5-fec7-2fd6-0b35f0fe5462,95,1,-28343880.99999999999999999999,0,0,610744,-145102,,AGGREGATE_ONLY_NOT_ALIGNED,XBT,,HIGH,HIGH,MEDIUM,MEDIUM,MEDIUM,MEDIUM,MEDIUM,XBTUSD-C0500,BEHAVIORAL_APPROXIMATION
XBTUSD-C0501,XBTUSD,True,SHORT,2022-11-15T12:04:58.431000Z,2022-11-15T12:14:59.164000Z,600.733,-10700,240000,0,1,11,22,NONE,FULL_CLOSE,2361e502-9e0b-4414-0ef0-869190db641b,b9ce7eef-825a-127c-670d-7b8a0c737042,35,0,-7864216.000000000000000000000,0,0,964433,0,,AGGREGATE_ONLY_NOT_ALIGNED,XBT,,HIGH,HIGH,MEDIUM,MEDIUM,MEDIUM,MEDIUM,MEDIUM,XBTUSD-C0501,BEHAVIORAL_APPROXIMATION
XBTUSD-C0502,XBTUSD,True,LONG,2022-11-15T13:10:09.404000Z,2022-11-16T04:16:22.637000Z,54373.233,5300,120000,0,1,31,17,NONE,FULL_CLOSE,c4f9e0a4-6ea6-3ad0-f95a-cb6486b1b9fc,fbd5e0df-5e99-a018-25dc-ea97af13defc,50,2,2884395.0000,0,0,489401,-321655,,AGGREGATE_ONLY_NOT_ALIGNED,XBT,,LOW,HIGH,MEDIUM,MEDIUM,MEDIUM,LOW,LOW,XBTUSD-C0502,BEHAVIORAL_APPROXIMATION
BMEXUSD-C0001,BMEXUSD,False,LONG,2022-11-16T01:22:48.452000Z,2022-11-17T21:38:15.837000Z,159327.385,200,3000,0,1,3,1,NONE,FULL_CLOSE,4f25dc3e-e96a-5193-0f29-ae1f0d0c7831,a88021d9-4e3e-781b-b6ef-b43efcbd5307,6,6,474500,0,0,660,27358,,AGGREGATE_ONLY_NOT_ALIGNED,XBT,,HIGH,HIGH,MEDIUM,MEDIUM,MEDIUM,MEDIUM,MEDIUM,BMEXUSD-C0001,BEHAVIORAL_APPROXIMATION
XBTUSD-C0503,XBTUSD,True,SHORT,2022-11-16T08:17:46.729000Z,2022-11-17T17:03:59.842000Z,117973.113,-19800,120000,0,1,13,15,NONE,FULL_CLOSE,2f62bfbc-07cc-2865-27c7-e167391e5964,f84533c6-5fd6-4e4e-e70a-cc6d11cdd8f4,30,4,-422536.0000000000000000000001,0,0,875246,-168863,,AGGREGATE_ONLY_NOT_ALIGNED,XBT,,HIGH,HIGH,MEDIUM,MEDIUM,MEDIUM,MEDIUM,MEDIUM,XBTUSD-C0503,BEHAVIORAL_APPROXIMATION
ETHUSD-C0207,ETHUSD,False,SHORT,2022-11-17T13:02:41.466000Z,2022-11-17T17:04:07.346000Z,14485.88,-143,1420,0,1,16,4,NONE,FULL_CLOSE,655feaaf-618f-9d55-836e-a1d051825452,f8a1cac6-048e-349e-bca5-7793c1590dc5,22,0,-1669065.000000000000000000000,0,0,178426,0,,AGGREGATE_ONLY_NOT_ALIGNED,XBT,,HIGH,HIGH,MEDIUM,MEDIUM,MEDIUM,MEDIUM,MEDIUM,ETHUSD-C0207,BEHAVIORAL_APPROXIMATION
XBTUSD-C0504,XBTUSD,True,LONG,2022-11-17T17:04:43.322000Z,2022-11-18T03:53:16.766000Z,38913.444,4000,120000,0,1,16,4,NONE,FULL_CLOSE,0935c7a7-072b-04cd-c16a-48b5212e2e4e,ea100592-3c71-0100-65cf-c8e2a98c0884,22,1,8192284.000,0,0,800262,72246,,AGGREGATE_ONLY_NOT_ALIGNED,XBT,,HIGH,HIGH,MEDIUM,MEDIUM,MEDIUM,MEDIUM,MEDIUM,XBTUSD-C0504,BEHAVIORAL_APPROXIMATION
XBTUSD-C0505,XBTUSD,True,LONG,2022-11-18T12:32:56.395000Z,2022-11-20T11:57:36.351000Z,170679.956,3300,120000,0,1,15,14,NONE,FULL_CLOSE,eefa091b-979f-132d-1b6e-0b3c45f6f0e9,8d2973fc-c48b-d047-a950-b8023391fbc5,31,5,-6364800.000000000000000000001,0,0,1054897,55358,,AGGREGATE_ONLY_NOT_ALIGNED,XBT,,HIGH,HIGH,MEDIUM,MEDIUM,MEDIUM,MEDIUM,MEDIUM,XBTUSD-C0505,BEHAVIORAL_APPROXIMATION
LTCUSD-C0049,LTCUSD,False,LONG,2022-11-19T06:37:38.941000Z,2022-11-20T06:18:10.813000Z,85231.872,1024,8888,0,1,6,6,NONE,FULL_CLOSE,33c8db37-6095-4f46-fc24-e965c79f3a04,fb2b449b-c491-8c01-5431-02ba498ab16b,14,3,1296202.000000000000000000000,0,0,102295,138899,,AGGREGATE_ONLY_NOT_ALIGNED,XBT,,HIGH,HIGH,MEDIUM,MEDIUM,MEDIUM,MEDIUM,MEDIUM,LTCUSD-C0049,BEHAVIORAL_APPROXIMATION
LTCUSD-C0050,LTCUSD,False,LONG,2022-11-20T08:40:54.554000Z,2022-11-28T17:33:34.062000Z,723159.508,1111,20411,0,1,27,38,NONE,FULL_CLOSE,86d5a359-a675-81e2-8562-79a9e0476612,ddda8f0e-c6fb-2988-fc0d-07f1e78bad18,67,25,70827704.00000000000000000000,0,0,86413,1209889,,AGGREGATE_ONLY_NOT_ALIGNED,XBT,,HIGH,HIGH,MEDIUM,MEDIUM,MEDIUM,MEDIUM,MEDIUM,LTCUSD-C0050,BEHAVIORAL_APPROXIMATION
ETHZ22-C0003,ETHZ22,False,LONG,2022-11-20T11:32:20.647000Z,2022-12-21T16:19:51.536000Z,2695650.889,83000,800000,0,1,14,99,NONE,FULL_CLOSE,4a827c73-ab09-7044-39eb-1553771a380a,5da082a2-0a9b-b903-2b5b-8df2056aeecd,115,0,3317000.00,0,0,-4863,0,,AGGREGATE_ONLY_NOT_ALIGNED,XBT,,HIGH,HIGH,MEDIUM,MEDIUM,MEDIUM,MEDIUM,MEDIUM,ETHZ22-C0003,BEHAVIORAL_APPROXIMATION
ETHUSD-C0208,ETHUSD,False,SHORT,2022-11-20T13:08:47.334000Z,2022-11-21T05:25:15.947000Z,58588.613,-4,2760,0,1,23,16,NONE,FULL_CLOSE,4499c10d-1a96-506d-382e-92ddbaea8b3e,ff46f518-8cfe-9c10-3fe7-109e99c3eedd,41,2,7416610.000000000000000000001,0,0,261148,-44926,,AGGREGATE_ONLY_NOT_ALIGNED,XBT,,HIGH,HIGH,MEDIUM,MEDIUM,MEDIUM,MEDIUM,MEDIUM,ETHUSD-C0208,BEHAVIORAL_APPROXIMATION
XBTUSD-C0506,XBTUSD,True,LONG,2022-11-21T02:09:25.506000Z,2022-11-21T15:45:46.281000Z,48980.775,1000,141000,0,1,21,6,NONE,FULL_CLOSE,055a649a-b08a-87ca-b98f-7658e7a5a51a,f1781ea6-eff0-6e50-e7c5-d33a5c44eafd,29,2,-6778734.999999999999999999998,0,0,769747,1246,,AGGREGATE_ONLY_NOT_ALIGNED,XBT,,HIGH,HIGH,MEDIUM,MEDIUM,MEDIUM,MEDIUM,MEDIUM,XBTUSD-C0506,BEHAVIORAL_APPROXIMATION
ETHUSD-C0209,ETHUSD,False,SHORT,2022-11-21T06:04:13.203000Z,2022-11-21T07:45:16.864000Z,6063.661,-144,144,0,1,0,1,NONE,FULL_CLOSE,39630383-44bb-8fdb-8038-8ec76fdb1835,f3c87e57-8649-77db-11d5-2925814f9ec9,3,0,213110,0,0,10473,0,,AGGREGATE_ONLY_NOT_ALIGNED,XBT,,HIGH,HIGH,MEDIUM,MEDIUM,MEDIUM,MEDIUM,MEDIUM,ETHUSD-C0209,BEHAVIORAL_APPROXIMATION
BMEXUSD-C0002,BMEXUSD,False,LONG,2022-11-21T10:19:38.164000Z,2022-11-28T21:05:09.635000Z,643531.471,1600,50400,0,1,40,66,NONE,FULL_CLOSE,8a12c715-738d-4a4e-07ab-a3c809830427,3fcb9b60-c6ee-53fb-b2f9-89fb34f5f6c8,108,23,1730933.000000000000000000000,0,0,7497,854128,,AGGREGATE_ONLY_NOT_ALIGNED,XBT,,HIGH,HIGH,MEDIUM,MEDIUM,MEDIUM,MEDIUM,MEDIUM,BMEXUSD-C0002,BEHAVIORAL_APPROXIMATION
ETHUSD-C0210,ETHUSD,False,SHORT,2022-11-21T10:22:36.445000Z,2022-11-21T13:13:58.662000Z,10282.217,-127,1152,0,1,15,5,NONE,FULL_CLOSE,07867335-03fd-06b7-bf07-9c8f2eeb3a0e,ed9394d2-4d38-e3be-b1ce-e471c60c3262,22,1,-1015645.000000,0,0,98664,-16594,,AGGREGATE_ONLY_NOT_ALIGNED,XBT,,HIGH,HIGH,MEDIUM,MEDIUM,MEDIUM,MEDIUM,MEDIUM,ETHUSD-C0210,BEHAVIORAL_APPROXIMATION
ETHUSD-C0211,ETHUSD,False,SHORT,2022-11-21T16:32:37.706000Z,2022-11-23T09:07:33.125000Z,146095.419,-56,6088,0,1,37,35,NONE,FULL_CLOSE,0dd07c0a-cd9f-8e8f-3437-28c724a46280,f6e610ff-7180-93bb-bf48-2c2ff718dc82,74,5,-24542595.00000000000000000001,0,0,490450,-352947,,AGGREGATE_ONLY_NOT_ALIGNED,XBT,,HIGH,HIGH,MEDIUM,MEDIUM,MEDIUM,MEDIUM,MEDIUM,ETHUSD-C0211,BEHAVIORAL_APPROXIMATION
DOGEUSD-C0027,DOGEUSD,False,LONG,2022-11-23T09:07:50.992000Z,2022-12-26T21:41:14.077000Z,2896403.085,644,66983,0,1,107,97,NONE,FULL_CLOSE,202d1c6a-7c1a-0590-253b-e81dd6a06615,9d8315b2-df2e-1f2d-d6c3-2c56bfc38031,206,101,1486539.999999999999999999945,0,0,294281,5326113,,AGGREGATE_ONLY_NOT_ALIGNED,XBT,,HIGH,HIGH,MEDIUM,MEDIUM,MEDIUM,MEDIUM,MEDIUM,DOGEUSD-C0027,BEHAVIORAL_APPROXIMATION
XBTUSD-C0507,XBTUSD,True,LONG,2022-11-23T10:57:18.589000Z,2022-11-27T08:46:06.850000Z,337728.261,10000,190000,0,1,51,30,NONE,FULL_CLOSE,3a63c5a4-e610-f1f3-2147-cbfaf444de96,b6eba62b-1092-f6cc-bd45-85892ea12bab,83,12,7944958.000000000000000000000,0,0,739707,-344206,,AGGREGATE_ONLY_NOT_ALIGNED,XBT,,HIGH,HIGH,MEDIUM,MEDIUM,MEDIUM,MEDIUM,MEDIUM,XBTUSD-C0507,BEHAVIORAL_APPROXIMATION
ETHUSD-C0212,ETHUSD,False,LONG,2022-11-27T21:40:01.463000Z,2022-11-29T06:49:27.670000Z,119366.207,140,3496,0,1,20,18,NONE,FULL_CLOSE,8b01f821-64be-b68a-acd7-cf570aa226c2,fa9bb165-b335-2bce-c7e4-00f9eff64c95,40,4,1655480.000000000000000000000,0,0,285655,307197,,AGGREGATE_ONLY_NOT_ALIGNED,XBT,,HIGH,HIGH,MEDIUM,MEDIUM,MEDIUM,MEDIUM,MEDIUM,ETHUSD-C0212,BEHAVIORAL_APPROXIMATION
XBTUSD-C0508,XBTUSD,True,LONG,2022-11-27T23:03:17.065000Z,2022-12-01T09:10:32.554000Z,295635.489,5000,140000,0,1,7,29,NONE,FULL_CLOSE,cf327118-14bd-f3ed-349c-74562e3cce3b,f245e92b-7710-da23-66c2-2f6d65a8804c,38,10,15606274.00000000000000000001,0,0,442923,298677,,AGGREGATE_ONLY_NOT_ALIGNED,XBT,,HIGH,HIGH,MEDIUM,MEDIUM,MEDIUM,MEDIUM,MEDIUM,XBTUSD-C0508,BEHAVIORAL_APPROXIMATION
ETHUSD-C0213,ETHUSD,False,LONG,2022-11-29T08:40:31.280000Z,2022-12-07T06:52:29.311000Z,684718.031,3,7905,0,1,101,81,NONE,FULL_CLOSE,2e91a70c-1937-5d71-b035-48d622f67aa3,f5e13e3e-45e0-2dd6-9f31-914b49394a07,184,24,36919194.99999999999999999995,0,0,921766,1194248,,AGGREGATE_ONLY_NOT_ALIGNED,XBT,,HIGH,HIGH,MEDIUM,MEDIUM,MEDIUM,MEDIUM,MEDIUM,ETHUSD-C0213,BEHAVIORAL_APPROXIMATION
XBTUSD-C0509,XBTUSD,True,LONG,2022-12-05T00:15:43.593000Z,2022-12-06T01:16:10.424000Z,90026.831,2000,350000,0,1,44,15,NONE,FULL_CLOSE,0a9892a4-9d6d-4d29-d258-6b9dbb4b2fd8,f377925c-f929-3396-c254-237f2794152a,61,3,2326000,0,0,81146,-578568,,AGGREGATE_ONLY_NOT_ALIGNED,XBT,,HIGH,HIGH,MEDIUM,MEDIUM,MEDIUM,MEDIUM,MEDIUM,XBTUSD-C0509,BEHAVIORAL_APPROXIMATION
ETHUSD-C0214,ETHUSD,False,LONG,2022-12-07T07:12:48.210000Z,2022-12-12T00:04:12.432000Z,406284.222,964,3666,0,1,6,31,NONE,FULL_CLOSE,13c9cf0a-513c-01fa-8a36-8120b1d7f071,fe656c7e-cb76-f9c6-73bd-71f390c696d9,39,14,10381695.00000000000000000000,0,0,219126,837179,,AGGREGATE_ONLY_NOT_ALIGNED,XBT,,HIGH,HIGH,MEDIUM,MEDIUM,MEDIUM,MEDIUM,MEDIUM,ETHUSD-C0214,BEHAVIORAL_APPROXIMATION
XBTUSD-C0510,XBTUSD,True,LONG,2022-12-08T20:05:22.009000Z,2022-12-12T00:03:56.329000Z,273514.32,4600,100000,0,1,11,7,NONE,FULL_CLOSE,29249f01-db93-2d6c-5e20-5faffcf9fc9a,c683878b-0e8a-a9ab-911c-06c73bb94b62,20,9,-6033267.00,0,0,628316,-949804,,AGGREGATE_ONLY_NOT_ALIGNED,XBT,,HIGH,HIGH,MEDIUM,MEDIUM,MEDIUM,MEDIUM,MEDIUM,XBTUSD-C0510,BEHAVIORAL_APPROXIMATION
XBTUSD-C0511,XBTUSD,True,SHORT,2022-12-12T00:05:21.459000Z,2022-12-13T10:07:26.917000Z,122525.458,-5900,395000,0,1,69,43,NONE,FULL_CLOSE,79cdfb65-5a6f-c830-8fa0-8fbb45652b79,f049cd71-86bf-5c2c-2e92-ee31fa76a473,114,4,-52225303.99999999999999999999,0,0,3517042,486001,,AGGREGATE_ONLY_NOT_ALIGNED,XBT,,HIGH,HIGH,MEDIUM,MEDIUM,MEDIUM,MEDIUM,MEDIUM,XBTUSD-C0511,BEHAVIORAL_APPROXIMATION
XBTUSD-C0512,XBTUSD,True,LONG,2022-12-13T10:12:18.809000Z,2022-12-15T05:34:08.471000Z,156109.662,3000,407900,0,1,78,63,NONE,FULL_CLOSE,003a1dc5-8560-4db0-7e97-c60ee2e5aad2,e14e544f-2c46-f4ef-6a0b-d3d766a0e6bc,143,6,73516221.00000000000000000003,0,0,2301639,-405593,,AGGREGATE_ONLY_NOT_ALIGNED,XBT,,HIGH,HIGH,MEDIUM,MEDIUM,MEDIUM,MEDIUM,MEDIUM,XBTUSD-C0512,BEHAVIORAL_APPROXIMATION
XBTUSD-C0513,XBTUSD,True,SHORT,2022-12-15T13:22:53.904000Z,2022-12-20T15:22:36.847000Z,439182.943,-20000,60000,0,1,9,8,NONE,FULL_CLOSE,852b22f2-2104-8cbf-445c-02d9626edf8d,f5e593cb-261d-1c80-09bf-52bed130e677,19,15,9827261.000000000000000000000,0,0,424935,591674,,AGGREGATE_ONLY_NOT_ALIGNED,XBT,,HIGH,HIGH,MEDIUM,MEDIUM,MEDIUM,MEDIUM,MEDIUM,XBTUSD-C0513,BEHAVIORAL_APPROXIMATION
LTCUSD-C0051,LTCUSD,False,LONG,2022-12-15T18:06:52.283000Z,2022-12-17T02:23:24.762000Z,116192.479,822,5710,0,1,5,6,NONE,FULL_CLOSE,fa8d261d-23d9-8363-ee93-2c91038a2e83,d1186c86-ed03-b4f8-e10e-a78d642dca95,13,4,-4885776.000000000000000000000,0,0,48508,21086,,AGGREGATE_ONLY_NOT_ALIGNED,XBT,,HIGH,HIGH,MEDIUM,MEDIUM,MEDIUM,MEDIUM,MEDIUM,LTCUSD-C0051,BEHAVIORAL_APPROXIMATION
XBTUSD-C0514,XBTUSD,True,SHORT,2022-12-22T17:29:18.835000Z,2023-01-04T02:37:18.414000Z,1069679.579,-19900,140000,0,1,21,14,NONE,FULL_CLOSE,4427a645-250f-dcf6-59e4-8527f8b5ce90,fca19a46-2f96-b9f2-2df5-b4c54f15bfdf,37,37,746150.0000000000000000000010,0,0,764310,-386850,,AGGREGATE_ONLY_NOT_ALIGNED,XBT,,HIGH,HIGH,MEDIUM,MEDIUM,MEDIUM,MEDIUM,MEDIUM,XBTUSD-C0514,BEHAVIORAL_APPROXIMATION
LTCUSD-C0052,LTCUSD,False,LONG,2022-12-26T12:13:09.532000Z,2023-01-01T23:20:56.151000Z,558466.619,100,12060,0,1,37,20,NONE,FULL_CLOSE,55f33d23-2a74-f2ed-f50b-22cc78da2b60,d33ee953-1675-7ba2-21ac-c80378f0b068,59,19,5514576.000000000000000000001,0,0,47356,463174,,AGGREGATE_ONLY_NOT_ALIGNED,XBT,,HIGH,HIGH,MEDIUM,MEDIUM,MEDIUM,MEDIUM,MEDIUM,LTCUSD-C0052,BEHAVIORAL_APPROXIMATION
DOGEUSD-C0028,DOGEUSD,False,LONG,2022-12-28T05:44:50.833000Z,2023-02-15T06:40:07.497000Z,4236916.664,5,47894,0,1,230,245,NONE,FULL_CLOSE,a5926ff1-7b10-8bee-b7f0-348fb647e482,feca2616-54fb-15dc-00ba-1b2107653940,477,147,51768757.00000000000000000000,0,0,637581,13202158,,AGGREGATE_ONLY_NOT_ALIGNED,XBT,,LOW,HIGH,MEDIUM,MEDIUM,MEDIUM,LOW,LOW,DOGEUSD-C0028,BEHAVIORAL_APPROXIMATION
XBTUSD-C0515,XBTUSD,True,SHORT,2023-01-04T03:07:12.031000Z,2023-01-04T16:39:08.861000Z,48716.83,-20000,20000,0,1,0,0,NONE,FULL_CLOSE,a7beffea-185b-ca62-dd3b-6aa9153c3454,b15d730c-1bc3-cfd7-2b74-ecfa06458824,2,2,-331800,0,0,77095,37778,,AGGREGATE_ONLY_NOT_ALIGNED,XBT,,HIGH,HIGH,MEDIUM,MEDIUM,MEDIUM,MEDIUM,MEDIUM,XBTUSD-C0515,BEHAVIORAL_APPROXIMATION
XBTUSD-C0516,XBTUSD,True,LONG,2023-01-07T02:56:57.362000Z,2023-01-11T15:36:37.037000Z,391179.675,120000,200000,0,1,4,13,NONE,FULL_CLOSE,849b4efe-c2ef-1f98-5623-2b64bad0739b,eec14aaa-95d1-d604-d371-d6bb807d806d,19,14,20120080.0,0,0,1547518,1017592,,AGGREGATE_ONLY_NOT_ALIGNED,XBT,,HIGH,HIGH,MEDIUM,MEDIUM,MEDIUM,MEDIUM,MEDIUM,XBTUSD-C0516,BEHAVIORAL_APPROXIMATION
XBTUSD-C0517,XBTUSD,True,LONG,2023-01-11T18:10:09.827000Z,2023-01-14T00:44:13.487000Z,196443.66,8000,200000,-9000,1,10,36,NONE,FLIP,18ce2555-e40c-38ea-db97-ffc0fa59b61c,0a5ee5ea-a564-2f41-64ab-c8b0e402cd26,48,7,93204655.000,0,0,1436932,483761,,AGGREGATE_ONLY_NOT_ALIGNED,XBT,,HIGH,HIGH,MEDIUM,MEDIUM,MEDIUM,MEDIUM,MEDIUM,"XBTUSD-C0517,XBTUSD-C0518",BEHAVIORAL_APPROXIMATION
XBTUSD-C0518,XBTUSD,True,SHORT,2023-01-14T00:44:13.487000Z,2023-01-18T03:15:28.671000Z,354675.184,-9000,59100,0,1,7,7,XBTUSD-C0517,FULL_CLOSE,0a5ee5ea-a564-2f41-64ab-c8b0e402cd26,f4283362-2a93-0284-5f84-377c1b80062d,16,12,-1747804.000000000000000000000,0,0,243440,-258320,,AGGREGATE_ONLY_NOT_ALIGNED,XBT,,HIGH,HIGH,MEDIUM,MEDIUM,MEDIUM,MEDIUM,MEDIUM,XBTUSD-C0518,BEHAVIORAL_APPROXIMATION
XBTUSD-C0519,XBTUSD,True,LONG,2023-01-18T13:47:13.880000Z,2023-01-20T20:07:36.039000Z,195622.159,3700,260000,0,1,61,34,NONE,FULL_CLOSE,c41b1eec-a55b-dbee-30c9-04ad2b1861bd,7e54d089-530f-e315-2593-d9f7c51d59c4,97,7,19596305.99999999999999999999,0,0,810636,21947,,AGGREGATE_ONLY_NOT_ALIGNED,XBT,,LOW,HIGH,MEDIUM,MEDIUM,MEDIUM,LOW,LOW,XBTUSD-C0519,BEHAVIORAL_APPROXIMATION
XBTUSD-C0520,XBTUSD,True,SHORT,2023-01-20T20:59:02.759000Z,2023-01-22T21:35:06.404000Z,174963.645,-4000,28000,0,1,7,4,NONE,FULL_CLOSE,7305948a-b46a-e15a-bf91-7524fee241f7,fe26ca30-ced3-fafc-158f-0f7ebcaedbb2,13,6,1010430.000000000000000000000,0,0,127778,-70039,,AGGREGATE_ONLY_NOT_ALIGNED,XBT,,HIGH,HIGH,MEDIUM,MEDIUM,MEDIUM,MEDIUM,MEDIUM,XBTUSD-C0520,BEHAVIORAL_APPROXIMATION
XBTUSD-C0521,XBTUSD,True,LONG,2023-01-23T08:02:35.608000Z,2023-01-28T13:22:01.869000Z,451166.261,5000,1317600,-5400,1,173,122,NONE,FLIP,ee98c582-591a-fd7e-d1bb-89af8cded356,d6a69156-c4b6-3c95-12e3-7126d21388a8,297,16,-44299466.99999999999999999996,0,0,7609388,240203,,AGGREGATE_ONLY_NOT_ALIGNED,XBT,,HIGH,HIGH,MEDIUM,MEDIUM,MEDIUM,MEDIUM,MEDIUM,"XBTUSD-C0521,XBTUSD-C0522",BEHAVIORAL_APPROXIMATION
XBTUSD-C0522,XBTUSD,True,SHORT,2023-01-28T13:22:01.869000Z,2023-01-29T01:05:43.224000Z,42221.355,-5400,179300,0,1,12,20,XBTUSD-C0521,FULL_CLOSE,d6a69156-c4b6-3c95-12e3-7126d21388a8,f7912a77-c249-79be-b740-d97272577396,34,1,-6167602.000000000000000000001,0,0,764321,-60451,,AGGREGATE_ONLY_NOT_ALIGNED,XBT,,HIGH,HIGH,MEDIUM,MEDIUM,MEDIUM,MEDIUM,MEDIUM,XBTUSD-C0522,BEHAVIORAL_APPROXIMATION
XBTUSD-C0523,XBTUSD,True,LONG,2023-01-29T01:07:11.596000Z,2023-01-29T16:36:44.281000Z,55772.685,2100,1000000,0,1,120,73,NONE,FULL_CLOSE,2e39425f-56a8-4f68-942e-236e7c343217,24a4e979-a668-cd97-f544-dad74ea70b7e,195,2,44354464.0000,0,0,3823843,758672,,AGGREGATE_ONLY_NOT_ALIGNED,XBT,,LOW,HIGH,MEDIUM,MEDIUM,MEDIUM,LOW,LOW,XBTUSD-C0523,BEHAVIORAL_APPROXIMATION
XBTUSD-C0524,XBTUSD,True,SHORT,2023-01-29T16:37:07.866000Z,2023-01-29T16:43:48.829000Z,400.963,-13100,63100,0,1,8,6,NONE,FULL_CLOSE,68edf06c-b9ca-e5f3-0431-6016eea0f5b6,dd0b2980-0944-0d2d-12bc-a1124fc4734d,16,0,-485595.0000000000000000000000,0,0,254756,0,,AGGREGATE_ONLY_NOT_ALIGNED,XBT,,HIGH,HIGH,MEDIUM,MEDIUM,MEDIUM,MEDIUM,MEDIUM,XBTUSD-C0524,BEHAVIORAL_APPROXIMATION
XBTUSD-C0525,XBTUSD,True,SHORT,2023-01-29T18:44:41.192000Z,2023-01-29T23:34:59.552000Z,17418.36,-2000,750000,0,1,50,71,NONE,FULL_CLOSE,014f6d38-6f21-95ec-63e2-f1f81eda4d30,fa2a0d9f-e6de-ec18-ad97-855248f19cb6,123,1,7449791.000000000000000000002,0,0,2808718,-313739,,AGGREGATE_ONLY_NOT_ALIGNED,XBT,,HIGH,HIGH,MEDIUM,MEDIUM,MEDIUM,MEDIUM,MEDIUM,XBTUSD-C0525,BEHAVIORAL_APPROXIMATION
XBTUSD-C0526,XBTUSD,True,SHORT,2023-01-30T00:22:48.258000Z,2023-01-31T00:37:36.319000Z,87288.061,-1900,80000,500,1,9,10,NONE,FLIP,21d71c46-9b47-61a4-86fd-55238af197aa,f21a3f40-81a0-780c-b675-76c1f5b86ec0,21,3,16851126.0000,0,0,185531,-84190,,AGGREGATE_ONLY_NOT_ALIGNED,XBT,,HIGH,HIGH,MEDIUM,MEDIUM,MEDIUM,MEDIUM,MEDIUM,"XBTUSD-C0526,XBTUSD-C0527",BEHAVIORAL_APPROXIMATION
XBTUSD-C0527,XBTUSD,True,LONG,2023-01-31T00:37:36.319000Z,2023-02-01T19:01:26.795000Z,152630.476,500,5000,0,1,3,0,XBTUSD-C0526,FULL_CLOSE,f21a3f40-81a0-780c-b675-76c1f5b86ec0,b24bf61f-2d96-9da0-da50-6c425f09e658,5,5,436850,0,0,8274,-1876,,AGGREGATE_ONLY_NOT_ALIGNED,XBT,,HIGH,HIGH,MEDIUM,MEDIUM,MEDIUM,MEDIUM,MEDIUM,XBTUSD-C0527,BEHAVIORAL_APPROXIMATION
ETHH23-C0001,ETHH23,False,LONG,2023-02-01T14:53:14.510000Z,2023-02-13T10:33:33.849000Z,1021219.339,100000,20700000,0,1,28,53,NONE,FULL_CLOSE,af5100fb-d9a6-5551-3f90-74b9837b757e,2b036516-8bc3-6b3f-4e1e-853f15025301,83,0,16582449.99999999999999999999,0,0,1238653,0,,AGGREGATE_ONLY_NOT_ALIGNED,XBT,,HIGH,HIGH,MEDIUM,MEDIUM,MEDIUM,MEDIUM,MEDIUM,ETHH23-C0001,BEHAVIORAL_APPROXIMATION
XBTUSD-C0528,XBTUSD,True,SHORT,2023-02-01T19:52:30.346000Z,2023-02-02T00:44:30.039000Z,17519.693,-1600,25000,0,1,3,1,NONE,FULL_CLOSE,9c144ce2-1f49-13ba-5959-7281e555b9a0,8bc17988-e29e-b352-c8a7-67e8234ae570,6,1,-1721150.0,0,0,98729,791,,AGGREGATE_ONLY_NOT_ALIGNED,XBT,,HIGH,HIGH,MEDIUM,MEDIUM,MEDIUM,MEDIUM,MEDIUM,XBTUSD-C0528,BEHAVIORAL_APPROXIMATION
XBTUSD-C0529,XBTUSD,True,LONG,2023-02-02T15:52:22.733000Z,2023-02-08T08:11:26.239000Z,490743.506,5000,85000,0,1,17,12,NONE,FULL_CLOSE,e6eddd06-8869-d2a3-d76b-01552c9ad2c9,f5bd02fd-d476-a4ef-6c4e-fc18632a8b86,31,17,-1620800.000000000000000000000,0,0,359476,136787,,AGGREGATE_ONLY_NOT_ALIGNED,XBT,,HIGH,HIGH,MEDIUM,MEDIUM,MEDIUM,MEDIUM,MEDIUM,XBTUSD-C0529,BEHAVIORAL_APPROXIMATION
XBTUSD-C0530,XBTUSD,True,LONG,2023-02-09T03:05:47.797000Z,2023-02-13T17:43:51.050000Z,398283.253,5000,773700,0,1,89,107,NONE,FULL_CLOSE,67f91b58-6546-a697-10e2-c9c45518fc1b,fc0776b8-ce8a-cc11-91b6-ba746fd9548a,198,14,-70208075.99999999999999999999,0,0,6117494,-2588579,,AGGREGATE_ONLY_NOT_ALIGNED,XBT,,HIGH,HIGH,MEDIUM,MEDIUM,MEDIUM,MEDIUM,MEDIUM,XBTUSD-C0530,BEHAVIORAL_APPROXIMATION
XBTUSD-C0531,XBTUSD,True,LONG,2023-02-13T18:31:49.901000Z,2023-02-14T03:27:13.451000Z,32123.55,200,97900,0,1,7,10,NONE,FULL_CLOSE,44e88033-654a-c424-5b1d-7171df22162c,f6ba3eb9-add5-8a2a-6947-197b804140a5,19,1,2737206.000000000000000000000,0,0,464519,-57502,,AGGREGATE_ONLY_NOT_ALIGNED,XBT,,HIGH,HIGH,MEDIUM,MEDIUM,MEDIUM,MEDIUM,MEDIUM,XBTUSD-C0531,BEHAVIORAL_APPROXIMATION
XBTUSD-C0532,XBTUSD,True,LONG,2023-02-14T07:42:49.230000Z,2023-02-14T08:46:54.533000Z,3845.303,16000,32000,0,1,2,1,NONE,FULL_CLOSE,e620af7f-6d70-fc2a-19f9-63a9b0ccda41,c7036738-b7ca-a871-3964-b93d7d1ffea0,5,0,-421600,0,0,180363,0,,AGGREGATE_ONLY_NOT_ALIGNED,XBT,,HIGH,HIGH,MEDIUM,MEDIUM,MEDIUM,MEDIUM,MEDIUM,XBTUSD-C0532,BEHAVIORAL_APPROXIMATION
XBTUSD-C0533,XBTUSD,True,LONG,2023-02-15T08:34:10.379000Z,2023-02-15T11:43:57.240000Z,11386.861,1000,16000,0,1,5,6,NONE,FULL_CLOSE,1c856f35-175f-70cb-bf25-148fce1ff661,c2bd5bf8-f061-9724-1e6f-087e4608ec45,13,0,1115140,0,0,82555,0,,AGGREGATE_ONLY_NOT_ALIGNED,XBT,,HIGH,HIGH,MEDIUM,MEDIUM,MEDIUM,MEDIUM,MEDIUM,XBTUSD-C0533,BEHAVIORAL_APPROXIMATION
ETHUSD-C0215,ETHUSD,False,LONG,2023-02-15T14:34:36.330000Z,2023-02-16T07:03:33.690000Z,59337.36,1,1332,0,1,5,14,NONE,FULL_CLOSE,02d90a81-7980-e58f-6a77-b71d69703b71,fd905a3d-b99a-76e5-a217-01a01fd9d9b1,21,2,14570514.99999999999999999999,0,0,266825,69215,,AGGREGATE_ONLY_NOT_ALIGNED,XBT,,HIGH,HIGH,MEDIUM,MEDIUM,MEDIUM,MEDIUM,MEDIUM,ETHUSD-C0215,BEHAVIORAL_APPROXIMATION
ETHH23-C0002,ETHH23,False,LONG,2023-02-16T03:47:05.464000Z,2023-02-22T18:19:09.259000Z,570723.795,83000,2200000,0,1,17,11,NONE,FULL_CLOSE,e3b4eba8-1ca5-4ebb-6e72-4712b903c8d8,e625a018-abc5-c68e-d891-1afdcad933c0,30,0,-2518470.000000000000000000000,0,0,193311,0,,AGGREGATE_ONLY_NOT_ALIGNED,XBT,,HIGH,HIGH,MEDIUM,MEDIUM,MEDIUM,MEDIUM,MEDIUM,ETHH23-C0002,BEHAVIORAL_APPROXIMATION
DOGEUSD-C0029,DOGEUSD,False,LONG,2023-02-16T18:26:20.820000Z,2023-02-22T16:50:05.321000Z,512624.501,420,25831,0,1,16,33,NONE,FULL_CLOSE,3f32ad08-b819-012d-4d67-4e0a205d6133,e5e71252-b14c-5fd7-019d-42f4606b8fc8,51,18,-3737964.000000000000000000000,0,0,285488,1566587,,AGGREGATE_ONLY_NOT_ALIGNED,XBT,,HIGH,HIGH,MEDIUM,MEDIUM,MEDIUM,MEDIUM,MEDIUM,DOGEUSD-C0029,BEHAVIORAL_APPROXIMATION
XBTUSD-C0534,XBTUSD,True,LONG,2023-02-16T22:40:03.164000Z,2023-02-18T07:56:31.540000Z,119788.376,18000,126000,0,1,5,7,NONE,FULL_CLOSE,224d5da6-2567-acbb-bf6e-641704f2e241,eef76ca1-7798-8476-4873-333760e0c696,14,4,17828100.00000000000000000000,0,0,495534,303789,,AGGREGATE_ONLY_NOT_ALIGNED,XBT,,HIGH,HIGH,MEDIUM,MEDIUM,MEDIUM,MEDIUM,MEDIUM,XBTUSD-C0534,BEHAVIORAL_APPROXIMATION
XBTUSD-C0535,XBTUSD,True,LONG,2023-02-18T18:12:11.194000Z,2023-02-18T19:44:14.618000Z,5523.424,12200,36000,0,1,3,9,NONE,FULL_CLOSE,21ee926c-31aa-11df-b7d6-374bee516447,e71f5c2e-e73a-5331-f39a-32051dee555d,14,0,-965603.000,0,0,218579,0,,AGGREGATE_ONLY_NOT_ALIGNED,XBT,,HIGH,HIGH,MEDIUM,MEDIUM,MEDIUM,MEDIUM,MEDIUM,XBTUSD-C0535,BEHAVIORAL_APPROXIMATION
XBTUSD-C0536,XBTUSD,True,LONG,2023-02-19T14:40:24.600000Z,2023-02-19T16:34:57.215000Z,6872.615,5500,28000,0,1,7,3,NONE,FULL_CLOSE,71d597a5-afc3-9509-4f3b-861b6f585eaf,c757e939-77fa-95fd-4be7-c7f23a0eaa12,12,0,704380,0,0,168988,0,,AGGREGATE_ONLY_NOT_ALIGNED,XBT,,HIGH,HIGH,MEDIUM,MEDIUM,MEDIUM,MEDIUM,MEDIUM,XBTUSD-C0536,BEHAVIORAL_APPROXIMATION
XBTUSD-C0537,XBTUSD,True,LONG,2023-02-19T17:58:09.212000Z,2023-02-20T22:16:32.191000Z,101902.979,600,13000,0,1,7,1,NONE,FULL_CLOSE,a821b7ee-be85-625f-9ec8-dbc51b0aa18c,dc92f614-5c22-c145-160d-fc375024b5dd,10,4,1146094.000000000000000000000,0,0,58144,16996,,AGGREGATE_ONLY_NOT_ALIGNED,XBT,,HIGH,HIGH,MEDIUM,MEDIUM,MEDIUM,MEDIUM,MEDIUM,XBTUSD-C0537,BEHAVIORAL_APPROXIMATION
XBTUSD-C0538,XBTUSD,True,LONG,2023-02-21T02:34:28.504000Z,2023-02-22T02:32:22.606000Z,86274.102,2100,150000,0,1,26,28,NONE,FULL_CLOSE,0f0d4da1-eb54-b5fe-06cf-3aa3326d7822,d4f953a1-8b0a-4914-0e92-f2bc457bb3aa,56,3,-18823344.00000000000000000002,0,0,748940,146423,,AGGREGATE_ONLY_NOT_ALIGNED,XBT,,HIGH,HIGH,MEDIUM,MEDIUM,MEDIUM,MEDIUM,MEDIUM,XBTUSD-C0538,BEHAVIORAL_APPROXIMATION
ETHH23-C0003,ETHH23,False,SHORT,2023-02-22T18:19:44.806000Z,2023-02-24T20:22:42.957000Z,180178.151,-3980000,33000000,263000,1,25,47,NONE,FLIP,0fcda418-d330-29e5-422c-b71b09ee54cf,634f2dd7-92fd-5dd6-6d3f-86b5b5e5e24c,74,0,-68679050.00000000000000000002,0,0,1725704,0,,AGGREGATE_ONLY_NOT_ALIGNED,XBT,,HIGH,HIGH,MEDIUM,MEDIUM,MEDIUM,MEDIUM,MEDIUM,"ETHH23-C0003,ETHH23-C0004",BEHAVIORAL_APPROXIMATION
XBTUSD-C0539,XBTUSD,True,SHORT,2023-02-23T02:50:17.618000Z,2023-02-23T11:22:31.455000Z,30733.837,-7300,288000,4000,1,32,32,NONE,FLIP,0135dc56-56fc-f167-6e6d-d862ae8b3a45,77894689-049c-71da-01ff-c8752921414a,66,1,14627895.000000,0,0,904920,-117776,,AGGREGATE_ONLY_NOT_ALIGNED,XBT,,HIGH,HIGH,MEDIUM,MEDIUM,MEDIUM,MEDIUM,MEDIUM,"XBTUSD-C0539,XBTUSD-C0540",BEHAVIORAL_APPROXIMATION
XBTUSD-C0540,XBTUSD,True,LONG,2023-02-23T11:22:31.455000Z,2023-02-26T18:58:05.557000Z,286534.102,4000,87000,0,1,18,8,XBTUSD-C0539,FULL_CLOSE,77894689-049c-71da-01ff-c8752921414a,d0866bcc-e445-7a11-4754-5a3e62d3c63c,28,10,4266983.000000000000000000000,0,0,273756,139870,,AGGREGATE_ONLY_NOT_ALIGNED,XBT,,HIGH,HIGH,MEDIUM,MEDIUM,MEDIUM,MEDIUM,MEDIUM,XBTUSD-C0540,BEHAVIORAL_APPROXIMATION
ETHH23-C0004,ETHH23,False,LONG,2023-02-24T20:22:42.957000Z,2023-03-31T11:59:59.999000Z,2993837.042,263000,18463000,0,1,79,124,ETHH23-C0003,SETTLEMENT,634f2dd7-92fd-5dd6-6d3f-86b5b5e5e24c,0405f072-04ab-3737-a08a-65d6f84092de,205,0,13878349.99999999999999999999,0,0,1891678,0,,AGGREGATE_ONLY_NOT_ALIGNED,XBT,,HIGH,HIGH,MEDIUM,MEDIUM,MEDIUM,MEDIUM,MEDIUM,ETHH23-C0004,BEHAVIORAL_APPROXIMATION
XBTUSD-C0541,XBTUSD,True,SHORT,2023-02-27T00:06:20.094000Z,2023-02-27T13:25:34.582000Z,47954.488,-4900,24000,0,1,3,6,NONE,FULL_CLOSE,239abb2c-eaff-3fa8-751f-128bda184a89,f63100ff-50f9-021c-b8d6-ab2cf9adf091,11,2,113084,0,0,153139,-20432,,AGGREGATE_ONLY_NOT_ALIGNED,XBT,,HIGH,HIGH,MEDIUM,MEDIUM,MEDIUM,MEDIUM,MEDIUM,XBTUSD-C0541,BEHAVIORAL_APPROXIMATION
XBTUSD-C0542,XBTUSD,True,LONG,2023-02-27T16:13:02.820000Z,2023-02-28T02:08:56.009000Z,35753.189,20000,40000,0,1,3,5,NONE,FULL_CLOSE,7102e267-60b6-e0c7-ab3e-79358789616f,ca807753-488d-7746-dff9-e4057d3644d2,10,1,1168000,0,0,162760,8589,,AGGREGATE_ONLY_NOT_ALIGNED,XBT,,HIGH,HIGH,MEDIUM,MEDIUM,MEDIUM,MEDIUM,MEDIUM,XBTUSD-C0542,BEHAVIORAL_APPROXIMATION
XBTUSD-C0543,XBTUSD,True,LONG,2023-02-28T07:30:01.235000Z,2023-03-03T10:08:30.947000Z,268709.712,600,545200,0,1,27,77,NONE,FULL_CLOSE,c165b157-efa0-4eae-a2c0-758fd3aa5009,fa83295c-f1ad-4be1-8f65-bfcb76066d80,106,9,9182413.999999999999999999998,0,0,1182707,121162,,AGGREGATE_ONLY_NOT_ALIGNED,XBT,,LOW,HIGH,MEDIUM,MEDIUM,MEDIUM,LOW,LOW,XBTUSD-C0543,BEHAVIORAL_APPROXIMATION
LTCUSD-C0053,LTCUSD,False,LONG,2023-03-03T01:33:01.255000Z,2023-03-04T05:33:18.555000Z,100817.3,1666,1666,0,1,0,10,NONE,FULL_CLOSE,1a0282e2-62cb-0822-335b-0ef5cca9f075,fe0bbdc4-9b61-1c09-bbe5-77eb3e07f288,12,4,1239074,0,0,28064,14713,,AGGREGATE_ONLY_NOT_ALIGNED,XBT,,HIGH,HIGH,MEDIUM,MEDIUM,MEDIUM,MEDIUM,MEDIUM,LTCUSD-C0053,BEHAVIORAL_APPROXIMATION
XBTUSD-C0544,XBTUSD,True,LONG,2023-03-03T10:50:20.982000Z,2023-03-04T05:29:14.667000Z,67133.685,900,80000,0,1,13,13,NONE,FULL_CLOSE,689d048c-08e2-b037-bbfd-2c2684aa7687,e1285f21-8476-6976-7a2c-e4b3ad624f4b,28,3,1126020.0,0,0,340796,-34613,,AGGREGATE_ONLY_NOT_ALIGNED,XBT,,HIGH,HIGH,MEDIUM,MEDIUM,MEDIUM,MEDIUM,MEDIUM,XBTUSD-C0544,BEHAVIORAL_APPROXIMATION
LTCUSD-C0054,LTCUSD,False,LONG,2023-03-04T19:48:33.583000Z,2023-03-10T04:29:05.675000Z,463232.092,666,23112,0,1,37,39,NONE,FULL_CLOSE,ecc60a54-a8c7-ef9e-228b-6fcf76fd2ede,d64f5ecd-24a1-2ca4-2d49-e589525889bb,78,17,-18407832.00000000000000000000,0,0,360151,142678,,AGGREGATE_ONLY_NOT_ALIGNED,XBT,,HIGH,HIGH,MEDIUM,MEDIUM,MEDIUM,MEDIUM,MEDIUM,LTCUSD-C0054,BEHAVIORAL_APPROXIMATION
XBTUSD-C0545,XBTUSD,True,LONG,2023-03-04T19:55:14.975000Z,2023-03-07T08:08:23.035000Z,216788.06,11700,15000,0,1,2,2,NONE,FULL_CLOSE,90c24a40-916a-8a82-c028-de4e4559b182,9be86c0f-b31c-6d14-d329-68b9d2cb2d97,6,8,493050,0,0,63755,-35499,,AGGREGATE_ONLY_NOT_ALIGNED,XBT,,HIGH,HIGH,MEDIUM,MEDIUM,MEDIUM,MEDIUM,MEDIUM,XBTUSD-C0545,BEHAVIORAL_APPROXIMATION
XBTUSD-C0546,XBTUSD,True,LONG,2023-03-07T15:00:59.421000Z,2023-03-08T03:23:58.862000Z,44579.441,1900,55000,0,1,3,12,NONE,FULL_CLOSE,6885e60d-4f5c-d689-5497-9df09a5b254e,da6f10c1-daaa-4695-d81e-9e066de203eb,17,1,571149.9999999999999999999999,0,0,236731,14413,,AGGREGATE_ONLY_NOT_ALIGNED,XBT,,HIGH,HIGH,MEDIUM,MEDIUM,MEDIUM,MEDIUM,MEDIUM,XBTUSD-C0546,BEHAVIORAL_APPROXIMATION
XBTUSD-C0547,XBTUSD,True,LONG,2023-03-08T05:40:56.718000Z,2023-03-08T12:54:35.723000Z,26019.005,40000,40000,0,1,0,14,NONE,FULL_CLOSE,2f4d1f96-4b1f-f260-a35e-f137882d89b8,ea7eadcc-c8b3-036f-5b01-b0abd17fcfa9,16,1,1110718,0,0,173034,11327,,AGGREGATE_ONLY_NOT_ALIGNED,XBT,,HIGH,HIGH,MEDIUM,MEDIUM,MEDIUM,MEDIUM,MEDIUM,XBTUSD-C0547,BEHAVIORAL_APPROXIMATION
XBTUSD-C0548,XBTUSD,True,LONG,2023-03-08T22:56:10.735000Z,2023-03-10T09:38:57.952000Z,124967.217,40000,700000,0,1,35,132,NONE,FULL_CLOSE,134151e7-d48d-ea8e-1f5c-76c0a46a04a1,e96acc81-2c32-8e3b-1dd3-7696d7f4fe37,169,4,-188268075.0000000000000000005,0,0,3239086,72645,,AGGREGATE_ONLY_NOT_ALIGNED,XBT,,HIGH,HIGH,MEDIUM,MEDIUM,MEDIUM,MEDIUM,MEDIUM,XBTUSD-C0548,BEHAVIORAL_APPROXIMATION
DOGEUSD-C0030,DOGEUSD,False,SHORT,2023-03-10T04:05:07.531000Z,2023-03-10T09:53:30.973000Z,20903.442,-267,2888,0,1,6,3,NONE,FULL_CLOSE,929a1b21-256b-ea37-04c4-a7a1ad76095d,f3cebb90-be25-c4c4-37f8-08468da547a8,11,0,311514.0000000000000000000000,0,0,26755,0,,AGGREGATE_ONLY_NOT_ALIGNED,XBT,,HIGH,HIGH,MEDIUM,MEDIUM,MEDIUM,MEDIUM,MEDIUM,DOGEUSD-C0030,BEHAVIORAL_APPROXIMATION
LTCUSD-C0055,LTCUSD,False,SHORT,2023-03-10T04:47:37.295000Z,2023-03-10T09:53:47.496000Z,18370.201,-1,1111,0,1,3,1,NONE,FULL_CLOSE,4818f35d-4870-c171-2bcd-286d46fe9385,83879f42-f74d-7a03-680c-9f32ea652d35,6,0,798330.0000000000000000000000,0,0,17494,0,,AGGREGATE_ONLY_NOT_ALIGNED,XBT,,HIGH,HIGH,MEDIUM,MEDIUM,MEDIUM,MEDIUM,MEDIUM,LTCUSD-C0055,BEHAVIORAL_APPROXIMATION
XBTUSD-C0549,XBTUSD,True,SHORT,2023-03-10T10:26:38.738000Z,2023-03-10T14:19:26.941000Z,13968.203,-2900,110000,0,1,18,15,NONE,FULL_CLOSE,68b4a740-940d-8a7c-cde7-12d9ca81a26e,ff89e9cf-06da-b0a2-c6eb-782fc10dfe53,35,1,2618760.000000000000000000000,0,0,551476,30611,,AGGREGATE_ONLY_NOT_ALIGNED,XBT,,HIGH,HIGH,MEDIUM,MEDIUM,MEDIUM,MEDIUM,MEDIUM,XBTUSD-C0549,BEHAVIORAL_APPROXIMATION
DOGEUSD-C0031,DOGEUSD,False,SHORT,2023-03-11T00:50:06.777000Z,2023-03-11T05:13:32.383000Z,15805.606,-666,7530,0,1,4,7,NONE,FULL_CLOSE,813e0fc5-69d7-9054-fa17-391e4a1515a5,c5f9672d-16f5-c9be-79df-0d6a202ff43a,13,1,945397.0000000000000000000000,0,0,47811,-5041,,AGGREGATE_ONLY_NOT_ALIGNED,XBT,,HIGH,HIGH,MEDIUM,MEDIUM,MEDIUM,MEDIUM,MEDIUM,DOGEUSD-C0031,BEHAVIORAL_APPROXIMATION
XBTUSD-C0550,XBTUSD,True,LONG,2023-03-11T08:09:19.869000Z,2023-03-11T08:46:05.764000Z,2205.895,82600,200000,0,1,13,46,NONE,FULL_CLOSE,083fca22-2b03-ed52-c0d0-d566debc242c,fb1d07d1-4105-23d1-8c72-44ed3115dd06,61,0,9126950.000,0,0,1497094,0,,AGGREGATE_ONLY_NOT_ALIGNED,XBT,,HIGH,HIGH,MEDIUM,MEDIUM,MEDIUM,MEDIUM,MEDIUM,XBTUSD-C0550,BEHAVIORAL_APPROXIMATION
LTCUSD-C0056,LTCUSD,False,LONG,2023-03-11T08:33:11.350000Z,2023-03-22T19:31:23.883000Z,989892.533,196,50882,-201,1,202,235,NONE,FLIP,f66ad85a-4aea-0137-8090-a8525968ef85,c32497fb-bae5-8c65-38b0-58f498a060f1,439,34,63339321.99999999999999999997,0,0,1406939,1388490,,AGGREGATE_ONLY_NOT_ALIGNED,XBT,,HIGH,HIGH,MEDIUM,MEDIUM,MEDIUM,MEDIUM,MEDIUM,"LTCUSD-C0056,LTCUSD-C0057",BEHAVIORAL_APPROXIMATION
XBTUSD-C0551,XBTUSD,True,LONG,2023-03-11T17:07:48.084000Z,2023-03-11T18:36:48.881000Z,5340.797,5000,60000,0,1,15,14,NONE,FULL_CLOSE,124f38f5-1adf-2d68-d7e9-c994761a3551,fa72e4ef-6883-6411-14a0-57e957a27eae,31,0,1746472.000000000000000000000,0,0,422623,0,,AGGREGATE_ONLY_NOT_ALIGNED,XBT,,HIGH,HIGH,MEDIUM,MEDIUM,MEDIUM,MEDIUM,MEDIUM,XBTUSD-C0551,BEHAVIORAL_APPROXIMATION
XBTUSD-C0552,XBTUSD,True,LONG,2023-03-12T17:33:27.314000Z,2023-03-12T22:24:58.864000Z,17491.55,5100,390000,0,1,21,17,NONE,FULL_CLOSE,5915fcf8-421d-7424-7d36-08c0193dd857,d8d4ff28-e8cd-18a9-f502-f8f11e231a1e,40,1,80315170.99999999999999999999,0,0,2700852,-1176199,,AGGREGATE_ONLY_NOT_ALIGNED,XBT,,HIGH,HIGH,MEDIUM,MEDIUM,MEDIUM,MEDIUM,MEDIUM,XBTUSD-C0552,BEHAVIORAL_APPROXIMATION
XBTUSD-C0553,XBTUSD,True,LONG,2023-03-12T22:35:26.578000Z,2023-03-13T00:01:38.051000Z,5171.473,7500,30000,0,1,2,6,NONE,FULL_CLOSE,58541b23-20a0-32b6-2ae1-4fee1a052d95,e41805cc-8434-42e0-1688-288e4c99e94c,10,0,1783380,0,0,128866,0,,AGGREGATE_ONLY_NOT_ALIGNED,XBT,,HIGH,HIGH,MEDIUM,MEDIUM,MEDIUM,MEDIUM,MEDIUM,XBTUSD-C0553,BEHAVIORAL_APPROXIMATION
XBTUSD-C0554,XBTUSD,True,LONG,2023-03-13T02:47:32.902000Z,2023-03-13T14:34:30.550000Z,42417.648,10000,60000,0,1,9,10,NONE,FULL_CLOSE,5daaecbd-5dbe-92df-da19-043e69e4c22d,ec8bd842-d045-1a30-6ed7-5f808c791932,21,2,15848193.0,0,0,246347,-166551,,AGGREGATE_ONLY_NOT_ALIGNED,XBT,,HIGH,HIGH,MEDIUM,MEDIUM,MEDIUM,MEDIUM,MEDIUM,XBTUSD-C0554,BEHAVIORAL_APPROXIMATION
XBTUSD-C0555,XBTUSD,True,LONG,2023-03-13T15:01:34.046000Z,2023-03-13T15:09:25.280000Z,471.234,5000,5000,0,1,0,1,NONE,FULL_CLOSE,fa8f735a-676e-71f1-bbd1-5ecac2cac068,23cb42fa-dd4c-fce2-dbaa-87668c5b6a7d,3,0,686575,0,0,31207,0,,AGGREGATE_ONLY_NOT_ALIGNED,XBT,,HIGH,HIGH,MEDIUM,MEDIUM,MEDIUM,MEDIUM,MEDIUM,XBTUSD-C0555,BEHAVIORAL_APPROXIMATION
XBTUSD-C0556,XBTUSD,True,LONG,2023-03-14T19:15:17.702000Z,2023-03-14T19:58:13.594000Z,2575.892,500,135000,0,1,28,13,NONE,FULL_CLOSE,531f8022-aa9b-b2ae-ba29-78dae110c37d,fcb05233-7e42-bab3-fc6b-3d7403b96762,43,0,8075847.999999999999999999999,0,0,431155,0,,AGGREGATE_ONLY_NOT_ALIGNED,XBT,,HIGH,HIGH,MEDIUM,MEDIUM,MEDIUM,MEDIUM,MEDIUM,XBTUSD-C0556,BEHAVIORAL_APPROXIMATION
XBTUSD-C0557,XBTUSD,True,LONG,2023-03-14T20:21:02.459000Z,2023-03-16T13:15:50.658000Z,147288.199,10000,1085300,0,1,205,324,NONE,FULL_CLOSE,47775f62-86c4-4536-a22e-cb499a14e092,fcb12da0-e1a0-6f32-32fd-e279cff7253a,531,5,16779797.00000000000000000010,0,0,6920843,82572,,AGGREGATE_ONLY_NOT_ALIGNED,XBT,,LOW,HIGH,MEDIUM,MEDIUM,MEDIUM,LOW,LOW,XBTUSD-C0557,BEHAVIORAL_APPROXIMATION
XBTUSD-C0558,XBTUSD,True,LONG,2023-03-17T01:33:51.114000Z,2023-03-17T08:57:56.510000Z,26645.396,800,90000,0,1,17,19,NONE,FULL_CLOSE,1b0bffc4-16e2-36b7-ecad-46f4d81f0ff8,e651e490-52aa-3208-1ebc-3ece272c0d7c,38,1,6930401.999999999999999999996,0,0,392184,34844,,AGGREGATE_ONLY_NOT_ALIGNED,XBT,,HIGH,HIGH,MEDIUM,MEDIUM,MEDIUM,MEDIUM,MEDIUM,XBTUSD-C0558,BEHAVIORAL_APPROXIMATION
XBTUSD-C0559,XBTUSD,True,LONG,2023-03-17T19:32:00.109000Z,2023-03-18T01:01:33.409000Z,19773.3,2200,287700,0,1,42,40,NONE,FULL_CLOSE,12a8cc92-bba2-e97e-992a-60708252f75e,f61ead39-dc1d-d527-4185-e6468372ce8a,84,1,10213421.99999999999999999999,0,0,1103855,29765,,AGGREGATE_ONLY_NOT_ALIGNED,XBT,,HIGH,HIGH,MEDIUM,MEDIUM,MEDIUM,MEDIUM,MEDIUM,XBTUSD-C0559,BEHAVIORAL_APPROXIMATION
XBTUSD-C0560,XBTUSD,True,LONG,2023-03-18T15:29:01.704000Z,2023-03-18T19:55:23.207000Z,15981.503,5000,30000,0,1,3,5,NONE,FULL_CLOSE,0ce743bf-eab0-04af-9584-8874275d82ae,ee1c2693-8561-0b1f-82df-853e687f1086,10,0,1926819,0,0,104318,0,,AGGREGATE_ONLY_NOT_ALIGNED,XBT,,HIGH,HIGH,MEDIUM,MEDIUM,MEDIUM,MEDIUM,MEDIUM,XBTUSD-C0560,BEHAVIORAL_APPROXIMATION
XBTUSD-C0561,XBTUSD,True,LONG,2023-03-18T20:07:35.445000Z,2023-03-19T16:38:52.326000Z,73876.881,300,135000,0,1,28,31,NONE,FULL_CLOSE,e20f9e15-eed8-1ff6-bce2-e86e547efe87,ec2b037e-736a-37d2-00c2-a46f3cbdd980,61,2,3466836.999999999999999999999,0,0,367593,27535,,AGGREGATE_ONLY_NOT_ALIGNED,XBT,,LOW,HIGH,MEDIUM,MEDIUM,MEDIUM,LOW,LOW,XBTUSD-C0561,BEHAVIORAL_APPROXIMATION
XBTUSD-C0562,XBTUSD,True,LONG,2023-03-20T02:44:03.856000Z,2023-03-20T11:51:02.001000Z,32818.145,15000,20000,0,1,2,8,NONE,FULL_CLOSE,6267deea-5726-ca96-95e1-57fd1747be2d,d2123720-fa4d-15b0-4bbf-c91ada5ec56f,12,1,2172300.0,0,0,77865,7310,,AGGREGATE_ONLY_NOT_ALIGNED,XBT,,HIGH,HIGH,MEDIUM,MEDIUM,MEDIUM,MEDIUM,MEDIUM,XBTUSD-C0562,BEHAVIORAL_APPROXIMATION
DOGEUSD-C0032,DOGEUSD,False,LONG,2023-03-21T17:16:38.376000Z,2023-03-23T15:07:20.779000Z,165042.403,131,11110,0,1,35,5,NONE,FULL_CLOSE,dff4fa3f-65b4-dd3e-d140-bc3cdc9892cc,f76283fe-8591-9c46-bef2-8e4557f7138f,42,6,-329412.0,0,0,81758,143825,,AGGREGATE_ONLY_NOT_ALIGNED,XBT,,HIGH,HIGH,MEDIUM,MEDIUM,MEDIUM,MEDIUM,MEDIUM,DOGEUSD-C0032,BEHAVIORAL_APPROXIMATION
XRPUSD-C0078,XRPUSD,False,LONG,2023-03-21T19:36:53.086000Z,2023-03-21T21:54:55.475000Z,8282.389,3040,35000,0,1,38,38,NONE,FULL_CLOSE,1ec951de-8f2b-a715-eded-e84e06345fe9,d5193bb3-7583-a7d3-a819-99249b18268a,78,1,4942460.000000000000000000003,0,0,179172,22734,,AGGREGATE_ONLY_NOT_ALIGNED,XBT,,HIGH,HIGH,MEDIUM,MEDIUM,MEDIUM,MEDIUM,MEDIUM,XRPUSD-C0078,BEHAVIORAL_APPROXIMATION
XRPUSD-C0079,XRPUSD,False,LONG,2023-03-21T22:03:58.406000Z,2023-03-23T08:11:16.191000Z,122837.785,5000,80000,0,1,95,114,NONE,FULL_CLOSE,29a49bbc-2fbb-4ba2-c685-272b49258cfe,20e147e9-da34-30cf-f55d-477e1469ff2f,211,4,12511758.000,0,0,319478,640823,,AGGREGATE_ONLY_NOT_ALIGNED,XBT,,LOW,HIGH,MEDIUM,MEDIUM,MEDIUM,LOW,LOW,XRPUSD-C0079,BEHAVIORAL_APPROXIMATION
XBTUSD-C0563,XBTUSD,True,LONG,2023-03-22T19:09:03.041000Z,2023-03-23T09:46:44.385000Z,52661.344,5000,15000,0,1,2,4,NONE,FULL_CLOSE,2cec5fef-59fb-aa14-ad22-c2a019693a1b,db0c8cd8-63eb-65b7-77a4-9482d62f2836,8,2,1350450,0,0,51765,11078,,AGGREGATE_ONLY_NOT_ALIGNED,XBT,,HIGH,HIGH,MEDIUM,MEDIUM,MEDIUM,MEDIUM,MEDIUM,XBTUSD-C0563,BEHAVIORAL_APPROXIMATION
LTCUSD-C0057,LTCUSD,False,SHORT,2023-03-22T19:31:23.883000Z,2023-03-22T19:33:40.539000Z,136.656,-201,201,0,1,0,1,LTCUSD-C0056,FULL_CLOSE,c32497fb-bae5-8c65-38b0-58f498a060f1,4c0c9906-bfb8-d6fd-10f9-7e80bd67de22,3,0,13088,0,0,2502,0,,AGGREGATE_ONLY_NOT_ALIGNED,XBT,,HIGH,HIGH,MEDIUM,MEDIUM,MEDIUM,MEDIUM,MEDIUM,LTCUSD-C0057,BEHAVIORAL_APPROXIMATION
ETHUSD-C0216,ETHUSD,False,LONG,2023-03-22T20:43:26.613000Z,2023-03-26T04:30:20.487000Z,287213.874,12,4246,0,1,65,39,NONE,FULL_CLOSE,78c48413-5362-3961-e6a1-63fbe1967202,2817b12d-9f3b-38c7-0c22-be4f20fc4f05,106,10,-2343975.000000000000000000003,0,0,1156073,1133306,,AGGREGATE_ONLY_NOT_ALIGNED,XBT,,HIGH,HIGH,MEDIUM,MEDIUM,MEDIUM,MEDIUM,MEDIUM,ETHUSD-C0216,BEHAVIORAL_APPROXIMATION
LTCUSD-C0058,LTCUSD,False,LONG,2023-03-23T00:24:02.949000Z,2023-03-23T19:05:33.179000Z,67290.23,835,13332,0,1,37,22,NONE,FULL_CLOSE,4f180153-8e37-ee9c-0d37-706c52d176d2,f3b4afaf-f342-56e8-a38f-600e53877068,61,2,13857541.99999999999999999998,0,0,200870,112914,,AGGREGATE_ONLY_NOT_ALIGNED,XBT,,HIGH,HIGH,MEDIUM,MEDIUM,MEDIUM,MEDIUM,MEDIUM,LTCUSD-C0058,BEHAVIORAL_APPROXIMATION
XBTUSD-C0564,XBTUSD,True,LONG,2023-03-23T13:20:40.461000Z,2023-03-23T13:25:15.864000Z,275.403,10000,50000,0,1,2,2,NONE,FULL_CLOSE,91c404e4-d734-1f1d-2d83-57e2935a1cd6,eb9217ee-1d67-85be-6a4f-db7a72e94cff,6,0,8694116.0,0,0,175104,0,,AGGREGATE_ONLY_NOT_ALIGNED,XBT,,HIGH,HIGH,MEDIUM,MEDIUM,MEDIUM,MEDIUM,MEDIUM,XBTUSD-C0564,BEHAVIORAL_APPROXIMATION
XBTUSD-C0565,XBTUSD,True,LONG,2023-03-23T13:49:11.880000Z,2023-03-26T04:30:11.726000Z,225659.846,5000,40000,0,1,8,14,NONE,FULL_CLOSE,4e1d5e59-ac96-4fec-cc25-d08e22c19d18,efbc5e14-8e8d-e878-4444-a5222114e149,24,8,1861686.000,0,0,138442,18733,,AGGREGATE_ONLY_NOT_ALIGNED,XBT,,HIGH,HIGH,MEDIUM,MEDIUM,MEDIUM,MEDIUM,MEDIUM,XBTUSD-C0565,BEHAVIORAL_APPROXIMATION
ETHM23-C0001,ETHM23,False,LONG,2023-03-23T15:38:09.675000Z,2023-04-21T18:13:06.927000Z,2514897.252,99000,12431000,0,1,118,102,NONE,FULL_CLOSE,d179c1dc-473e-936c-a501-d2b4abb26187,50d2c68e-a3dc-194d-b3be-cbff89c6c045,222,0,44612489.99999999999999999991,0,0,-295074,0,,AGGREGATE_ONLY_NOT_ALIGNED,XBT,,HIGH,HIGH,MEDIUM,MEDIUM,MEDIUM,MEDIUM,MEDIUM,ETHM23-C0001,BEHAVIORAL_APPROXIMATION
ETHUSD-C0217,ETHUSD,False,LONG,2023-03-27T15:00:20.096000Z,2023-03-30T01:29:23.428000Z,210543.332,280,3090,-40,1,15,29,NONE,FLIP,ed44e1b9-e58d-5a5b-7e08-c580594255d4,9d26831e-f004-ac9c-9b35-c213cb23f392,46,7,28548624.99999999999999999998,0,0,370391,1763179,,AGGREGATE_ONLY_NOT_ALIGNED,XBT,,HIGH,HIGH,MEDIUM,MEDIUM,MEDIUM,MEDIUM,MEDIUM,"ETHUSD-C0217,ETHUSD-C0218",BEHAVIORAL_APPROXIMATION
XBTUSD-C0566,XBTUSD,True,LONG,2023-03-27T15:00:23.483000Z,2023-03-30T03:57:39.225000Z,219435.742,5600,15000,0,1,4,6,NONE,FULL_CLOSE,429e04f3-5889-e668-f726-6cefe9dc782e,e9efac9c-e7b7-8287-14e4-b30cc2f0dc31,12,7,3417446,0,0,50644,21001,,AGGREGATE_ONLY_NOT_ALIGNED,XBT,,HIGH,HIGH,MEDIUM,MEDIUM,MEDIUM,MEDIUM,MEDIUM,XBTUSD-C0566,BEHAVIORAL_APPROXIMATION
LTCUSD-C0059,LTCUSD,False,LONG,2023-03-27T15:02:57.385000Z,2023-03-27T23:26:05.289000Z,30187.904,1178,3333,0,1,18,4,NONE,FULL_CLOSE,df46154f-423c-77bd-17f4-6bd2bca1c3e8,f64eb537-d9ff-f204-7f5f-af46f5d79170,24,1,221320,0,0,56122,24922,,AGGREGATE_ONLY_NOT_ALIGNED,XBT,,HIGH,HIGH,MEDIUM,MEDIUM,MEDIUM,MEDIUM,MEDIUM,LTCUSD-C0059,BEHAVIORAL_APPROXIMATION
LTCUSD-C0060,LTCUSD,False,LONG,2023-03-28T01:01:37.431000Z,2023-03-30T03:57:59.501000Z,183382.07,446,6666,0,1,5,7,NONE,FULL_CLOSE,4e406fb0-407e-2934-a905-58d87d1d8459,d5e93e79-7461-21df-796c-ed5894161347,14,6,4354914,0,0,113422,311314,,AGGREGATE_ONLY_NOT_ALIGNED,XBT,,HIGH,HIGH,MEDIUM,MEDIUM,MEDIUM,MEDIUM,MEDIUM,LTCUSD-C0060,BEHAVIORAL_APPROXIMATION
ETHUSD-C0218,ETHUSD,False,SHORT,2023-03-30T01:29:23.428000Z,2023-03-30T02:23:55.552000Z,3272.124,-40,350,0,1,2,0,ETHUSD-C0217,FULL_CLOSE,9d26831e-f004-ac9c-9b35-c213cb23f392,e4ba3a66-0205-c7f5-f54f-49f8f0fb9570,4,0,-593250,0,0,58644,0,,AGGREGATE_ONLY_NOT_ALIGNED,XBT,,HIGH,HIGH,MEDIUM,MEDIUM,MEDIUM,MEDIUM,MEDIUM,ETHUSD-C0218,BEHAVIORAL_APPROXIMATION
XBTUSD-C0567,XBTUSD,True,SHORT,2023-04-09T06:14:05.859000Z,2023-04-09T21:41:23.905000Z,55638.046,-100,75000,0,1,18,6,NONE,FULL_CLOSE,07d22009-2c9c-aade-6f0f-dff895571101,ffafac20-6dba-8087-6640-eea514370d3b,26,2,-4435267.000,0,0,304541,26951,,AGGREGATE_ONLY_NOT_ALIGNED,XBT,,HIGH,HIGH,MEDIUM,MEDIUM,MEDIUM,MEDIUM,MEDIUM,XBTUSD-C0567,BEHAVIORAL_APPROXIMATION
XBTUSD-C0568,XBTUSD,True,LONG,2023-04-10T17:10:28.196000Z,2023-04-12T11:38:07.369000Z,152859.173,15000,70000,0,1,20,31,NONE,FULL_CLOSE,6f3ef4e9-f2de-a974-c5e8-4a6dcbd829b5,fcb0bf17-f237-6479-3cd8-69171d0a8bee,53,5,4062023.000000000000000000000,0,0,317219,68659,,AGGREGATE_ONLY_NOT_ALIGNED,XBT,,HIGH,HIGH,MEDIUM,MEDIUM,MEDIUM,MEDIUM,MEDIUM,XBTUSD-C0568,BEHAVIORAL_APPROXIMATION
XBTUSD-C0569,XBTUSD,True,SHORT,2023-04-12T12:16:13.290000Z,2023-04-12T15:26:35.238000Z,11421.948,-5000,55000,0,1,15,7,NONE,FULL_CLOSE,98f11d28-fe39-1e1c-bbd5-ef7e5dfce38f,b045d821-2f0c-1be1-d4bb-2a9798ad351f,24,0,2127706.000000000000000000001,0,0,201415,0,,AGGREGATE_ONLY_NOT_ALIGNED,XBT,,HIGH,HIGH,MEDIUM,MEDIUM,MEDIUM,MEDIUM,MEDIUM,XBTUSD-C0569,BEHAVIORAL_APPROXIMATION
XBTUSD-C0570,XBTUSD,True,SHORT,2023-04-12T18:45:20.126000Z,2023-04-20T12:33:13.750000Z,668873.624,-100,50000,0,1,13,11,NONE,FULL_CLOSE,1fe162e2-94d6-f632-14c4-9ac62ff9e931,ffe3bf6f-1e08-f54b-fffb-8636ea7bcfe7,26,24,9082280.0000,0,0,191113,-159093,,AGGREGATE_ONLY_NOT_ALIGNED,XBT,,HIGH,HIGH,MEDIUM,MEDIUM,MEDIUM,MEDIUM,MEDIUM,XBTUSD-C0570,BEHAVIORAL_APPROXIMATION
DOGEUSD-C0033,DOGEUSD,False,LONG,2023-04-14T01:52:21.965000Z,2023-05-03T14:41:19.227000Z,1687737.262,95,23386,0,1,49,60,NONE,FULL_CLOSE,1cf0cc17-efb4-c4da-a226-d0075290b8af,e7d4c609-01e4-a592-c9c0-30fb6f736859,111,59,-5430379.999999999999999999996,0,0,173644,1564661,,AGGREGATE_ONLY_NOT_ALIGNED,XBT,,HIGH,HIGH,MEDIUM,MEDIUM,MEDIUM,MEDIUM,MEDIUM,DOGEUSD-C0033,BEHAVIORAL_APPROXIMATION
ETHUSD-C0219,ETHUSD,False,LONG,2023-04-20T17:07:08.253000Z,2023-04-20T17:29:20.720000Z,1332.467,1,11111,0,1,72,95,NONE,FULL_CLOSE,11ae7079-fe3c-eb4f-2fb3-e43b70e999fd,2ddd5f9e-0181-2382-0fd3-b1691e320233,169,0,6042350.000000000000000000003,0,0,997494,0,,AGGREGATE_ONLY_NOT_ALIGNED,XBT,,HIGH,HIGH,MEDIUM,MEDIUM,MEDIUM,MEDIUM,MEDIUM,ETHUSD-C0219,BEHAVIORAL_APPROXIMATION
ETHUSD-C0220,ETHUSD,False,SHORT,2023-04-20T17:32:14.650000Z,2023-04-20T17:37:33.933000Z,319.283,-333,333,0,1,0,3,NONE,FULL_CLOSE,04857544-dfd1-131c-38b4-695a24dbe734,e8c186aa-7416-ddc1-82f1-d633ca0a2210,5,0,63120,0,0,61628,0,,AGGREGATE_ONLY_NOT_ALIGNED,XBT,,HIGH,HIGH,MEDIUM,MEDIUM,MEDIUM,MEDIUM,MEDIUM,ETHUSD-C0220,BEHAVIORAL_APPROXIMATION
XBTUSD-C0571,XBTUSD,True,SHORT,2023-04-20T23:32:14.098000Z,2023-04-21T20:09:43.551000Z,74249.453,-2800,35000,0,1,6,8,NONE,FULL_CLOSE,891cdb09-2e90-788c-36aa-c722791cdc82,e74f34aa-c93d-d343-c25a-8ee198798089,16,3,4212400.000000000000000000001,0,0,99950,-13185,,AGGREGATE_ONLY_NOT_ALIGNED,XBT,,HIGH,HIGH,MEDIUM,MEDIUM,MEDIUM,MEDIUM,MEDIUM,XBTUSD-C0571,BEHAVIORAL_APPROXIMATION
XBTUSD-C0572,XBTUSD,True,LONG,2023-04-21T20:12:29.468000Z,2023-04-22T21:17:23.226000Z,90293.758,2000,240000,-30200,1,42,67,NONE,FLIP,6f43b77b-d379-0ef8-75d6-87e305244cce,693e6a01-9d6a-2b6f-3450-6fc988653c4d,111,3,11377000.0000,0,0,586562,204705,,AGGREGATE_ONLY_NOT_ALIGNED,XBT,,LOW,HIGH,MEDIUM,MEDIUM,MEDIUM,LOW,LOW,"XBTUSD-C0572,XBTUSD-C0573",BEHAVIORAL_APPROXIMATION
XBTUSD-C0573,XBTUSD,True,SHORT,2023-04-22T21:17:23.226000Z,2023-04-22T21:18:23.774000Z,60.548,-30200,45200,45200,1,0,6,XBTUSD-C0572,FLIP,693e6a01-9d6a-2b6f-3450-6fc988653c4d,0bb79db9-8057-3fc6-468a-8b28e871d840,8,0,-1695,0,0,85373,0,,AGGREGATE_ONLY_NOT_ALIGNED,XBT,,HIGH,HIGH,MEDIUM,MEDIUM,MEDIUM,MEDIUM,MEDIUM,"XBTUSD-C0573,XBTUSD-C0574",BEHAVIORAL_APPROXIMATION
XBTUSD-C0574,XBTUSD,True,LONG,2023-04-22T21:18:23.774000Z,2023-04-22T22:39:51.791000Z,4888.017,45200,45200,-1500,1,0,10,XBTUSD-C0573,FLIP,0bb79db9-8057-3fc6-468a-8b28e871d840,86f0c2b0-f1e2-39a4-5f13-16cf0546a9ac,12,0,953174,0,0,33654,0,,AGGREGATE_ONLY_NOT_ALIGNED,XBT,,HIGH,HIGH,MEDIUM,MEDIUM,MEDIUM,MEDIUM,MEDIUM,"XBTUSD-C0574,XBTUSD-C0575",BEHAVIORAL_APPROXIMATION
XBTUSD-C0575,XBTUSD,True,SHORT,2023-04-22T22:39:51.791000Z,2023-04-24T23:41:03.033000Z,176471.242,-1500,39900,0,1,6,6,XBTUSD-C0574,FULL_CLOSE,86f0c2b0-f1e2-39a4-5f13-16cf0546a9ac,2ada7e9f-51d0-8269-3b7b-4ac0a7dddeb9,14,6,2691947.000000000000000000000,0,0,133567,-5302,,AGGREGATE_ONLY_NOT_ALIGNED,XBT,,HIGH,HIGH,MEDIUM,MEDIUM,MEDIUM,MEDIUM,MEDIUM,XBTUSD-C0575,BEHAVIORAL_APPROXIMATION
ETHUSD-C0221,ETHUSD,False,LONG,2023-04-24T17:02:17.047000Z,2023-04-24T23:59:22.159000Z,25025.112,20,333,0,1,5,1,NONE,FULL_CLOSE,e3758a98-6727-d956-919a-0d0522fe5393,8babe910-4dd8-6a23-2dd5-043078279e05,8,1,1049625,0,0,58076,15917,,AGGREGATE_ONLY_NOT_ALIGNED,XBT,,HIGH,HIGH,MEDIUM,MEDIUM,MEDIUM,MEDIUM,MEDIUM,ETHUSD-C0221,BEHAVIORAL_APPROXIMATION
XBTUSD-C0576,XBTUSD,True,SHORT,2023-04-25T21:15:14.524000Z,2023-04-26T01:35:48.419000Z,15633.895,-16900,70000,0,1,3,6,NONE,FULL_CLOSE,768637f5-cc6f-2e89-aedc-31ae14a97b4f,f8c89ee0-56ba-2f06-12f6-fc77cd04d9f9,11,0,251101.0,0,0,234895,0,,AGGREGATE_ONLY_NOT_ALIGNED,XBT,,HIGH,HIGH,MEDIUM,MEDIUM,MEDIUM,MEDIUM,MEDIUM,XBTUSD-C0576,BEHAVIORAL_APPROXIMATION
XBTUSD-C0577,XBTUSD,True,SHORT,2023-04-26T10:53:02.524000Z,2023-04-26T19:23:54.825000Z,30652.301,-25100,175000,0,1,27,26,NONE,FULL_CLOSE,84be8446-07e6-5540-8300-a45a1e3a8e91,f9ef6e40-db4f-0cbb-5918-449cbf0767c1,55,1,2367513.999999999999999999999,0,0,636611,-22476,,AGGREGATE_ONLY_NOT_ALIGNED,XBT,,HIGH,HIGH,MEDIUM,MEDIUM,MEDIUM,MEDIUM,MEDIUM,XBTUSD-C0577,BEHAVIORAL_APPROXIMATION
XBTUSD-C0578,XBTUSD,True,LONG,2023-04-26T19:39:05.375000Z,2023-04-26T19:42:16.203000Z,190.828,5100,310000,0,1,35,29,NONE,FULL_CLOSE,6c92b852-e757-de6d-67ca-b71e548209c7,ead89572-e3d7-99dc-83c4-63cb3b760b98,66,0,1546920.000000000000000000000,0,0,1636670,0,,AGGREGATE_ONLY_NOT_ALIGNED,XBT,,HIGH,HIGH,MEDIUM,MEDIUM,MEDIUM,MEDIUM,MEDIUM,XBTUSD-C0578,BEHAVIORAL_APPROXIMATION
XBTUSD-C0579,XBTUSD,True,LONG,2023-04-26T19:43:06.086000Z,2023-04-26T19:53:16.183000Z,610.097,3000,245000,0,1,23,38,NONE,FULL_CLOSE,607c5858-3a35-31ef-49a0-eedc6e1b8b04,ea810237-7ed0-80e4-0ebf-87d7a3c144d7,63,0,-7212039.000000000000000000002,0,0,1032971,0,,AGGREGATE_ONLY_NOT_ALIGNED,XBT,,HIGH,HIGH,MEDIUM,MEDIUM,MEDIUM,MEDIUM,MEDIUM,XBTUSD-C0579,BEHAVIORAL_APPROXIMATION
XBTUSD-C0580,XBTUSD,True,SHORT,2023-04-26T19:56:32.681000Z,2023-04-26T19:57:59.239000Z,86.558,-33400,35000,0,1,9,12,NONE,FULL_CLOSE,15ddb338-7802-78f2-39d2-33137d48b218,fe60edb0-f7dc-a5ed-d3b1-7aaca08018e4,23,0,327958.9999999999999999999999,0,0,187889,0,,AGGREGATE_ONLY_NOT_ALIGNED,XBT,,HIGH,HIGH,MEDIUM,MEDIUM,MEDIUM,MEDIUM,MEDIUM,XBTUSD-C0580,BEHAVIORAL_APPROXIMATION
XBTUSD-C0581,XBTUSD,True,LONG,2023-04-26T19:58:11.019000Z,2023-04-26T20:02:00.195000Z,229.176,4400,145000,0,1,28,42,NONE,FULL_CLOSE,2f997418-73c5-aab7-0250-8502dbc22840,ffadd3ba-4936-69bc-9a1c-74c0091bdc99,72,1,-11491187.00000000000000000000,0,0,787451,51925,,AGGREGATE_ONLY_NOT_ALIGNED,XBT,,HIGH,HIGH,MEDIUM,MEDIUM,MEDIUM,MEDIUM,MEDIUM,XBTUSD-C0581,BEHAVIORAL_APPROXIMATION
XBTUSD-C0582,XBTUSD,True,SHORT,2023-04-26T20:28:29.280000Z,2023-04-27T00:18:39.763000Z,13810.483,-3000,150000,0,1,50,18,NONE,FULL_CLOSE,8720f548-c04d-c813-efd4-30c60afad854,b717f847-4a7d-283e-a369-012759b779b2,70,0,-16642614.00000000000000000000,0,0,608668,0,,AGGREGATE_ONLY_NOT_ALIGNED,XBT,,HIGH,HIGH,MEDIUM,MEDIUM,MEDIUM,MEDIUM,MEDIUM,XBTUSD-C0582,BEHAVIORAL_APPROXIMATION
XBTUSD-C0583,XBTUSD,True,SHORT,2023-04-27T05:01:10.489000Z,2023-04-27T17:17:50.013000Z,44199.524,-13500,180300,0,1,15,17,NONE,FULL_CLOSE,2a4e765e-fbec-51ac-e7c5-827246438678,d4dab557-3165-9016-6a41-8a72eb8854a7,34,1,-3035377.000000000000000000001,0,0,649309,140122,,AGGREGATE_ONLY_NOT_ALIGNED,XBT,,HIGH,HIGH,MEDIUM,MEDIUM,MEDIUM,MEDIUM,MEDIUM,XBTUSD-C0583,BEHAVIORAL_APPROXIMATION
XBTUSD-C0584,XBTUSD,True,LONG,2023-05-01T01:51:28.796000Z,2023-05-03T14:41:01.255000Z,218972.459,35000,156200,0,1,16,12,NONE,FULL_CLOSE,822b209b-af5b-0302-a38c-bdda1e9ea708,ffa9c927-e910-6eb6-812d-8fc9f5828f82,30,8,3351901.000000000000000000000,0,0,526040,-36938,,AGGREGATE_ONLY_NOT_ALIGNED,XBT,,HIGH,HIGH,MEDIUM,MEDIUM,MEDIUM,MEDIUM,MEDIUM,XBTUSD-C0584,BEHAVIORAL_APPROXIMATION
XBTUSD-C0585,XBTUSD,True,LONG,2023-05-03T21:53:48.748000Z,2023-05-06T14:06:28.358000Z,231159.61,5300,78000,0,1,14,7,NONE,FULL_CLOSE,5b23b4ab-ef02-c20a-664e-6eeaae642f0d,ddfca167-ad95-ae8d-8359-d3360cf4777c,23,8,-2444918.000000000000000000000,0,0,279718,-29658,,AGGREGATE_ONLY_NOT_ALIGNED,XBT,,HIGH,HIGH,MEDIUM,MEDIUM,MEDIUM,MEDIUM,MEDIUM,XBTUSD-C0585,BEHAVIORAL_APPROXIMATION
ETHM23-C0002,ETHM23,False,SHORT,2023-05-04T22:51:23.590000Z,2023-06-30T11:59:59.999000Z,4885716.409,-1000,2700000,0,1,42,85,NONE,SETTLEMENT,f9053803-5023-64f5-a4ea-d4e7f23460e0,4ff3b2aa-54d6-6150-1335-13e8ce02220d,129,0,9446899.999999999999999999999,0,0,190917,0,,AGGREGATE_ONLY_NOT_ALIGNED,XBT,,HIGH,HIGH,MEDIUM,MEDIUM,MEDIUM,MEDIUM,MEDIUM,ETHM23-C0002,BEHAVIORAL_APPROXIMATION
DOGEUSD-C0034,DOGEUSD,False,LONG,2023-05-08T17:39:22.652000Z,2023-05-24T03:42:51.839000Z,1332209.187,670,4444,0,1,4,7,NONE,FULL_CLOSE,fa3ed74e-e224-b990-ec63-5a98e1cb8d6e,fd931e33-4bb2-63f2-1562-70378895ab45,13,46,-689504,0,0,30250,292140,,AGGREGATE_ONLY_NOT_ALIGNED,XBT,,HIGH,HIGH,MEDIUM,MEDIUM,MEDIUM,MEDIUM,MEDIUM,DOGEUSD-C0034,BEHAVIORAL_APPROXIMATION
XBTUSD-C0586,XBTUSD,True,LONG,2023-05-11T22:16:38.459000Z,2023-05-12T05:17:25.582000Z,25247.123,500,30000,0,1,8,14,NONE,FULL_CLOSE,7d14fd45-30d3-476f-a024-9abb016cefd0,f81351db-8741-b69c-ac69-5d22bf1f8cc0,24,1,-1779849,0,0,156717,2030,,AGGREGATE_ONLY_NOT_ALIGNED,XBT,,HIGH,HIGH,MEDIUM,MEDIUM,MEDIUM,MEDIUM,MEDIUM,XBTUSD-C0586,BEHAVIORAL_APPROXIMATION
ETHUSD-C0222,ETHUSD,False,LONG,2023-05-12T02:56:24.897000Z,2023-05-12T05:45:55.950000Z,10171.053,666,666,0,1,0,11,NONE,FULL_CLOSE,e81e2b24-1844-983a-fddf-bf9cc33f64db,ff138665-bf27-ab1b-2eab-68c24a1d434c,13,1,-53705,0,0,111687,44411,,AGGREGATE_ONLY_NOT_ALIGNED,XBT,,HIGH,HIGH,MEDIUM,MEDIUM,MEDIUM,MEDIUM,MEDIUM,ETHUSD-C0222,BEHAVIORAL_APPROXIMATION
XBTUSD-C0587,XBTUSD,True,LONG,2023-05-12T05:50:42.398000Z,2023-05-19T14:53:59.445000Z,637397.047,1200,165000,0,1,25,22,NONE,FULL_CLOSE,a40751d5-736a-f24d-09b8-97900c16e769,ffc5a8bc-81c0-2868-b1a4-d4a22f12b543,49,22,6572543.999999999999999999998,0,0,719063,46787,,AGGREGATE_ONLY_NOT_ALIGNED,XBT,,HIGH,HIGH,MEDIUM,MEDIUM,MEDIUM,MEDIUM,MEDIUM,XBTUSD-C0587,BEHAVIORAL_APPROXIMATION
XBTUSD-C0588,XBTUSD,True,LONG,2023-05-19T15:21:56.098000Z,2023-05-24T03:36:03.258000Z,389647.16,3000,108000,0,1,26,9,NONE,FULL_CLOSE,7c99b3c8-a405-bb80-68c5-ea6d0c2298fd,f07f3aa3-8ca4-640f-e3d6-18ec2166865e,37,13,-1919711.000000000000000000000,0,0,432222,46304,,AGGREGATE_ONLY_NOT_ALIGNED,XBT,,HIGH,HIGH,MEDIUM,MEDIUM,MEDIUM,MEDIUM,MEDIUM,XBTUSD-C0588,BEHAVIORAL_APPROXIMATION
XBTUSD-C0589,XBTUSD,True,SHORT,2023-05-24T13:49:34.106000Z,2023-05-24T16:12:28.779000Z,8574.673,-6000,6000,0,1,0,1,NONE,FULL_CLOSE,cb4fa0c5-828e-1328-8a2a-468f442e513a,8d7b15b0-6036-9f4a-ef5f-8b6e9f631bb1,3,0,238620,0,0,21663,0,,AGGREGATE_ONLY_NOT_ALIGNED,XBT,,HIGH,HIGH,MEDIUM,MEDIUM,MEDIUM,MEDIUM,MEDIUM,XBTUSD-C0589,BEHAVIORAL_APPROXIMATION
XBTUSD-C0590,XBTUSD,True,SHORT,2023-05-25T19:10:36.410000Z,2023-05-28T01:01:09.549000Z,193833.139,-6000,24000,0,1,3,4,NONE,FULL_CLOSE,5c6d5aaa-9987-6cad-d953-64410eafd873,c9ca2ca3-6f8f-2b13-6264-af680552976a,9,7,-1289169.00,0,0,84354,5220,,AGGREGATE_ONLY_NOT_ALIGNED,XBT,,HIGH,HIGH,MEDIUM,MEDIUM,MEDIUM,MEDIUM,MEDIUM,XBTUSD-C0590,BEHAVIORAL_APPROXIMATION
XBTUSD-C0591,XBTUSD,True,LONG,2023-05-28T22:11:50.205000Z,2023-05-30T14:46:10.272000Z,146060.067,6000,6000,0,1,0,0,NONE,FULL_CLOSE,e87cb0d3-5f94-85d5-fe79-f6da20bc58a7,5a51f846-4d25-0b09-68cc-8c0dbe5a8653,2,5,-330180,0,0,20517,10759,,AGGREGATE_ONLY_NOT_ALIGNED,XBT,,HIGH,HIGH,MEDIUM,MEDIUM,MEDIUM,MEDIUM,MEDIUM,XBTUSD-C0591,BEHAVIORAL_APPROXIMATION
XBTUSD-C0592,XBTUSD,True,SHORT,2023-05-30T14:46:18.293000Z,2023-06-01T15:30:25.978000Z,175447.685,-9800,64000,0,1,7,6,NONE,FULL_CLOSE,19cb8543-525d-d2db-68cd-386f21baf899,e358153a-02df-9bb8-0955-560810466933,15,6,6671898.000000,0,0,351952,-99572,,AGGREGATE_ONLY_NOT_ALIGNED,XBT,,HIGH,HIGH,MEDIUM,MEDIUM,MEDIUM,MEDIUM,MEDIUM,XBTUSD-C0592,BEHAVIORAL_APPROXIMATION
XBTUSD-C0593,XBTUSD,True,LONG,2023-06-02T02:42:25.194000Z,2023-06-05T15:57:09.785000Z,306884.591,13900,96000,0,1,16,14,NONE,FULL_CLOSE,5500b303-e49b-6d5a-570f-cb6801c0455e,e26759e1-254c-ade6-1806-136c6a8ceb85,32,11,-11732178,0,0,443157,47438,,AGGREGATE_ONLY_NOT_ALIGNED,XBT,,HIGH,HIGH,MEDIUM,MEDIUM,MEDIUM,MEDIUM,MEDIUM,XBTUSD-C0593,BEHAVIORAL_APPROXIMATION
LTCUSD-C0061,LTCUSD,False,LONG,2023-06-02T02:52:51.978000Z,2023-06-15T07:30:33.087000Z,1139861.109,210,18887,0,1,84,146,NONE,FULL_CLOSE,8039f038-8706-ebbc-fb03-81cc3be27adb,9e55485f-8f01-8c08-34ae-2c77ada8dea5,232,40,-32259801.99999999999999999996,0,0,336377,779782,,AGGREGATE_ONLY_NOT_ALIGNED,XBT,,LOW,HIGH,MEDIUM,MEDIUM,MEDIUM,LOW,LOW,LTCUSD-C0061,BEHAVIORAL_APPROXIMATION
XBTUSD-C0594,XBTUSD,True,LONG,2023-06-05T16:02:32.313000Z,2023-06-06T11:23:52.600000Z,69680.287,12300,115500,0,1,12,9,NONE,FULL_CLOSE,d6e9259e-b2b1-2e31-d973-14659ebaf2d0,ef9c2d26-b477-f814-5acb-412f00497dfd,23,2,246392.9999999999999999999999,0,0,496792,53034,,AGGREGATE_ONLY_NOT_ALIGNED,XBT,,HIGH,HIGH,MEDIUM,MEDIUM,MEDIUM,MEDIUM,MEDIUM,XBTUSD-C0594,BEHAVIORAL_APPROXIMATION
XRPUSD-C0080,XRPUSD,False,LONG,2023-06-06T00:10:18.336000Z,2023-06-11T07:55:36.202000Z,459917.866,344,10000,0,1,19,51,NONE,FULL_CLOSE,21638cdb-db04-8555-aa81-665f750214b1,04136560-b40a-a5b9-7995-0d2bc0ce0e61,72,16,2482754.000000000000000000000,0,0,126749,189144,,AGGREGATE_ONLY_NOT_ALIGNED,XBT,,HIGH,HIGH,MEDIUM,MEDIUM,MEDIUM,MEDIUM,MEDIUM,XRPUSD-C0080,BEHAVIORAL_APPROXIMATION
XBTUSD-C0595,XBTUSD,True,LONG,2023-06-06T12:11:14.364000Z,2023-06-06T17:03:14.170000Z,17519.806,2300,32000,0,1,4,5,NONE,FULL_CLOSE,806190b0-7794-d97b-f709-9a3ff7cf07fc,9d33d7cc-2f10-2f23-ddf6-d4518197cde3,11,0,2343423.000,0,0,149621,0,,AGGREGATE_ONLY_NOT_ALIGNED,XBT,,HIGH,HIGH,MEDIUM,MEDIUM,MEDIUM,MEDIUM,MEDIUM,XBTUSD-C0595,BEHAVIORAL_APPROXIMATION
DOGEUSD-C0035,DOGEUSD,False,LONG,2023-06-06T15:10:26.045000Z,2023-06-06T20:19:02.357000Z,18516.312,410,666,0,1,1,2,NONE,FULL_CLOSE,87ae21ce-f894-b86a-6f8d-bfb99ab58adb,e2fcc4d9-96f5-94a8-5408-8bdfb4d51b3f,5,1,185558,0,0,5994,473,,AGGREGATE_ONLY_NOT_ALIGNED,XBT,,HIGH,HIGH,MEDIUM,MEDIUM,MEDIUM,MEDIUM,MEDIUM,DOGEUSD-C0035,BEHAVIORAL_APPROXIMATION
XBTUSD-C0596,XBTUSD,True,LONG,2023-06-06T17:28:15.676000Z,2023-06-06T20:18:51.069000Z,10235.393,100,48000,0,1,4,8,NONE,FULL_CLOSE,3c817fcb-6fcb-0d22-2e10-20ba40da556a,f6c920c5-d867-1b15-f8ba-4647055a9ea7,14,1,2565977,0,0,234658,-9745,,AGGREGATE_ONLY_NOT_ALIGNED,XBT,,HIGH,HIGH,MEDIUM,MEDIUM,MEDIUM,MEDIUM,MEDIUM,XBTUSD-C0596,BEHAVIORAL_APPROXIMATION
DOGEUSD-C0036,DOGEUSD,False,LONG,2023-06-07T14:22:34.220000Z,2023-08-14T19:18:15.878000Z,5892941.658,666,18197,0,1,112,82,NONE,FULL_CLOSE,17b31554-7654-53d6-10da-79c7329c8759,c8575b78-1037-92de-1cad-c6addfcfc323,196,204,14969762.00000000000000000000,0,0,357806,1911193,,AGGREGATE_ONLY_NOT_ALIGNED,XBT,,HIGH,HIGH,MEDIUM,MEDIUM,MEDIUM,MEDIUM,MEDIUM,DOGEUSD-C0036,BEHAVIORAL_APPROXIMATION
XBTUSD-C0597,XBTUSD,True,LONG,2023-06-07T14:55:09.003000Z,2023-06-12T02:47:14.157000Z,388325.154,5700,80000,0,1,19,16,NONE,FULL_CLOSE,ac46d871-255f-f25f-f9ec-7abaf13d2952,43917588-98ba-7907-6507-9b6dd020ca28,37,13,449372.00000,0,0,617826,-53145,,AGGREGATE_ONLY_NOT_ALIGNED,XBT,,HIGH,HIGH,MEDIUM,MEDIUM,MEDIUM,MEDIUM,MEDIUM,XBTUSD-C0597,BEHAVIORAL_APPROXIMATION
ORDIUSD-C0001,ORDIUSD,False,LONG,2023-06-09T01:29:30.612000Z,2023-10-19T12:00:00Z,11442629.388,6,64,0,1,8,0,NONE,SETTLEMENT,cc826e05-cae8-d9a9-0c1f-11bdb03bc87b,12b7d977-d654-2ba0-2839-3e25cde3c880,10,397,-109505,0,0,60,11258,,AGGREGATE_ONLY_NOT_ALIGNED,XBT,,HIGH,HIGH,MEDIUM,MEDIUM,MEDIUM,MEDIUM,MEDIUM,ORDIUSD-C0001,BEHAVIORAL_APPROXIMATION
XBTUSD-C0598,XBTUSD,True,LONG,2023-06-14T18:46:46.146000Z,2023-06-14T20:57:56.843000Z,7870.697,16000,80000,-36000,1,5,4,NONE,FLIP,0606ea10-9f8b-1a1d-571d-3599891b27b7,636c0e94-5f16-61f8-7515-4dc3b5b8b1f6,11,1,-12391680.0,0,0,296393,24739,,AGGREGATE_ONLY_NOT_ALIGNED,XBT,,HIGH,HIGH,MEDIUM,MEDIUM,MEDIUM,MEDIUM,MEDIUM,"XBTUSD-C0598,XBTUSD-C0599",BEHAVIORAL_APPROXIMATION
ETHUSD-C0223,ETHUSD,False,LONG,2023-06-14T20:05:05.838000Z,2023-06-18T01:37:56.688000Z,279170.85,36,1777,-36,1,10,15,NONE,FLIP,be735d94-8736-ebaf-fa13-14ab1aa970ce,7460fe3f-ffde-3e8e-2d84-875b4fd99cca,27,9,473509.9999999999999999999999,0,0,151331,480843,,AGGREGATE_ONLY_NOT_ALIGNED,XBT,,HIGH,HIGH,MEDIUM,MEDIUM,MEDIUM,MEDIUM,MEDIUM,"ETHUSD-C0223,ETHUSD-C0224",BEHAVIORAL_APPROXIMATION
XRPUSD-C0081,XRPUSD,False,LONG,2023-06-14T20:49:41.096000Z,2023-06-15T06:59:21.591000Z,36580.495,2000,2000,0,1,0,1,NONE,FULL_CLOSE,3ca7eafe-48d3-3b31-6ee4-fff067b05c64,82b99a8e-56a9-b745-d3a1-80d87272d3f3,3,1,312000,0,0,7534,1928,,AGGREGATE_ONLY_NOT_ALIGNED,XBT,,HIGH,HIGH,MEDIUM,MEDIUM,MEDIUM,MEDIUM,MEDIUM,XRPUSD-C0081,BEHAVIORAL_APPROXIMATION
XBTUSD-C0599,XBTUSD,True,SHORT,2023-06-14T20:57:56.843000Z,2023-06-14T21:23:48.119000Z,1551.276,-36000,36000,0,1,0,13,XBTUSD-C0598,FULL_CLOSE,636c0e94-5f16-61f8-7515-4dc3b5b8b1f6,eeab819e-7eee-1506-982a-07a801214dde,15,0,-1211438,0,0,107587,0,,AGGREGATE_ONLY_NOT_ALIGNED,XBT,,HIGH,HIGH,MEDIUM,MEDIUM,MEDIUM,MEDIUM,MEDIUM,XBTUSD-C0599,BEHAVIORAL_APPROXIMATION
XBTUSD-C0600,XBTUSD,True,SHORT,2023-06-15T05:26:32.239000Z,2023-06-15T07:14:47.382000Z,6495.143,-15500,48000,0,1,4,5,NONE,FULL_CLOSE,38903776-b66e-2bf2-7c84-52c6286d3d00,cba9ba8a-b596-4ec5-32c5-3f1b0475240c,11,0,425440.0000000000000000000000,0,0,288855,0,,AGGREGATE_ONLY_NOT_ALIGNED,XBT,,HIGH,HIGH,MEDIUM,MEDIUM,MEDIUM,MEDIUM,MEDIUM,XBTUSD-C0600,BEHAVIORAL_APPROXIMATION
XBTUSD-C0601,XBTUSD,True,LONG,2023-06-15T08:40:05.681000Z,2023-06-15T16:01:39.038000Z,26493.357,4800,16000,0,1,2,5,NONE,FULL_CLOSE,395b3426-852e-1035-9e00-1dd92772d37a,b1e6c6f3-6d93-1174-6c1f-7cb43e825508,9,1,-123360,0,0,93563,-6023,,AGGREGATE_ONLY_NOT_ALIGNED,XBT,,HIGH,HIGH,MEDIUM,MEDIUM,MEDIUM,MEDIUM,MEDIUM,XBTUSD-C0601,BEHAVIORAL_APPROXIMATION
XBTUSD-C0602,XBTUSD,True,SHORT,2023-06-15T16:05:57.678000Z,2023-06-16T01:44:56.768000Z,34739.09,-13200,16000,0,1,1,1,NONE,FULL_CLOSE,4501c9d3-7667-5c3a-3999-34273a944075,3f8175da-efda-0ead-2fe8-f955d1a4c0b4,4,1,-1574400,0,0,59809,-6290,,AGGREGATE_ONLY_NOT_ALIGNED,XBT,,HIGH,HIGH,MEDIUM,MEDIUM,MEDIUM,MEDIUM,MEDIUM,XBTUSD-C0602,BEHAVIORAL_APPROXIMATION
XBTUSD-C0603,XBTUSD,True,LONG,2023-06-16T02:55:35.512000Z,2023-06-18T01:28:21.418000Z,167565.906,100,64000,0,1,9,3,NONE,FULL_CLOSE,332abf66-7440-0dfe-d7e7-4abde34ea9d2,c6cd0515-6586-9ad6-14d6-05b129831be4,14,6,8677760,0,0,357404,140931,,AGGREGATE_ONLY_NOT_ALIGNED,XBT,,HIGH,HIGH,MEDIUM,MEDIUM,MEDIUM,MEDIUM,MEDIUM,XBTUSD-C0603,BEHAVIORAL_APPROXIMATION
ETHUSD-C0224,ETHUSD,False,SHORT,2023-06-18T01:37:56.688000Z,2023-06-18T02:29:08.255000Z,3071.567,-36,798,0,1,5,5,ETHUSD-C0223,FULL_CLOSE,7460fe3f-ffde-3e8e-2d84-875b4fd99cca,e49f7c98-9e53-ceca-4a81-826417bab9cb,12,0,-147630,0,0,73339,0,,AGGREGATE_ONLY_NOT_ALIGNED,XBT,,HIGH,HIGH,MEDIUM,MEDIUM,MEDIUM,MEDIUM,MEDIUM,ETHUSD-C0224,BEHAVIORAL_APPROXIMATION
XBTUSD-C0604,XBTUSD,True,LONG,2023-06-19T22:17:43.272000Z,2023-06-27T05:23:59.099000Z,630375.827,1400,56000,0,1,24,18,NONE,FULL_CLOSE,39e5d664-d639-8224-d5d5-34527220ec0b,faa3e00f-76b1-b7f9-e9e5-03658dbf18ab,44,22,25498822.00000000000000000001,0,0,359712,223484,,AGGREGATE_ONLY_NOT_ALIGNED,XBT,,HIGH,HIGH,MEDIUM,MEDIUM,MEDIUM,MEDIUM,MEDIUM,XBTUSD-C0604,BEHAVIORAL_APPROXIMATION
XBTUSD-C0605,XBTUSD,True,LONG,2023-06-28T08:02:21.505000Z,2023-06-28T20:15:39.605000Z,43998.1,100,160000,0,1,21,14,NONE,FULL_CLOSE,135d0723-434b-fd95-80f0-87e8ab3cfaa3,dc4f13c3-5028-f0b4-ef8e-7aa4c20f1b7c,37,2,358400,0,0,648643,49171,,AGGREGATE_ONLY_NOT_ALIGNED,XBT,,HIGH,HIGH,MEDIUM,MEDIUM,MEDIUM,MEDIUM,MEDIUM,XBTUSD-C0605,BEHAVIORAL_APPROXIMATION
XBTUSD-C0606,XBTUSD,True,LONG,2023-06-30T03:36:25.066000Z,2023-07-03T13:34:16.365000Z,295071.299,400,140000,0,1,23,16,NONE,FULL_CLOSE,0e6da1b9-3227-8de3-9409-8b0d0481603e,ad00bbef-0c97-d0c9-ef7b-8b4d2c3edb6f,41,11,-4485490.000000000000000000000,0,0,543259,188232,,AGGREGATE_ONLY_NOT_ALIGNED,XBT,,HIGH,HIGH,MEDIUM,MEDIUM,MEDIUM,MEDIUM,MEDIUM,XBTUSD-C0606,BEHAVIORAL_APPROXIMATION
XBTUSD-C0607,XBTUSD,True,LONG,2023-07-03T13:47:08.721000Z,2023-07-06T14:24:36.240000Z,261447.519,5600,120000,0,1,16,22,NONE,FULL_CLOSE,3237fa51-9a02-af64-49fb-05ea867dd804,98706d36-19e2-41a6-bc9c-5cdfd9a084ba,40,9,-6956341.000000000000000000000,0,0,810967,195464,,AGGREGATE_ONLY_NOT_ALIGNED,XBT,,HIGH,HIGH,MEDIUM,MEDIUM,MEDIUM,MEDIUM,MEDIUM,XBTUSD-C0607,BEHAVIORAL_APPROXIMATION
XBTUSD-C0608,XBTUSD,True,LONG,2023-07-06T16:59:36.460000Z,2023-07-06T21:23:55.060000Z,15858.6,20000,60000,0,1,3,6,NONE,FULL_CLOSE,7c6109c6-0596-b683-565a-5cd514e8088d,a969246f-f250-4850-a594-3aaccba71371,11,1,-699000,0,0,297673,19793,,AGGREGATE_ONLY_NOT_ALIGNED,XBT,,HIGH,HIGH,MEDIUM,MEDIUM,MEDIUM,MEDIUM,MEDIUM,XBTUSD-C0608,BEHAVIORAL_APPROXIMATION
XBTUSD-C0609,XBTUSD,True,SHORT,2023-07-08T19:20:39.068000Z,2023-07-10T15:45:03.839000Z,159864.771,-5900,53200,0,1,11,1,NONE,FULL_CLOSE,04e98138-840d-b6db-4091-859db6e77de7,ce0ac0f7-51f3-520b-4732-64500463673f,14,6,-1002824.000000000000000000000,0,0,264223,-14769,,AGGREGATE_ONLY_NOT_ALIGNED,XBT,,HIGH,HIGH,MEDIUM,MEDIUM,MEDIUM,MEDIUM,MEDIUM,XBTUSD-C0609,BEHAVIORAL_APPROXIMATION
XBTUSD-C0610,XBTUSD,True,LONG,2023-07-10T15:45:18.441000Z,2023-07-10T21:02:29.526000Z,19031.085,4400,110000,0,1,8,10,NONE,FULL_CLOSE,307479e0-0879-357b-6922-5dd70e98a5ea,ef705c57-72c2-aecd-a40e-a56da8a0b33c,20,1,5319058.000000000000000000000,0,0,475489,35672,,AGGREGATE_ONLY_NOT_ALIGNED,XBT,,HIGH,HIGH,MEDIUM,MEDIUM,MEDIUM,MEDIUM,MEDIUM,XBTUSD-C0610,BEHAVIORAL_APPROXIMATION
XBTUSD-C0611,XBTUSD,True,LONG,2023-07-14T22:34:46.760000Z,2023-07-15T16:24:44.443000Z,64197.683,10000,50000,0,1,6,6,NONE,FULL_CLOSE,bb1d8abe-b79f-401b-5afb-bc98fd537b74,fb64c42a-436f-d6d1-ac32-e5884ffc4b6c,14,2,-174900.0,0,0,247764,-18132,,AGGREGATE_ONLY_NOT_ALIGNED,XBT,,HIGH,HIGH,MEDIUM,MEDIUM,MEDIUM,MEDIUM,MEDIUM,XBTUSD-C0611,BEHAVIORAL_APPROXIMATION
XBTUSD-C0612,XBTUSD,True,SHORT,2023-07-17T18:26:43.871000Z,2023-07-18T12:01:19.824000Z,63275.953,-300,100000,0,1,9,7,NONE,FULL_CLOSE,4ca8fffa-7893-10a4-b913-26d851e82264,e08df62c-25dc-9c25-8710-5946a750b8ff,18,3,46136,0,0,428081,7436,,AGGREGATE_ONLY_NOT_ALIGNED,XBT,,HIGH,HIGH,MEDIUM,MEDIUM,MEDIUM,MEDIUM,MEDIUM,XBTUSD-C0612,BEHAVIORAL_APPROXIMATION
XBTUSD-C0613,XBTUSD,True,SHORT,2023-07-18T12:13:25.564000Z,2023-07-24T11:17:54.078000Z,515068.514,-36000,200000,0,1,11,18,NONE,FULL_CLOSE,58663ad2-7e3d-8e00-7cc7-d590a34fad37,43421004-8e34-8dc6-9352-1fc25f0eb77e,31,17,2503637.00000,0,0,1204818,-115229,,AGGREGATE_ONLY_NOT_ALIGNED,XBT,,HIGH,HIGH,MEDIUM,MEDIUM,MEDIUM,MEDIUM,MEDIUM,XBTUSD-C0613,BEHAVIORAL_APPROXIMATION
XBTUSD-C0614,XBTUSD,True,SHORT,2023-07-24T14:51:04.347000Z,2023-07-24T19:07:34.138000Z,15389.791,-11900,120000,12800,1,4,13,NONE,FLIP,414c3823-b7a4-7b28-2198-51de8dbd0ed6,4322c172-fb22-28c4-d999-23356b7302ea,19,0,-1154519.0,0,0,594724,0,,AGGREGATE_ONLY_NOT_ALIGNED,XBT,,HIGH,HIGH,MEDIUM,MEDIUM,MEDIUM,MEDIUM,MEDIUM,"XBTUSD-C0614,XBTUSD-C0615",BEHAVIORAL_APPROXIMATION
XBTUSD-C0615,XBTUSD,True,LONG,2023-07-24T19:07:34.138000Z,2023-07-24T19:45:50.762000Z,2296.624,12800,129100,0,1,7,11,XBTUSD-C0614,FULL_CLOSE,4322c172-fb22-28c4-d999-23356b7302ea,df2e2e69-68b7-5f8f-5fcd-4c790f5a0cd1,20,0,-596661.9999999999999999999998,0,0,632005,0,,AGGREGATE_ONLY_NOT_ALIGNED,XBT,,HIGH,HIGH,MEDIUM,MEDIUM,MEDIUM,MEDIUM,MEDIUM,XBTUSD-C0615,BEHAVIORAL_APPROXIMATION
ETHUSD-C0225,ETHUSD,False,SHORT,2023-07-24T20:14:29.616000Z,2023-08-14T14:42:32.353000Z,1794482.737,-222,2021,305,1,51,31,NONE,FLIP,67cd1a92-5d85-cda8-7a53-7fdec1964f11,60667852-df48-147d-cedb-b9bb63186f55,84,62,226949.9999999999999999999994,0,0,863733,-4099150,,AGGREGATE_ONLY_NOT_ALIGNED,XBT,,HIGH,HIGH,MEDIUM,MEDIUM,MEDIUM,MEDIUM,MEDIUM,"ETHUSD-C0225,ETHUSD-C0226",BEHAVIORAL_APPROXIMATION
XBTUSD-C0616,XBTUSD,True,SHORT,2023-07-29T06:21:05.251000Z,2023-07-29T19:45:18.121000Z,48252.87,-27800,139000,0,1,8,7,NONE,FULL_CLOSE,3c8e0dba-22e0-dfaa-b07d-6aee8fa4ddc9,da12e0e6-87a9-08cf-5de9-84ec9f89edb6,17,1,-16402.0,0,0,710974,2849,,AGGREGATE_ONLY_NOT_ALIGNED,XBT,,HIGH,HIGH,MEDIUM,MEDIUM,MEDIUM,MEDIUM,MEDIUM,XBTUSD-C0616,BEHAVIORAL_APPROXIMATION
XBTUSD-C0617,XBTUSD,True,SHORT,2023-07-31T16:11:05.039000Z,2023-08-01T03:26:14.703000Z,40509.664,-6600,84600,15400,1,4,9,NONE,FLIP,22b2a55e-5027-e926-ed59-f53adcf27014,502104bb-0e5e-f479-8641-93aeb537168f,15,1,941415.0000000000000000000000,0,0,350475,-29007,,AGGREGATE_ONLY_NOT_ALIGNED,XBT,,HIGH,HIGH,MEDIUM,MEDIUM,MEDIUM,MEDIUM,MEDIUM,"XBTUSD-C0617,XBTUSD-C0618",BEHAVIORAL_APPROXIMATION
XBTUSD-C0618,XBTUSD,True,LONG,2023-08-01T03:26:14.703000Z,2023-08-01T04:58:52.096000Z,5557.393,15400,15400,0,1,0,6,XBTUSD-C0617,FULL_CLOSE,502104bb-0e5e-f479-8641-93aeb537168f,f5c58bff-9f1d-7638-0ff2-8d18d2c6af81,8,1,-37030,0,0,40045,3952,,AGGREGATE_ONLY_NOT_ALIGNED,XBT,,HIGH,HIGH,MEDIUM,MEDIUM,MEDIUM,MEDIUM,MEDIUM,XBTUSD-C0618,BEHAVIORAL_APPROXIMATION
ETHU23-C0001,ETHU23,False,SHORT,2023-08-04T01:20:15.739000Z,2023-09-29T11:59:59.999000Z,4876784.26,-300000,6424000,0,1,124,54,NONE,SETTLEMENT,c9db5ad8-7db1-4ace-6de1-65b6cf70cb13,bbb5fa5f-0716-d44a-1afe-18272c8a0eb3,180,0,5281520.000000000000000000003,0,0,473422,0,,AGGREGATE_ONLY_NOT_ALIGNED,XBT,,HIGH,HIGH,MEDIUM,MEDIUM,MEDIUM,MEDIUM,MEDIUM,ETHU23-C0001,BEHAVIORAL_APPROXIMATION
XBTUSD-C0619,XBTUSD,True,SHORT,2023-08-06T06:03:30.497000Z,2023-08-08T23:27:20.099000Z,235429.602,-4800,340800,0,1,35,29,NONE,FULL_CLOSE,110404f4-5102-37c1-6ee0-35b90237bb33,ece126d8-e322-9162-fd36-6777a566d920,66,8,-23861961.99999999999999999998,0,0,1596868,-595904,,AGGREGATE_ONLY_NOT_ALIGNED,XBT,,HIGH,HIGH,MEDIUM,MEDIUM,MEDIUM,MEDIUM,MEDIUM,XBTUSD-C0619,BEHAVIORAL_APPROXIMATION
XBTUSD-C0620,XBTUSD,True,SHORT,2023-08-09T13:42:06.361000Z,2023-08-10T00:26:34.661000Z,38668.3,-29400,139200,0,1,9,3,NONE,FULL_CLOSE,2cc744ce-4969-0661-8413-d19f2b4e7453,febce0a5-03c7-eb37-d836-f57c296a0830,14,1,4214826.000000000000000000000,0,0,574408,-47358,,AGGREGATE_ONLY_NOT_ALIGNED,XBT,,HIGH,HIGH,MEDIUM,MEDIUM,MEDIUM,MEDIUM,MEDIUM,XBTUSD-C0620,BEHAVIORAL_APPROXIMATION
XBTUSD-C0621,XBTUSD,True,SHORT,2023-08-10T11:45:11.453000Z,2023-08-14T04:24:03.876000Z,319132.423,-29900,139200,0,1,15,13,NONE,FULL_CLOSE,031363fd-c3fd-cdd9-28a4-043432828110,ffc11c5d-b576-077d-d8cb-656c1ae4f48b,30,12,744236,0,0,710451,-442256,,AGGREGATE_ONLY_NOT_ALIGNED,XBT,,HIGH,HIGH,MEDIUM,MEDIUM,MEDIUM,MEDIUM,MEDIUM,XBTUSD-C0621,BEHAVIORAL_APPROXIMATION
XBTUSD-C0622,XBTUSD,True,SHORT,2023-08-14T12:25:15.047000Z,2023-08-14T14:41:27.496000Z,8172.449,-34300,34800,0,1,1,4,NONE,FULL_CLOSE,d1059aac-aaf7-01c8-b8e2-c6f9856d0843,f88d3e3c-5b64-3ba4-6e65-2eaef0e182ad,7,0,-611664,0,0,177557,0,,AGGREGATE_ONLY_NOT_ALIGNED,XBT,,HIGH,HIGH,MEDIUM,MEDIUM,MEDIUM,MEDIUM,MEDIUM,XBTUSD-C0622,BEHAVIORAL_APPROXIMATION
ETHUSD-C0226,ETHUSD,False,LONG,2023-08-14T14:42:32.353000Z,2023-08-14T19:19:35.512000Z,16623.159,305,1777,0,1,9,6,ETHUSD-C0225,FULL_CLOSE,60667852-df48-147d-cedb-b9bb63186f55,b442555e-3346-72d4-42f4-f877e7738f2c,17,0,-2175400.000000000000000000000,0,0,435323,0,,AGGREGATE_ONLY_NOT_ALIGNED,XBT,,HIGH,HIGH,MEDIUM,MEDIUM,MEDIUM,MEDIUM,MEDIUM,ETHUSD-C0226,BEHAVIORAL_APPROXIMATION
XBTUSD-C0623,XBTUSD,True,LONG,2023-08-14T14:43:23.235000Z,2023-08-15T11:22:37.126000Z,74353.891,100,139200,0,1,11,5,NONE,FULL_CLOSE,623da4ca-9b0d-827b-4cb3-a13a7cd3b5e1,d2ba07ae-af0e-fd99-00a4-f0da08444d23,18,2,-3044509.000000000000000000000,0,0,708990,94866,,AGGREGATE_ONLY_NOT_ALIGNED,XBT,,HIGH,HIGH,MEDIUM,MEDIUM,MEDIUM,MEDIUM,MEDIUM,XBTUSD-C0623,BEHAVIORAL_APPROXIMATION
XBTUSD-C0624,XBTUSD,True,SHORT,2023-08-15T15:41:58.695000Z,2023-08-28T17:15:21.488000Z,1128802.793,-23900,278400,63400,1,78,36,NONE,FLIP,47090c0c-285a-66df-0c1f-a10783140e2f,f724106d-702a-37ed-27ed-1479d7d1046f,116,39,111258802.0000000000000000001,0,0,2104105,807034,,AGGREGATE_ONLY_NOT_ALIGNED,XBT,,HIGH,HIGH,MEDIUM,MEDIUM,MEDIUM,MEDIUM,MEDIUM,"XBTUSD-C0624,XBTUSD-C0625",BEHAVIORAL_APPROXIMATION
ETHUSD-C0227,ETHUSD,False,SHORT,2023-08-16T06:05:02.733000Z,2023-10-16T14:59:33.939000Z,5302471.206,-22,17170,0,1,238,146,NONE,FULL_CLOSE,82cfd84c-dc89-fc2c-be75-b55e3de59dc1,00000000-006d-1000-0000-000081685976,386,184,117038359.9999999999999999999,0,0,5163088,-19378956,,AGGREGATE_ONLY_NOT_ALIGNED,XBT,,LOW,HIGH,MEDIUM,MEDIUM,MEDIUM,LOW,LOW,ETHUSD-C0227,BEHAVIORAL_APPROXIMATION
DOGEUSD-C0037,DOGEUSD,False,LONG,2023-08-20T09:51:29.678000Z,2023-09-07T09:57:44.762000Z,1555575.084,163,9999,0,1,24,18,NONE,FULL_CLOSE,240af2d1-1a48-4faa-e9a6-d5c09df26f47,eaa20eb5-94f3-cf29-fec2-09fc46a64687,44,54,1807525.000000000000000000000,0,0,45670,183554,,AGGREGATE_ONLY_NOT_ALIGNED,XBT,,LOW,HIGH,MEDIUM,MEDIUM,MEDIUM,LOW,LOW,DOGEUSD-C0037,BEHAVIORAL_APPROXIMATION
XBTUSD-C0625,XBTUSD,True,LONG,2023-08-28T17:15:21.488000Z,2023-08-28T17:26:20.993000Z,659.505,63400,63400,-11700,1,0,2,XBTUSD-C0624,FLIP,f724106d-702a-37ed-27ed-1479d7d1046f,7884bb70-c943-feaa-3249-c5413e9e422a,4,0,-268816,0,0,215518,0,,AGGREGATE_ONLY_NOT_ALIGNED,XBT,,HIGH,HIGH,MEDIUM,MEDIUM,MEDIUM,MEDIUM,MEDIUM,"XBTUSD-C0625,XBTUSD-C0626",BEHAVIORAL_APPROXIMATION
XBTUSD-C0626,XBTUSD,True,SHORT,2023-08-28T17:26:20.993000Z,2023-10-16T13:27:13.350000Z,4219252.357,-11700,779900,0,1,276,212,XBTUSD-C0625,FULL_CLOSE,7884bb70-c943-feaa-3249-c5413e9e422a,00000000-006d-1000-0000-00008035a14d,490,147,-39946779.00000000000000000003,0,0,8858400,-2763128,,AGGREGATE_ONLY_NOT_ALIGNED,XBT,,LOW,HIGH,MEDIUM,MEDIUM,MEDIUM,LOW,LOW,XBTUSD-C0626,BEHAVIORAL_APPROXIMATION
DOGEUSD-C0038,DOGEUSD,False,LONG,2023-09-10T04:22:45.534000Z,2023-09-11T10:22:02.935000Z,107957.401,499,1111,0,1,1,2,NONE,FULL_CLOSE,8211d4b2-de20-92fb-2ffe-c2b3b6517b68,eb776bc9-6eed-68f6-4f67-4602e623b6d9,5,3,15643,0,0,6306,2046,,AGGREGATE_ONLY_NOT_ALIGNED,XBT,,HIGH,HIGH,MEDIUM,MEDIUM,MEDIUM,MEDIUM,MEDIUM,DOGEUSD-C0038,BEHAVIORAL_APPROXIMATION
ETHZ23-C0001,ETHZ23,False,SHORT,2023-09-29T20:51:15.892000Z,2023-10-16T13:26:49.122000Z,1442133.23,-100000,3900000,0,1,89,30,NONE,FULL_CLOSE,00000000-006d-1000-0000-00000c63eeff,00000000-006d-1000-0000-000080339718,121,0,3264150.000000000000000000000,0,0,327294,0,,AGGREGATE_ONLY_NOT_ALIGNED,XBT,,HIGH,HIGH,MEDIUM,MEDIUM,MEDIUM,MEDIUM,MEDIUM,ETHZ23-C0001,BEHAVIORAL_APPROXIMATION
DOGEUSD-C0039,DOGEUSD,False,LONG,2023-10-09T09:50:05.437000Z,2023-10-10T18:39:44.058000Z,118178.621,1111,4444,0,1,4,5,NONE,FULL_CLOSE,00000000-006d-1000-0000-00004fd8c20e,00000000-006d-1000-0000-00005a5fb0f1,11,4,569203.0,0,0,24724,10460,,AGGREGATE_ONLY_NOT_ALIGNED,XBT,,HIGH,HIGH,MEDIUM,MEDIUM,MEDIUM,MEDIUM,MEDIUM,DOGEUSD-C0039,BEHAVIORAL_APPROXIMATION
DOGEUSD-C0040,DOGEUSD,False,LONG,2023-10-11T02:34:59.289000Z,2023-10-11T18:51:19.461000Z,58580.172,180,1111,0,1,10,1,NONE,FULL_CLOSE,00000000-006d-1000-0000-00005c634fcf,00000000-006d-1000-0000-0000622902ab,13,2,-18887,0,0,6114,1307,,AGGREGATE_ONLY_NOT_ALIGNED,XBT,,HIGH,HIGH,MEDIUM,MEDIUM,MEDIUM,MEDIUM,MEDIUM,DOGEUSD-C0040,BEHAVIORAL_APPROXIMATION
ETHZ23-C0002,ETHZ23,False,LONG,2023-10-16T13:29:39.763000Z,2023-10-16T15:20:58.305000Z,6678.542,400000,800000,-1000,1,1,5,NONE,FLIP,00000000-006d-1000-0000-00008043d994,00000000-006d-1000-0000-0000819269f5,8,0,692020,0,0,17914,0,,AGGREGATE_ONLY_NOT_ALIGNED,XBT,,HIGH,HIGH,MEDIUM,MEDIUM,MEDIUM,MEDIUM,MEDIUM,"ETHZ23-C0002,ETHZ23-C0003",BEHAVIORAL_APPROXIMATION
XBTUSD-C0627,XBTUSD,True,LONG,2023-10-16T13:31:52.349000Z,2023-10-16T14:07:13.145000Z,2120.796,4400,290000,0,1,17,13,NONE,FULL_CLOSE,00000000-006d-1000-0000-00008050bf2d,00000000-006d-1000-0000-000080d9362d,32,0,-31064331.99999999999999999999,0,0,1055830,0,,AGGREGATE_ONLY_NOT_ALIGNED,XBT,,LOW,HIGH,MEDIUM,MEDIUM,MEDIUM,LOW,LOW,XBTUSD-C0627,BEHAVIORAL_APPROXIMATION
XBTUSD-C0628,XBTUSD,True,SHORT,2023-10-16T14:58:29.508000Z,2023-10-17T17:01:07.011000Z,93757.503,-30000,830000,16100,1,101,84,NONE,FLIP,00000000-006d-1000-0000-0000816694e2,00000000-006d-1000-0000-00008aa399c3,187,3,1552597.999999999999999999996,0,0,4236558,-197441,,AGGREGATE_ONLY_NOT_ALIGNED,XBT,,LOW,HIGH,MEDIUM,MEDIUM,MEDIUM,LOW,LOW,"XBTUSD-C0628,XBTUSD-C0629",BEHAVIORAL_APPROXIMATION
ETHZ23-C0003,ETHZ23,False,SHORT,2023-10-16T15:20:58.305000Z,2023-11-03T23:12:26.981000Z,1583488.676,-1000,4534000,76000,1,53,26,ETHZ23-C0002,FLIP,00000000-006d-1000-0000-0000819269f5,00000000-006d-1000-0000-0001451e3913,81,0,12754820.00000000000000000000,0,0,123465,0,,AGGREGATE_ONLY_NOT_ALIGNED,XBT,,HIGH,HIGH,MEDIUM,MEDIUM,MEDIUM,MEDIUM,MEDIUM,"ETHZ23-C0003,ETHZ23-C0004",BEHAVIORAL_APPROXIMATION
ETHUSD-C0228,ETHUSD,False,SHORT,2023-10-16T17:25:31.912000Z,2023-10-17T15:20:42.489000Z,78910.577,-9,1198,0,1,24,6,NONE,FULL_CLOSE,00000000-006d-1000-0000-0000824f9aac,00000000-006d-1000-0000-00008a0f60fc,32,3,2151755.000000000000000000000,0,0,198747,-51786,,AGGREGATE_ONLY_NOT_ALIGNED,XBT,,HIGH,HIGH,MEDIUM,MEDIUM,MEDIUM,MEDIUM,MEDIUM,ETHUSD-C0228,BEHAVIORAL_APPROXIMATION
XBTUSD-C0629,XBTUSD,True,LONG,2023-10-17T17:01:07.011000Z,2023-11-17T12:23:12.626000Z,2661725.615,16100,1051900,-13900,1,383,345,XBTUSD-C0628,FLIP,00000000-006d-1000-0000-00008aa399c3,00000000-006d-1000-0000-0001f90fa186,730,93,709709349.0000000000000000005,0,0,10237267,26027212,,AGGREGATE_ONLY_NOT_ALIGNED,XBT,,LOW,HIGH,MEDIUM,MEDIUM,MEDIUM,LOW,LOW,"XBTUSD-C0629,XBTUSD-C0630",BEHAVIORAL_APPROXIMATION
ETHUSD-C0229,ETHUSD,False,SHORT,2023-10-20T08:41:02.332000Z,2023-10-20T22:11:36.828000Z,48634.496,-333,966,0,1,5,16,NONE,FULL_CLOSE,00000000-006d-1000-0000-0000a056e8b0,00000000-006d-1000-0000-0000a61bd493,23,2,677675.0000000000000000000000,0,0,147914,-31121,,AGGREGATE_ONLY_NOT_ALIGNED,XBT,,HIGH,HIGH,MEDIUM,MEDIUM,MEDIUM,MEDIUM,MEDIUM,ETHUSD-C0229,BEHAVIORAL_APPROXIMATION
DOGEUSD-C0041,DOGEUSD,False,LONG,2023-10-25T15:05:43.029000Z,2023-11-17T10:18:41.401000Z,1969978.372,97,8687,0,1,33,51,NONE,FULL_CLOSE,00000000-006d-1000-0000-0000db8193f3,00000000-006d-1000-0000-0001f7b10703,86,68,11932599.99999999999999999999,0,0,73958,1408791,,AGGREGATE_ONLY_NOT_ALIGNED,XBT,,HIGH,HIGH,MEDIUM,MEDIUM,MEDIUM,MEDIUM,MEDIUM,DOGEUSD-C0041,BEHAVIORAL_APPROXIMATION
ETHZ23-C0004,ETHZ23,False,LONG,2023-11-03T23:12:26.981000Z,2023-11-09T21:43:29.324000Z,513062.343,76000,298000,-102000,1,1,1,ETHZ23-C0003,FLIP,00000000-006d-1000-0000-0001451e3913,00000000-006d-1000-0000-00018b3f39b7,4,0,786720,0,0,13240,0,,AGGREGATE_ONLY_NOT_ALIGNED,XBT,,HIGH,HIGH,MEDIUM,MEDIUM,MEDIUM,MEDIUM,MEDIUM,"ETHZ23-C0004,ETHZ23-C0005",BEHAVIORAL_APPROXIMATION
LTCUSD-C0062,LTCUSD,False,LONG,2023-11-05T03:39:28.110000Z,2023-12-06T06:07:03.291000Z,2687255.181,52,10088,0,1,61,101,NONE,FULL_CLOSE,00000000-006d-1000-0000-00014fd7b4dd,00000000-006d-1000-0000-0002de883dd5,164,94,7842748.000000000000000000002,0,0,226197,4873672,,AGGREGATE_ONLY_NOT_ALIGNED,XBT,,HIGH,HIGH,MEDIUM,MEDIUM,MEDIUM,MEDIUM,MEDIUM,LTCUSD-C0062,BEHAVIORAL_APPROXIMATION
ETHZ23-C0005,ETHZ23,False,SHORT,2023-11-09T21:43:29.324000Z,2023-12-29T12:00:00Z,4284990.676,-102000,1902000,0,1,37,21,ETHZ23-C0004,SETTLEMENT,00000000-006d-1000-0000-00018b3f39b7,d91ede81-0a13-3c9c-99b7-de1d0a3b3078,60,0,5821339.999999999999999999995,0,0,48665,0,,AGGREGATE_ONLY_NOT_ALIGNED,XBT,,HIGH,HIGH,MEDIUM,MEDIUM,MEDIUM,MEDIUM,MEDIUM,ETHZ23-C0005,BEHAVIORAL_APPROXIMATION
XBTUSD-C0630,XBTUSD,True,SHORT,2023-11-17T12:23:12.626000Z,2023-11-17T12:57:40.841000Z,2068.215,-13900,53900,0,1,6,3,XBTUSD-C0629,FULL_CLOSE,00000000-006d-1000-0000-0001f90fa186,00000000-006d-1000-0000-0001f96f7489,11,0,-718487,0,0,193499,0,,AGGREGATE_ONLY_NOT_ALIGNED,XBT,,HIGH,HIGH,MEDIUM,MEDIUM,MEDIUM,MEDIUM,MEDIUM,XBTUSD-C0630,BEHAVIORAL_APPROXIMATION
XBTUSD-C0631,XBTUSD,True,LONG,2023-11-17T23:03:53.761000Z,2023-11-18T13:18:51.086000Z,51297.325,1800,40000,0,1,4,1,NONE,FULL_CLOSE,00000000-006d-1000-0000-00020046c59f,00000000-006d-1000-0000-0002068e9b2a,7,2,-548985.00,0,0,164433,21977,,AGGREGATE_ONLY_NOT_ALIGNED,XBT,,HIGH,HIGH,MEDIUM,MEDIUM,MEDIUM,MEDIUM,MEDIUM,XBTUSD-C0631,BEHAVIORAL_APPROXIMATION
XBTUSD-C0632,XBTUSD,True,LONG,2023-11-18T16:09:04.794000Z,2023-11-19T01:42:36.236000Z,34411.442,200,40000,0,1,4,7,NONE,FULL_CLOSE,00000000-006d-1000-0000-0002081f2479,00000000-006d-1000-0000-00020c189660,13,1,-786000,0,0,163993,10899,,AGGREGATE_ONLY_NOT_ALIGNED,XBT,,HIGH,HIGH,MEDIUM,MEDIUM,MEDIUM,MEDIUM,MEDIUM,XBTUSD-C0632,BEHAVIORAL_APPROXIMATION
DOGEUSD-C0042,DOGEUSD,False,LONG,2023-11-19T05:31:07.811000Z,2023-11-29T14:30:28.199000Z,896360.388,360,9231,-93,1,29,26,NONE,FLIP,00000000-006d-1000-0000-00020dabe463,00000000-006d-1000-0000-000288e4af71,57,31,2723366.000000000000000000001,0,0,42467,428991,,AGGREGATE_ONLY_NOT_ALIGNED,XBT,,HIGH,HIGH,MEDIUM,MEDIUM,MEDIUM,MEDIUM,MEDIUM,"DOGEUSD-C0042,DOGEUSD-C0043",BEHAVIORAL_APPROXIMATION
XBTUSD-C0633,XBTUSD,True,LONG,2023-11-19T06:06:32.862000Z,2023-11-20T03:56:48.606000Z,78615.744,29500,40000,0,1,1,4,NONE,FULL_CLOSE,00000000-006d-1000-0000-00020deacd5f,00000000-006d-1000-0000-00021815b91c,7,2,1346425.000,0,0,162662,21788,,AGGREGATE_ONLY_NOT_ALIGNED,XBT,,HIGH,HIGH,MEDIUM,MEDIUM,MEDIUM,MEDIUM,MEDIUM,XBTUSD-C0633,BEHAVIORAL_APPROXIMATION
XBTUSD-C0634,XBTUSD,True,LONG,2023-11-20T14:53:05.348000Z,2023-11-21T00:36:47.776000Z,35022.428,19800,40000,0,1,2,2,NONE,FULL_CLOSE,00000000-006d-1000-0000-00021df5d515,00000000-006d-1000-0000-0002249d0fd6,6,1,444400,0,0,160404,10638,,AGGREGATE_ONLY_NOT_ALIGNED,XBT,,HIGH,HIGH,MEDIUM,MEDIUM,MEDIUM,MEDIUM,MEDIUM,XBTUSD-C0634,BEHAVIORAL_APPROXIMATION
XBTUSD-C0635,XBTUSD,True,SHORT,2023-11-21T05:34:26.792000Z,2023-11-21T17:04:25.158000Z,41398.366,-5000,238500,0,1,46,20,NONE,FULL_CLOSE,00000000-006d-1000-0000-0002275318ca,00000000-006d-1000-0000-00022e4d2771,68,1,3982360.999999999999999999998,0,0,920997,-53377,,AGGREGATE_ONLY_NOT_ALIGNED,XBT,,HIGH,HIGH,MEDIUM,MEDIUM,MEDIUM,MEDIUM,MEDIUM,XBTUSD-C0635,BEHAVIORAL_APPROXIMATION
XBTUSD-C0636,XBTUSD,True,LONG,2023-11-21T17:04:49.493000Z,2023-11-23T01:58:34.631000Z,118425.138,5000,530000,0,1,20,86,NONE,FULL_CLOSE,00000000-006d-1000-0000-00022e4e9468,00000000-006d-1000-0000-0002425cedf1,108,4,19518254.00000000000000000001,0,0,2214021,178223,,AGGREGATE_ONLY_NOT_ALIGNED,XBT,,HIGH,HIGH,MEDIUM,MEDIUM,MEDIUM,MEDIUM,MEDIUM,XBTUSD-C0636,BEHAVIORAL_APPROXIMATION
XBTUSD-C0637,XBTUSD,True,LONG,2023-11-23T02:32:06.319000Z,2023-11-23T11:14:48.834000Z,31362.515,3400,10000,0,1,3,0,NONE,FULL_CLOSE,00000000-006d-1000-0000-0002429fcd1c,00000000-006d-1000-0000-0002462e0c91,5,1,-59000,0,0,31136,1340,,AGGREGATE_ONLY_NOT_ALIGNED,XBT,,HIGH,HIGH,MEDIUM,MEDIUM,MEDIUM,MEDIUM,MEDIUM,XBTUSD-C0637,BEHAVIORAL_APPROXIMATION
XBTUSD-C0638,XBTUSD,True,LONG,2023-11-23T11:22:20.479000Z,2023-11-23T11:23:57.397000Z,96.918,5000,15000,-15000,1,0,0,NONE,FLIP,00000000-006d-1000-0000-000246463a8a,00000000-006d-1000-0000-0002464f9ab2,2,0,-10650,0,0,42982,0,,AGGREGATE_ONLY_NOT_ALIGNED,XBT,,HIGH,HIGH,MEDIUM,MEDIUM,MEDIUM,MEDIUM,MEDIUM,"XBTUSD-C0638,XBTUSD-C0639",BEHAVIORAL_APPROXIMATION
XBTUSD-C0639,XBTUSD,True,SHORT,2023-11-23T11:23:57.397000Z,2023-11-23T11:24:03.602000Z,6.205,-15000,15000,0,1,0,0,XBTUSD-C0638,FULL_CLOSE,00000000-006d-1000-0000-0002464f9ab2,00000000-006d-1000-0000-0002465022ad,2,0,76500,0,0,8074,0,,AGGREGATE_ONLY_NOT_ALIGNED,XBT,,HIGH,HIGH,MEDIUM,MEDIUM,MEDIUM,MEDIUM,MEDIUM,XBTUSD-C0639,BEHAVIORAL_APPROXIMATION
XBTUSD-C0640,XBTUSD,True,SHORT,2023-11-23T11:25:38.989000Z,2023-11-24T08:03:56.113000Z,74297.124,-15400,25000,7800,1,5,1,NONE,FLIP,00000000-006d-1000-0000-000246573c65,00000000-006d-1000-0000-00024f7517b4,8,3,19100,0,0,63566,-10713,,AGGREGATE_ONLY_NOT_ALIGNED,XBT,,HIGH,HIGH,MEDIUM,MEDIUM,MEDIUM,MEDIUM,MEDIUM,"XBTUSD-C0640,XBTUSD-C0641",BEHAVIORAL_APPROXIMATION
XBTUSD-C0641,XBTUSD,True,LONG,2023-11-24T08:03:56.113000Z,2023-11-25T15:21:08.245000Z,112632.132,7800,165000,0,1,26,16,XBTUSD-C0640,FULL_CLOSE,00000000-006d-1000-0000-00024f7517b4,00000000-006d-1000-0000-00025dafc35b,44,4,-445328.9999999999999999999999,0,0,596911,54397,,AGGREGATE_ONLY_NOT_ALIGNED,XBT,,HIGH,HIGH,MEDIUM,MEDIUM,MEDIUM,MEDIUM,MEDIUM,XBTUSD-C0641,BEHAVIORAL_APPROXIMATION
XBTUSD-C0642,XBTUSD,True,LONG,2023-11-26T03:31:35.727000Z,2023-11-26T03:31:50.301000Z,14.574,200,15000,0,1,4,0,NONE,FULL_CLOSE,00000000-006d-1000-0000-000261812e3f,00000000-006d-1000-0000-00026181826c,6,0,-600,0,0,59619,0,,AGGREGATE_ONLY_NOT_ALIGNED,XBT,,HIGH,HIGH,MEDIUM,MEDIUM,MEDIUM,MEDIUM,MEDIUM,XBTUSD-C0642,BEHAVIORAL_APPROXIMATION
XBTUSD-C0643,XBTUSD,True,LONG,2023-11-27T16:00:13.774000Z,2023-11-29T00:09:52.302000Z,115778.528,15000,15000,0,1,0,5,NONE,FULL_CLOSE,00000000-006d-1000-0000-000272056640,00000000-006d-1000-0000-0002820a7822,7,4,1103550,0,0,38033,10384,,AGGREGATE_ONLY_NOT_ALIGNED,XBT,,HIGH,HIGH,MEDIUM,MEDIUM,MEDIUM,MEDIUM,MEDIUM,XBTUSD-C0643,BEHAVIORAL_APPROXIMATION
XBTUSD-C0644,XBTUSD,True,LONG,2023-11-29T06:42:15.924000Z,2023-11-29T09:43:44.915000Z,10888.991,10000,25000,0,1,2,6,NONE,FULL_CLOSE,00000000-006d-1000-0000-000284a88fac,00000000-006d-1000-0000-0002862b1812,10,0,193250,0,0,98307,0,,AGGREGATE_ONLY_NOT_ALIGNED,XBT,,HIGH,HIGH,MEDIUM,MEDIUM,MEDIUM,MEDIUM,MEDIUM,XBTUSD-C0644,BEHAVIORAL_APPROXIMATION
XBTUSD-C0645,XBTUSD,True,SHORT,2023-11-29T11:15:27.234000Z,2023-12-01T07:01:10.973000Z,157543.739,-5000,360700,0,1,79,49,NONE,FULL_CLOSE,00000000-006d-1000-0000-00028727dac9,00000000-006d-1000-0000-00029b40c964,130,6,-10860895.00000000000000000001,0,0,1317303,-208682,,AGGREGATE_ONLY_NOT_ALIGNED,XBT,,HIGH,HIGH,MEDIUM,MEDIUM,MEDIUM,MEDIUM,MEDIUM,XBTUSD-C0645,BEHAVIORAL_APPROXIMATION
DOGEUSD-C0043,DOGEUSD,False,SHORT,2023-11-29T14:30:28.199000Z,2023-11-30T21:32:28.847000Z,111720.648,-93,292,292,1,0,0,DOGEUSD-C0042,FLIP,00000000-006d-1000-0000-000288e4af71,00000000-006d-1000-0000-000296de79bc,2,4,-16089,0,0,639,-1857,,AGGREGATE_ONLY_NOT_ALIGNED,XBT,,HIGH,HIGH,MEDIUM,MEDIUM,MEDIUM,MEDIUM,MEDIUM,"DOGEUSD-C0043,DOGEUSD-C0044",BEHAVIORAL_APPROXIMATION
DOGEUSD-C0044,DOGEUSD,False,LONG,2023-11-30T21:32:28.847000Z,2023-12-06T06:07:10.475000Z,462881.628,292,1107,0,1,3,5,DOGEUSD-C0043,FULL_CLOSE,00000000-006d-1000-0000-000296de79bc,00000000-006d-1000-0000-0002de88a6ec,10,16,640500.0000000000000000000000,0,0,11468,53118,,AGGREGATE_ONLY_NOT_ALIGNED,XBT,,HIGH,HIGH,MEDIUM,MEDIUM,MEDIUM,MEDIUM,MEDIUM,DOGEUSD-C0044,BEHAVIORAL_APPROXIMATION
XBTUSD-C0646,XBTUSD,True,SHORT,2023-12-01T10:05:56.770000Z,2023-12-01T16:46:56.129000Z,24059.359,-35000,245000,0,1,49,17,NONE,FULL_CLOSE,00000000-006d-1000-0000-00029d0ab8e6,00000000-006d-1000-0000-0002a0a8422b,68,1,-3458645.000000000000000000002,0,0,922441,-19539,,AGGREGATE_ONLY_NOT_ALIGNED,XBT,,HIGH,HIGH,MEDIUM,MEDIUM,MEDIUM,MEDIUM,MEDIUM,XBTUSD-C0646,BEHAVIORAL_APPROXIMATION
XBTUSD-C0647,XBTUSD,True,SHORT,2023-12-02T16:43:30.082000Z,2023-12-11T20:07:29.547000Z,789839.465,-15000,641000,2000,1,181,98,NONE,FLIP,00000000-006d-1000-0000-0002aa3cd8dd,00000000-006d-1000-0000-000334cdde7f,281,28,-21494465.00000000000000000001,0,0,3079459,-2726534,,AGGREGATE_ONLY_NOT_ALIGNED,XBT,,LOW,HIGH,MEDIUM,MEDIUM,MEDIUM,LOW,LOW,"XBTUSD-C0647,XBTUSD-C0648",BEHAVIORAL_APPROXIMATION
LTCUSD-C0063,LTCUSD,False,SHORT,2023-12-06T09:02:48.645000Z,2023-12-06T16:47:47.204000Z,27898.559,-13,611,0,1,7,4,NONE,FULL_CLOSE,00000000-006d-1000-0000-0002e0b46994,00000000-006d-1000-0000-0002e6df4dd1,13,1,124356,0,0,8572,-9470,,AGGREGATE_ONLY_NOT_ALIGNED,XBT,,HIGH,HIGH,MEDIUM,MEDIUM,MEDIUM,MEDIUM,MEDIUM,LTCUSD-C0063,BEHAVIORAL_APPROXIMATION
XBTUSD-C0648,XBTUSD,True,LONG,2023-12-11T20:07:29.547000Z,2023-12-12T00:24:58.730000Z,15449.183,2000,18000,-18000,1,0,0,XBTUSD-C0647,FLIP,00000000-006d-1000-0000-000334cdde7f,00000000-006d-1000-0000-0003372eaf5e,2,0,124080,0,0,9600,0,,AGGREGATE_ONLY_NOT_ALIGNED,XBT,,HIGH,HIGH,MEDIUM,MEDIUM,MEDIUM,MEDIUM,MEDIUM,"XBTUSD-C0648,XBTUSD-C0649",BEHAVIORAL_APPROXIMATION
XBTUSD-C0649,XBTUSD,True,SHORT,2023-12-12T00:24:58.730000Z,2023-12-12T18:15:09.633000Z,64210.903,-18000,28000,0,1,1,2,XBTUSD-C0648,FULL_CLOSE,00000000-006d-1000-0000-0003372eaf5e,00000000-006d-1000-0000-00033d28523e,5,2,1008728.000000000000000000000,0,0,69183,-11048,,AGGREGATE_ONLY_NOT_ALIGNED,XBT,,HIGH,HIGH,MEDIUM,MEDIUM,MEDIUM,MEDIUM,MEDIUM,XBTUSD-C0649,BEHAVIORAL_APPROXIMATION
XBTUSD-C0650,XBTUSD,True,LONG,2023-12-13T13:20:19.196000Z,2023-12-13T19:01:38.192000Z,20478.996,500,20000,0,1,7,0,NONE,FULL_CLOSE,00000000-006d-1000-0000-0003420809d4,00000000-006d-1000-0000-000343b3468d,9,0,1185200,0,0,45767,0,,AGGREGATE_ONLY_NOT_ALIGNED,XBT,,HIGH,HIGH,MEDIUM,MEDIUM,MEDIUM,MEDIUM,MEDIUM,XBTUSD-C0650,BEHAVIORAL_APPROXIMATION
XBTUSD-C0651,XBTUSD,True,SHORT,2023-12-13T19:36:50.783000Z,2024-02-26T19:44:44.955000Z,6480474.172,-30000,2069400,0,1,1209,1013,NONE,FULL_CLOSE,00000000-006d-1000-0000-000343ebd67c,00000000-006d-1000-0000-0004fc328935,2224,225,-414312058.0000000000000000002,0,0,23636150,-38110311,,AGGREGATE_ONLY_NOT_ALIGNED,XBT,,LOW,HIGH,MEDIUM,MEDIUM,MEDIUM,LOW,LOW,XBTUSD-C0651,BEHAVIORAL_APPROXIMATION
DOGEUSD-C0045,DOGEUSD,False,LONG,2024-01-02T07:36:31.830000Z,2024-01-14T19:55:07.724000Z,1081115.894,209,4602,0,1,9,31,NONE,FULL_CLOSE,00000000-006d-1000-0000-0003b42ad5a2,00000000-006d-1000-0000-000406ccfe67,42,37,-5406152.000000000000000000001,0,0,49802,383332,,AGGREGATE_ONLY_NOT_ALIGNED,XBT,,HIGH,HIGH,MEDIUM,MEDIUM,MEDIUM,MEDIUM,MEDIUM,DOGEUSD-C0045,BEHAVIORAL_APPROXIMATION
ETHH24-C0001,ETHH24,False,SHORT,2024-01-12T13:59:36.205000Z,2024-02-19T06:04:50.184000Z,3254713.979,-100000,1500000,0,1,21,9,NONE,FULL_CLOSE,00000000-006d-1000-0000-0003f87bf4e6,00000000-006d-1000-0000-0004cc2b3450,32,0,8010000,0,0,52774,0,,AGGREGATE_ONLY_NOT_ALIGNED,XBT,,HIGH,HIGH,MEDIUM,MEDIUM,MEDIUM,MEDIUM,MEDIUM,ETHH24-C0001,BEHAVIORAL_APPROXIMATION
ETHUSD-C0230,ETHUSD,False,SHORT,2024-01-14T19:19:47.442000Z,2024-01-23T16:34:38.453000Z,767691.011,-23,1398,0,1,31,24,NONE,FULL_CLOSE,00000000-006d-1000-0000-0004069e9b55,00000000-006d-1000-0000-0004399a1c2e,57,27,16366280.00000000000000000000,0,0,303259,-2399386,,AGGREGATE_ONLY_NOT_ALIGNED,XBT,,LOW,HIGH,MEDIUM,MEDIUM,MEDIUM,LOW,LOW,ETHUSD-C0230,BEHAVIORAL_APPROXIMATION
ETHUSD-C0231,ETHUSD,False,SHORT,2024-01-28T11:55:35.380000Z,2024-02-19T06:04:42.107000Z,1879746.727,-50,2815,0,1,73,54,NONE,FULL_CLOSE,00000000-006d-1000-0000-0004522ea885,00000000-006d-1000-0000-0004cc2b0547,129,66,-98093014.99999999999999999997,0,0,597323,-13612409,,AGGREGATE_ONLY_NOT_ALIGNED,XBT,,LOW,HIGH,MEDIUM,MEDIUM,MEDIUM,LOW,LOW,ETHUSD-C0231,BEHAVIORAL_APPROXIMATION
ETHUSD-C0232,ETHUSD,False,SHORT,2024-02-19T08:17:26.212000Z,2024-02-26T19:44:55.050000Z,646048.838,-26,1200,0,1,46,43,NONE,FULL_CLOSE,00000000-006d-1000-0000-0004cccf5e6c,00000000-006d-1000-0000-0004fc32e680,91,22,-31916160.0000,0,0,576240,-3874891,,AGGREGATE_ONLY_NOT_ALIGNED,XBT,,LOW,HIGH,MEDIUM,MEDIUM,MEDIUM,LOW,LOW,ETHUSD-C0232,BEHAVIORAL_APPROXIMATION
XBTUSD-C0652,XBTUSD,True,SHORT,2024-02-27T01:49:28.194000Z,2024-03-05T17:14:19.718000Z,660291.524,-3400,1842400,0,1,332,264,NONE,FULL_CLOSE,00000000-006d-1000-0000-0004fdf668ea,00000000-006d-1000-0000-000540140b86,598,23,-60752539.00000000000000000001,0,0,5295648,-10757807,,AGGREGATE_ONLY_NOT_ALIGNED,XBT,,LOW,HIGH,MEDIUM,MEDIUM,MEDIUM,LOW,LOW,XBTUSD-C0652,BEHAVIORAL_APPROXIMATION
DOGEUSD-C0046,DOGEUSD,False,LONG,2024-03-03T20:25:32.414000Z,2024-04-09T14:39:45.131000Z,3176052.717,160,7000,0,1,76,120,NONE,FULL_CLOSE,00000000-006d-1000-0000-00052da66906,00000000-006d-1000-0000-00066e1c21ec,198,110,32719432.99999999999999999997,0,0,156128,8580180,,AGGREGATE_ONLY_NOT_ALIGNED,XBT,,LOW,HIGH,MEDIUM,MEDIUM,MEDIUM,LOW,LOW,DOGEUSD-C0046,BEHAVIORAL_APPROXIMATION
XBTUSD-C0653,XBTUSD,True,LONG,2024-03-05T19:56:11.521000Z,2024-03-06T15:53:02.298000Z,71810.777,60000,240000,0,1,9,21,NONE,FULL_CLOSE,00000000-006d-1000-0000-00054197f15d,00000000-006d-1000-0000-00054b07beaa,32,3,39082355.00,0,0,351192,503142,,AGGREGATE_ONLY_NOT_ALIGNED,XBT,,HIGH,HIGH,MEDIUM,MEDIUM,MEDIUM,MEDIUM,MEDIUM,XBTUSD-C0653,BEHAVIORAL_APPROXIMATION
XBTUSD-C0654,XBTUSD,True,SHORT,2024-03-07T11:31:56.346000Z,2024-03-20T04:34:00.434000Z,1098124.088,-3700,1832400,27600,1,344,291,NONE,FLIP,00000000-006d-1000-0000-000552b070e1,00000000-006d-1000-0000-0005cc149a96,637,39,280034596.0000000000000000001,0,0,4163807,-17861294,,AGGREGATE_ONLY_NOT_ALIGNED,XBT,,LOW,HIGH,MEDIUM,MEDIUM,MEDIUM,LOW,LOW,"XBTUSD-C0654,XBTUSD-C0655",BEHAVIORAL_APPROXIMATION
ETHH24-C0002,ETHH24,False,LONG,2024-03-19T08:55:31.231000Z,2024-03-29T12:00:00Z,875068.769,123000,200000,0,1,1,0,NONE,SETTLEMENT,00000000-006d-1000-0000-0005c2288f46,8abe1bc8-2050-946e-55fe-950b91ce7ece,3,0,-116000,0,0,2047,0,,AGGREGATE_ONLY_NOT_ALIGNED,XBT,,HIGH,HIGH,MEDIUM,MEDIUM,MEDIUM,MEDIUM,MEDIUM,ETHH24-C0002,BEHAVIORAL_APPROXIMATION
XBTUSD-C0655,XBTUSD,True,LONG,2024-03-20T04:34:00.434000Z,2024-03-20T19:49:58.392000Z,54957.958,27600,207600,-2400,1,23,24,XBTUSD-C0654,FLIP,00000000-006d-1000-0000-0005cc149a96,00000000-006d-1000-0000-0005d36e9693,49,1,13460811.00000000000000000000,0,0,149131,13825,,AGGREGATE_ONLY_NOT_ALIGNED,XBT,,LOW,HIGH,MEDIUM,MEDIUM,MEDIUM,LOW,LOW,"XBTUSD-C0655,XBTUSD-C0656",BEHAVIORAL_APPROXIMATION
XBTUSD-C0656,XBTUSD,True,SHORT,2024-03-20T19:49:58.392000Z,2024-03-22T13:45:27.469000Z,150929.077,-2400,362400,2000,1,77,35,XBTUSD-C0655,FLIP,00000000-006d-1000-0000-0005d36e9693,00000000-006d-1000-0000-0005e465f79f,114,6,19488288.00000000000000000000,0,0,267331,-151521,,AGGREGATE_ONLY_NOT_ALIGNED,XBT,,LOW,HIGH,MEDIUM,MEDIUM,MEDIUM,LOW,LOW,"XBTUSD-C0656,XBTUSD-C0657",BEHAVIORAL_APPROXIMATION
XBTUSD-C0657,XBTUSD,True,LONG,2024-03-22T13:45:27.469000Z,2024-03-25T15:00:46.214000Z,263718.745,2000,477600,-2400,1,40,47,XBTUSD-C0656,FLIP,00000000-006d-1000-0000-0005e465f79f,00000000-006d-1000-0000-0005fda4be29,89,9,55639827.00000000000000000000,0,0,395345,798056,,AGGREGATE_ONLY_NOT_ALIGNED,XBT,,LOW,HIGH,MEDIUM,MEDIUM,MEDIUM,LOW,LOW,"XBTUSD-C0657,XBTUSD-C0658",BEHAVIORAL_APPROXIMATION
XBTUSD-C0658,XBTUSD,True,SHORT,2024-03-25T15:00:46.214000Z,2024-04-13T20:08:53.965000Z,1660087.751,-2400,1022400,27600,1,366,278,XBTUSD-C0657,FLIP,00000000-006d-1000-0000-0005fda4be29,00000000-006d-1000-0000-00068f684ef6,646,58,101574594.0000000000000000000,0,0,5077472,-9680961,,AGGREGATE_ONLY_NOT_ALIGNED,XBT,,LOW,HIGH,MEDIUM,MEDIUM,MEDIUM,LOW,LOW,"XBTUSD-C0658,XBTUSD-C0659",BEHAVIORAL_APPROXIMATION
ETHM24-C0001,ETHM24,False,LONG,2024-04-04T20:10:55.922000Z,2024-06-28T12:00:10.288000Z,7314554.366,99000,15096000,0,1,157,123,NONE,SETTLEMENT,00000000-006d-1000-0000-00064cdc7ba9,00000000-0077-1000-0000-00000dd74f41,282,0,49410800.00000000000000000000,0,0,336849,0,,AGGREGATE_ONLY_NOT_ALIGNED,XBT,,LOW,HIGH,MEDIUM,MEDIUM,MEDIUM,LOW,LOW,ETHM24-C0001,BEHAVIORAL_APPROXIMATION
DOGEUSD-C0047,DOGEUSD,False,LONG,2024-04-12T18:32:30.518000Z,2024-04-23T08:11:41.501000Z,913150.983,800,8000,0,1,12,71,NONE,FULL_CLOSE,00000000-006d-1000-0000-0006860582ac,00000000-006d-1000-0000-0006dfccef80,85,32,2647909.0,0,0,83322,684978,,AGGREGATE_ONLY_NOT_ALIGNED,XBT,,LOW,HIGH,MEDIUM,MEDIUM,MEDIUM,LOW,LOW,DOGEUSD-C0047,BEHAVIORAL_APPROXIMATION
XBTUSD-C0659,XBTUSD,True,LONG,2024-04-13T20:08:53.965000Z,2024-04-13T21:03:00.730000Z,3246.765,27600,173600,-1800,1,9,17,XBTUSD-C0658,FLIP,00000000-006d-1000-0000-00068f684ef6,00000000-006d-1000-0000-000690077ab5,28,0,7424844.000000000000000000000,0,0,259496,0,,AGGREGATE_ONLY_NOT_ALIGNED,XBT,,LOW,HIGH,MEDIUM,MEDIUM,MEDIUM,LOW,LOW,"XBTUSD-C0659,XBTUSD-C0660",BEHAVIORAL_APPROXIMATION
XBTUSD-C0660,XBTUSD,True,SHORT,2024-04-13T21:03:00.730000Z,2024-04-14T14:36:43.082000Z,63222.352,-1800,6400,0,1,1,1,XBTUSD-C0659,FULL_CLOSE,00000000-006d-1000-0000-000690077ab5,00000000-006d-1000-0000-000697b75b8f,4,2,-208678.00,0,0,7540,-11,,AGGREGATE_ONLY_NOT_ALIGNED,XBT,,LOW,HIGH,MEDIUM,MEDIUM,MEDIUM,LOW,LOW,XBTUSD-C0660,BEHAVIORAL_APPROXIMATION
XBTUSD-C0661,XBTUSD,True,LONG,2024-04-14T14:36:43.082000Z,2024-04-18T08:21:23.786000Z,323080.704,2000,137600,0,1,22,23,NONE,FULL_CLOSE,00000000-006d-1000-0000-000697b75b95,00000000-006d-1000-0000-0006b9e21eca,47,11,391737.0000000000000000000005,0,0,244234,-18570,,AGGREGATE_ONLY_NOT_ALIGNED,XBT,,LOW,HIGH,MEDIUM,MEDIUM,MEDIUM,LOW,LOW,XBTUSD-C0661,BEHAVIORAL_APPROXIMATION
XBTUSD-C0662,XBTUSD,True,SHORT,2024-04-19T13:16:56.358000Z,2024-08-05T01:13:12.335000Z,9287775.977,-10000,3291000,9000,1,1370,1323,NONE,FLIP,00000000-006d-1000-0000-0006c4f09350,00000000-006d-1000-0000-000a1450d89f,2695,322,428573643.9999999999999999964,0,0,20199836,-36788854,,AGGREGATE_ONLY_NOT_ALIGNED,XBT,,LOW,HIGH,MEDIUM,MEDIUM,MEDIUM,LOW,LOW,"XBTUSD-C0662,XBTUSD-C0663",BEHAVIORAL_APPROXIMATION
DOGEUSD-C0048,DOGEUSD,False,LONG,2024-04-30T08:56:25.508000Z,2024-06-10T19:23:33.699000Z,3580028.191,600,3000,0,1,16,60,NONE,FULL_CLOSE,00000000-006d-1000-0000-00070ea4460a,00000000-006d-1000-0000-00082d05dcef,78,124,10069143.00000000000000000001,0,0,59882,1029645,,AGGREGATE_ONLY_NOT_ALIGNED,XBT,,LOW,HIGH,MEDIUM,MEDIUM,MEDIUM,LOW,LOW,DOGEUSD-C0048,BEHAVIORAL_APPROXIMATION
DOGEUSD-C0049,DOGEUSD,False,LONG,2024-06-14T16:08:20.295000Z,2024-08-01T05:21:56.885000Z,4108416.59,90,15400,0,1,94,113,NONE,FULL_CLOSE,00000000-006d-1000-0000-00084ed5abf4,00000000-006d-1000-0000-0009e9c06458,209,143,15643179.00000000000000000000,0,0,84530,1271928,,AGGREGATE_ONLY_NOT_ALIGNED,XBT,,LOW,HIGH,MEDIUM,MEDIUM,MEDIUM,LOW,LOW,DOGEUSD-C0049,BEHAVIORAL_APPROXIMATION
ETHU24-C0001,ETHU24,False,LONG,2024-06-20T07:23:01.167000Z,2024-09-27T12:00:15.299000Z,8570234.132,79000,13000000,0,1,78,77,NONE,SETTLEMENT,00000000-006d-1000-0000-00087e4eaa25,00000000-0077-1000-0000-0000154082dc,157,0,-169854920.0000000000000000000,0,0,211171,0,,AGGREGATE_ONLY_NOT_ALIGNED,XBT,,LOW,HIGH,MEDIUM,MEDIUM,MEDIUM,LOW,LOW,ETHU24-C0001,BEHAVIORAL_APPROXIMATION
XBTUSD-C0663,XBTUSD,True,LONG,2024-08-05T01:13:12.335000Z,2024-08-05T11:59:15.422000Z,38763.087,9000,289000,0,1,3,39,XBTUSD-C0662,FULL_CLOSE,00000000-006d-1000-0000-000a1450d89f,00000000-006d-1000-0000-000a1b1aca2c,44,1,22860586.99999999999999999997,0,0,527764,-802,,AGGREGATE_ONLY_NOT_ALIGNED,XBT,,HIGH,HIGH,MEDIUM,MEDIUM,MEDIUM,MEDIUM,MEDIUM,XBTUSD-C0663,BEHAVIORAL_APPROXIMATION
XBTUSD-C0664,XBTUSD,True,LONG,2024-08-05T12:32:46.196000Z,2024-08-05T13:36:43.549000Z,3837.353,80000,80000,0,1,0,8,NONE,FULL_CLOSE,00000000-006d-1000-0000-000a1b7cdafc,00000000-006d-1000-0000-000a1c52ef86,10,0,4157484,0,0,148873,0,,AGGREGATE_ONLY_NOT_ALIGNED,XBT,,HIGH,HIGH,MEDIUM,MEDIUM,MEDIUM,MEDIUM,MEDIUM,XBTUSD-C0664,BEHAVIORAL_APPROXIMATION
XBTUSD-C0665,XBTUSD,True,LONG,2024-08-05T13:42:44.495000Z,2024-08-05T14:02:20.687000Z,1176.192,40000,40000,0,1,0,6,NONE,FULL_CLOSE,00000000-006d-1000-0000-000a1c69af91,00000000-006d-1000-0000-000a1caa777e,8,0,3436750,0,0,72418,0,,AGGREGATE_ONLY_NOT_ALIGNED,XBT,,HIGH,HIGH,MEDIUM,MEDIUM,MEDIUM,MEDIUM,MEDIUM,XBTUSD-C0665,BEHAVIORAL_APPROXIMATION
XBTUSD-C0666,XBTUSD,True,SHORT,2024-08-05T14:04:13.064000Z,2024-08-23T23:59:05.828000Z,1590892.764,-5500,1970800,0,1,205,294,NONE,FULL_CLOSE,00000000-006d-1000-0000-000a1cb12e5e,00000000-006d-1000-0000-000ad84c36a9,501,55,-239889493.9999999999999999990,0,0,5280152,-8888553,,AGGREGATE_ONLY_NOT_ALIGNED,XBT,,LOW,HIGH,MEDIUM,MEDIUM,MEDIUM,LOW,LOW,XBTUSD-C0666,BEHAVIORAL_APPROXIMATION
DOGEUSD-C0050,DOGEUSD,False,LONG,2024-08-10T11:00:20.967000Z,2024-11-04T22:30:18.788000Z,7471797.821,52,11800,0,1,104,119,NONE,FULL_CLOSE,00000000-006d-1000-0000-000a5b93a15e,00000000-006d-1000-0000-000d72e849cd,225,260,21644646.99999999999999999996,19250039,171,146298,2668478,,AGGREGATE_ONLY_NOT_ALIGNED,XBT,19250039,LOW,HIGH,MEDIUM,MEDIUM,MEDIUM,LOW,LOW,DOGEUSD-C0050,BEHAVIORAL_APPROXIMATION
XBTUSD-C0667,XBTUSD,True,SHORT,2024-08-27T16:58:20.109000Z,2024-08-28T08:05:57.578000Z,54457.469,-19500,300300,0,1,15,19,NONE,FULL_CLOSE,00000000-006d-1000-0000-000af8aa89fb,00000000-006d-1000-0000-000aff9175f1,36,2,23632920.00000000000000000001,0,0,749439,-72922,,AGGREGATE_ONLY_NOT_ALIGNED,XBT,,HIGH,HIGH,MEDIUM,MEDIUM,MEDIUM,MEDIUM,MEDIUM,XBTUSD-C0667,BEHAVIORAL_APPROXIMATION
XBTUSD-C0668,XBTUSD,True,SHORT,2024-08-31T09:51:16.196000Z,2024-10-25T18:09:56.146000Z,4781919.95,-400,2902500,12800,1,611,767,NONE,FLIP,00000000-006d-1000-0000-000b1f0f78cd,00000000-006d-1000-0000-000d0f3c1938,1380,165,-96911673.00000000000000000091,-131097105,525,16144910,-11611225,,AGGREGATE_ONLY_NOT_ALIGNED,XBT,-131097105,LOW,HIGH,MEDIUM,MEDIUM,MEDIUM,LOW,LOW,"XBTUSD-C0668,XBTUSD-C0669",BEHAVIORAL_APPROXIMATION
ETHZ24-C0001,ETHZ24,False,LONG,2024-10-14T15:26:28.211000Z,2024-12-27T12:00:10.289000Z,6381222.078,42000,4699000,0,1,68,10,NONE,SETTLEMENT,00000000-006d-1000-0000-000ca39ad840,00000000-0077-1000-0000-0000232df236,80,0,-5155960.000000000000000000001,-5215481,80,59521,0,,AGGREGATE_ONLY_NOT_ALIGNED,XBT,-5215481,HIGH,HIGH,MEDIUM,MEDIUM,MEDIUM,MEDIUM,MEDIUM,ETHZ24-C0001,BEHAVIORAL_APPROXIMATION
XBTUSD-C0669,XBTUSD,True,LONG,2024-10-25T18:09:56.146000Z,2024-10-27T11:04:20.955000Z,147264.809,12800,172800,0,1,22,43,XBTUSD-C0668,FULL_CLOSE,00000000-006d-1000-0000-000d0f3c1938,00000000-006d-1000-0000-000d1d6da7ee,67,5,3263594.999999999999999999998,2894343,66,369252,75222,,AGGREGATE_ONLY_NOT_ALIGNED,XBT,2894343,LOW,HIGH,MEDIUM,MEDIUM,MEDIUM,LOW,LOW,XBTUSD-C0669,BEHAVIORAL_APPROXIMATION
XBTUSD-C0670,XBTUSD,True,LONG,2024-10-27T13:12:55.505000Z,2024-10-29T02:12:11.995000Z,133156.49,200,180000,-80000,1,25,4,NONE,FLIP,00000000-006d-1000-0000-000d1e1cc883,00000000-006d-1000-0000-000d2d90ade4,31,4,8187010.000000000000000000001,7870084,31,316926,67294,,AGGREGATE_ONLY_NOT_ALIGNED,XBT,7870084,HIGH,HIGH,MEDIUM,MEDIUM,MEDIUM,MEDIUM,MEDIUM,"XBTUSD-C0670,XBTUSD-C0671",BEHAVIORAL_APPROXIMATION
XBTUSD-C0671,XBTUSD,True,SHORT,2024-10-29T02:12:11.995000Z,2024-10-30T22:27:01.776000Z,159289.781,-80000,260000,17600,1,13,26,XBTUSD-C0670,FLIP,00000000-006d-1000-0000-000d2d90ade4,00000000-006d-1000-0000-000d41f6e02f,41,6,-2416040.000000000000000000000,-2787824,40,371784,-206566,,AGGREGATE_ONLY_NOT_ALIGNED,XBT,-2787824,LOW,HIGH,MEDIUM,MEDIUM,MEDIUM,LOW,LOW,"XBTUSD-C0671,XBTUSD-C0672",BEHAVIORAL_APPROXIMATION
XBTUSD-C0672,XBTUSD,True,LONG,2024-10-30T22:27:01.776000Z,2024-11-03T16:03:04.009000Z,322562.233,17600,2490000,-6900,1,321,343,XBTUSD-C0671,FLIP,00000000-006d-1000-0000-000d41f6e02f,00000000-006d-1000-0000-000d65683bd9,666,11,-62717382.99999999999999999974,-68684990,665,5967607,2257600,,AGGREGATE_ONLY_NOT_ALIGNED,XBT,-68684990,LOW,HIGH,MEDIUM,MEDIUM,MEDIUM,LOW,LOW,"XBTUSD-C0672,XBTUSD-C0673",BEHAVIORAL_APPROXIMATION
XBTUSD-C0673,XBTUSD,True,SHORT,2024-11-03T16:03:04.009000Z,2024-11-03T16:06:41.942000Z,217.933,-6900,61000,600,1,4,11,XBTUSD-C0672,FLIP,00000000-006d-1000-0000-000d65683bd9,00000000-006d-1000-0000-000d657264c0,17,0,-158091.0000000000000000000001,-241461,16,83370,0,,AGGREGATE_ONLY_NOT_ALIGNED,XBT,-241461,HIGH,HIGH,MEDIUM,MEDIUM,MEDIUM,MEDIUM,MEDIUM,"XBTUSD-C0673,XBTUSD-C0674",BEHAVIORAL_APPROXIMATION
XBTUSD-C0674,XBTUSD,True,LONG,2024-11-03T16:06:41.942000Z,2024-11-04T21:38:19.022000Z,106297.08,600,3650000,-10000,1,246,371,XBTUSD-C0673,FLIP,00000000-006d-1000-0000-000d657264c0,00000000-006d-1000-0000-000d725f6111,619,4,-19461496.00000000000000000004,-24952824,618,5491328,630251,,AGGREGATE_ONLY_NOT_ALIGNED,XBT,-24952824,LOW,HIGH,MEDIUM,MEDIUM,MEDIUM,LOW,LOW,"XBTUSD-C0674,XBTUSD-C0675",BEHAVIORAL_APPROXIMATION
XBTUSD-C0675,XBTUSD,True,SHORT,2024-11-04T21:38:19.022000Z,2024-11-04T22:57:41.241000Z,4762.219,-10000,1930000,66200,1,75,101,XBTUSD-C0674,FLIP,00000000-006d-1000-0000-000d725f6111,00000000-006d-1000-0000-000d73108317,178,0,-20874069.99999999999999999998,-23759501,177,2885431,0,,AGGREGATE_ONLY_NOT_ALIGNED,XBT,-23759501,HIGH,HIGH,MEDIUM,MEDIUM,MEDIUM,MEDIUM,MEDIUM,"XBTUSD-C0675,XBTUSD-C0676",BEHAVIORAL_APPROXIMATION
XBTUSD-C0676,XBTUSD,True,LONG,2024-11-04T22:57:41.241000Z,2024-11-10T04:53:54.944000Z,453373.703,66200,2008800,-91200,1,113,160,XBTUSD-C0675,FLIP,00000000-006d-1000-0000-000d73108317,00000000-006d-1000-0000-000db2dff71a,275,16,195886239.9999999999999999995,192952988,274,2933252,1315469,,AGGREGATE_ONLY_NOT_ALIGNED,XBT,192952988,LOW,HIGH,MEDIUM,MEDIUM,MEDIUM,LOW,LOW,"XBTUSD-C0676,XBTUSD-C0677",BEHAVIORAL_APPROXIMATION
XBTUSD-C0677,XBTUSD,True,SHORT,2024-11-10T04:53:54.944000Z,2025-02-21T19:00:33.618000Z,8949998.674,-91200,3250300,25800,1,2929,2849,XBTUSD-C0676,FLIP,00000000-006d-1000-0000-000db2dff71a,00000000-006d-1000-0000-001368bcc8c4,5780,310,202514455.9999999999999999959,176663814,5779,25850642,-59970192,,AGGREGATE_ONLY_NOT_ALIGNED,XBT,176663814,LOW,HIGH,MEDIUM,MEDIUM,MEDIUM,LOW,LOW,"XBTUSD-C0677,XBTUSD-C0678",BEHAVIORAL_APPROXIMATION
XBTUSD-C0678,XBTUSD,True,LONG,2025-02-21T19:00:33.618000Z,2025-02-21T19:43:21.608000Z,2567.99,25800,233200,-10800,1,15,19,XBTUSD-C0677,FLIP,00000000-006d-1000-0000-001368bcc8c4,00000000-006d-1000-0000-0013695e200f,36,0,-1478100.000000000000000000000,-1672917,35,194817,0,,AGGREGATE_ONLY_NOT_ALIGNED,XBT,-1672917,HIGH,HIGH,MEDIUM,MEDIUM,MEDIUM,MEDIUM,MEDIUM,"XBTUSD-C0678,XBTUSD-C0679",BEHAVIORAL_APPROXIMATION
XBTUSD-C0679,XBTUSD,True,SHORT,2025-02-21T19:43:21.608000Z,2025-03-01T21:46:39.124000Z,698597.516,-10800,2326400,0,1,358,244,XBTUSD-C0678,FULL_CLOSE,00000000-006d-1000-0000-0013695e200f,00000000-006d-1000-0000-0013ea84ce7b,604,25,308244120.0000000000000000001,305032273,603,3211847,-3492887,,AGGREGATE_ONLY_NOT_ALIGNED,XBT,305032273,LOW,HIGH,MEDIUM,MEDIUM,MEDIUM,LOW,LOW,XBTUSD-C0679,BEHAVIORAL_APPROXIMATION
XBTUSD-C0680,XBTUSD,True,LONG,2025-03-01T21:48:45.093000Z,2025-03-01T21:57:18.279000Z,513.186,200,60300,0,1,12,0,NONE,FULL_CLOSE,00000000-006d-1000-0000-0013ea89e715,00000000-006d-1000-0000-0013ea9ef506,14,0,242817,190114,14,52703,0,,AGGREGATE_ONLY_NOT_ALIGNED,XBT,190114,HIGH,HIGH,MEDIUM,MEDIUM,MEDIUM,MEDIUM,MEDIUM,XBTUSD-C0680,BEHAVIORAL_APPROXIMATION
XBTUSD-C0681,XBTUSD,True,SHORT,2025-03-02T02:03:26.103000Z,2025-11-18T03:23:40.651000Z,22555214.548,-60300,4028400,20400,1,1705,1764,NONE,FLIP,00000000-006d-1000-0000-0013ece15904,00000000-006d-1000-0000-00240928a48b,3471,782,538203089.0000000000000000005,523938923,3471,14264166,-74605195,,AGGREGATE_ONLY_NOT_ALIGNED,XBT,523938923,LOW,HIGH,MEDIUM,MEDIUM,MEDIUM,LOW,LOW,"XBTUSD-C0681,XBTUSD-C0682",BEHAVIORAL_APPROXIMATION
XBTUSD-C0682,XBTUSD,True,LONG,2025-11-18T03:23:40.651000Z,2025-11-20T00:35:28.937000Z,162708.286,20400,180400,-39600,1,4,32,XBTUSD-C0681,FLIP,00000000-006d-1000-0000-00240928a48b,00000000-006d-1000-0000-002442754e16,38,6,4809052.000000000000000000001,4625413,37,183639,45222,,AGGREGATE_ONLY_NOT_ALIGNED,XBT,4625413,LOW,HIGH,MEDIUM,MEDIUM,MEDIUM,LOW,LOW,"XBTUSD-C0682,XBTUSD-C0683",BEHAVIORAL_APPROXIMATION
XBTUSD-C0683,XBTUSD,True,SHORT,2025-11-20T00:35:28.937000Z,2025-11-20T16:12:38.114000Z,56229.177,-39600,39600,400,1,0,4,XBTUSD-C0682,FLIP,00000000-006d-1000-0000-002442754e16,00000000-006d-1000-0000-00245439d55f,6,2,1274688,1256795,5,17893,-8598,,AGGREGATE_ONLY_NOT_ALIGNED,XBT,1256795,HIGH,HIGH,MEDIUM,MEDIUM,MEDIUM,MEDIUM,MEDIUM,"XBTUSD-C0683,XBTUSD-C0684",BEHAVIORAL_APPROXIMATION
XBTUSD-C0684,XBTUSD,True,LONG,2025-11-20T16:12:38.114000Z,2025-11-27T01:05:00.323000Z,550342.209,400,620400,-19600,1,64,52,XBTUSD-C0683,FLIP,00000000-006d-1000-0000-00245439d55f,00000000-006d-1000-0000-002506c6016c,118,19,34589889.00000000000000000000,33933102,117,656787,-35538,,AGGREGATE_ONLY_NOT_ALIGNED,XBT,33933102,LOW,HIGH,MEDIUM,MEDIUM,MEDIUM,LOW,LOW,"XBTUSD-C0684,XBTUSD-C0685",BEHAVIORAL_APPROXIMATION
XBTUSD-C0685,XBTUSD,True,SHORT,2025-11-27T01:05:00.323000Z,2026-02-03T18:50:15.454000Z,5939115.131,-19600,1819000,11000,1,354,310,XBTUSD-C0684,FLIP,00000000-006d-1000-0000-002506c6016c,00000000-006d-1000-0000-002a1380113f,666,203,268666710.9999999999999999998,265736752,665,2929959,-8500999,,AGGREGATE_ONLY_NOT_ALIGNED,XBT,265736752,LOW,HIGH,MEDIUM,MEDIUM,MEDIUM,LOW,LOW,"XBTUSD-C0685,XBTUSD-C0686",BEHAVIORAL_APPROXIMATION
XBTUSD-C0686,XBTUSD,True,LONG,2026-02-03T18:50:15.454000Z,2026-02-25T02:44:30.204000Z,1842854.75,11000,521000,0,1,209,67,XBTUSD-C0685,FULL_CLOSE,00000000-006d-1000-0000-002a1380113f,00000000-006d-1000-0000-002bb79ae4cc,278,64,43840986.99999999999999999999,43124765,277,716222,20777,,AGGREGATE_ONLY_NOT_ALIGNED,XBT,43124765,LOW,HIGH,MEDIUM,MEDIUM,MEDIUM,LOW,LOW,XBTUSD-C0686,BEHAVIORAL_APPROXIMATION
XBTUSD-C0687,XBTUSD,True,SHORT,2026-02-25T18:29:00.554000Z,2026-03-01T04:21:19.397000Z,294738.843,-30000,30000,0,1,0,7,NONE,FULL_CLOSE,00000000-006d-1000-0000-002bc4c95adc,00000000-006d-1000-0000-002c07253e0c,9,11,1476611,1434856,9,41755,30103,,AGGREGATE_ONLY_NOT_ALIGNED,XBT,1434856,HIGH,HIGH,MEDIUM,MEDIUM,MEDIUM,MEDIUM,MEDIUM,XBTUSD-C0687,BEHAVIORAL_APPROXIMATION
XBTUSD-C0688,XBTUSD,True,SHORT,2026-03-04T09:06:41.266000Z,2026-07-19T12:00:00.330000Z,11847199.064,-120000,1718000,-998000,1,141,73,NONE,OPEN_AT_DATA_END,00000000-006d-1000-0000-002c4b221237,00000000-0077-1000-0000-000083b7b0d5,215,412,218860099.7863764085864748655,216026604,215,2833494,19293007,,AGGREGATE_ONLY_NOT_ALIGNED,XBT,216026604,LOW,HIGH,MEDIUM,MEDIUM,MEDIUM,LOW,LOW,XBTUSD-C0688,BEHAVIORAL_APPROXIMATION
