event_date,currency,asset_scale,event_count,transaction_type_count,net_amount_raw,net_amount_major,fee_raw,fee_major,last_event_time,last_walletBalance_raw,last_walletBalance_major
2020-05-01,XBT,8,3,2,183953943,1.83953943,0,0,2020-05-01T14:39:40.387000Z,183953943,1.83953943
2020-05-02,XBT,8,2,1,-6970165,-0.06970165,0,0,2020-05-02T12:00:00Z,176983778,1.76983778
2020-05-03,XBT,8,3,1,10618502,0.10618502,0,0,2020-05-03T12:00:00Z,187602280,1.8760228
2020-05-04,XBT,8,3,1,-70973191,-0.70973191,0,0,2020-05-04T12:00:00Z,116629089,1.16629089
2020-05-05,XBT,8,3,1,14372473,0.14372473,0,0,2020-05-05T12:00:00.001000Z,131001562,1.31001562
2020-05-06,XBT,8,2,1,11726275,0.11726275,0,0,2020-05-06T12:00:00.003000Z,142727837,1.42727837
2020-05-07,XBT,8,1,1,25460878,0.25460878,0,0,2020-05-07T12:00:00.005000Z,168188715,1.68188715
2020-05-10,XBT,8,1,1,35157723,0.35157723,0,0,2020-05-10T12:00:00.003000Z,203346438,2.03346438
2020-05-11,XBT,8,1,1,540167,0.00540167,0,0,2020-05-11T12:00:00Z,203886605,2.03886605
2020-05-12,XBT,8,1,1,-3760985,-0.03760985,0,0,2020-05-12T12:00:00.003000Z,200125620,2.0012562
2020-05-22,XBT,8,1,1,32567221,0.32567221,0,0,2020-05-22T12:00:00.003000Z,232692841,2.32692841
2020-05-23,XBT,8,2,1,3277505,0.03277505,0,0,2020-05-23T12:00:00.001000Z,235970346,2.35970346
2020-05-24,XBT,8,1,1,34295,0.00034295,0,0,2020-05-24T12:00:00Z,236004641,2.36004641
2020-05-25,XBT,8,2,1,-6827258,-0.06827258,0,0,2020-05-25T12:00:00.001000Z,229177383,2.29177383
2020-05-26,XBT,8,1,1,652013,0.00652013,0,0,2020-05-26T12:00:00Z,229829396,2.29829396
2020-05-27,XBT,8,1,1,24254772,0.24254772,0,0,2020-05-27T12:00:00.006000Z,254084168,2.54084168
2020-05-28,XBT,8,2,1,17190629,0.17190629,0,0,2020-05-28T12:00:00Z,271274797,2.71274797
2020-05-29,XBT,8,3,1,13943166,0.13943166,0,0,2020-05-29T12:00:00Z,285217963,2.85217963
2020-05-30,XBT,8,1,1,-1168154,-0.01168154,0,0,2020-05-30T12:00:00Z,284049809,2.84049809
2020-05-31,XBT,8,4,1,82881416,0.82881416,0,0,2020-05-31T12:00:00.003000Z,366931225,3.66931225
2020-06-01,XBT,8,3,1,21109633,0.21109633,0,0,2020-06-01T12:00:00Z,388040858,3.88040858
2020-06-02,XBT,8,3,1,5275193,0.05275193,0,0,2020-06-02T12:00:00.003000Z,393316051,3.93316051
2020-06-03,XBT,8,3,1,26907648,0.26907648,0,0,2020-06-03T12:00:00Z,420223699,4.20223699
2020-06-04,XBT,8,4,1,-62253208,-0.62253208,0,0,2020-06-04T12:00:00.001000Z,357970491,3.57970491
2020-06-05,XBT,8,2,1,13511105,0.13511105,0,0,2020-06-05T12:00:00Z,371481596,3.71481596
2020-06-06,XBT,8,3,1,-288593,-0.00288593,0,0,2020-06-06T12:00:00.005000Z,371193003,3.71193003
2020-06-07,XBT,8,2,1,-87156,-0.00087156,0,0,2020-06-07T12:00:00.001000Z,371105847,3.71105847
2020-06-08,XBT,8,3,1,25104847,0.25104847,0,0,2020-06-08T12:00:00.037000Z,396210694,3.96210694
2020-06-09,XBT,8,3,1,-1022544,-0.01022544,0,0,2020-06-09T12:00:00.003000Z,395188150,3.9518815
2020-06-10,XBT,8,2,1,1689127,0.01689127,0,0,2020-06-10T12:00:00.010000Z,396877277,3.96877277
2020-06-11,XBT,8,1,1,29248698,0.29248698,0,0,2020-06-11T12:00:00.013000Z,426125975,4.26125975
2020-06-12,XBT,8,3,1,16119159,0.16119159,0,0,2020-06-12T12:00:00.009000Z,442245134,4.42245134
2020-06-13,XBT,8,2,1,5433582,0.05433582,0,0,2020-06-13T12:00:00.012000Z,447678716,4.47678716
2020-06-14,XBT,8,3,1,-6384034,-0.06384034,0,0,2020-06-14T12:00:00.002000Z,441294682,4.41294682
2020-06-15,XBT,8,2,1,61227343,0.61227343,0,0,2020-06-15T12:00:00Z,502522025,5.02522025
2020-06-16,XBT,8,2,1,-27495598,-0.27495598,0,0,2020-06-16T12:00:00.004000Z,475026427,4.75026427
2020-06-17,XBT,8,1,1,-30564,-0.00030564,0,0,2020-06-17T12:00:00.011000Z,474995863,4.74995863
2020-06-18,XBT,8,2,1,68787,0.00068787,0,0,2020-06-18T12:00:00.001000Z,475064650,4.7506465
2020-06-19,XBT,8,1,1,-2129373,-0.02129373,0,0,2020-06-19T12:00:00.005000Z,472935277,4.72935277
2020-06-20,XBT,8,1,1,70775,0.00070775,0,0,2020-06-20T12:00:00.001000Z,473006052,4.73006052
2020-06-21,XBT,8,1,1,-92918,-0.00092918,0,0,2020-06-21T12:00:00Z,472913134,4.72913134
2020-06-22,XBT,8,2,1,3470505,0.03470505,0,0,2020-06-22T12:00:00.012000Z,476383639,4.76383639
2020-06-23,XBT,8,1,1,45020401,0.45020401,0,0,2020-06-23T12:00:00.008000Z,521404040,5.2140404
2020-06-24,XBT,8,4,1,-6665799,-0.06665799,0,0,2020-06-24T12:00:00.002000Z,514738241,5.14738241
2020-06-25,XBT,8,3,1,-212239937,-2.12239937,0,0,2020-06-25T12:00:00.003000Z,302498304,3.02498304
2020-06-26,XBT,8,3,1,-40982415,-0.40982415,0,0,2020-06-26T12:00:10.039000Z,261515889,2.61515889
2020-06-27,XBT,8,3,1,-86053434,-0.86053434,0,0,2020-06-27T12:00:00.016000Z,175462455,1.75462455
2020-06-28,XBT,8,2,1,-43695758,-0.43695758,0,0,2020-06-28T12:00:00.001000Z,131766697,1.31766697
2020-06-29,XBT,8,1,1,30040192,0.30040192,0,0,2020-06-29T12:00:00.001000Z,161806889,1.61806889
2020-06-30,XBT,8,2,1,4193848,0.04193848,0,0,2020-06-30T12:00:00.001000Z,166000737,1.66000737
2020-07-01,XBT,8,1,1,-117510,-0.0011751,0,0,2020-07-01T12:00:00.005000Z,165883227,1.65883227
2020-07-02,XBT,8,1,1,23823147,0.23823147,0,0,2020-07-02T12:00:00.017000Z,189706374,1.89706374
2020-07-03,XBT,8,2,1,-4097928,-0.04097928,0,0,2020-07-03T12:00:00.002000Z,185608446,1.85608446
2020-07-04,XBT,8,2,1,-950557,-0.00950557,0,0,2020-07-04T12:00:00.007000Z,184657889,1.84657889
2020-07-05,XBT,8,2,1,-13464398,-0.13464398,0,0,2020-07-05T12:00:00.004000Z,171193491,1.71193491
2020-07-06,XBT,8,3,1,-11081762,-0.11081762,0,0,2020-07-06T12:00:00.012000Z,160111729,1.60111729
2020-07-07,XBT,8,3,1,53243508,0.53243508,0,0,2020-07-07T12:00:00.001000Z,213355237,2.13355237
2020-07-08,XBT,8,4,1,-18627983,-0.18627983,0,0,2020-07-08T12:00:00Z,194727254,1.94727254
2020-07-09,XBT,8,2,1,10864417,0.10864417,0,0,2020-07-09T12:00:00.001000Z,205591671,2.05591671
2020-07-10,XBT,8,2,1,-22032471,-0.22032471,0,0,2020-07-10T12:00:00.002000Z,183559200,1.835592
2020-07-11,XBT,8,2,1,-3310057,-0.03310057,0,0,2020-07-11T12:00:00.002000Z,180249143,1.80249143
2020-07-12,XBT,8,2,1,-25598021,-0.25598021,0,0,2020-07-12T12:00:00.002000Z,154651122,1.54651122
2020-07-13,XBT,8,2,1,-10843984,-0.10843984,0,0,2020-07-13T12:00:00Z,143807138,1.43807138
2020-07-14,XBT,8,3,1,-13652710,-0.1365271,0,0,2020-07-14T12:00:00.002000Z,130154428,1.30154428
2020-07-15,XBT,8,1,1,566839,0.00566839,0,0,2020-07-15T12:00:00.001000Z,130721267,1.30721267
2020-07-16,XBT,8,2,1,-11560245,-0.11560245,0,0,2020-07-16T12:00:00.001000Z,119161022,1.19161022
2020-07-17,XBT,8,1,1,1104753,0.01104753,0,0,2020-07-17T12:00:00.008000Z,120265775,1.20265775
2020-07-18,XBT,8,1,1,-5534183,-0.05534183,0,0,2020-07-18T12:00:00.009000Z,114731592,1.14731592
2020-07-19,XBT,8,2,1,-10211087,-0.10211087,0,0,2020-07-19T12:00:00.001000Z,104520505,1.04520505
2020-07-20,XBT,8,1,1,622211,0.00622211,0,0,2020-07-20T12:00:00Z,105142716,1.05142716
2020-07-21,XBT,8,2,1,-1578407,-0.01578407,0,0,2020-07-21T12:00:00.002000Z,103564309,1.03564309
2020-07-22,XBT,8,3,1,-543825,-0.00543825,0,0,2020-07-22T12:00:00.004000Z,103020484,1.03020484
2020-07-23,XBT,8,3,1,-1650923,-0.01650923,0,0,2020-07-23T12:00:00.005000Z,101369561,1.01369561
2020-07-24,XBT,8,1,1,-167311,-0.00167311,0,0,2020-07-24T12:00:00.005000Z,101202250,1.0120225
2020-07-25,XBT,8,4,1,41724057,0.41724057,0,0,2020-07-25T12:00:00.001000Z,142926307,1.42926307
2020-07-26,XBT,8,4,1,11715738,0.11715738,0,0,2020-07-26T12:00:00Z,154642045,1.54642045
2020-07-27,XBT,8,3,1,53340208,0.53340208,0,0,2020-07-27T12:00:00.012000Z,207982253,2.07982253
2020-07-28,XBT,8,3,1,-39317403,-0.39317403,0,0,2020-07-28T12:00:00.004000Z,168664850,1.6866485
2020-07-29,XBT,8,1,1,-457993,-0.00457993,0,0,2020-07-29T12:00:00.004000Z,168206857,1.68206857
2020-07-30,XBT,8,1,1,8897143,0.08897143,0,0,2020-07-30T12:00:00.001000Z,177104000,1.77104
2020-07-31,XBT,8,3,1,-1030132,-0.01030132,0,0,2020-07-31T12:00:00.005000Z,176073868,1.76073868
2020-08-01,XBT,8,3,1,32223067,0.32223067,0,0,2020-08-01T12:00:00.002000Z,208296935,2.08296935
2020-08-02,XBT,8,3,1,62333622,0.62333622,0,0,2020-08-02T12:00:00Z,270630557,2.70630557
2020-08-03,XBT,8,3,1,-7858207,-0.07858207,0,0,2020-08-03T12:00:00.009000Z,262772350,2.6277235
2020-08-04,XBT,8,5,1,38334445,0.38334445,0,0,2020-08-04T12:00:00.002000Z,301106795,3.01106795
2020-08-05,XBT,8,2,1,10415756,0.10415756,0,0,2020-08-05T12:00:00.003000Z,311522551,3.11522551
2020-08-06,XBT,8,1,1,8858657,0.08858657,0,0,2020-08-06T12:00:00Z,320381208,3.20381208
2020-08-07,XBT,8,2,1,1132075,0.01132075,0,0,2020-08-07T12:00:00Z,321513283,3.21513283
2020-08-08,XBT,8,3,1,41532093,0.41532093,0,0,2020-08-08T12:00:00.003000Z,363045376,3.63045376
2020-08-09,XBT,8,3,1,19788281,0.19788281,0,0,2020-08-09T12:00:00.002000Z,382833657,3.82833657
2020-08-10,XBT,8,1,1,-3276572,-0.03276572,0,0,2020-08-10T12:00:00.003000Z,379557085,3.79557085
2020-08-11,XBT,8,2,1,14393138,0.14393138,0,0,2020-08-11T12:00:00.011000Z,393950223,3.93950223
2020-08-12,XBT,8,2,1,69833367,0.69833367,0,0,2020-08-12T12:00:00Z,463783590,4.6378359
2020-08-13,XBT,8,2,1,10780641,0.10780641,0,0,2020-08-13T12:00:00.002000Z,474564231,4.74564231
2020-08-14,XBT,8,3,1,41751820,0.4175182,0,0,2020-08-14T12:00:00Z,516316051,5.16316051
2020-08-15,XBT,8,2,1,16253466,0.16253466,0,0,2020-08-15T12:00:00Z,532569517,5.32569517
2020-08-16,XBT,8,1,1,-16935,-0.00016935,0,0,2020-08-16T12:00:00.001000Z,532552582,5.32552582
2020-08-17,XBT,8,2,1,933720,0.0093372,0,0,2020-08-17T12:00:00.004000Z,533486302,5.33486302
2020-08-18,XBT,8,2,1,30577452,0.30577452,0,0,2020-08-18T12:00:00Z,564063754,5.64063754
2020-08-19,XBT,8,2,1,13244608,0.13244608,0,0,2020-08-19T12:00:00.004000Z,577308362,5.77308362
2020-08-20,XBT,8,2,1,93051,0.00093051,0,0,2020-08-20T12:00:00Z,577401413,5.77401413
2020-08-21,XBT,8,2,1,4691683,0.04691683,0,0,2020-08-21T12:00:00.001000Z,582093096,5.82093096
2020-08-22,XBT,8,2,1,10703886,0.10703886,0,0,2020-08-22T12:00:00.051000Z,592796982,5.92796982
2020-08-23,XBT,8,1,1,958985,0.00958985,0,0,2020-08-23T12:00:00.003000Z,593755967,5.93755967
2020-08-24,XBT,8,2,1,-409991,-0.00409991,0,0,2020-08-24T12:00:00.018000Z,593345976,5.93345976
2020-08-25,XBT,8,3,1,6204405,0.06204405,0,0,2020-08-25T12:00:00.004000Z,599550381,5.99550381
2020-08-26,XBT,8,3,1,31726902,0.31726902,0,0,2020-08-26T12:00:00.005000Z,631277283,6.31277283
2020-08-27,XBT,8,2,1,5438001,0.05438001,0,0,2020-08-27T12:00:00.005000Z,636715284,6.36715284
2020-08-28,XBT,8,3,1,-28646593,-0.28646593,0,0,2020-08-28T12:00:00Z,608068691,6.08068691
2020-08-29,XBT,8,2,1,-196572,-0.00196572,0,0,2020-08-29T12:00:00.006000Z,607872119,6.07872119
2020-08-30,XBT,8,2,1,21874592,0.21874592,0,0,2020-08-30T12:00:00.006000Z,629746711,6.29746711
2020-08-31,XBT,8,3,1,2756431,0.02756431,0,0,2020-08-31T12:00:00Z,632503142,6.32503142
2020-09-01,XBT,8,3,1,69771828,0.69771828,0,0,2020-09-01T12:00:00.002000Z,702274970,7.0227497
2020-09-02,XBT,8,3,1,78937734,0.78937734,0,0,2020-09-02T12:00:00.003000Z,781212704,7.81212704
2020-09-03,XBT,8,3,1,-71022963,-0.71022963,0,0,2020-09-03T12:00:00.024000Z,710189741,7.10189741
2020-09-04,XBT,8,4,1,62866253,0.62866253,0,0,2020-09-04T12:00:00Z,773055994,7.73055994
2020-09-05,XBT,8,2,1,-51680364,-0.51680364,0,0,2020-09-05T12:00:00Z,721375630,7.2137563
2020-09-06,XBT,8,2,1,110173809,1.10173809,0,0,2020-09-06T12:00:00.006000Z,831549439,8.31549439
2020-09-07,XBT,8,3,1,22279400,0.222794,0,0,2020-09-07T12:00:00.007000Z,853828839,8.53828839
2020-09-08,XBT,8,3,1,55933774,0.55933774,0,0,2020-09-08T12:00:00Z,909762613,9.09762613
2020-09-09,XBT,8,2,1,-46676629,-0.46676629,0,0,2020-09-09T12:00:00Z,863085984,8.63085984
2020-09-10,XBT,8,2,1,6784823,0.06784823,0,0,2020-09-10T12:00:00.008000Z,869870807,8.69870807
2020-09-11,XBT,8,1,1,567007,0.00567007,0,0,2020-09-11T12:00:00.002000Z,870437814,8.70437814
2020-09-12,XBT,8,1,1,1162986,0.01162986,0,0,2020-09-12T12:00:00.004000Z,871600800,8.716008
2020-09-13,XBT,8,4,1,309918,0.00309918,0,0,2020-09-13T12:00:00Z,871910718,8.71910718
2020-09-14,XBT,8,4,1,-3798847,-0.03798847,0,0,2020-09-14T12:00:00.001000Z,868111871,8.68111871
2020-09-15,XBT,8,3,1,28123421,0.28123421,0,0,2020-09-15T12:00:00.001000Z,896235292,8.96235292
2020-09-16,XBT,8,3,1,-1518149,-0.01518149,0,0,2020-09-16T12:00:00.002000Z,894717143,8.94717143
2020-09-17,XBT,8,4,1,-15172619,-0.15172619,0,0,2020-09-17T12:00:00Z,879544524,8.79544524
2020-09-18,XBT,8,3,1,13296777,0.13296777,0,0,2020-09-18T12:00:00Z,892841301,8.92841301
2020-09-19,XBT,8,1,1,2497848,0.02497848,0,0,2020-09-19T12:00:00.001000Z,895339149,8.95339149
2020-09-20,XBT,8,1,1,1298519,0.01298519,0,0,2020-09-20T12:00:00.005000Z,896637668,8.96637668
2020-09-21,XBT,8,2,1,41384034,0.41384034,0,0,2020-09-21T12:00:00Z,938021702,9.38021702
2020-09-22,XBT,8,3,1,19887161,0.19887161,0,0,2020-09-22T12:00:00Z,957908863,9.57908863
2020-09-23,XBT,8,3,1,-3758104,-0.03758104,0,0,2020-09-23T12:00:00.016000Z,954150759,9.54150759
2020-09-24,XBT,8,3,1,-25880068,-0.25880068,0,0,2020-09-24T12:00:00.004000Z,928270691,9.28270691
2020-09-25,XBT,8,2,1,-26254705,-0.26254705,0,0,2020-09-25T12:00:00.057000Z,902015986,9.02015986
2020-09-26,XBT,8,2,1,-10822875,-0.10822875,0,0,2020-09-26T12:00:00.019000Z,891193111,8.91193111
2020-09-27,XBT,8,2,1,-33453001,-0.33453001,0,0,2020-09-27T12:00:00.001000Z,857740110,8.5774011
2020-09-28,XBT,8,2,1,-1259474,-0.01259474,0,0,2020-09-28T12:00:00.006000Z,856480636,8.56480636
2020-09-29,XBT,8,1,1,-37686618,-0.37686618,0,0,2020-09-29T12:00:00.011000Z,818794018,8.18794018
2020-09-30,XBT,8,1,1,52701240,0.5270124,0,0,2020-09-30T12:00:00.011000Z,871495258,8.71495258
2020-10-01,XBT,8,1,1,-4174218,-0.04174218,0,0,2020-10-01T12:00:00.008000Z,867321040,8.6732104
2020-10-02,XBT,8,4,1,-322299956,-3.22299956,0,0,2020-10-02T12:00:00.010000Z,545021084,5.45021084
2020-10-03,XBT,8,2,1,8055620,0.0805562,0,0,2020-10-03T12:00:00.009000Z,553076704,5.53076704
2020-10-04,XBT,8,1,1,2746953,0.02746953,0,0,2020-10-04T12:00:00.009000Z,555823657,5.55823657
2020-10-05,XBT,8,1,1,19515786,0.19515786,0,0,2020-10-05T12:00:00.005000Z,575339443,5.75339443
2020-10-06,XBT,8,2,1,-3536069,-0.03536069,0,0,2020-10-06T12:00:00.020000Z,571803374,5.71803374
2020-10-07,XBT,8,2,1,-44711379,-0.44711379,0,0,2020-10-07T12:00:00.005000Z,527091995,5.27091995
2020-10-08,XBT,8,2,1,-5229688,-0.05229688,0,0,2020-10-08T12:00:00.005000Z,521862307,5.21862307
2020-10-09,XBT,8,2,1,149270469,1.49270469,0,0,2020-10-09T12:00:00.006000Z,671132776,6.71132776
2020-10-10,XBT,8,5,1,10673855,0.10673855,0,0,2020-10-10T12:00:00.004000Z,681806631,6.81806631
2020-10-11,XBT,8,4,1,-1544185,-0.01544185,0,0,2020-10-11T12:00:00.007000Z,680262446,6.80262446
2020-10-12,XBT,8,5,1,1958556,0.01958556,0,0,2020-10-12T12:00:00.009000Z,682221002,6.82221002
2020-10-13,XBT,8,5,1,19809984,0.19809984,0,0,2020-10-13T12:00:00.005000Z,702030986,7.02030986
2020-10-14,XBT,8,4,1,3988135,0.03988135,0,0,2020-10-14T12:00:00.005000Z,706019121,7.06019121
2020-10-15,XBT,8,5,1,-76633800,-0.766338,0,0,2020-10-15T12:00:00.004000Z,629385321,6.29385321
2020-10-16,XBT,8,2,1,-52129512,-0.52129512,0,0,2020-10-16T12:00:00.005000Z,577255809,5.77255809
2020-10-17,XBT,8,1,1,-2098970,-0.0209897,0,0,2020-10-17T12:00:00.004000Z,575156839,5.75156839
2020-10-18,XBT,8,1,1,2168618,0.02168618,0,0,2020-10-18T12:00:00.005000Z,577325457,5.77325457
2020-10-19,XBT,8,1,1,-11886333,-0.11886333,0,0,2020-10-19T12:00:00.004000Z,565439124,5.65439124
2020-10-20,XBT,8,1,1,61574951,0.61574951,0,0,2020-10-20T12:00:00.006000Z,627014075,6.27014075
2020-10-21,XBT,8,1,1,35851521,0.35851521,0,0,2020-10-21T12:00:00.004000Z,662865596,6.62865596
2020-10-22,XBT,8,3,1,86716335,0.86716335,0,0,2020-10-22T12:00:00.009000Z,749581931,7.49581931
2020-10-23,XBT,8,3,1,7545844,0.07545844,0,0,2020-10-23T12:00:00.003000Z,757127775,7.57127775
2020-10-24,XBT,8,3,1,-778441,-0.00778441,0,0,2020-10-24T12:00:00.007000Z,756349334,7.56349334
2020-10-25,XBT,8,4,1,-1886268,-0.01886268,0,0,2020-10-25T12:00:00.005000Z,754463066,7.54463066
2020-10-26,XBT,8,4,1,-368222,-0.00368222,0,0,2020-10-26T12:00:00.010000Z,754094844,7.54094844
2020-10-27,XBT,8,4,1,1906981,0.01906981,0,0,2020-10-27T12:00:00.004000Z,756001825,7.56001825
2020-10-28,XBT,8,5,1,29432598,0.29432598,0,0,2020-10-28T12:00:00.008000Z,785434423,7.85434423
2020-10-29,XBT,8,4,1,-471047,-0.00471047,0,0,2020-10-29T12:00:00.005000Z,784963376,7.84963376
2020-10-30,XBT,8,3,1,35190833,0.35190833,0,0,2020-10-30T12:00:00.004000Z,820154209,8.20154209
2020-10-31,XBT,8,5,1,-79813941,-0.79813941,0,0,2020-10-31T12:00:00.007000Z,740340268,7.40340268
2020-11-01,XBT,8,4,1,-37510163,-0.37510163,0,0,2020-11-01T12:00:00.006000Z,702830105,7.02830105
2020-11-02,XBT,8,5,1,-2897380,-0.0289738,0,0,2020-11-02T12:00:00.004000Z,699932725,6.99932725
2020-11-03,XBT,8,3,1,14526309,0.14526309,0,0,2020-11-03T12:00:00.006000Z,714459034,7.14459034
2020-11-04,XBT,8,3,1,-105665509,-1.05665509,0,0,2020-11-04T12:00:00.021000Z,608793525,6.08793525
2020-11-05,XBT,8,3,1,-10451094,-0.10451094,0,0,2020-11-05T12:00:00.028000Z,598342431,5.98342431
2020-11-06,XBT,8,6,1,-236593442,-2.36593442,0,0,2020-11-06T12:00:00.003000Z,361748989,3.61748989
2020-11-07,XBT,8,5,1,106294928,1.06294928,0,0,2020-11-07T12:00:00.019000Z,468043917,4.68043917
2020-11-08,XBT,8,2,1,64545407,0.64545407,0,0,2020-11-08T12:00:00.006000Z,532589324,5.32589324
2020-11-09,XBT,8,2,1,2783743,0.02783743,0,0,2020-11-09T12:00:00.003000Z,535373067,5.35373067
2020-11-10,XBT,8,6,1,1322350,0.0132235,0,0,2020-11-10T12:00:00.007000Z,536695417,5.36695417
2020-11-11,XBT,8,7,1,48382529,0.48382529,0,0,2020-11-11T12:00:00.004000Z,585077946,5.85077946
2020-11-12,XBT,8,6,1,2891880,0.0289188,0,0,2020-11-12T12:00:00.003000Z,587969826,5.87969826
2020-11-13,XBT,8,6,1,125713369,1.25713369,0,0,2020-11-13T12:00:00.009000Z,713683195,7.13683195
2020-11-14,XBT,8,5,1,17183381,0.17183381,0,0,2020-11-14T12:00:00.003000Z,730866576,7.30866576
2020-11-15,XBT,8,4,1,-13663022,-0.13663022,0,0,2020-11-15T12:00:00.008000Z,717203554,7.17203554
2020-11-16,XBT,8,5,1,-43668946,-0.43668946,0,0,2020-11-16T12:00:00.003000Z,673534608,6.73534608
2020-11-17,XBT,8,7,1,42957790,0.4295779,0,0,2020-11-17T12:00:00.003000Z,716492398,7.16492398
2020-11-18,XBT,8,7,1,-14318001,-0.14318001,0,0,2020-11-18T12:00:00.003000Z,702174397,7.02174397
2020-11-19,XBT,8,3,1,-9295948,-0.09295948,0,0,2020-11-19T12:00:00.002000Z,692878449,6.92878449
2020-11-20,XBT,8,3,1,-10718517,-0.10718517,0,0,2020-11-20T12:00:00.004000Z,682159932,6.82159932
2020-11-21,XBT,8,4,1,-44941246,-0.44941246,0,0,2020-11-21T12:00:00.005000Z,637218686,6.37218686
2020-11-22,XBT,8,7,1,10109275,0.10109275,0,0,2020-11-22T12:00:00.004000Z,647327961,6.47327961
2020-11-23,XBT,8,6,1,-1267253,-0.01267253,0,0,2020-11-23T12:00:00.004000Z,646060708,6.46060708
2020-11-24,XBT,8,5,1,-93237624,-0.93237624,0,0,2020-11-24T12:00:00.005000Z,552823084,5.52823084
2020-11-25,XBT,8,4,1,-19653893,-0.19653893,0,0,2020-11-25T12:00:00.011000Z,533169191,5.33169191
2020-11-26,XBT,8,5,1,283134829,2.83134829,0,0,2020-11-26T12:00:00.006000Z,816304020,8.1630402
2020-11-27,XBT,8,4,1,141744114,1.41744114,0,0,2020-11-27T12:00:00.004000Z,958048134,9.58048134
2020-11-28,XBT,8,2,1,-6109593,-0.06109593,0,0,2020-11-28T12:00:00.009000Z,951938541,9.51938541
2020-11-29,XBT,8,4,1,-12581095,-0.12581095,0,0,2020-11-29T12:00:00.005000Z,939357446,9.39357446
2020-11-30,XBT,8,5,1,-10011524,-0.10011524,0,0,2020-11-30T12:00:00.007000Z,929345922,9.29345922
2020-12-01,XBT,8,5,1,-308590263,-3.08590263,0,0,2020-12-01T12:00:00.005000Z,620755659,6.20755659
2020-12-02,XBT,8,6,1,110834579,1.10834579,0,0,2020-12-02T12:00:00.004000Z,731590238,7.31590238
2020-12-03,XBT,8,3,1,35844726,0.35844726,0,0,2020-12-03T12:00:00.009000Z,767434964,7.67434964
2020-12-04,XBT,8,5,1,45214451,0.45214451,0,0,2020-12-04T12:00:00.009000Z,812649415,8.12649415
2020-12-05,XBT,8,6,1,1746366,0.01746366,0,0,2020-12-05T12:00:00.006000Z,814395781,8.14395781
2020-12-06,XBT,8,3,1,-1852451,-0.01852451,0,0,2020-12-06T12:00:00.008000Z,812543330,8.1254333
2020-12-07,XBT,8,2,1,-12130856,-0.12130856,0,0,2020-12-07T12:00:00.006000Z,800412474,8.00412474
2020-12-08,XBT,8,3,1,-19514495,-0.19514495,0,0,2020-12-08T12:00:00.003000Z,780897979,7.80897979
2020-12-09,XBT,8,6,1,56563086,0.56563086,0,0,2020-12-09T12:00:00.009000Z,837461065,8.37461065
2020-12-10,XBT,8,6,1,9689832,0.09689832,0,0,2020-12-10T12:00:00.006000Z,847150897,8.47150897
2020-12-11,XBT,8,5,1,-1087494,-0.01087494,0,0,2020-12-11T12:00:00.006000Z,846063403,8.46063403
2020-12-12,XBT,8,3,1,3662437,0.03662437,0,0,2020-12-12T12:00:00.005000Z,849725840,8.4972584
2020-12-13,XBT,8,4,1,20477956,0.20477956,0,0,2020-12-13T12:00:00.009000Z,870203796,8.70203796
2020-12-14,XBT,8,4,1,23782972,0.23782972,0,0,2020-12-14T12:00:00.008000Z,893986768,8.93986768
2020-12-15,XBT,8,3,1,-715182,-0.00715182,0,0,2020-12-15T12:00:00.007000Z,893271586,8.93271586
2020-12-16,XBT,8,6,1,-5749049,-0.05749049,0,0,2020-12-16T12:00:00.054000Z,887522537,8.87522537
2020-12-17,XBT,8,7,1,239199853,2.39199853,0,0,2020-12-17T12:00:00.059000Z,1126722390,11.2672239
2020-12-18,XBT,8,5,1,32831970,0.3283197,0,0,2020-12-18T12:00:00.042000Z,1159554360,11.5955436
2020-12-19,XBT,8,6,1,22083047,0.22083047,0,0,2020-12-19T12:00:00.039000Z,1181637407,11.81637407
2020-12-20,XBT,8,6,1,8493120,0.0849312,0,0,2020-12-20T12:00:00.051000Z,1190130527,11.90130527
2020-12-21,XBT,8,7,1,-272861,-0.00272861,0,0,2020-12-21T12:00:00.050000Z,1189857666,11.89857666
2020-12-22,XBT,8,7,1,-86544654,-0.86544654,0,0,2020-12-22T12:00:00.052000Z,1103313012,11.03313012
2020-12-23,XBT,8,5,1,-8599416,-0.08599416,0,0,2020-12-23T12:00:00.050000Z,1094713596,10.94713596
2020-12-24,XBT,8,5,1,-62229057,-0.62229057,0,0,2020-12-24T12:00:00.056000Z,1032484539,10.32484539
2020-12-25,XBT,8,7,1,-194375080,-1.9437508,0,0,2020-12-25T12:00:15.031000Z,838109459,8.38109459
2020-12-26,XBT,8,4,1,9771881,0.09771881,0,0,2020-12-26T12:00:00.043000Z,847881340,8.4788134
2020-12-27,XBT,8,5,1,-214847,-0.00214847,0,0,2020-12-27T12:00:00.057000Z,847666493,8.47666493
2020-12-28,XBT,8,7,1,229027177,2.29027177,0,0,2020-12-28T12:00:00.050000Z,1076693670,10.7669367
2020-12-29,XBT,8,6,1,-19351063,-0.19351063,0,0,2020-12-29T12:00:00.046000Z,1057342607,10.57342607
2020-12-30,XBT,8,4,1,-322128,-0.00322128,0,0,2020-12-30T12:00:00.048000Z,1057020479,10.57020479
2020-12-31,XBT,8,6,1,-2963341,-0.02963341,0,0,2020-12-31T12:00:00.051000Z,1054057138,10.54057138
2021-01-01,XBT,8,6,1,14107392,0.14107392,0,0,2021-01-01T12:00:00.049000Z,1068164530,10.6816453
2021-01-02,XBT,8,4,1,-7020259,-0.07020259,0,0,2021-01-02T12:00:00.042000Z,1061144271,10.61144271
2021-01-03,XBT,8,8,1,-22049586,-0.22049586,0,0,2021-01-03T12:00:00.063000Z,1039094685,10.39094685
2021-01-04,XBT,8,8,1,-34302176,-0.34302176,0,0,2021-01-04T12:00:00.067000Z,1004792509,10.04792509
2021-01-05,XBT,8,5,1,10698590,0.1069859,0,0,2021-01-05T12:00:00.050000Z,1015491099,10.15491099
2021-01-06,XBT,8,5,1,-163487252,-1.63487252,0,0,2021-01-06T12:00:00.047000Z,852003847,8.52003847
2021-01-07,XBT,8,5,1,-49588545,-0.49588545,0,0,2021-01-07T12:00:00.052000Z,802415302,8.02415302
2021-01-08,XBT,8,3,1,50357743,0.50357743,0,0,2021-01-08T12:00:00.056000Z,852773045,8.52773045
2021-01-09,XBT,8,2,1,-4033500,-0.040335,0,0,2021-01-09T12:00:00.050000Z,848739545,8.48739545
2021-01-10,XBT,8,4,1,13212775,0.13212775,0,0,2021-01-10T12:00:00.050000Z,861952320,8.6195232
2021-01-11,XBT,8,4,1,-8642580,-0.0864258,0,0,2021-01-11T12:00:00.061000Z,853309740,8.5330974
2021-01-12,XBT,8,2,1,110746435,1.10746435,0,0,2021-01-12T12:00:00.049000Z,964056175,9.64056175
2021-01-13,XBT,8,3,1,26468340,0.2646834,0,0,2021-01-13T12:00:00.047000Z,990524515,9.90524515
2021-01-14,XBT,8,4,1,162709157,1.62709157,0,0,2021-01-14T12:00:00.047000Z,1153233672,11.53233672
2021-01-15,XBT,8,7,1,50880224,0.50880224,0,0,2021-01-15T12:00:00.049000Z,1204113896,12.04113896
2021-01-16,XBT,8,4,1,280212610,2.8021261,0,0,2021-01-16T12:00:00.040000Z,1484326506,14.84326506
2021-01-17,XBT,8,3,1,-120797239,-1.20797239,0,0,2021-01-17T12:00:00.046000Z,1363529267,13.63529267
2021-01-18,XBT,8,3,1,3077686,0.03077686,0,0,2021-01-18T12:00:00.043000Z,1366606953,13.66606953
2021-01-19,XBT,8,4,1,10730408,0.10730408,0,0,2021-01-19T12:00:00.056000Z,1377337361,13.77337361
2021-01-20,XBT,8,6,1,135890009,1.35890009,0,0,2021-01-20T12:00:00.052000Z,1513227370,15.1322737
2021-01-21,XBT,8,7,1,164646722,1.64646722,0,0,2021-01-21T12:00:00.051000Z,1677874092,16.77874092
2021-01-22,XBT,8,6,1,187483914,1.87483914,0,0,2021-01-22T12:00:00.052000Z,1865358006,18.65358006
2021-01-23,XBT,8,4,1,-2199593,-0.02199593,0,0,2021-01-23T12:00:00.046000Z,1863158413,18.63158413
2021-01-24,XBT,8,4,1,117729941,1.17729941,0,0,2021-01-24T12:00:00.038000Z,1980888354,19.80888354
2021-01-25,XBT,8,6,1,443820173,4.43820173,0,0,2021-01-25T12:00:00.042000Z,2424708527,24.24708527
2021-01-26,XBT,8,8,1,-324871711,-3.24871711,0,0,2021-01-26T12:00:00.044000Z,2099836816,20.99836816
2021-01-27,XBT,8,5,1,-39826380,-0.3982638,0,0,2021-01-27T12:00:00.045000Z,2060010436,20.60010436
2021-01-28,XBT,8,3,1,-1790985,-0.01790985,0,0,2021-01-28T12:00:00.063000Z,2058219451,20.58219451
2021-01-29,XBT,8,7,1,584233638,5.84233638,0,0,2021-01-29T12:00:00.060000Z,2642453089,26.42453089
2021-01-30,XBT,8,7,1,159213755,1.59213755,0,0,2021-01-30T12:00:00.046000Z,2801666844,28.01666844
2021-01-31,XBT,8,7,1,131171239,1.31171239,0,0,2021-01-31T12:00:00.040000Z,2932838083,29.32838083
2021-02-01,XBT,8,9,1,114559087,1.14559087,0,0,2021-02-01T12:00:00.053000Z,3047397170,30.4739717
2021-02-02,XBT,8,8,1,71398387,0.71398387,0,0,2021-02-02T12:00:00.043000Z,3118795557,31.18795557
2021-02-03,XBT,8,6,1,82497194,0.82497194,0,0,2021-02-03T12:00:00.048000Z,3201292751,32.01292751
2021-02-04,XBT,8,7,1,323979296,3.23979296,0,0,2021-02-04T12:00:00.048000Z,3525272047,35.25272047
2021-02-05,XBT,8,8,1,223196053,2.23196053,0,0,2021-02-05T12:00:00.046000Z,3748468100,37.484681
2021-02-06,XBT,8,7,1,38973553,0.38973553,0,0,2021-02-06T12:00:00.049000Z,3787441653,37.87441653
2021-02-07,XBT,8,7,1,-134460001,-1.34460001,0,0,2021-02-07T12:00:00.048000Z,3652981652,36.52981652
2021-02-08,XBT,8,10,1,159066116,1.59066116,0,0,2021-02-08T12:00:00.044000Z,3812047768,38.12047768
2021-02-09,XBT,8,9,1,170777540,1.7077754,0,0,2021-02-09T12:00:00.054000Z,3982825308,39.82825308
2021-02-10,XBT,8,8,1,94186293,0.94186293,0,0,2021-02-10T12:00:00.062000Z,4077011601,40.77011601
2021-02-11,XBT,8,7,1,-20691869,-0.20691869,0,0,2021-02-11T12:00:00.047000Z,4056319732,40.56319732
2021-02-12,XBT,8,7,1,-3208670,-0.0320867,0,0,2021-02-12T12:00:00.058000Z,4053111062,40.53111062
2021-02-13,XBT,8,9,1,434940054,4.34940054,0,0,2021-02-13T12:00:00.046000Z,4488051116,44.88051116
2021-02-14,XBT,8,8,1,173730704,1.73730704,0,0,2021-02-14T12:00:00.045000Z,4661781820,46.6178182
2021-02-15,XBT,8,8,1,-44924518,-0.44924518,0,0,2021-02-15T12:00:00.042000Z,4616857302,46.16857302
2021-02-16,XBT,8,6,1,13417713,0.13417713,0,0,2021-02-16T12:00:00.047000Z,4630275015,46.30275015
2021-02-17,XBT,8,6,1,-43912406,-0.43912406,0,0,2021-02-17T12:00:00.051000Z,4586362609,45.86362609
2021-02-18,XBT,8,6,1,-14861606,-0.14861606,0,0,2021-02-18T12:00:00.053000Z,4571501003,45.71501003
2021-02-19,XBT,8,6,1,613715,0.00613715,0,0,2021-02-19T12:00:00.046000Z,4572114718,45.72114718
2021-02-20,XBT,8,6,1,215410098,2.15410098,0,0,2021-02-20T12:00:00.051000Z,4787524816,47.87524816
2021-02-21,XBT,8,5,1,96564084,0.96564084,0,0,2021-02-21T12:00:00.045000Z,4884088900,48.840889
2021-02-22,XBT,8,6,1,174285009,1.74285009,0,0,2021-02-22T12:00:00.053000Z,5058373909,50.58373909
2021-02-23,XBT,8,6,1,101065500,1.010655,0,0,2021-02-23T12:00:00.126000Z,5159439409,51.59439409
2021-02-24,XBT,8,4,1,353151721,3.53151721,0,0,2021-02-24T12:00:00.093000Z,5512591130,55.1259113
2021-02-25,XBT,8,4,1,6176032,0.06176032,0,0,2021-02-25T12:00:00.050000Z,5518767162,55.18767162
2021-02-26,XBT,8,4,1,-111268847,-1.11268847,0,0,2021-02-26T12:00:00.053000Z,5407498315,54.07498315
2021-02-27,XBT,8,5,1,-2458335,-0.02458335,0,0,2021-02-27T12:00:00.050000Z,5405039980,54.0503998
2021-02-28,XBT,8,6,1,-1551589,-0.01551589,0,0,2021-02-28T12:00:00.057000Z,5403488391,54.03488391
2021-03-01,XBT,8,5,1,-3916636,-0.03916636,0,0,2021-03-01T12:00:00.056000Z,5399571755,53.99571755
2021-03-02,XBT,8,6,1,183772689,1.83772689,0,0,2021-03-02T12:00:00.056000Z,5583344444,55.83344444
2021-03-03,XBT,8,4,1,84736862,0.84736862,0,0,2021-03-03T12:00:00.059000Z,5668081306,56.68081306
2021-03-04,XBT,8,5,1,29127837,0.29127837,0,0,2021-03-04T12:00:00.058000Z,5697209143,56.97209143
2021-03-05,XBT,8,4,1,-31326675,-0.31326675,0,0,2021-03-05T12:00:00.055000Z,5665882468,56.65882468
2021-03-06,XBT,8,4,1,14326199,0.14326199,0,0,2021-03-06T12:00:00.048000Z,5680208667,56.80208667
2021-03-07,XBT,8,7,1,-4448810,-0.0444881,0,0,2021-03-07T12:00:00.058000Z,5675759857,56.75759857
2021-03-08,XBT,8,9,1,8640903,0.08640903,0,0,2021-03-08T12:00:00.050000Z,5684400760,56.8440076
2021-03-09,XBT,8,9,1,143673541,1.43673541,0,0,2021-03-09T12:00:00.059000Z,5828074301,58.28074301
2021-03-10,XBT,8,5,1,101670745,1.01670745,0,0,2021-03-10T12:00:00.055000Z,5929745046,59.29745046
2021-03-11,XBT,8,6,1,16435668,0.16435668,0,0,2021-03-11T12:00:00.060000Z,5946180714,59.46180714
2021-03-12,XBT,8,5,1,-5170371,-0.05170371,0,0,2021-03-12T12:00:00.053000Z,5941010343,59.41010343
2021-03-13,XBT,8,6,1,-55240875,-0.55240875,0,0,2021-03-13T12:00:00.053000Z,5885769468,58.85769468
2021-03-14,XBT,8,5,1,-13801992,-0.13801992,0,0,2021-03-14T12:00:00.051000Z,5871967476,58.71967476
2021-03-15,XBT,8,5,1,-15923526,-0.15923526,0,0,2021-03-15T12:00:00.063000Z,5856043950,58.5604395
2021-03-16,XBT,8,5,1,-8881674,-0.08881674,0,0,2021-03-16T12:00:00.057000Z,5847162276,58.47162276
2021-03-17,XBT,8,6,1,19143192,0.19143192,0,0,2021-03-17T12:00:00.058000Z,5866305468,58.66305468
2021-03-18,XBT,8,5,1,100805477,1.00805477,0,0,2021-03-18T12:00:00.056000Z,5967110945,59.67110945
2021-03-19,XBT,8,5,1,-8789091,-0.08789091,0,0,2021-03-19T12:00:00.049000Z,5958321854,59.58321854
2021-03-20,XBT,8,7,1,5329841,0.05329841,0,0,2021-03-20T12:00:00.052000Z,5963651695,59.63651695
2021-03-21,XBT,8,9,1,-120027852,-1.20027852,0,0,2021-03-21T12:00:00.053000Z,5843623843,58.43623843
2021-03-22,XBT,8,5,1,-60481275,-0.60481275,0,0,2021-03-22T12:00:00.055000Z,5783142568,57.83142568
2021-03-23,XBT,8,5,1,-159634628,-1.59634628,0,0,2021-03-23T12:00:00.055000Z,5623507940,56.2350794
2021-03-24,XBT,8,4,1,76488138,0.76488138,0,0,2021-03-24T12:00:00.056000Z,5699996078,56.99996078
2021-03-25,XBT,8,6,1,-283401310,-2.8340131,0,0,2021-03-25T12:00:00.066000Z,5416594768,54.16594768
2021-03-26,XBT,8,4,1,28659682,0.28659682,0,0,2021-03-26T12:00:15.043000Z,5445254450,54.4525445
2021-03-27,XBT,8,6,1,-46348875,-0.46348875,0,0,2021-03-27T12:00:00.055000Z,5398905575,53.98905575
2021-03-28,XBT,8,6,1,-18039805,-0.18039805,0,0,2021-03-28T12:00:00.059000Z,5380865770,53.8086577
2021-03-29,XBT,8,6,1,33351102,0.33351102,0,0,2021-03-29T12:00:00.051000Z,5414216872,54.14216872
2021-03-30,XBT,8,4,1,53710209,0.53710209,0,0,2021-03-30T12:00:00.054000Z,5467927081,54.67927081
2021-03-31,XBT,8,5,1,50348124,0.50348124,0,0,2021-03-31T12:00:00.059000Z,5518275205,55.18275205
2021-04-01,XBT,8,6,1,41123008,0.41123008,0,0,2021-04-01T12:00:00.057000Z,5559398213,55.59398213
2021-04-02,XBT,8,4,1,20997907,0.20997907,0,0,2021-04-02T12:00:00.052000Z,5580396120,55.8039612
2021-04-03,XBT,8,8,2,-449980359,-4.49980359,100000,0.001,2021-04-03T13:09:06.512000Z,5130415761,51.30415761
2021-04-04,XBT,8,8,1,60343631,0.60343631,0,0,2021-04-04T12:00:00.048000Z,5190759392,51.90759392
2021-04-05,XBT,8,7,1,50170862,0.50170862,0,0,2021-04-05T12:00:00.052000Z,5240930254,52.40930254
2021-04-06,XBT,8,9,1,142697704,1.42697704,0,0,2021-04-06T12:00:00.055000Z,5383627958,53.83627958
2021-04-07,XBT,8,8,1,64723901,0.64723901,0,0,2021-04-07T12:00:00.067000Z,5448351859,54.48351859
2021-04-08,XBT,8,6,1,-15165982,-0.15165982,0,0,2021-04-08T12:00:00.049000Z,5433185877,54.33185877
2021-04-09,XBT,8,6,1,-476682,-0.00476682,0,0,2021-04-09T12:00:00.055000Z,5432709195,54.32709195
2021-04-10,XBT,8,6,1,-15507228,-0.15507228,0,0,2021-04-10T12:00:00.057000Z,5417201967,54.17201967
2021-04-11,XBT,8,7,1,100393585,1.00393585,0,0,2021-04-11T12:00:00.059000Z,5517595552,55.17595552
2021-04-12,XBT,8,6,1,-45931661,-0.45931661,0,0,2021-04-12T12:00:00.054000Z,5471663891,54.71663891
2021-04-13,XBT,8,6,1,-46205060,-0.4620506,0,0,2021-04-13T12:00:00.057000Z,5425458831,54.25458831
2021-04-14,XBT,8,6,1,21239601,0.21239601,0,0,2021-04-14T12:00:00.058000Z,5446698432,54.46698432
2021-04-15,XBT,8,6,1,400849568,4.00849568,0,0,2021-04-15T12:00:00.053000Z,5847548000,58.47548
2021-04-16,XBT,8,6,1,160935608,1.60935608,0,0,2021-04-16T12:00:00.062000Z,6008483608,60.08483608
2021-04-17,XBT,8,5,1,84912637,0.84912637,0,0,2021-04-17T12:00:00.054000Z,6093396245,60.93396245
2021-04-18,XBT,8,5,1,36465509,0.36465509,0,0,2021-04-18T12:00:00.070000Z,6129861754,61.29861754
2021-04-19,XBT,8,5,1,-57200991,-0.57200991,0,0,2021-04-19T12:00:00.053000Z,6072660763,60.72660763
2021-04-20,XBT,8,6,1,-374497529,-3.74497529,0,0,2021-04-20T12:00:00.057000Z,5698163234,56.98163234
2021-04-21,XBT,8,6,1,-27274603,-0.27274603,0,0,2021-04-21T12:00:00.051000Z,5670888631,56.70888631
2021-04-22,XBT,8,7,1,109704345,1.09704345,0,0,2021-04-22T12:00:00.064000Z,5780592976,57.80592976
2021-04-23,XBT,8,7,1,-1222312885,-12.22312885,0,0,2021-04-23T12:00:00.063000Z,4558280091,45.58280091
2021-04-24,XBT,8,6,1,-150636624,-1.50636624,0,0,2021-04-24T12:00:00.053000Z,4407643467,44.07643467
2021-04-25,XBT,8,6,1,-522977118,-5.22977118,0,0,2021-04-25T12:00:00.056000Z,3884666349,38.84666349
2021-04-26,XBT,8,3,1,108066148,1.08066148,0,0,2021-04-26T12:00:00.056000Z,3992732497,39.92732497
2021-04-27,XBT,8,3,1,268392759,2.68392759,0,0,2021-04-27T12:00:00.050000Z,4261125256,42.61125256
2021-04-28,XBT,8,4,1,194995775,1.94995775,0,0,2021-04-28T12:00:00.051000Z,4456121031,44.56121031
2021-04-29,XBT,8,3,1,102285189,1.02285189,0,0,2021-04-29T12:00:00.054000Z,4558406220,45.5840622
2021-04-30,XBT,8,4,1,-117724028,-1.17724028,0,0,2021-04-30T12:00:00.055000Z,4440682192,44.40682192
2021-05-01,XBT,8,5,1,161548728,1.61548728,0,0,2021-05-01T12:00:00.050000Z,4602230920,46.0223092
2021-05-02,XBT,8,4,1,-24085472,-0.24085472,0,0,2021-05-02T12:00:00.054000Z,4578145448,45.78145448
2021-05-03,XBT,8,4,1,28278362,0.28278362,0,0,2021-05-03T12:00:00.051000Z,4606423810,46.0642381
2021-05-04,XBT,8,4,1,104921328,1.04921328,0,0,2021-05-04T12:00:00.053000Z,4711345138,47.11345138
2021-05-05,XBT,8,7,1,47306939,0.47306939,0,0,2021-05-05T12:00:00.056000Z,4758652077,47.58652077
2021-05-06,XBT,8,7,1,165655225,1.65655225,0,0,2021-05-06T12:00:00.057000Z,4924307302,49.24307302
2021-05-07,XBT,8,8,1,42010380,0.4201038,0,0,2021-05-07T12:00:00.045000Z,4966317682,49.66317682
2021-05-08,XBT,8,6,1,46128850,0.4612885,0,0,2021-05-08T12:00:00.047000Z,5012446532,50.12446532
2021-05-09,XBT,8,8,1,20965120,0.2096512,0,0,2021-05-09T12:00:00.062000Z,5033411652,50.33411652
2021-05-10,XBT,8,7,1,-3802298,-0.03802298,0,0,2021-05-10T12:00:00.055000Z,5029609354,50.29609354
2021-05-11,XBT,8,7,1,-74731648,-0.74731648,0,0,2021-05-11T12:00:00.054000Z,4954877706,49.54877706
2021-05-12,XBT,8,7,1,66668058,0.66668058,0,0,2021-05-12T12:00:00.053000Z,5021545764,50.21545764
2021-05-13,XBT,8,7,1,-1255710917,-12.55710917,0,0,2021-05-13T12:00:00.064000Z,3765834847,37.65834847
2021-05-14,XBT,8,4,1,-496919187,-4.96919187,0,0,2021-05-14T12:00:00.050000Z,3268915660,32.6891566
2021-05-15,XBT,8,3,1,-35168583,-0.35168583,0,0,2021-05-15T12:00:00.052000Z,3233747077,32.33747077
2021-05-16,XBT,8,2,1,25524724,0.25524724,0,0,2021-05-16T12:00:00.051000Z,3259271801,32.59271801
2021-05-17,XBT,8,3,1,-59556953,-0.59556953,0,0,2021-05-17T12:00:00.060000Z,3199714848,31.99714848
2021-05-18,XBT,8,6,1,53688016,0.53688016,0,0,2021-05-18T12:00:00.049000Z,3253402864,32.53402864
2021-05-19,XBT,8,5,1,378519114,3.78519114,0,0,2021-05-19T12:00:00.079000Z,3631921978,36.31921978
2021-05-20,XBT,8,5,1,-133418730,-1.3341873,0,0,2021-05-20T12:00:00.059000Z,3498503248,34.98503248
2021-05-21,XBT,8,4,1,1178842648,11.78842648,0,0,2021-05-21T12:00:00.046000Z,4677345896,46.77345896
2021-05-22,XBT,8,2,1,317585109,3.17585109,0,0,2021-05-22T12:00:00.050000Z,4994931005,49.94931005
2021-05-23,XBT,8,2,1,478333538,4.78333538,0,0,2021-05-23T12:00:00.055000Z,5473264543,54.73264543
2021-05-24,XBT,8,4,1,118601611,1.18601611,0,0,2021-05-24T12:00:00.057000Z,5591866154,55.91866154
2021-05-25,XBT,8,4,1,329715346,3.29715346,0,0,2021-05-25T12:00:00.060000Z,5921581500,59.215815
2021-05-26,XBT,8,4,1,19243513,0.19243513,0,0,2021-05-26T12:00:00.051000Z,5940825013,59.40825013
2021-05-27,XBT,8,4,1,18304440,0.1830444,0,0,2021-05-27T12:00:00.068000Z,5959129453,59.59129453
2021-05-28,XBT,8,4,1,180251628,1.80251628,0,0,2021-05-28T12:00:00.058000Z,6139381081,61.39381081
2021-05-29,XBT,8,3,1,-43526272,-0.43526272,0,0,2021-05-29T12:00:00.048000Z,6095854809,60.95854809
2021-05-30,XBT,8,4,1,-29334300,-0.293343,0,0,2021-05-30T12:00:00.056000Z,6066520509,60.66520509
2021-05-31,XBT,8,4,1,-2424750,-0.0242475,0,0,2021-05-31T12:00:00.056000Z,6064095759,60.64095759
2021-06-01,XBT,8,4,1,68414139,0.68414139,0,0,2021-06-01T12:00:00.054000Z,6132509898,61.32509898
2021-06-02,XBT,8,4,1,17114419,0.17114419,0,0,2021-06-02T12:00:00.051000Z,6149624317,61.49624317
2021-06-03,XBT,8,3,1,49429439,0.49429439,0,0,2021-06-03T12:00:00.050000Z,6199053756,61.99053756
2021-06-04,XBT,8,3,1,60672383,0.60672383,0,0,2021-06-04T12:00:00.047000Z,6259726139,62.59726139
2021-06-05,XBT,8,4,1,-3165358,-0.03165358,0,0,2021-06-05T12:00:00.053000Z,6256560781,62.56560781
2021-06-06,XBT,8,4,1,-116154862,-1.16154862,0,0,2021-06-06T12:00:00.052000Z,6140405919,61.40405919
2021-06-07,XBT,8,1,1,-1571243,-0.01571243,0,0,2021-06-07T12:00:00.054000Z,6138834676,61.38834676
2021-06-08,XBT,8,1,1,-2014277,-0.02014277,0,0,2021-06-08T12:00:00.048000Z,6136820399,61.36820399
2021-06-09,XBT,8,2,1,52049517,0.52049517,0,0,2021-06-09T12:00:00.059000Z,6188869916,61.88869916
2021-06-10,XBT,8,2,1,-36319855,-0.36319855,0,0,2021-06-10T12:00:00.052000Z,6152550061,61.52550061
2021-06-11,XBT,8,1,1,-106275437,-1.06275437,0,0,2021-06-11T12:00:00.045000Z,6046274624,60.46274624
2021-06-12,XBT,8,1,1,-123087840,-1.2308784,0,0,2021-06-12T12:00:00.046000Z,5923186784,59.23186784
2021-06-14,XBT,8,1,1,-1612620,-0.0161262,0,0,2021-06-14T12:00:00.047000Z,5921574164,59.21574164
2021-06-15,XBT,8,1,1,75012431,0.75012431,0,0,2021-06-15T12:00:00.055000Z,5996586595,59.96586595
2021-06-16,XBT,8,1,1,27460045,0.27460045,0,0,2021-06-16T12:00:00.055000Z,6024046640,60.2404664
2021-06-17,XBT,8,1,1,6285365,0.06285365,0,0,2021-06-17T12:00:00.053000Z,6030332005,60.30332005
2021-06-18,XBT,8,1,1,-59850280,-0.5985028,0,0,2021-06-18T12:00:00.053000Z,5970481725,59.70481725
2021-06-19,XBT,8,1,1,-134310520,-1.3431052,0,0,2021-06-19T12:00:00.047000Z,5836171205,58.36171205
2021-06-20,XBT,8,1,1,-20574011,-0.20574011,0,0,2021-06-20T12:00:00.050000Z,5815597194,58.15597194
2021-06-21,XBT,8,1,1,-5996598,-0.05996598,0,0,2021-06-21T12:00:00.076000Z,5809600596,58.09600596
2021-06-22,XBT,8,1,1,425843239,4.25843239,0,0,2021-06-22T12:00:00.065000Z,6235443835,62.35443835
2021-06-23,XBT,8,1,1,23157689,0.23157689,0,0,2021-06-23T12:00:00.053000Z,6258601524,62.58601524
2021-06-24,XBT,8,1,1,14411841,0.14411841,0,0,2021-06-24T12:00:00.051000Z,6273013365,62.73013365
2021-06-25,XBT,8,4,1,-196249625,-1.96249625,0,0,2021-06-25T12:00:00.075000Z,6076763740,60.7676374
2021-06-26,XBT,8,3,1,43523925,0.43523925,0,0,2021-06-26T12:00:00.051000Z,6120287665,61.20287665
2021-06-27,XBT,8,3,1,26718802,0.26718802,0,0,2021-06-27T12:00:00.053000Z,6147006467,61.47006467
2021-06-28,XBT,8,3,1,-500015639,-5.00015639,0,0,2021-06-28T12:00:00.054000Z,5646990828,56.46990828
2021-06-29,XBT,8,3,1,54557399,0.54557399,0,0,2021-06-29T12:00:00.054000Z,5701548227,57.01548227
2021-06-30,XBT,8,3,1,18007308,0.18007308,0,0,2021-06-30T12:00:00.049000Z,5719555535,57.19555535
2021-07-01,XBT,8,2,1,3932455,0.03932455,0,0,2021-07-01T12:00:00.056000Z,5723487990,57.2348799
2021-07-02,XBT,8,4,1,-139435643,-1.39435643,0,0,2021-07-02T12:00:00.049000Z,5584052347,55.84052347
2021-07-03,XBT,8,3,1,71966105,0.71966105,0,0,2021-07-03T12:00:00.044000Z,5656018452,56.56018452
2021-07-04,XBT,8,5,1,51331623,0.51331623,0,0,2021-07-04T12:00:00.054000Z,5707350075,57.07350075
2021-07-05,XBT,8,5,1,-7768529,-0.07768529,0,0,2021-07-05T12:00:00.053000Z,5699581546,56.99581546
2021-07-06,XBT,8,4,1,44459360,0.4445936,0,0,2021-07-06T12:00:00.056000Z,5744040906,57.44040906
2021-07-07,XBT,8,4,1,21051037,0.21051037,0,0,2021-07-07T12:00:00.050000Z,5765091943,57.65091943
2021-07-08,XBT,8,3,1,-117619630,-1.1761963,0,0,2021-07-08T12:00:00.053000Z,5647472313,56.47472313
2021-07-09,XBT,8,3,1,-22446917,-0.22446917,0,0,2021-07-09T12:00:00.052000Z,5625025396,56.25025396
2021-07-10,XBT,8,2,1,-27643613,-0.27643613,0,0,2021-07-10T12:00:00.050000Z,5597381783,55.97381783
2021-07-11,XBT,8,3,1,-5365047,-0.05365047,0,0,2021-07-11T12:00:00.046000Z,5592016736,55.92016736
2021-07-12,XBT,8,2,1,2429182,0.02429182,0,0,2021-07-12T12:00:00.054000Z,5594445918,55.94445918
2021-07-13,XBT,8,5,1,-27324430,-0.2732443,0,0,2021-07-13T12:00:00.052000Z,5567121488,55.67121488
2021-07-14,XBT,8,4,1,-310081773,-3.10081773,0,0,2021-07-14T12:00:00.058000Z,5257039715,52.57039715
2021-07-15,XBT,8,2,1,-8818195,-0.08818195,0,0,2021-07-15T12:00:00.055000Z,5248221520,52.4822152
2021-07-16,XBT,8,1,1,20796897,0.20796897,0,0,2021-07-16T12:00:00.049000Z,5269018417,52.69018417
2021-07-17,XBT,8,1,1,11611968,0.11611968,0,0,2021-07-17T12:00:00.048000Z,5280630385,52.80630385
2021-07-18,XBT,8,1,1,2822824,0.02822824,0,0,2021-07-18T12:00:00.053000Z,5283453209,52.83453209
2021-07-19,XBT,8,1,1,24038906,0.24038906,0,0,2021-07-19T12:00:00.072000Z,5307492115,53.07492115
2021-07-20,XBT,8,1,1,62854246,0.62854246,0,0,2021-07-20T12:00:00.062000Z,5370346361,53.70346361
2021-07-21,XBT,8,1,1,75273070,0.7527307,0,0,2021-07-21T12:00:00.053000Z,5445619431,54.45619431
2021-07-22,XBT,8,1,1,-15249180,-0.1524918,0,0,2021-07-22T12:00:00.050000Z,5430370251,54.30370251
2021-07-23,XBT,8,3,1,-139777101,-1.39777101,0,0,2021-07-23T12:00:00.053000Z,5290593150,52.9059315
2021-07-24,XBT,8,3,1,-237388746,-2.37388746,0,0,2021-07-24T12:00:00.055000Z,5053204404,50.53204404
2021-07-25,XBT,8,2,1,-127791,-0.00127791,0,0,2021-07-25T12:00:00.057000Z,5053076613,50.53076613
2021-07-26,XBT,8,3,1,-153338,-0.00153338,0,0,2021-07-26T12:00:00.058000Z,5052923275,50.52923275
2021-07-27,XBT,8,3,1,257397241,2.57397241,0,0,2021-07-27T12:00:00.052000Z,5310320516,53.10320516
2021-07-28,XBT,8,6,1,21719133,0.21719133,0,0,2021-07-28T12:00:00.052000Z,5332039649,53.32039649
2021-07-29,XBT,8,5,1,-336482,-0.00336482,0,0,2021-07-29T12:00:00.077000Z,5331703167,53.31703167
2021-07-30,XBT,8,6,1,16005957,0.16005957,0,0,2021-07-30T12:00:00.054000Z,5347709124,53.47709124
2021-07-31,XBT,8,5,1,4518922,0.04518922,0,0,2021-07-31T12:00:00.063000Z,5352228046,53.52228046
2021-08-01,XBT,8,4,1,644928,0.00644928,0,0,2021-08-01T12:00:00.053000Z,5352872974,53.52872974
2021-08-02,XBT,8,4,1,36999253,0.36999253,0,0,2021-08-02T12:00:00.061000Z,5389872227,53.89872227
2021-08-03,XBT,8,4,1,57917782,0.57917782,0,0,2021-08-03T12:00:00.062000Z,5447790009,54.47790009
2021-08-04,XBT,8,3,1,68964739,0.68964739,0,0,2021-08-04T12:00:00.058000Z,5516754748,55.16754748
2021-08-05,XBT,8,3,1,-211182,-0.00211182,0,0,2021-08-05T12:00:00.068000Z,5516543566,55.16543566
2021-08-06,XBT,8,3,1,13026414,0.13026414,0,0,2021-08-06T12:00:00.053000Z,5529569980,55.2956998
2021-08-07,XBT,8,4,1,-4318972,-0.04318972,0,0,2021-08-07T12:00:00.064000Z,5525251008,55.25251008
2021-08-08,XBT,8,4,1,55537639,0.55537639,0,0,2021-08-08T12:00:00.057000Z,5580788647,55.80788647
2021-08-09,XBT,8,4,1,9241870,0.0924187,0,0,2021-08-09T12:00:00.071000Z,5590030517,55.90030517
2021-08-10,XBT,8,6,1,-8658441,-0.08658441,0,0,2021-08-10T12:00:00.056000Z,5581372076,55.81372076
2021-08-11,XBT,8,7,1,76624326,0.76624326,0,0,2021-08-11T12:00:00.065000Z,5657996402,56.57996402
2021-08-12,XBT,8,5,1,54489102,0.54489102,0,0,2021-08-12T12:00:00.059000Z,5712485504,57.12485504
2021-08-13,XBT,8,3,1,6494774,0.06494774,0,0,2021-08-13T12:00:00.063000Z,5718980278,57.18980278
2021-08-14,XBT,8,4,1,5677580,0.0567758,0,0,2021-08-14T12:00:00.059000Z,5724657858,57.24657858
2021-08-15,XBT,8,4,1,6913264,0.06913264,0,0,2021-08-15T12:00:00.054000Z,5731571122,57.31571122
2021-08-16,XBT,8,3,1,7577050,0.0757705,0,0,2021-08-16T12:00:00.056000Z,5739148172,57.39148172
2021-08-17,XBT,8,3,1,9659273,0.09659273,0,0,2021-08-17T12:00:00.052000Z,5748807445,57.48807445
2021-08-18,XBT,8,2,1,8379763,0.08379763,0,0,2021-08-18T12:00:00.052000Z,5757187208,57.57187208
2021-08-19,XBT,8,2,1,6586590,0.0658659,0,0,2021-08-19T12:00:00.047000Z,5763773798,57.63773798
2021-08-20,XBT,8,2,1,-25962478,-0.25962478,0,0,2021-08-20T12:00:00.048000Z,5737811320,57.3781132
2021-08-21,XBT,8,2,1,-167961753,-1.67961753,0,0,2021-08-21T12:00:00.050000Z,5569849567,55.69849567
2021-08-22,XBT,8,2,1,624848,0.00624848,0,0,2021-08-22T12:00:00.047000Z,5570474415,55.70474415
2021-08-23,XBT,8,2,1,1288394,0.01288394,0,0,2021-08-23T12:00:00.055000Z,5571762809,55.71762809
2021-08-24,XBT,8,2,1,-3060713,-0.03060713,0,0,2021-08-24T12:00:00.050000Z,5568702096,55.68702096
2021-08-25,XBT,8,2,1,10596385,0.10596385,0,0,2021-08-25T12:00:00.052000Z,5579298481,55.79298481
2021-08-26,XBT,8,3,1,12137630,0.1213763,0,0,2021-08-26T12:00:00.052000Z,5591436111,55.91436111
2021-08-27,XBT,8,4,1,18043371,0.18043371,0,0,2021-08-27T12:00:00.049000Z,5609479482,56.09479482
2021-08-28,XBT,8,3,1,1120788,0.01120788,0,0,2021-08-28T12:00:00.049000Z,5610600270,56.1060027
2021-08-29,XBT,8,3,1,1479576,0.01479576,0,0,2021-08-29T12:00:00.050000Z,5612079846,56.12079846
2021-08-30,XBT,8,3,1,1107720,0.0110772,0,0,2021-08-30T12:00:00.050000Z,5613187566,56.13187566
2021-08-31,XBT,8,3,1,1583699,0.01583699,0,0,2021-08-31T12:00:00.054000Z,5614771265,56.14771265
2021-09-01,XBT,8,4,1,36561396,0.36561396,0,0,2021-09-01T12:00:00.029000Z,5651332661,56.51332661
2021-09-02,XBT,8,4,1,-14087690,-0.1408769,0,0,2021-09-02T12:00:00.026000Z,5637244971,56.37244971
2021-09-03,XBT,8,4,1,-12463196,-0.12463196,0,0,2021-09-03T12:00:00.031000Z,5624781775,56.24781775
2021-09-04,XBT,8,5,1,10888750,0.1088875,0,0,2021-09-04T12:00:00.030000Z,5635670525,56.35670525
2021-09-05,XBT,8,4,1,12383184,0.12383184,0,0,2021-09-05T12:00:00.031000Z,5648053709,56.48053709
2021-09-06,XBT,8,4,1,-43130482,-0.43130482,0,0,2021-09-06T12:00:00.025000Z,5604923227,56.04923227
2021-09-07,XBT,8,5,1,1234631,0.01234631,0,0,2021-09-07T12:00:00.034000Z,5606157858,56.06157858
2021-09-08,XBT,8,5,1,577212357,5.77212357,0,0,2021-09-08T12:00:00.047000Z,6183370215,61.83370215
2021-09-09,XBT,8,4,1,44539629,0.44539629,0,0,2021-09-09T12:00:00.033000Z,6227909844,62.27909844
2021-09-10,XBT,8,4,1,-5331182,-0.05331182,0,0,2021-09-10T12:00:00.028000Z,6222578662,62.22578662
2021-09-11,XBT,8,5,1,36297549,0.36297549,0,0,2021-09-11T12:00:00.025000Z,6258876211,62.58876211
2021-09-12,XBT,8,5,1,30809506,0.30809506,0,0,2021-09-12T12:00:00.026000Z,6289685717,62.89685717
2021-09-13,XBT,8,5,1,30050777,0.30050777,0,0,2021-09-13T12:00:00.030000Z,6319736494,63.19736494
2021-09-14,XBT,8,6,1,44375459,0.44375459,0,0,2021-09-14T12:00:00.028000Z,6364111953,63.64111953
2021-09-15,XBT,8,6,1,11199497,0.11199497,0,0,2021-09-15T12:00:00.024000Z,6375311450,63.7531145
2021-09-16,XBT,8,5,1,30057079,0.30057079,0,0,2021-09-16T12:00:00.025000Z,6405368529,64.05368529
2021-09-17,XBT,8,4,1,-1731175,-0.01731175,0,0,2021-09-17T12:00:00.032000Z,6403637354,64.03637354
2021-09-18,XBT,8,4,1,3605982,0.03605982,0,0,2021-09-18T12:00:00.026000Z,6407243336,64.07243336
2021-09-19,XBT,8,5,1,1328486,0.01328486,0,0,2021-09-19T12:00:00.026000Z,6408571822,64.08571822
2021-09-20,XBT,8,8,1,44101844,0.44101844,0,0,2021-09-20T12:00:00.040000Z,6452673666,64.52673666
2021-09-21,XBT,8,6,1,43306862,0.43306862,0,0,2021-09-21T12:00:00.035000Z,6495980528,64.95980528
2021-09-22,XBT,8,8,1,42780402,0.42780402,0,0,2021-09-22T12:00:00.030000Z,6538760930,65.3876093
2021-09-23,XBT,8,6,1,-15242149,-0.15242149,0,0,2021-09-23T12:00:00.033000Z,6523518781,65.23518781
2021-09-24,XBT,8,7,1,172185035,1.72185035,0,0,2021-09-24T12:00:15.043000Z,6695703816,66.95703816
2021-09-25,XBT,8,5,1,7985660,0.0798566,0,0,2021-09-25T12:00:00.040000Z,6703689476,67.03689476
2021-09-26,XBT,8,5,1,-8195789,-0.08195789,0,0,2021-09-26T12:00:00.045000Z,6695493687,66.95493687
2021-09-27,XBT,8,5,1,-13333473,-0.13333473,0,0,2021-09-27T12:00:00.051000Z,6682160214,66.82160214
2021-09-28,XBT,8,5,1,3532274,0.03532274,0,0,2021-09-28T12:00:00.040000Z,6685692488,66.85692488
2021-09-29,XBT,8,5,1,16188281,0.16188281,0,0,2021-09-29T12:00:00.045000Z,6701880769,67.01880769
2021-09-30,XBT,8,5,1,-16243296,-0.16243296,0,0,2021-09-30T12:00:00.031000Z,6685637473,66.85637473
2021-10-01,XBT,8,5,1,-20170194,-0.20170194,0,0,2021-10-01T12:00:00.038000Z,6665467279,66.65467279
2021-10-02,XBT,8,7,1,53639311,0.53639311,0,0,2021-10-02T12:00:00.027000Z,6719106590,67.1910659
2021-10-03,XBT,8,6,1,58079270,0.5807927,0,0,2021-10-03T12:00:00.026000Z,6777185860,67.7718586
2021-10-04,XBT,8,6,1,1036381,0.01036381,0,0,2021-10-04T12:00:00.028000Z,6778222241,67.78222241
2021-10-05,XBT,8,6,1,43781349,0.43781349,0,0,2021-10-05T12:00:00.033000Z,6822003590,68.2200359
2021-10-06,XBT,8,6,1,68828275,0.68828275,0,0,2021-10-06T12:00:00.035000Z,6890831865,68.90831865
2021-10-07,XBT,8,5,1,-4024065,-0.04024065,0,0,2021-10-07T12:00:00.032000Z,6886807800,68.868078
2021-10-08,XBT,8,5,1,-2651063,-0.02651063,0,0,2021-10-08T12:00:00.035000Z,6884156737,68.84156737
2021-10-09,XBT,8,5,1,-53535168,-0.53535168,0,0,2021-10-09T12:00:00.032000Z,6830621569,68.30621569
2021-10-10,XBT,8,5,1,-88550432,-0.88550432,0,0,2021-10-10T12:00:00.035000Z,6742071137,67.42071137
2021-10-11,XBT,8,6,1,11704790,0.1170479,0,0,2021-10-11T12:00:00.030000Z,6753775927,67.53775927
2021-10-12,XBT,8,6,1,-172217101,-1.72217101,0,0,2021-10-12T12:00:00.039000Z,6581558826,65.81558826
2021-10-13,XBT,8,5,1,-244529929,-2.44529929,0,0,2021-10-13T12:00:00.050000Z,6337028897,63.37028897
2021-10-14,XBT,8,5,1,-100320074,-1.00320074,0,0,2021-10-14T12:00:00.031000Z,6236708823,62.36708823
2021-10-15,XBT,8,5,1,-238269128,-2.38269128,0,0,2021-10-15T12:00:00.030000Z,5998439695,59.98439695
2021-10-16,XBT,8,5,1,-264577553,-2.64577553,0,0,2021-10-16T12:00:00.029000Z,5733862142,57.33862142
2021-10-17,XBT,8,4,1,-9391372,-0.09391372,0,0,2021-10-17T12:00:00.030000Z,5724470770,57.2447077
2021-10-18,XBT,8,5,1,4593449,0.04593449,0,0,2021-10-18T12:00:00.041000Z,5729064219,57.29064219
2021-10-19,XBT,8,5,1,687629,0.00687629,0,0,2021-10-19T12:00:00.036000Z,5729751848,57.29751848
2021-10-20,XBT,8,6,1,-1327076,-0.01327076,0,0,2021-10-20T12:00:00.055000Z,5728424772,57.28424772
2021-10-21,XBT,8,7,1,1944865,0.01944865,0,0,2021-10-21T12:00:00.005000Z,5730369637,57.30369637
2021-10-22,XBT,8,7,1,-4333790,-0.0433379,0,0,2021-10-22T12:00:00.007000Z,5726035847,57.26035847
2021-10-23,XBT,8,7,1,3251865,0.03251865,0,0,2021-10-23T12:00:00.006000Z,5729287712,57.29287712
2021-10-24,XBT,8,7,1,3616524,0.03616524,0,0,2021-10-24T12:00:00.004000Z,5732904236,57.32904236
2021-10-25,XBT,8,7,1,-5264609,-0.05264609,0,0,2021-10-25T12:00:00.008000Z,5727639627,57.27639627
2021-10-26,XBT,8,8,1,-4814406,-0.04814406,0,0,2021-10-26T12:00:00.008000Z,5722825221,57.22825221
2021-10-27,XBT,8,8,1,34853738,0.34853738,0,0,2021-10-27T12:00:00.005000Z,5757678959,57.57678959
2021-10-28,XBT,8,7,1,26088743,0.26088743,0,0,2021-10-28T12:00:00.010000Z,5783767702,57.83767702
2021-10-29,XBT,8,6,1,70823601,0.70823601,0,0,2021-10-29T12:00:00.013000Z,5854591303,58.54591303
2021-10-30,XBT,8,7,1,10289986,0.10289986,0,0,2021-10-30T12:00:00.004000Z,5864881289,58.64881289
2021-10-31,XBT,8,6,1,-6280961,-0.06280961,0,0,2021-10-31T12:00:00.006000Z,5858600328,58.58600328
2021-11-01,XBT,8,6,1,-4447867,-0.04447867,0,0,2021-11-01T12:00:00.004000Z,5854152461,58.54152461
2021-11-02,XBT,8,7,1,33375939,0.33375939,0,0,2021-11-02T12:00:15.051000Z,5887528400,58.875284
2021-11-03,XBT,8,6,1,42053559,0.42053559,0,0,2021-11-03T12:00:00.007000Z,5929581959,59.29581959
2021-11-04,XBT,8,6,1,96656284,0.96656284,0,0,2021-11-04T12:00:00.004000Z,6026238243,60.26238243
2021-11-05,XBT,8,5,1,12154754,0.12154754,0,0,2021-11-05T12:00:00.007000Z,6038392997,60.38392997
2021-11-06,XBT,8,5,1,117295916,1.17295916,0,0,2021-11-06T12:00:00.004000Z,6155688913,61.55688913
2021-11-07,XBT,8,5,1,36616948,0.36616948,0,0,2021-11-07T12:00:00.007000Z,6192305861,61.92305861
2021-11-08,XBT,8,4,1,16812354,0.16812354,0,0,2021-11-08T12:00:00.007000Z,6209118215,62.09118215
2021-11-09,XBT,8,4,1,10386305,0.10386305,0,0,2021-11-09T12:00:00.018000Z,6219504520,62.1950452
2021-11-10,XBT,8,3,1,2551178,0.02551178,0,0,2021-11-10T12:00:00.004000Z,6222055698,62.22055698
2021-11-11,XBT,8,6,1,-897107,-0.00897107,0,0,2021-11-11T12:00:00.003000Z,6221158591,62.21158591
2021-11-12,XBT,8,6,1,25510968,0.25510968,0,0,2021-11-12T12:00:00.004000Z,6246669559,62.46669559
2021-11-13,XBT,8,5,1,-799275,-0.00799275,0,0,2021-11-13T12:00:00.017000Z,6245870284,62.45870284
2021-11-14,XBT,8,6,1,7113708,0.07113708,0,0,2021-11-14T12:00:00.020000Z,6252983992,62.52983992
2021-11-15,XBT,8,7,1,1991862,0.01991862,0,0,2021-11-15T12:00:00.005000Z,6254975854,62.54975854
2021-11-16,XBT,8,7,1,1959874,0.01959874,0,0,2021-11-16T12:00:00.004000Z,6256935728,62.56935728
2021-11-17,XBT,8,5,1,-850332,-0.00850332,0,0,2021-11-17T12:00:00.004000Z,6256085396,62.56085396
2021-11-18,XBT,8,5,1,-2045573,-0.02045573,0,0,2021-11-18T12:00:00.005000Z,6254039823,62.54039823
2021-11-19,XBT,8,7,1,-61432179,-0.61432179,0,0,2021-11-19T12:00:00.005000Z,6192607644,61.92607644
2021-11-20,XBT,8,7,1,-10176053,-0.10176053,0,0,2021-11-20T12:00:00.015000Z,6182431591,61.82431591
2021-11-21,XBT,8,4,1,25133111,0.25133111,0,0,2021-11-21T12:00:00.004000Z,6207564702,62.07564702
2021-11-22,XBT,8,6,1,-6213299,-0.06213299,0,0,2021-11-22T12:00:00.016000Z,6201351403,62.01351403
2021-11-23,XBT,8,5,1,9562853,0.09562853,0,0,2021-11-23T12:00:00.004000Z,6210914256,62.10914256
2021-11-24,XBT,8,5,1,3872247,0.03872247,0,0,2021-11-24T12:00:00.004000Z,6214786503,62.14786503
2021-11-25,XBT,8,6,1,-8457357,-0.08457357,0,0,2021-11-25T12:00:00.004000Z,6206329146,62.06329146
2021-11-26,XBT,8,8,1,10934375,0.10934375,0,0,2021-11-26T12:00:00.008000Z,6217263521,62.17263521
2021-11-27,XBT,8,7,1,-219983726,-2.19983726,0,0,2021-11-27T12:00:00.004000Z,5997279795,59.97279795
2021-11-28,XBT,8,4,1,-49572845,-0.49572845,0,0,2021-11-28T12:00:00.023000Z,5947706950,59.4770695
2021-11-29,XBT,8,3,1,-5600438,-0.05600438,0,0,2021-11-29T12:00:00.009000Z,5942106512,59.42106512
2021-11-30,XBT,8,4,1,-5647256,-0.05647256,0,0,2021-11-30T12:00:00.004000Z,5936459256,59.36459256
2021-12-01,XBT,8,3,1,-4304864,-0.04304864,0,0,2021-12-01T12:00:00.003000Z,5932154392,59.32154392
2021-12-02,XBT,8,4,1,186736499,1.86736499,0,0,2021-12-02T12:00:00.004000Z,6118890891,61.18890891
2021-12-03,XBT,8,2,1,-342008,-0.00342008,0,0,2021-12-03T12:00:00.005000Z,6118548883,61.18548883
2021-12-04,XBT,8,4,1,-124443922,-1.24443922,0,0,2021-12-04T12:00:00.006000Z,5994104961,59.94104961
2021-12-05,XBT,8,3,1,6944515,0.06944515,0,0,2021-12-05T12:00:00.005000Z,6001049476,60.01049476
2021-12-06,XBT,8,3,1,2083989,0.02083989,0,0,2021-12-06T12:00:00.004000Z,6003133465,60.03133465
2021-12-07,XBT,8,4,1,15341932,0.15341932,0,0,2021-12-07T12:00:00.006000Z,6018475397,60.18475397
2021-12-08,XBT,8,2,1,16831903,0.16831903,0,0,2021-12-08T12:00:00.004000Z,6035307300,60.353073
2021-12-09,XBT,8,4,1,12419776,0.12419776,0,0,2021-12-09T12:00:00.004000Z,6047727076,60.47727076
2021-12-10,XBT,8,4,1,85425896,0.85425896,0,0,2021-12-10T12:00:00.005000Z,6133152972,61.33152972
2021-12-11,XBT,8,5,2,-1112413877,-11.12413877,20000,0.0002,2021-12-11T13:07:09.370000Z,5020739095,50.20739095
2021-12-12,XBT,8,1,1,52778,0.00052778,0,0,2021-12-12T12:00:00.004000Z,5020791873,50.20791873
2021-12-13,XBT,8,2,1,-61988,-0.00061988,0,0,2021-12-13T12:00:00.006000Z,5020729885,50.20729885
2021-12-14,XBT,8,4,1,49560147,0.49560147,0,0,2021-12-14T12:00:00.004000Z,5070290032,50.70290032
2021-12-15,XBT,8,3,1,3747712,0.03747712,0,0,2021-12-15T12:00:00.008000Z,5074037744,50.74037744
2021-12-16,XBT,8,3,1,8148391,0.08148391,0,0,2021-12-16T12:00:00.004000Z,5082186135,50.82186135
2021-12-17,XBT,8,3,1,-28929363,-0.28929363,0,0,2021-12-17T12:00:00.011000Z,5053256772,50.53256772
2021-12-18,XBT,8,3,1,-14230953,-0.14230953,0,0,2021-12-18T12:00:00.004000Z,5039025819,50.39025819
2021-12-19,XBT,8,3,1,-167535,-0.00167535,0,0,2021-12-19T12:00:00.004000Z,5038858284,50.38858284
2021-12-20,XBT,8,3,1,38231,0.00038231,0,0,2021-12-20T12:00:00.005000Z,5038896515,50.38896515
2021-12-21,XBT,8,3,1,8123744,0.08123744,0,0,2021-12-21T12:00:00.005000Z,5047020259,50.47020259
2021-12-22,XBT,8,3,1,25317175,0.25317175,0,0,2021-12-22T12:00:00.006000Z,5072337434,50.72337434
2021-12-23,XBT,8,2,1,732423,0.00732423,0,0,2021-12-23T12:00:00.005000Z,5073069857,50.73069857
2021-12-24,XBT,8,4,1,-997183,-0.00997183,0,0,2021-12-24T12:00:00.004000Z,5072072674,50.72072674
2021-12-25,XBT,8,4,1,-131873,-0.00131873,0,0,2021-12-25T12:00:00.004000Z,5071940801,50.71940801
2021-12-26,XBT,8,3,1,3825046,0.03825046,0,0,2021-12-26T12:00:00.006000Z,5075765847,50.75765847
2021-12-27,XBT,8,4,1,-390183,-0.00390183,0,0,2021-12-27T12:00:00.005000Z,5075375664,50.75375664
2021-12-28,XBT,8,4,1,60170759,0.60170759,0,0,2021-12-28T12:00:00.004000Z,5135546423,51.35546423
2021-12-29,XBT,8,3,1,-19596241,-0.19596241,0,0,2021-12-29T12:00:00.006000Z,5115950182,51.15950182
2021-12-30,XBT,8,2,1,48304088,0.48304088,0,0,2021-12-30T12:00:00.004000Z,5164254270,51.6425427
2021-12-31,XBT,8,2,1,-78038805,-0.78038805,0,0,2021-12-31T12:00:15.037000Z,5086215465,50.86215465
2022-01-01,XBT,8,2,1,16956821,0.16956821,0,0,2022-01-01T12:00:00.005000Z,5103172286,51.03172286
2022-01-02,XBT,8,3,1,-4819015,-0.04819015,0,0,2022-01-02T12:00:00.005000Z,5098353271,50.98353271
2022-01-03,XBT,8,3,1,-1877518,-0.01877518,0,0,2022-01-03T12:00:00.006000Z,5096475753,50.96475753
2022-01-04,XBT,8,4,1,61141245,0.61141245,0,0,2022-01-04T12:00:00.005000Z,5157616998,51.57616998
2022-01-05,XBT,8,3,1,23313903,0.23313903,0,0,2022-01-05T12:00:00.004000Z,5180930901,51.80930901
2022-01-06,XBT,8,3,1,136609162,1.36609162,0,0,2022-01-06T12:00:00.006000Z,5317540063,53.17540063
2022-01-07,XBT,8,3,1,134975737,1.34975737,0,0,2022-01-07T12:00:00.004000Z,5452515800,54.525158
2022-01-08,XBT,8,2,1,-36890841,-0.36890841,0,0,2022-01-08T12:00:00.006000Z,5415624959,54.15624959
2022-01-09,XBT,8,2,1,11241909,0.11241909,0,0,2022-01-09T12:00:00.010000Z,5426866868,54.26866868
2022-01-10,XBT,8,1,1,-9686322,-0.09686322,0,0,2022-01-10T12:00:00.006000Z,5417180546,54.17180546
2022-01-11,XBT,8,2,1,-10997168,-0.10997168,0,0,2022-01-11T12:00:00.004000Z,5406183378,54.06183378
2022-01-12,XBT,8,3,1,9693995,0.09693995,0,0,2022-01-12T12:00:00.003000Z,5415877373,54.15877373
2022-01-13,XBT,8,4,1,64102352,0.64102352,0,0,2022-01-13T12:00:00.015000Z,5479979725,54.79979725
2022-01-14,XBT,8,4,1,19063683,0.19063683,0,0,2022-01-14T12:00:00.004000Z,5499043408,54.99043408
2022-01-15,XBT,8,4,1,-143650914,-1.43650914,0,0,2022-01-15T12:00:00.003000Z,5355392494,53.55392494
2022-01-16,XBT,8,4,1,-5697398,-0.05697398,0,0,2022-01-16T12:00:00.004000Z,5349695096,53.49695096
2022-01-17,XBT,8,4,1,-6206412,-0.06206412,0,0,2022-01-17T12:00:00.008000Z,5343488684,53.43488684
2022-01-18,XBT,8,2,1,5696827,0.05696827,0,0,2022-01-18T12:00:00.006000Z,5349185511,53.49185511
2022-01-19,XBT,8,3,1,59361238,0.59361238,0,0,2022-01-19T12:00:00.012000Z,5408546749,54.08546749
2022-01-20,XBT,8,3,1,77612370,0.7761237,0,0,2022-01-20T12:00:00.010000Z,5486159119,54.86159119
2022-01-21,XBT,8,3,1,-143803160,-1.4380316,0,0,2022-01-21T12:00:00.004000Z,5342355959,53.42355959
2022-01-22,XBT,8,2,1,511659886,5.11659886,0,0,2022-01-22T12:00:00.006000Z,5854015845,58.54015845
2022-01-23,XBT,8,2,1,571664755,5.71664755,0,0,2022-01-23T12:00:00.005000Z,6425680600,64.256806
2022-01-24,XBT,8,2,1,322218819,3.22218819,0,0,2022-01-24T12:00:00.015000Z,6747899419,67.47899419
2022-01-25,XBT,8,3,1,32448693,0.32448693,0,0,2022-01-25T12:00:00.005000Z,6780348112,67.80348112
2022-01-26,XBT,8,3,1,-193935817,-1.93935817,0,0,2022-01-26T12:00:00.005000Z,6586412295,65.86412295
2022-01-27,XBT,8,3,1,33799865,0.33799865,0,0,2022-01-27T12:00:00.020000Z,6620212160,66.2021216
2022-01-28,XBT,8,3,1,3061108,0.03061108,0,0,2022-01-28T12:00:00.012000Z,6623273268,66.23273268
2022-01-29,XBT,8,3,1,37862809,0.37862809,0,0,2022-01-29T12:00:00.010000Z,6661136077,66.61136077
2022-01-30,XBT,8,3,2,-399625004,-3.99625004,20000,0.0002,2022-01-30T13:03:48.683000Z,6261511073,62.61511073
2022-01-31,XBT,8,3,2,-3001423416,-30.01423416,20000,0.0002,2022-01-31T13:03:53.033000Z,3260087657,32.60087657
2022-02-01,BMEX,6,1,1,3289800000,3289.8,0,0,2022-02-01T04:49:15.074000Z,3289800000,3289.8
2022-02-01,XBT,8,3,2,-1605909679,-16.05909679,20000,0.0002,2022-02-01T13:03:18.100000Z,1654177978,16.54177978
2022-02-02,XBT,8,1,1,2641241,0.02641241,0,0,2022-02-02T12:00:00.010000Z,1656819219,16.56819219
2022-02-03,XBT,8,2,1,1048121,0.01048121,0,0,2022-02-03T12:00:00.004000Z,1657867340,16.5786734
2022-02-04,XBT,8,2,1,5055548,0.05055548,0,0,2022-02-04T12:00:00.007000Z,1662922888,16.62922888
2022-02-05,XBT,8,1,1,-5163538,-0.05163538,0,0,2022-02-05T12:00:00.004000Z,1657759350,16.5775935
2022-02-06,XBT,8,2,1,-62143681,-0.62143681,0,0,2022-02-06T12:00:00.004000Z,1595615669,15.95615669
2022-02-07,XBT,8,3,1,-145863307,-1.45863307,0,0,2022-02-07T12:00:00.004000Z,1449752362,14.49752362
2022-02-08,XBT,8,4,1,10445463,0.10445463,0,0,2022-02-08T12:00:00.006000Z,1460197825,14.60197825
2022-02-09,XBT,8,3,1,18592142,0.18592142,0,0,2022-02-09T12:00:00.006000Z,1478789967,14.78789967
2022-02-10,XBT,8,4,1,40766036,0.40766036,0,0,2022-02-10T12:00:00.006000Z,1519556003,15.19556003
2022-02-11,XBT,8,4,1,3984943,0.03984943,0,0,2022-02-11T12:00:00.007000Z,1523540946,15.23540946
2022-02-12,XBT,8,4,1,-11845716,-0.11845716,0,0,2022-02-12T12:00:00.004000Z,1511695230,15.1169523
2022-02-13,XBT,8,4,1,4429347,0.04429347,0,0,2022-02-13T12:00:00.008000Z,1516124577,15.16124577
2022-02-14,XBT,8,2,1,-21946019,-0.21946019,0,0,2022-02-14T12:00:00.005000Z,1494178558,14.94178558
2022-02-15,BMEX,6,1,1,687800000,687.8,0,0,2022-02-15T07:35:07.149000Z,3977600000,3977.6
2022-02-15,XBT,8,2,1,14026755,0.14026755,0,0,2022-02-15T12:00:00.004000Z,1508205313,15.08205313
2022-02-16,XBT,8,2,1,11432115,0.11432115,0,0,2022-02-16T12:00:00.008000Z,1519637428,15.19637428
2022-02-17,XBT,8,2,1,1235755,0.01235755,0,0,2022-02-17T12:00:00.004000Z,1520873183,15.20873183
2022-02-18,XBT,8,2,1,-14846593,-0.14846593,0,0,2022-02-18T12:00:00.006000Z,1506026590,15.0602659
2022-02-19,XBT,8,1,1,-154864321,-1.54864321,0,0,2022-02-19T12:00:00.004000Z,1351162269,13.51162269
2022-02-20,XBT,8,1,1,-76834620,-0.7683462,0,0,2022-02-20T12:00:00.007000Z,1274327649,12.74327649
2022-02-21,XBT,8,1,1,-14992705,-0.14992705,0,0,2022-02-21T12:00:00.003000Z,1259334944,12.59334944
2022-02-22,USDT,6,12,1,0,0,0,0,2022-02-22T16:49:01.177000Z,0,0
2022-02-22,XBT,8,13,2,-12995120,-0.1299512,0,0,2022-02-22T16:49:01.179000Z,1246339824,12.46339824
2022-02-23,XBT,8,1,1,4234022,0.04234022,0,0,2022-02-23T12:00:00.008000Z,1250573846,12.50573846
2022-02-24,XBT,8,2,1,-210875884,-2.10875884,0,0,2022-02-24T12:00:00.004000Z,1039697962,10.39697962
2022-02-25,XBT,8,2,1,-23635486,-0.23635486,0,0,2022-02-25T12:00:00.007000Z,1016062476,10.16062476
2022-02-26,XBT,8,2,1,-199133630,-1.9913363,0,0,2022-02-26T12:00:00.006000Z,816928846,8.16928846
2022-02-27,XBT,8,2,1,15657574,0.15657574,0,0,2022-02-27T12:00:00.010000Z,832586420,8.3258642
2022-02-28,XBT,8,2,1,58852068,0.58852068,0,0,2022-02-28T12:00:00.004000Z,891438488,8.91438488
2022-03-01,BMEX,6,1,1,794800000,794.8,0,0,2022-03-01T12:44:15.142000Z,4772400000,4772.4
2022-03-01,XBT,8,1,1,22384324,0.22384324,0,0,2022-03-01T12:00:00.014000Z,913822812,9.13822812
2022-03-02,XBT,8,3,1,-4196903,-0.04196903,0,0,2022-03-02T12:00:00.005000Z,909625909,9.09625909
2022-03-03,XBT,8,3,1,21582421,0.21582421,0,0,2022-03-03T12:00:00.017000Z,931208330,9.3120833
2022-03-04,XBT,8,3,1,14069759,0.14069759,0,0,2022-03-04T12:00:00.006000Z,945278089,9.45278089
2022-03-05,XBT,8,3,1,-162942427,-1.62942427,0,0,2022-03-05T12:00:00.021000Z,782335662,7.82335662
2022-03-06,XBT,8,2,1,10322534,0.10322534,0,0,2022-03-06T12:00:00.003000Z,792658196,7.92658196
2022-03-07,XBT,8,1,1,5058465,0.05058465,0,0,2022-03-07T12:00:00.004000Z,797716661,7.97716661
2022-03-08,XBT,8,1,1,621037,0.00621037,0,0,2022-03-08T12:00:00.006000Z,798337698,7.98337698
2022-03-09,XBT,8,2,1,-65326291,-0.65326291,0,0,2022-03-09T12:00:00.005000Z,733011407,7.33011407
2022-03-10,XBT,8,2,1,-75471659,-0.75471659,0,0,2022-03-10T12:00:00.005000Z,657539748,6.57539748
2022-03-11,XBT,8,1,1,-19515019,-0.19515019,0,0,2022-03-11T12:00:00.003000Z,638024729,6.38024729
2022-03-12,XBT,8,2,1,-10142989,-0.10142989,0,0,2022-03-12T12:00:00.003000Z,627881740,6.2788174
2022-03-13,XBT,8,1,1,-358718,-0.00358718,0,0,2022-03-13T12:00:00.004000Z,627523022,6.27523022
2022-03-14,XBT,8,1,1,-194385,-0.00194385,0,0,2022-03-14T12:00:00.006000Z,627328637,6.27328637
2022-03-15,BMEX,6,1,1,1156600000,1156.6,0,0,2022-03-15T09:09:51.515000Z,5929000000,5929
2022-03-15,XBT,8,1,1,98688,0.00098688,0,0,2022-03-15T12:00:00.004000Z,627427325,6.27427325
2022-03-16,XBT,8,2,1,4362571,0.04362571,0,0,2022-03-16T12:00:00.004000Z,631789896,6.31789896
2022-03-17,XBT,8,2,1,4545707,0.04545707,0,0,2022-03-17T12:00:00.010000Z,636335603,6.36335603
2022-03-18,XBT,8,3,1,-11894507,-0.11894507,0,0,2022-03-18T12:00:00.005000Z,624441096,6.24441096
2022-03-19,XBT,8,2,1,-6639804,-0.06639804,0,0,2022-03-19T12:00:00.005000Z,617801292,6.17801292
2022-03-20,XBT,8,2,1,-14206319,-0.14206319,0,0,2022-03-20T12:00:00.007000Z,603594973,6.03594973
2022-03-21,XBT,8,2,1,19494235,0.19494235,0,0,2022-03-21T12:00:00.007000Z,623089208,6.23089208
2022-03-22,XBT,8,3,1,-9558267,-0.09558267,0,0,2022-03-22T12:00:00.004000Z,613530941,6.13530941
2022-03-23,XBT,8,2,1,19600247,0.19600247,0,0,2022-03-23T12:00:00.005000Z,633131188,6.33131188
2022-03-24,XBT,8,2,1,-915884,-0.00915884,0,0,2022-03-24T12:00:00.004000Z,632215304,6.32215304
2022-03-25,XBT,8,2,1,-30982254,-0.30982254,0,0,2022-03-25T12:00:00.024000Z,601233050,6.0123305
2022-03-26,XBT,8,3,1,-625792,-0.00625792,0,0,2022-03-26T12:00:00.017000Z,600607258,6.00607258
2022-03-27,XBT,8,2,1,-32521,-0.00032521,0,0,2022-03-27T12:00:00.006000Z,600574737,6.00574737
2022-03-28,XBT,8,3,1,-5805260,-0.0580526,0,0,2022-03-28T12:00:00.014000Z,594769477,5.94769477
2022-03-29,XBT,8,3,1,-16314302,-0.16314302,0,0,2022-03-29T12:00:00.004000Z,578455175,5.78455175
2022-03-30,BMEX,6,1,1,495400000,495.4,0,0,2022-03-30T01:25:16.896000Z,6424400000,6424.4
2022-03-30,XBT,8,2,1,-32076203,-0.32076203,0,0,2022-03-30T12:00:00.004000Z,546378972,5.46378972
2022-03-31,XBT,8,2,1,74057,0.00074057,0,0,2022-03-31T12:00:00.003000Z,546453029,5.46453029
2022-04-01,XBT,8,4,1,9923378,0.09923378,0,0,2022-04-01T12:00:00.004000Z,556376407,5.56376407
2022-04-02,XBT,8,2,1,22611087,0.22611087,0,0,2022-04-02T12:00:00.004000Z,578987494,5.78987494
2022-04-03,XBT,8,3,1,2394945,0.02394945,0,0,2022-04-03T12:00:00.003000Z,581382439,5.81382439
2022-04-04,XBT,8,4,1,8090064,0.08090064,0,0,2022-04-04T12:00:00.004000Z,589472503,5.89472503
2022-04-05,XBT,8,5,1,2428108,0.02428108,0,0,2022-04-05T12:00:00.004000Z,591900611,5.91900611
2022-04-06,XBT,8,3,1,6866017,0.06866017,0,0,2022-04-06T12:00:00.004000Z,598766628,5.98766628
2022-04-07,XBT,8,5,1,10923997,0.10923997,0,0,2022-04-07T12:00:00.011000Z,609690625,6.09690625
2022-04-08,XBT,8,5,1,4713794,0.04713794,0,0,2022-04-08T12:00:00.006000Z,614404419,6.14404419
2022-04-09,XBT,8,4,1,5299355,0.05299355,0,0,2022-04-09T12:00:00.006000Z,619703774,6.19703774
2022-04-10,XBT,8,2,1,-40184,-0.00040184,0,0,2022-04-10T12:00:00.006000Z,619663590,6.1966359
2022-04-11,XBT,8,4,1,-40623,-0.00040623,0,0,2022-04-11T12:00:00.005000Z,619622967,6.19622967
2022-04-12,XBT,8,4,1,525042,0.00525042,0,0,2022-04-12T12:00:00.006000Z,620148009,6.20148009
2022-04-13,BMEX,6,3,1,197800000,197.8,0,0,2022-04-13T11:02:45.678000Z,6622200000,6622.2
2022-04-13,XBT,8,3,1,113346,0.00113346,0,0,2022-04-13T12:00:00.006000Z,620261355,6.20261355
2022-04-14,XBT,8,4,1,127654,0.00127654,0,0,2022-04-14T12:00:00.008000Z,620389009,6.20389009
2022-04-15,XBT,8,3,1,5817386,0.05817386,0,0,2022-04-15T12:00:00.015000Z,626206395,6.26206395
2022-04-16,XBT,8,2,1,-147696,-0.00147696,0,0,2022-04-16T12:00:00.004000Z,626058699,6.26058699
2022-04-17,XBT,8,2,1,-115592,-0.00115592,0,0,2022-04-17T12:00:00.002000Z,625943107,6.25943107
2022-04-18,XBT,8,4,1,5160642,0.05160642,0,0,2022-04-18T12:00:00.006000Z,631103749,6.31103749
2022-04-19,XBT,8,4,1,3805,0.00003805,0,0,2022-04-19T12:00:00.003000Z,631107554,6.31107554
2022-04-20,XBT,8,4,1,-16826841,-0.16826841,0,0,2022-04-20T12:00:00.010000Z,614280713,6.14280713
2022-04-21,XBT,8,3,1,4639832,0.04639832,0,0,2022-04-21T12:00:00.008000Z,618920545,6.18920545
2022-04-22,XBT,8,4,1,4112198,0.04112198,0,0,2022-04-22T12:00:00.004000Z,623032743,6.23032743
2022-04-23,XBT,8,3,1,-136264,-0.00136264,0,0,2022-04-23T12:00:00.007000Z,622896479,6.22896479
2022-04-24,XBT,8,3,1,-666631,-0.00666631,0,0,2022-04-24T12:00:00.007000Z,622229848,6.22229848
2022-04-25,XBT,8,5,1,-13119998,-0.13119998,0,0,2022-04-25T12:00:00.008000Z,609109850,6.0910985
2022-04-26,BMEX,6,1,1,135620000,135.62,0,0,2022-04-26T10:23:07.459000Z,6757820000,6757.82
2022-04-26,XBT,8,3,1,-3528872,-0.03528872,0,0,2022-04-26T12:00:00.004000Z,605580978,6.05580978
2022-04-27,XBT,8,4,1,-105714,-0.00105714,0,0,2022-04-27T12:00:00.003000Z,605475264,6.05475264
2022-04-28,XBT,8,2,1,-20605,-0.00020605,0,0,2022-04-28T12:00:00.009000Z,605454659,6.05454659
2022-04-29,XBT,8,4,1,4585350,0.0458535,0,0,2022-04-29T12:00:00.006000Z,610040009,6.10040009
2022-04-30,XBT,8,4,1,-1617,-0.00001617,0,0,2022-04-30T12:00:00.009000Z,610038392,6.10038392
2022-05-01,XBT,8,4,1,-330054,-0.00330054,0,0,2022-05-01T12:00:00.006000Z,609708338,6.09708338
2022-05-02,XBT,8,4,1,3851359,0.03851359,0,0,2022-05-02T12:00:00.004000Z,613559697,6.13559697
2022-05-03,XBT,8,4,1,231948,0.00231948,0,0,2022-05-03T12:00:00.003000Z,613791645,6.13791645
2022-05-04,XBT,8,4,1,-4760897,-0.04760897,0,0,2022-05-04T12:00:00.005000Z,609030748,6.09030748
2022-05-05,XBT,8,5,1,-4983847,-0.04983847,0,0,2022-05-05T12:00:00.013000Z,604046901,6.04046901
2022-05-06,XBT,8,4,1,-10823150,-0.1082315,0,0,2022-05-06T12:00:00.004000Z,593223751,5.93223751
2022-05-07,XBT,8,4,1,16453488,0.16453488,0,0,2022-05-07T12:00:00.012000Z,609677239,6.09677239
2022-05-08,XBT,8,4,1,37020725,0.37020725,0,0,2022-05-08T12:00:00.004000Z,646697964,6.46697964
2022-05-09,XBT,8,3,1,744188,0.00744188,0,0,2022-05-09T12:00:00.013000Z,647442152,6.47442152
2022-05-10,BMEX,6,1,1,297200000,297.2,0,0,2022-05-10T08:34:10.928000Z,7055020000,7055.02
2022-05-10,XBT,8,2,1,21622247,0.21622247,0,0,2022-05-10T12:00:00.004000Z,669064399,6.69064399
2022-05-11,XBT,8,2,1,11872323,0.11872323,0,0,2022-05-11T12:00:00.005000Z,680936722,6.80936722
2022-05-12,BMEX,6,2,1,0,0,0,0,2022-05-12T07:44:18.798000Z,7055020000,7055.02
2022-05-12,XBT,8,2,1,62805792,0.62805792,0,0,2022-05-12T12:00:00.006000Z,743742514,7.43742514
2022-05-13,XBT,8,2,1,-20702286,-0.20702286,0,0,2022-05-13T12:00:00.005000Z,723040228,7.23040228
2022-05-14,XBT,8,2,1,-14653854,-0.14653854,0,0,2022-05-14T12:00:00.015000Z,708386374,7.08386374
2022-05-15,XBT,8,2,1,-3390243,-0.03390243,0,0,2022-05-15T12:00:00.003000Z,704996131,7.04996131
2022-05-16,XBT,8,2,1,-22807589,-0.22807589,0,0,2022-05-16T12:00:00.018000Z,682188542,6.82188542
2022-05-17,XBT,8,2,1,-15876900,-0.158769,0,0,2022-05-17T12:00:00.003000Z,666311642,6.66311642
2022-05-18,XBT,8,2,1,-2456571,-0.02456571,0,0,2022-05-18T12:00:00.004000Z,663855071,6.63855071
2022-05-19,XBT,8,3,1,9665564,0.09665564,0,0,2022-05-19T12:00:00.022000Z,673520635,6.73520635
2022-05-20,XBT,8,3,1,219228,0.00219228,0,0,2022-05-20T12:00:00.008000Z,673739863,6.73739863
2022-05-21,XBT,8,4,1,4127019,0.04127019,0,0,2022-05-21T12:00:00.007000Z,677866882,6.77866882
2022-05-22,XBT,8,1,1,-107135,-0.00107135,0,0,2022-05-22T12:00:00.015000Z,677759747,6.77759747
2022-05-23,XBT,8,1,1,-229170,-0.0022917,0,0,2022-05-23T12:00:00.013000Z,677530577,6.77530577
2022-05-24,BMEX,6,1,1,291100000,291.1,0,0,2022-05-24T08:34:14.731000Z,7346120000,7346.12
2022-05-24,XBT,8,1,1,-374791,-0.00374791,0,0,2022-05-24T12:00:00.005000Z,677155786,6.77155786
2022-05-25,XBT,8,1,1,-5690438,-0.05690438,0,0,2022-05-25T12:00:00.016000Z,671465348,6.71465348
2022-05-26,XBT,8,2,1,-103104,-0.00103104,0,0,2022-05-26T12:00:00.005000Z,671362244,6.71362244
2022-05-27,XBT,8,2,1,-72352,-0.00072352,0,0,2022-05-27T12:00:00.019000Z,671289892,6.71289892
2022-05-28,XBT,8,1,1,-33465,-0.00033465,0,0,2022-05-28T12:00:00.006000Z,671256427,6.71256427
2022-05-29,XBT,8,1,1,-34500,-0.000345,0,0,2022-05-29T12:00:00.005000Z,671221927,6.71221927
2022-05-30,XBT,8,1,1,-64239,-0.00064239,0,0,2022-05-30T12:00:00.004000Z,671157688,6.71157688
2022-05-31,XBT,8,1,1,1160076,0.01160076,0,0,2022-05-31T12:00:00.007000Z,672317764,6.72317764
2022-06-01,XBT,8,2,1,2821498,0.02821498,0,0,2022-06-01T12:00:00.004000Z,675139262,6.75139262
2022-06-02,XBT,8,2,1,-51745,-0.00051745,0,0,2022-06-02T12:00:00.004000Z,675087517,6.75087517
2022-06-03,XBT,8,3,1,-57657,-0.00057657,0,0,2022-06-03T12:00:00.007000Z,675029860,6.7502986
2022-06-04,XBT,8,2,1,-50764,-0.00050764,0,0,2022-06-04T12:00:00.004000Z,674979096,6.74979096
2022-06-05,XBT,8,2,1,-23758,-0.00023758,0,0,2022-06-05T12:00:00.007000Z,674955338,6.74955338
2022-06-06,XBT,8,2,1,-30034,-0.00030034,0,0,2022-06-06T12:00:00.007000Z,674925304,6.74925304
2022-06-07,XBT,8,3,1,-123320,-0.0012332,0,0,2022-06-07T12:00:00.007000Z,674801984,6.74801984
2022-06-08,XBT,8,5,1,5622791,0.05622791,0,0,2022-06-08T12:00:00.008000Z,680424775,6.80424775
2022-06-09,XBT,8,4,1,-1554376,-0.01554376,0,0,2022-06-09T12:00:00.004000Z,678870399,6.78870399
2022-06-10,XBT,8,4,1,753676,0.00753676,0,0,2022-06-10T12:00:00.014000Z,679624075,6.79624075
2022-06-11,XBT,8,5,1,-10111006,-0.10111006,0,0,2022-06-11T12:00:00.005000Z,669513069,6.69513069
2022-06-12,XBT,8,4,1,-31389676,-0.31389676,0,0,2022-06-12T12:00:00.005000Z,638123393,6.38123393
2022-06-13,XBT,8,3,1,-8290,-0.0000829,0,0,2022-06-13T12:00:00.004000Z,638115103,6.38115103
2022-06-14,XBT,8,2,1,8851,0.00008851,0,0,2022-06-14T12:00:00.005000Z,638123954,6.38123954
2022-06-15,XBT,8,3,1,-631733,-0.00631733,0,0,2022-06-15T12:00:00.004000Z,637492221,6.37492221
2022-06-16,XBT,8,2,1,-2569786,-0.02569786,0,0,2022-06-16T12:00:00.014000Z,634922435,6.34922435
2022-06-17,XBT,8,2,1,-4448442,-0.04448442,0,0,2022-06-17T12:00:00.013000Z,630473993,6.30473993
2022-06-18,XBT,8,2,1,-248232,-0.00248232,0,0,2022-06-18T12:00:00.005000Z,630225761,6.30225761
2022-06-19,XBT,8,2,1,-165068,-0.00165068,0,0,2022-06-19T12:00:00.003000Z,630060693,6.30060693
2022-06-20,XBT,8,2,1,-317386,-0.00317386,0,0,2022-06-20T12:00:00.013000Z,629743307,6.29743307
2022-06-21,XBT,8,2,1,-1285619,-0.01285619,0,0,2022-06-21T12:00:00.004000Z,628457688,6.28457688
2022-06-22,XBT,8,2,1,-874486,-0.00874486,0,0,2022-06-22T12:00:00.015000Z,627583202,6.27583202
2022-06-23,XBT,8,2,1,-201447,-0.00201447,0,0,2022-06-23T12:00:00.005000Z,627381755,6.27381755
2022-06-24,XBT,8,3,1,-8310025,-0.08310025,0,0,2022-06-24T12:00:15.066000Z,619071730,6.1907173
2022-06-25,XBT,8,4,1,-319191,-0.00319191,0,0,2022-06-25T12:00:00.007000Z,618752539,6.18752539
2022-06-26,XBT,8,4,1,-367339,-0.00367339,0,0,2022-06-26T12:00:00.003000Z,618385200,6.183852
2022-06-27,XBT,8,3,1,1618070,0.0161807,0,0,2022-06-27T12:00:00.006000Z,620003270,6.2000327
2022-06-28,XBT,8,3,1,-95840,-0.0009584,0,0,2022-06-28T12:00:00.006000Z,619907430,6.1990743
2022-06-29,XBT,8,3,1,-2905249,-0.02905249,0,0,2022-06-29T12:00:00.004000Z,617002181,6.17002181
2022-06-30,XBT,8,3,1,15759,0.00015759,0,0,2022-06-30T12:00:00.004000Z,617017940,6.1701794
2022-07-01,XBT,8,3,1,1147951,0.01147951,0,0,2022-07-01T12:00:00.004000Z,618165891,6.18165891
2022-07-02,XBT,8,3,1,-283026,-0.00283026,0,0,2022-07-02T12:00:00.015000Z,617882865,6.17882865
2022-07-03,XBT,8,3,1,-19879393,-0.19879393,0,0,2022-07-03T12:00:00.014000Z,598003472,5.98003472
2022-07-04,XBT,8,3,1,-254804,-0.00254804,0,0,2022-07-04T12:00:00.008000Z,597748668,5.97748668
2022-07-05,XBT,8,3,1,1414362,0.01414362,0,0,2022-07-05T12:00:00.015000Z,599163030,5.9916303
2022-07-06,XBT,8,3,1,-85388,-0.00085388,0,0,2022-07-06T12:00:00.006000Z,599077642,5.99077642
2022-07-07,XBT,8,3,1,2239594,0.02239594,0,0,2022-07-07T12:00:00.004000Z,601317236,6.01317236
2022-07-08,XBT,8,3,1,27065960,0.2706596,0,0,2022-07-08T12:00:00.009000Z,628383196,6.28383196
2022-07-09,XBT,8,2,1,863951,0.00863951,0,0,2022-07-09T12:00:00.010000Z,629247147,6.29247147
2022-07-10,XBT,8,2,1,-52482,-0.00052482,0,0,2022-07-10T12:00:00.010000Z,629194665,6.29194665
2022-07-11,XBT,8,2,1,-43655,-0.00043655,0,0,2022-07-11T12:00:00.009000Z,629151010,6.2915101
2022-07-12,XBT,8,2,1,-56141,-0.00056141,0,0,2022-07-12T12:00:00.010000Z,629094869,6.29094869
2022-07-13,XBT,8,2,1,-80111,-0.00080111,0,0,2022-07-13T12:00:00.010000Z,629014758,6.29014758
2022-07-14,XBT,8,2,1,-38003,-0.00038003,0,0,2022-07-14T12:00:00.010000Z,628976755,6.28976755
2022-07-15,XBT,8,2,1,-32332,-0.00032332,0,0,2022-07-15T12:00:00.004000Z,628944423,6.28944423
2022-07-16,XBT,8,2,1,4210099,0.04210099,0,0,2022-07-16T12:00:00.010000Z,633154522,6.33154522
2022-07-17,XBT,8,3,1,-127228,-0.00127228,0,0,2022-07-17T12:00:00.004000Z,633027294,6.33027294
2022-07-18,XBT,8,3,1,28062152,0.28062152,0,0,2022-07-18T12:00:00.004000Z,661089446,6.61089446
2022-07-19,XBT,8,4,1,14174594,0.14174594,0,0,2022-07-19T12:00:00.005000Z,675264040,6.7526404
2022-07-20,XBT,8,4,1,2556452,0.02556452,0,0,2022-07-20T12:00:00.013000Z,677820492,6.77820492
2022-07-21,XBT,8,3,1,-31594,-0.00031594,0,0,2022-07-21T12:00:00.010000Z,677788898,6.77788898
2022-07-22,XBT,8,3,1,-30059,-0.00030059,0,0,2022-07-22T12:00:00.013000Z,677758839,6.77758839
2022-07-23,XBT,8,3,1,-24805,-0.00024805,0,0,2022-07-23T12:00:00.005000Z,677734034,6.77734034
2022-07-24,XBT,8,3,1,-26874,-0.00026874,0,0,2022-07-24T12:00:00.005000Z,677707160,6.7770716
2022-07-25,XBT,8,3,1,-33948,-0.00033948,0,0,2022-07-25T12:00:00.005000Z,677673212,6.77673212
2022-07-26,XBT,8,4,1,1509545,0.01509545,0,0,2022-07-26T12:00:00.006000Z,679182757,6.79182757
2022-07-27,XBT,8,3,1,-146900,-0.001469,0,0,2022-07-27T12:00:00.005000Z,679035857,6.79035857
2022-07-28,XBT,8,3,1,10156011,0.10156011,0,0,2022-07-28T12:00:00.018000Z,689191868,6.89191868
2022-07-29,XBT,8,3,1,1895062,0.01895062,0,0,2022-07-29T12:00:00.018000Z,691086930,6.9108693
2022-07-30,XBT,8,3,1,-26217,-0.00026217,0,0,2022-07-30T12:00:00.004000Z,691060713,6.91060713
2022-07-31,XBT,8,3,1,3322267,0.03322267,0,0,2022-07-31T12:00:00.013000Z,694382980,6.9438298
2022-08-01,XBT,8,3,1,244491,0.00244491,0,0,2022-08-01T12:00:00.016000Z,694627471,6.94627471
2022-08-02,XBT,8,3,1,-9308,-0.00009308,0,0,2022-08-02T12:00:00.019000Z,694618163,6.94618163
2022-08-03,XBT,8,3,1,-17003,-0.00017003,0,0,2022-08-03T12:00:00.006000Z,694601160,6.9460116
2022-08-04,XBT,8,3,1,-14502,-0.00014502,0,0,2022-08-04T12:00:00.003000Z,694586658,6.94586658
2022-08-05,XBT,8,3,1,-12162,-0.00012162,0,0,2022-08-05T12:00:00.006000Z,694574496,6.94574496
2022-08-06,XBT,8,3,1,-15772,-0.00015772,0,0,2022-08-06T12:00:00.005000Z,694558724,6.94558724
2022-08-07,XBT,8,3,1,-14095,-0.00014095,0,0,2022-08-07T12:00:00.005000Z,694544629,6.94544629
2022-08-08,XBT,8,3,1,335137,0.00335137,0,0,2022-08-08T12:00:00.020000Z,694879766,6.94879766
2022-08-09,XBT,8,3,1,-14684,-0.00014684,0,0,2022-08-09T12:00:00.017000Z,694865082,6.94865082
2022-08-10,XBT,8,3,1,-9548,-0.00009548,0,0,2022-08-10T12:00:00.019000Z,694855534,6.94855534
2022-08-11,XBT,8,3,1,428506,0.00428506,0,0,2022-08-11T12:00:00.014000Z,695284040,6.9528404
2022-08-12,XBT,8,3,1,121605,0.00121605,0,0,2022-08-12T12:00:00.015000Z,695405645,6.95405645
2022-08-13,XBT,8,4,1,2477132,0.02477132,0,0,2022-08-13T13:59:05.056000Z,697882777,6.97882777
2022-08-14,XBT,8,2,1,-3733,-0.00003733,0,0,2022-08-14T12:00:00.018000Z,697879044,6.97879044
2022-08-15,XBT,8,3,1,266829,0.00266829,0,0,2022-08-15T12:00:00.005000Z,698145873,6.98145873
2022-08-16,XBT,8,3,1,-1183,-0.00001183,0,0,2022-08-16T12:00:00.007000Z,698144690,6.9814469
2022-08-17,XBT,8,3,1,93213,0.00093213,0,0,2022-08-17T12:00:00.017000Z,698237903,6.98237903
2022-08-18,XBT,8,2,1,2435,0.00002435,0,0,2022-08-18T12:00:00.007000Z,698240338,6.98240338
2022-08-19,XBT,8,3,1,17084,0.00017084,0,0,2022-08-19T12:00:00.007000Z,698257422,6.98257422
2022-08-20,XBT,8,2,1,75699,0.00075699,0,0,2022-08-20T12:00:00.014000Z,698333121,6.98333121
2022-08-21,XBT,8,2,1,103114,0.00103114,0,0,2022-08-21T12:00:00.004000Z,698436235,6.98436235
2022-08-22,XBT,8,2,1,76769,0.00076769,0,0,2022-08-22T12:00:00.004000Z,698513004,6.98513004
2022-08-23,XBT,8,2,1,-18095,-0.00018095,0,0,2022-08-23T12:00:00.007000Z,698494909,6.98494909
2022-08-24,XBT,8,2,1,491,0.00000491,0,0,2022-08-24T12:00:00.013000Z,698495400,6.984954
2022-08-25,XBT,8,3,1,-48092,-0.00048092,0,0,2022-08-25T12:00:00.006000Z,698447308,6.98447308
2022-08-26,XBT,8,2,1,20036,0.00020036,0,0,2022-08-26T12:00:00.009000Z,698467344,6.98467344
2022-08-27,XBT,8,2,1,74489,0.00074489,0,0,2022-08-27T12:00:00.006000Z,698541833,6.98541833
2022-08-28,XBT,8,2,1,155765,0.00155765,0,0,2022-08-28T12:00:00.006000Z,698697598,6.98697598
2022-08-29,XBT,8,2,1,190365,0.00190365,0,0,2022-08-29T12:00:00.006000Z,698887963,6.98887963
2022-08-30,XBT,8,2,1,120188,0.00120188,0,0,2022-08-30T12:00:00.006000Z,699008151,6.99008151
2022-08-31,XBT,8,2,1,132197,0.00132197,0,0,2022-08-31T12:00:00.006000Z,699140348,6.99140348
2022-09-01,XBT,8,2,1,-8861278,-0.08861278,0,0,2022-09-01T12:00:00.006000Z,690279070,6.9027907
2022-09-02,XBT,8,2,1,-16786,-0.00016786,0,0,2022-09-02T12:00:00.006000Z,690262284,6.90262284
2022-09-03,XBT,8,2,1,19196,0.00019196,0,0,2022-09-03T12:00:00.007000Z,690281480,6.9028148
2022-09-04,XBT,8,2,1,35321,0.00035321,0,0,2022-09-04T12:00:00.005000Z,690316801,6.90316801
2022-09-05,XBT,8,2,1,57332,0.00057332,0,0,2022-09-05T12:00:00.014000Z,690374133,6.90374133
2022-09-06,XBT,8,3,1,92778,0.00092778,0,0,2022-09-06T12:00:00.004000Z,690466911,6.90466911
2022-09-07,XBT,8,2,1,-12532,-0.00012532,0,0,2022-09-07T12:00:00.004000Z,690454379,6.90454379
2022-09-08,XBT,8,3,1,47882,0.00047882,0,0,2022-09-08T12:00:00.016000Z,690502261,6.90502261
2022-09-09,XBT,8,3,1,-2007,-0.00002007,0,0,2022-09-09T12:00:00.005000Z,690500254,6.90500254
2022-09-10,XBT,8,2,1,1239377,0.01239377,0,0,2022-09-10T12:00:00.006000Z,691739631,6.91739631
2022-09-11,XBT,8,2,1,3232431,0.03232431,0,0,2022-09-11T12:00:00.006000Z,694972062,6.94972062
2022-09-12,XBT,8,2,1,5576561,0.05576561,0,0,2022-09-12T12:00:00.009000Z,700548623,7.00548623
2022-09-13,XBT,8,2,1,3836345,0.03836345,0,0,2022-09-13T12:00:00.005000Z,704384968,7.04384968
2022-09-14,XBT,8,2,1,-335120,-0.0033512,0,0,2022-09-14T12:00:00.004000Z,704049848,7.04049848
2022-09-15,XBT,8,2,1,-3098535,-0.03098535,0,0,2022-09-15T12:00:00.008000Z,700951313,7.00951313
2022-09-16,XBT,8,2,1,537379,0.00537379,0,0,2022-09-16T12:00:00.006000Z,701488692,7.01488692
2022-09-17,XBT,8,3,1,-8863722,-0.08863722,0,0,2022-09-17T12:00:00.007000Z,692624970,6.9262497
2022-09-18,XBT,8,2,1,381261,0.00381261,0,0,2022-09-18T12:00:00.009000Z,693006231,6.93006231
2022-09-19,XBT,8,2,1,-29675932,-0.29675932,0,0,2022-09-19T12:00:00.008000Z,663330299,6.63330299
2022-09-20,XBT,8,2,1,-15574164,-0.15574164,0,0,2022-09-20T12:00:00.017000Z,647756135,6.47756135
2022-09-21,XBT,8,1,1,-25140796,-0.25140796,0,0,2022-09-21T12:00:00.039000Z,622615339,6.22615339
2022-09-22,XBT,8,1,1,2645850,0.0264585,0,0,2022-09-22T12:00:00.006000Z,625261189,6.25261189
2022-09-23,XBT,8,1,1,-5681,-0.00005681,0,0,2022-09-23T12:00:00.010000Z,625255508,6.25255508
2022-09-24,XBT,8,1,1,-6131,-0.00006131,0,0,2022-09-24T12:00:00.003000Z,625249377,6.25249377
2022-09-25,XBT,8,1,1,-3530,-0.0000353,0,0,2022-09-25T12:00:00.018000Z,625245847,6.25245847
2022-09-26,XBT,8,1,1,-13242,-0.00013242,0,0,2022-09-26T12:00:00.005000Z,625232605,6.25232605
2022-09-27,XBT,8,1,1,-7746,-0.00007746,0,0,2022-09-27T12:00:00.013000Z,625224859,6.25224859
2022-09-28,XBT,8,1,1,-10320,-0.0001032,0,0,2022-09-28T12:00:00.014000Z,625214539,6.25214539
2022-09-29,XBT,8,2,1,-33227,-0.00033227,0,0,2022-09-29T12:00:00.005000Z,625181312,6.25181312
2022-09-30,XBT,8,2,1,827968,0.00827968,0,0,2022-09-30T12:00:00.017000Z,626009280,6.2600928
2022-10-01,XBT,8,2,1,49932,0.00049932,0,0,2022-10-01T12:00:00.014000Z,626059212,6.26059212
2022-10-02,XBT,8,2,1,-1096822,-0.01096822,0,0,2022-10-02T12:00:00.014000Z,624962390,6.2496239
2022-10-03,XBT,8,1,1,152950,0.0015295,0,0,2022-10-03T12:00:00.004000Z,625115340,6.2511534
2022-10-04,XBT,8,1,1,3406366,0.03406366,0,0,2022-10-04T12:00:00.014000Z,628521706,6.28521706
2022-10-05,XBT,8,2,1,380505,0.00380505,0,0,2022-10-05T12:00:00.006000Z,628902211,6.28902211
2022-10-06,XBT,8,2,1,337945,0.00337945,0,0,2022-10-06T12:00:00.005000Z,629240156,6.29240156
2022-10-07,XBT,8,2,1,-954079,-0.00954079,0,0,2022-10-07T12:00:00.006000Z,628286077,6.28286077
2022-10-08,XBT,8,2,1,-35042,-0.00035042,0,0,2022-10-08T12:00:00.005000Z,628251035,6.28251035
2022-10-09,XBT,8,3,1,-3343,-0.00003343,0,0,2022-10-09T12:00:00.005000Z,628247692,6.28247692
2022-10-10,XBT,8,3,1,-99599,-0.00099599,0,0,2022-10-10T12:00:00.007000Z,628148093,6.28148093
2022-10-11,XBT,8,3,1,-40754,-0.00040754,0,0,2022-10-11T12:00:00.011000Z,628107339,6.28107339
2022-10-12,XBT,8,3,1,1952850,0.0195285,0,0,2022-10-12T12:00:00.004000Z,630060189,6.30060189
2022-10-13,XBT,8,3,1,4680155,0.04680155,0,0,2022-10-13T12:00:00.013000Z,634740344,6.34740344
2022-10-14,XBT,8,3,1,3018675,0.03018675,0,0,2022-10-14T12:00:00.044000Z,637759019,6.37759019
2022-10-15,XBT,8,3,1,-647437,-0.00647437,0,0,2022-10-15T12:00:00.005000Z,637111582,6.37111582
2022-10-16,XBT,8,3,1,32381,0.00032381,0,0,2022-10-16T12:00:00.006000Z,637143963,6.37143963
2022-10-17,XBT,8,3,1,-215239,-0.00215239,0,0,2022-10-17T12:00:00.021000Z,636928724,6.36928724
2022-10-18,XBT,8,3,1,-4724,-0.00004724,0,0,2022-10-18T12:00:00.026000Z,636924000,6.36924
2022-10-19,XBT,8,3,1,1480486,0.01480486,0,0,2022-10-19T12:00:00.004000Z,638404486,6.38404486
2022-10-20,XBT,8,3,1,1381981,0.01381981,0,0,2022-10-20T12:00:00.071000Z,639786467,6.39786467
2022-10-21,XBT,8,2,1,-343338,-0.00343338,0,0,2022-10-21T12:00:00.035000Z,639443129,6.39443129
2022-10-22,XBT,8,2,1,-5579972,-0.05579972,0,0,2022-10-22T12:00:00.035000Z,633863157,6.33863157
2022-10-23,XBT,8,3,1,-291447,-0.00291447,0,0,2022-10-23T12:00:00.082000Z,633571710,6.3357171
2022-10-24,XBT,8,3,1,-30648228,-0.30648228,0,0,2022-10-24T12:00:00.052000Z,602923482,6.02923482
2022-10-25,XBT,8,2,1,-2315959,-0.02315959,0,0,2022-10-25T12:00:00.005000Z,600607523,6.00607523
2022-10-26,XBT,8,2,1,9151548,0.09151548,0,0,2022-10-26T12:00:00.031000Z,609759071,6.09759071
2022-10-27,XBT,8,3,1,71414554,0.71414554,0,0,2022-10-27T12:00:00.014000Z,681173625,6.81173625
2022-10-28,XBT,8,2,1,-2683786,-0.02683786,0,0,2022-10-28T12:00:00.031000Z,678489839,6.78489839
2022-10-29,XBT,8,3,1,16308929,0.16308929,0,0,2022-10-29T12:00:00.014000Z,694798768,6.94798768
2022-10-30,XBT,8,2,1,-4125339,-0.04125339,0,0,2022-10-30T12:00:00.017000Z,690673429,6.90673429
2022-10-31,XBT,8,4,1,-1027930,-0.0102793,0,0,2022-10-31T12:00:00.005000Z,689645499,6.89645499
2022-11-01,XBT,8,3,1,-5735776,-0.05735776,0,0,2022-11-01T12:00:00.004000Z,683909723,6.83909723
2022-11-02,XBT,8,5,1,-203305,-0.00203305,0,0,2022-11-02T12:00:00.003000Z,683706418,6.83706418
2022-11-03,XBT,8,5,1,-5940689,-0.05940689,0,0,2022-11-03T12:00:00.032000Z,677765729,6.77765729
2022-11-04,XBT,8,4,1,243307,0.00243307,0,0,2022-11-04T12:00:00.065000Z,678009036,6.78009036
2022-11-05,XBT,8,3,1,36672911,0.36672911,0,0,2022-11-05T12:00:00.004000Z,714681947,7.14681947
2022-11-06,XBT,8,3,1,-736975,-0.00736975,0,0,2022-11-06T12:00:00.005000Z,713944972,7.13944972
2022-11-07,XBT,8,3,1,-1108589,-0.01108589,0,0,2022-11-07T12:00:00.007000Z,712836383,7.12836383
2022-11-08,XBT,8,4,1,-33784823,-0.33784823,0,0,2022-11-08T12:00:00.030000Z,679051560,6.7905156
2022-11-09,XBT,8,4,1,-500181030,-5.0018103,0,0,2022-11-09T12:00:00.005000Z,178870530,1.7887053
2022-11-10,XBT,8,2,1,-18792,-0.00018792,0,0,2022-11-10T12:00:00.026000Z,178851738,1.78851738
2022-11-11,XBT,8,3,1,1169942,0.01169942,0,0,2022-11-11T12:00:00.005000Z,180021680,1.8002168
2022-11-12,BMEX,6,34,1,-7346000000,-7346,0,0,2022-11-12T13:07:59.312000Z,120000,0.12
2022-11-12,USDT,6,34,1,7579440000,7579.44,0,0,2022-11-12T13:07:59.312000Z,7579440000,7579.44
2022-11-12,XBT,8,3,1,18948171,0.18948171,0,0,2022-11-12T12:00:00.004000Z,198969851,1.98969851
2022-11-13,BMEX,6,17,1,3443000000,3443,0,0,2022-11-13T23:42:29.490000Z,3443120000,3443.12
2022-11-13,USDT,6,17,1,-2994230000,-2994.23,0,0,2022-11-13T23:42:29.490000Z,4585210000,4585.21
2022-11-13,XBT,8,3,1,-1970041,-0.01970041,0,0,2022-11-13T12:00:00.049000Z,196999810,1.9699981
2022-11-14,BMEX,6,3,1,2222000000,2222,0,0,2022-11-14T21:38:34.662000Z,5665120000,5665.12
2022-11-14,USDT,6,3,1,-1633170000,-1633.17,0,0,2022-11-14T21:38:34.662000Z,2952040000,2952.04
2022-11-14,XBT,8,2,1,33053532,0.33053532,0,0,2022-11-14T12:00:00.041000Z,230053342,2.30053342
2022-11-15,BMEX,6,5,1,4657000000,4657,0,0,2022-11-15T23:01:43.661000Z,10322120000,10322.12
2022-11-15,USDT,6,5,1,-2951870000,-2951.87,0,0,2022-11-15T23:01:43.661000Z,170000,0.17
2022-11-15,XBT,8,2,1,-1103825,-0.01103825,0,0,2022-11-15T12:00:00.017000Z,228949517,2.28949517
2022-11-16,XBT,8,4,1,-34331961,-0.34331961,0,0,2022-11-16T12:00:00.041000Z,194617556,1.94617556
2022-11-17,XBT,8,3,1,-37615,-0.00037615,0,0,2022-11-17T12:00:00.014000Z,194579941,1.94579941
2022-11-18,XBT,8,4,1,5000684,0.05000684,0,0,2022-11-18T12:00:00.051000Z,199580625,1.99580625
2022-11-19,XBT,8,3,1,-716203,-0.00716203,0,0,2022-11-19T12:00:00.048000Z,198864422,1.98864422
2022-11-20,XBT,8,4,1,-5814443,-0.05814443,0,0,2022-11-20T12:00:00.015000Z,193049979,1.93049979
2022-11-21,XBT,8,4,1,3760303,0.03760303,0,0,2022-11-21T12:00:00.015000Z,196810282,1.96810282
2022-11-22,XBT,8,5,1,-9356951,-0.09356951,0,0,2022-11-22T12:00:00.005000Z,187453331,1.87453331
2022-11-23,XBT,8,5,1,46290522,0.46290522,0,0,2022-11-23T12:00:00.031000Z,233743853,2.33743853
2022-11-24,XBT,8,5,1,5282477,0.05282477,0,0,2022-11-24T12:00:00.005000Z,239026330,2.3902633
2022-11-25,XBT,8,5,1,-486274,-0.00486274,0,0,2022-11-25T12:00:00.018000Z,238540056,2.38540056
2022-11-26,XBT,8,4,1,-751663,-0.00751663,0,0,2022-11-26T12:00:00.055000Z,237788393,2.37788393
2022-11-27,XBT,8,4,1,2584938,0.02584938,0,0,2022-11-27T12:00:00.004000Z,240373331,2.40373331
2022-11-28,XBT,8,5,1,-65295,-0.00065295,0,0,2022-11-28T12:00:00.040000Z,240308036,2.40308036
2022-11-29,XBT,8,6,1,25488061,0.25488061,0,0,2022-11-29T12:00:00.053000Z,265796097,2.65796097
2022-11-30,XBT,8,4,1,6908845,0.06908845,0,0,2022-11-30T12:00:00.004000Z,272704942,2.72704942
2022-12-01,XBT,8,4,1,50259332,0.50259332,0,0,2022-12-01T12:00:00.039000Z,322964274,3.22964274
2022-12-02,BMEX,6,2,1,-4812000000,-4812,0,0,2022-12-02T22:46:11.208000Z,5510120000,5510.12
2022-12-02,USDT,6,2,1,3614217000,3614.217,0,0,2022-12-02T22:46:11.208000Z,3614387000,3614.387
2022-12-02,XBT,8,3,1,17846263,0.17846263,0,0,2022-12-02T12:00:00.019000Z,340810537,3.40810537
2022-12-03,BMEX,6,9,1,-5510000000,-5510,0,0,2022-12-03T13:02:29.376000Z,120000,0.12
2022-12-03,USDT,6,9,1,4381254000,4381.254,0,0,2022-12-03T13:02:29.376000Z,7995641000,7995.641
2022-12-03,XBT,8,2,1,3138901,0.03138901,0,0,2022-12-03T12:00:00.017000Z,343949438,3.43949438
2022-12-04,BMEX,6,9,1,1915000000,1915,0,0,2022-12-04T20:39:56.861000Z,1915120000,1915.12
2022-12-04,USDT,6,9,1,-1372429000,-1372.429,0,0,2022-12-04T20:39:56.861000Z,6623212000,6623.212
2022-12-04,XBT,8,2,1,-83641,-0.00083641,0,0,2022-12-04T12:00:00.053000Z,343865797,3.43865797
2022-12-05,BMEX,6,16,1,8782000000,8782,0,0,2022-12-05T14:27:22.249000Z,10697120000,10697.12
2022-12-05,USDT,6,16,1,-5618320000,-5618.32,0,0,2022-12-05T14:27:22.249000Z,1004892000,1004.892
2022-12-05,XBT,8,3,1,-287386,-0.00287386,0,0,2022-12-05T12:00:00.006000Z,343578411,3.43578411
2022-12-06,XBT,8,3,1,1466577,0.01466577,0,0,2022-12-06T12:00:00.059000Z,345044988,3.45044988
2022-12-07,XBT,8,2,1,-954682,-0.00954682,0,0,2022-12-07T12:00:00.070000Z,344090306,3.44090306
2022-12-08,XBT,8,2,1,-75997,-0.00075997,0,0,2022-12-08T12:00:00.080000Z,344014309,3.44014309
2022-12-09,XBT,8,3,1,-584850,-0.0058485,0,0,2022-12-09T12:00:00.017000Z,343429459,3.43429459
2022-12-10,XBT,8,3,1,4957189,0.04957189,0,0,2022-12-10T12:00:00.004000Z,348386648,3.48386648
2022-12-11,XBT,8,3,1,272341,0.00272341,0,0,2022-12-11T12:00:00.017000Z,348658989,3.48658989
2022-12-12,XBT,8,3,1,-3033002,-0.03033002,0,0,2022-12-12T12:00:00.017000Z,345625987,3.45625987
2022-12-13,BMEX,6,8,1,-10697000000,-10697,0,0,2022-12-13T07:11:24.221000Z,120000,0.12
2022-12-13,USDT,6,8,1,6525607000,6525.607,0,0,2022-12-13T07:11:24.221000Z,7530499000,7530.499
2022-12-13,XBT,8,2,1,-56758354,-0.56758354,0,0,2022-12-13T12:00:00.006000Z,288867633,2.88867633
2022-12-14,XBT,8,2,1,35136238,0.35136238,0,0,2022-12-14T12:00:00.061000Z,324003871,3.24003871
2022-12-15,XBT,8,2,1,37728326,0.37728326,0,0,2022-12-15T12:00:00.004000Z,361732197,3.61732197
2022-12-16,XBT,8,4,1,-277587,-0.00277587,0,0,2022-12-16T12:00:00.066000Z,361454610,3.6145461
2022-12-17,XBT,8,4,1,-9526661,-0.09526661,0,0,2022-12-17T12:00:00.073000Z,351927949,3.51927949
2022-12-18,XBT,8,2,1,-1999980,-0.0199998,0,0,2022-12-18T12:00:00.070000Z,349927969,3.49927969
2022-12-19,XBT,8,2,1,-432966,-0.00432966,0,0,2022-12-19T12:00:00.058000Z,349495003,3.49495003
2022-12-20,XBT,8,2,1,-117632,-0.00117632,0,0,2022-12-20T12:00:00.069000Z,349377371,3.49377371
2022-12-21,XBT,8,2,1,9306838,0.09306838,0,0,2022-12-21T12:00:00.068000Z,358684209,3.58684209
2022-12-22,XBT,8,2,1,542042,0.00542042,0,0,2022-12-22T12:00:00.072000Z,359226251,3.59226251
2022-12-23,BMEX,6,2,1,798000000,798,0,0,2022-12-23T07:16:41.910000Z,798120000,798.12
2022-12-23,USDT,6,2,1,-403788000,-403.788,0,0,2022-12-23T07:16:41.910000Z,7126711000,7126.711
2022-12-23,XBT,8,2,1,-513814,-0.00513814,0,0,2022-12-23T12:00:00.063000Z,358712437,3.58712437
2022-12-24,XBT,8,2,1,-115161,-0.00115161,0,0,2022-12-24T12:00:00.070000Z,358597276,3.58597276
2022-12-25,BMEX,6,6,1,1973000000,1973,0,0,2022-12-25T19:41:49.678000Z,2771120000,2771.12
2022-12-25,USDT,6,6,1,-934260000,-934.26,0,0,2022-12-25T19:41:49.678000Z,6192451000,6192.451
2022-12-25,XBT,8,2,1,-272849,-0.00272849,0,0,2022-12-25T12:00:00.064000Z,358324427,3.58324427
2022-12-26,XBT,8,2,1,-171806,-0.00171806,0,0,2022-12-26T12:00:00.062000Z,358152621,3.58152621
2022-12-27,XBT,8,3,1,-41197887,-0.41197887,0,0,2022-12-27T12:00:00.077000Z,316954734,3.16954734
2022-12-28,BMEX,6,2,1,-2771000000,-2771,0,0,2022-12-28T21:01:00.233000Z,120000,0.12
2022-12-28,USDT,6,2,1,1508525000,1508.525,0,0,2022-12-28T21:01:00.233000Z,7700976000,7700.976
2022-12-28,XBT,8,3,1,23449,0.00023449,0,0,2022-12-28T12:00:00.058000Z,316978183,3.16978183
2022-12-29,XBT,8,3,1,1164396,0.01164396,0,0,2022-12-29T12:00:00.074000Z,318142579,3.18142579
2022-12-30,XBT,8,3,1,-143189,-0.00143189,0,0,2022-12-30T12:00:00.067000Z,317999390,3.1799939
2022-12-31,XBT,8,3,1,1263918,0.01263918,0,0,2022-12-31T12:00:00.070000Z,319263308,3.19263308
2023-01-01,XBT,8,3,1,4099599,0.04099599,0,0,2023-01-01T12:00:00.072000Z,323362907,3.23362907
2023-01-02,XBT,8,3,1,1373758,0.01373758,0,0,2023-01-02T12:00:00.070000Z,324736665,3.24736665
2023-01-03,BMEX,6,1,1,1111000000,1111,0,0,2023-01-03T04:30:12.733000Z,1111120000,1111.12
2023-01-03,USDT,6,1,1,-477730000,-477.73,0,0,2023-01-03T04:30:12.733000Z,7223246000,7223.246
2023-01-03,XBT,8,2,1,76365,0.00076365,0,0,2023-01-03T12:00:00.077000Z,324813030,3.2481303
2023-01-04,XBT,8,2,1,-2575153,-0.02575153,0,0,2023-01-04T12:00:00.058000Z,322237877,3.22237877
2023-01-05,XBT,8,2,1,-539009,-0.00539009,0,0,2023-01-05T12:00:00.065000Z,321698868,3.21698868
2023-01-06,XBT,8,1,1,1136237,0.01136237,0,0,2023-01-06T12:00:00.078000Z,322835105,3.22835105
2023-01-07,XBT,8,2,1,-539538,-0.00539538,0,0,2023-01-07T12:00:00.056000Z,322295567,3.22295567
2023-01-08,XBT,8,2,1,-256874,-0.00256874,0,0,2023-01-08T12:00:00.064000Z,322038693,3.22038693
2023-01-09,XBT,8,2,1,-452946,-0.00452946,0,0,2023-01-09T12:00:00.076000Z,321585747,3.21585747
2023-01-10,XBT,8,2,1,-490410,-0.0049041,0,0,2023-01-10T12:00:00.081000Z,321095337,3.21095337
2023-01-11,XBT,8,2,1,-507228,-0.00507228,0,0,2023-01-11T12:00:00.062000Z,320588109,3.20588109
2023-01-12,XBT,8,2,1,17856790,0.1785679,0,0,2023-01-12T12:00:00.073000Z,338444899,3.38444899
2023-01-13,XBT,8,2,1,74006564,0.74006564,0,0,2023-01-13T12:00:00.087000Z,412451463,4.12451463
2023-01-14,BMEX,6,4,1,1617000000,1617,0,0,2023-01-14T02:38:14.308000Z,2728120000,2728.12
2023-01-14,USDT,6,4,1,-1110879000,-1110.879,0,0,2023-01-14T02:38:14.308000Z,6112367000,6112.367
2023-01-14,XBT,8,2,1,18392689,0.18392689,0,0,2023-01-14T12:00:00.070000Z,430844152,4.30844152
2023-01-15,XBT,8,2,1,-397204,-0.00397204,0,0,2023-01-15T12:00:00.069000Z,430446948,4.30446948
2023-01-16,XBT,8,2,1,-49630,-0.0004963,0,0,2023-01-16T12:00:00.065000Z,430397318,4.30397318
2023-01-17,XBT,8,2,1,-183917,-0.00183917,0,0,2023-01-17T12:00:00.069000Z,430213401,4.30213401
2023-01-18,XBT,8,2,1,-3286061,-0.03286061,0,0,2023-01-18T12:00:00.060000Z,426927340,4.2692734
2023-01-19,XBT,8,2,1,4746535,0.04746535,0,0,2023-01-19T12:00:00.076000Z,431673875,4.31673875
2023-01-20,XBT,8,2,1,6997301,0.06997301,0,0,2023-01-20T12:00:00.071000Z,438671176,4.38671176
2023-01-21,XBT,8,2,1,14646510,0.1464651,0,0,2023-01-21T12:00:00.005000Z,453317686,4.53317686
2023-01-22,XBT,8,2,1,-468748,-0.00468748,0,0,2023-01-22T12:00:00.065000Z,452848938,4.52848938
2023-01-23,XBT,8,2,1,9983442,0.09983442,0,0,2023-01-23T12:00:00.078000Z,462832380,4.6283238
2023-01-24,XBT,8,2,1,2922547,0.02922547,0,0,2023-01-24T12:00:00.070000Z,465754927,4.65754927
2023-01-25,XBT,8,2,1,-466051,-0.00466051,0,0,2023-01-25T12:00:00.070000Z,465288876,4.65288876
2023-01-26,XBT,8,2,1,1500882,0.01500882,0,0,2023-01-26T12:00:00.072000Z,466789758,4.66789758
2023-01-27,XBT,8,2,1,-463412,-0.00463412,0,0,2023-01-27T12:00:00.065000Z,466326346,4.66326346
2023-01-28,XBT,8,2,1,-27609324,-0.27609324,0,0,2023-01-28T12:00:00.074000Z,438717022,4.38717022
2023-01-29,XBT,8,2,1,-15515369,-0.15515369,0,0,2023-01-29T12:00:00.065000Z,423201653,4.23201653
2023-01-30,XBT,8,2,1,45437101,0.45437101,0,0,2023-01-30T12:00:00.058000Z,468638754,4.68638754
2023-01-31,XBT,8,2,1,21331190,0.2133119,0,0,2023-01-31T12:00:00.071000Z,489969944,4.89969944
2023-02-01,XBT,8,2,1,-359014,-0.00359014,0,0,2023-02-01T12:00:00.082000Z,489610930,4.8961093
2023-02-02,XBT,8,3,1,12138507,0.12138507,0,0,2023-02-02T12:00:00.056000Z,501749437,5.01749437
2023-02-03,XBT,8,3,1,-959048,-0.00959048,0,0,2023-02-03T12:00:00.079000Z,500790389,5.00790389
2023-02-04,XBT,8,3,1,1097900,0.010979,0,0,2023-02-04T12:00:00.078000Z,501888289,5.01888289
2023-02-05,XBT,8,3,1,933711,0.00933711,0,0,2023-02-05T12:00:00.074000Z,502822000,5.02822
2023-02-06,XBT,8,2,1,-270411,-0.00270411,0,0,2023-02-06T12:00:00.073000Z,502551589,5.02551589
2023-02-07,XBT,8,2,1,-447624,-0.00447624,0,0,2023-02-07T12:00:00.099000Z,502103965,5.02103965
2023-02-08,XBT,8,3,1,6398403,0.06398403,0,0,2023-02-08T12:00:00.067000Z,508502368,5.08502368
2023-02-09,BMEX,6,6,1,3446000000,3446,0,0,2023-02-09T17:02:07.340000Z,6174120000,6174.12
2023-02-09,USDT,6,6,1,-2221470000,-2221.47,0,0,2023-02-09T17:02:07.340000Z,3890897000,3890.897
2023-02-09,XBT,8,3,1,13693991,0.13693991,0,0,2023-02-09T12:00:00.080000Z,522196359,5.22196359
2023-02-10,XBT,8,3,1,1862679,0.01862679,0,0,2023-02-10T12:00:00.091000Z,524059038,5.24059038
2023-02-11,XBT,8,3,1,-215259,-0.00215259,0,0,2023-02-11T12:00:00.103000Z,523843779,5.23843779
2023-02-12,XBT,8,2,1,-292462,-0.00292462,0,0,2023-02-12T12:00:00.113000Z,523551317,5.23551317
2023-02-13,BMEX,6,1,1,2927000000,2927,0,0,2023-02-13T14:41:39.689000Z,9101120000,9101.12
2023-02-13,USDT,6,1,1,-1980045000,-1980.045,0,0,2023-02-13T14:41:39.689000Z,1910852000,1910.852
2023-02-13,XBT,8,3,1,-22923664,-0.22923664,0,0,2023-02-13T12:00:00.105000Z,500627653,5.00627653
2023-02-14,BMEX,6,3,1,-1332000000,-1332,0,0,2023-02-14T06:20:07.477000Z,7769120000,7769.12
2023-02-14,USDT,6,3,1,979020000,979.02,0,0,2023-02-14T06:20:07.477000Z,2889872000,2889.872
2023-02-14,XBT,8,2,1,-74601860,-0.7460186,0,0,2023-02-14T12:00:00.112000Z,426025793,4.26025793
2023-02-15,BMEX,6,4,1,-1222000000,-1222,0,0,2023-02-15T06:19:54.479000Z,6547120000,6547.12
2023-02-15,USDT,6,4,1,989820000,989.82,0,0,2023-02-15T06:19:54.479000Z,3879692000,3879.692
2023-02-15,XBT,8,2,1,3273431,0.03273431,0,0,2023-02-15T12:00:00.109000Z,429299224,4.29299224
2023-02-16,XBT,8,2,1,14212358,0.14212358,0,0,2023-02-16T12:00:00.077000Z,443511582,4.43511582
2023-02-17,XBT,8,3,1,-507931,-0.00507931,0,0,2023-02-17T12:00:00.102000Z,443003651,4.43003651
2023-02-18,XBT,8,2,1,16995471,0.16995471,0,0,2023-02-18T12:00:00.083000Z,459999122,4.59999122
2023-02-19,XBT,8,3,1,-759160,-0.0075916,0,0,2023-02-19T12:00:00.128000Z,459239962,4.59239962
2023-02-20,XBT,8,3,1,229060,0.0022906,0,0,2023-02-20T12:00:00.097000Z,459469022,4.59469022
2023-02-21,XBT,8,2,1,567863,0.00567863,0,0,2023-02-21T12:00:00.089000Z,460036885,4.60036885
2023-02-22,XBT,8,2,1,-21348115,-0.21348115,0,0,2023-02-22T12:00:00.103000Z,438688770,4.3868877
2023-02-23,XBT,8,3,1,7034250,0.0703425,0,0,2023-02-23T12:00:00.069000Z,445723020,4.4572302
2023-02-24,BMEX,6,12,1,3053000000,3053,0,0,2023-02-24T21:26:26.639000Z,9600120000,9600.12
2023-02-24,USDT,6,12,1,-1959972000,-1959.972,0,0,2023-02-24T21:26:26.639000Z,1919720000,1919.72
2023-02-24,XBT,8,2,1,-6891933,-0.06891933,0,0,2023-02-24T12:00:00.095000Z,438831087,4.38831087
2023-02-25,XBT,8,2,1,-62558934,-0.62558934,0,0,2023-02-25T12:00:00.081000Z,376272153,3.76272153
2023-02-26,XBT,8,1,1,-83805,-0.00083805,0,0,2023-02-26T12:00:00.093000Z,376188348,3.76188348
2023-02-27,BMEX,6,2,1,1074000000,1074,0,0,2023-02-27T18:26:10.539000Z,10674120000,10674.12
2023-02-27,USDT,6,2,1,-633660000,-633.66,0,0,2023-02-27T18:26:10.539000Z,1286060000,1286.06
2023-02-27,XBT,8,2,1,3990316,0.03990316,0,0,2023-02-27T12:00:00.097000Z,380178664,3.80178664
2023-02-28,XBT,8,2,1,797801,0.00797801,0,0,2023-02-28T12:00:00.078000Z,380976465,3.80976465
2023-03-01,XBT,8,1,1,-43666,-0.00043666,0,0,2023-03-01T12:00:00.084000Z,380932799,3.80932799
2023-03-02,XBT,8,2,1,-58078,-0.00058078,0,0,2023-03-02T12:00:00.084000Z,380874721,3.80874721
2023-03-03,XBT,8,3,1,8559305,0.08559305,0,0,2023-03-03T12:00:00.073000Z,389434026,3.89434026
2023-03-04,XBT,8,2,1,1419471,0.01419471,0,0,2023-03-04T12:00:00.086000Z,390853497,3.90853497
2023-03-05,BMEX,6,3,1,2272000000,2272,0,0,2023-03-05T11:56:38.988000Z,12946120000,12946.12
2023-03-05,USDT,6,3,1,-1285952000,-1285.952,0,0,2023-03-05T11:56:38.988000Z,108000,0.108
2023-03-05,XBT,8,2,1,-19527,-0.00019527,0,0,2023-03-05T12:00:00.089000Z,390833970,3.9083397
2023-03-06,XBT,8,3,1,-27697,-0.00027697,0,0,2023-03-06T12:00:00.091000Z,390806273,3.90806273
2023-03-07,XBT,8,2,1,449162,0.00449162,0,0,2023-03-07T12:00:00.076000Z,391255435,3.91255435
2023-03-08,XBT,8,3,1,2821865,0.02821865,0,0,2023-03-08T12:00:00.102000Z,394077300,3.940773
2023-03-09,XBT,8,2,1,-578276,-0.00578276,0,0,2023-03-09T12:00:00.130000Z,393499024,3.93499024
2023-03-10,XBT,8,4,1,-201521920,-2.0152192,0,0,2023-03-10T12:00:00.132000Z,191977104,1.91977104
2023-03-11,XBT,8,4,1,13079023,0.13079023,0,0,2023-03-11T12:00:00.128000Z,205056127,2.05056127
2023-03-12,XBT,8,3,1,1301806,0.01301806,0,0,2023-03-12T12:00:00.145000Z,206357933,2.06357933
2023-03-13,XBT,8,3,1,80882039,0.80882039,0,0,2023-03-13T12:00:00.146000Z,287239972,2.87239972
2023-03-14,XBT,8,3,1,21992190,0.2199219,0,0,2023-03-14T12:00:00.089000Z,309232162,3.09232162
2023-03-15,XBT,8,3,1,44863074,0.44863074,0,0,2023-03-15T12:00:00.120000Z,354095236,3.54095236
2023-03-16,XBT,8,3,1,3467604,0.03467604,0,0,2023-03-16T12:00:00.043000Z,357562840,3.5756284
2023-03-17,XBT,8,3,1,3560254,0.03560254,0,0,2023-03-17T12:00:00.079000Z,361123094,3.61123094
2023-03-18,XBT,8,3,1,26128115,0.26128115,0,0,2023-03-18T12:00:00.048000Z,387251209,3.87251209
2023-03-19,XBT,8,3,1,1893730,0.0189373,0,0,2023-03-19T12:00:00.040000Z,389144939,3.89144939
2023-03-20,XBT,8,3,1,5202262,0.05202262,0,0,2023-03-20T12:00:00.044000Z,394347201,3.94347201
2023-03-21,XBT,8,2,1,-147128,-0.00147128,0,0,2023-03-21T12:00:00.039000Z,394200073,3.94200073
2023-03-22,XBT,8,4,1,17809777,0.17809777,0,0,2023-03-22T12:00:00.039000Z,412009850,4.1200985
2023-03-23,XBT,8,6,1,7049246,0.07049246,0,0,2023-03-23T12:00:00.039000Z,419059096,4.19059096
2023-03-24,XBT,8,6,1,23406943,0.23406943,0,0,2023-03-24T12:00:00.056000Z,442466039,4.42466039
2023-03-25,XBT,8,4,1,-385315,-0.00385315,0,0,2023-03-25T12:00:00.036000Z,442080724,4.42080724
2023-03-26,XBT,8,4,1,-2363387,-0.02363387,0,0,2023-03-26T12:00:00.047000Z,439717337,4.39717337
2023-03-28,XBT,8,5,1,-388863,-0.00388863,0,0,2023-03-28T12:00:00.095000Z,439328474,4.39328474
2023-03-29,XBT,8,4,1,-1130945,-0.01130945,0,0,2023-03-29T12:00:00.035000Z,438197529,4.38197529
2023-03-30,XBT,8,5,1,34820459,0.34820459,0,0,2023-03-30T12:00:00.052000Z,473017988,4.73017988
2023-03-31,XBT,8,2,1,10444016,0.10444016,0,0,2023-03-31T12:00:15.007000Z,483462004,4.83462004
2023-04-01,XBT,8,1,1,34372,0.00034372,0,0,2023-04-01T12:00:00.035000Z,483496376,4.83496376
2023-04-02,XBT,8,1,1,5137,0.00005137,0,0,2023-04-02T12:00:00.051000Z,483501513,4.83501513
2023-04-03,XBT,8,1,1,5128,0.00005128,0,0,2023-04-03T12:00:00.051000Z,483506641,4.83506641
2023-04-04,XBT,8,1,1,2200880,0.0220088,0,0,2023-04-04T12:00:00.039000Z,485707521,4.85707521
2023-04-05,XBT,8,1,1,9156172,0.09156172,0,0,2023-04-05T12:00:00.039000Z,494863693,4.94863693
2023-04-06,XBT,8,1,1,13148544,0.13148544,0,0,2023-04-06T12:00:00.039000Z,508012237,5.08012237
2023-04-09,XBT,8,2,1,414034,0.00414034,0,0,2023-04-09T12:00:00.027000Z,508426271,5.08426271
2023-04-10,XBT,8,1,1,-4660524,-0.04660524,0,0,2023-04-10T12:00:00.032000Z,503765747,5.03765747
2023-04-11,XBT,8,2,1,4749036,0.04749036,0,0,2023-04-11T12:00:00.045000Z,508514783,5.08514783
2023-04-12,XBT,8,2,1,-1068927,-0.01068927,0,0,2023-04-12T12:00:00.037000Z,507445856,5.07445856
2023-04-13,XBT,8,2,1,7438997,0.07438997,0,0,2023-04-13T12:00:00.050000Z,514884853,5.14884853
2023-04-14,XBT,8,3,1,8699226,0.08699226,0,0,2023-04-14T12:00:00.035000Z,523584079,5.23584079
2023-04-15,XBT,8,3,1,2905609,0.02905609,0,0,2023-04-15T12:00:00.051000Z,526489688,5.26489688
2023-04-16,XBT,8,3,1,546771,0.00546771,0,0,2023-04-16T12:00:00.050000Z,527036459,5.27036459
2023-04-17,XBT,8,3,1,10998069,0.10998069,0,0,2023-04-17T12:00:00.073000Z,538034528,5.38034528
2023-04-18,XBT,8,3,1,4445495,0.04445495,0,0,2023-04-18T12:00:00.038000Z,542480023,5.42480023
2023-04-19,XBT,8,3,1,570814,0.00570814,0,0,2023-04-19T12:00:00.047000Z,543050837,5.43050837
2023-04-20,XBT,8,3,1,1632145,0.01632145,0,0,2023-04-20T12:00:00.038000Z,544682982,5.44682982
2023-04-21,XBT,8,4,1,-15285898,-0.15285898,0,0,2023-04-21T12:00:00.039000Z,529397084,5.29397084
2023-04-22,XBT,8,3,1,7083923,0.07083923,0,0,2023-04-22T12:00:00.043000Z,536481007,5.36481007
2023-04-23,XBT,8,2,1,7743567,0.07743567,0,0,2023-04-23T12:00:00.053000Z,544224574,5.44224574
2023-04-24,XBT,8,2,1,2822198,0.02822198,0,0,2023-04-24T12:00:00.043000Z,547046772,5.47046772
2023-04-25,XBT,8,3,1,118169,0.00118169,0,0,2023-04-25T12:00:00.051000Z,547164941,5.47164941
2023-04-26,XBT,8,2,1,2004670,0.0200467,0,0,2023-04-26T12:00:00.053000Z,549169611,5.49169611
2023-04-27,XBT,8,2,1,-31311056,-0.31311056,0,0,2023-04-27T12:00:00.050000Z,517858555,5.17858555
2023-04-28,XBT,8,2,1,-9901010,-0.0990101,0,0,2023-04-28T12:00:00.089000Z,507957545,5.07957545
2023-04-29,XBT,8,1,1,-19466,-0.00019466,0,0,2023-04-29T12:00:00.053000Z,507938079,5.07938079
2023-04-30,XBT,8,1,1,-17460,-0.0001746,0,0,2023-04-30T12:00:00.067000Z,507920619,5.07920619
2023-05-01,XBT,8,2,1,1881121,0.01881121,0,0,2023-05-01T12:00:00.055000Z,509801740,5.0980174
2023-05-02,XBT,8,2,1,-204062,-0.00204062,0,0,2023-05-02T12:00:00.058000Z,509597678,5.09597678
2023-05-03,XBT,8,2,1,12950144,0.12950144,0,0,2023-05-03T12:00:00.082000Z,522547822,5.22547822
2023-05-04,XBT,8,2,1,-12144653,-0.12144653,0,0,2023-05-04T12:00:00.063000Z,510403169,5.10403169
2023-05-05,XBT,8,2,1,2294202,0.02294202,0,0,2023-05-05T12:00:00.047000Z,512697371,5.12697371
2023-05-06,XBT,8,2,1,2624371,0.02624371,0,0,2023-05-06T12:00:00.058000Z,515321742,5.15321742
2023-05-07,XBT,8,2,1,-8826756,-0.08826756,0,0,2023-05-07T12:00:00.035000Z,506494986,5.06494986
2023-05-08,XBT,8,1,1,-2648,-0.00002648,0,0,2023-05-08T12:00:00.059000Z,506492338,5.06492338
2023-05-09,XBT,8,1,1,89313,0.00089313,0,0,2023-05-09T12:00:00.096000Z,506581651,5.06581651
2023-05-10,XBT,8,1,1,154685,0.00154685,0,0,2023-05-10T12:00:00.083000Z,506736336,5.06736336
2023-05-11,XBT,8,1,1,472901,0.00472901,0,0,2023-05-11T12:00:00.086000Z,507209237,5.07209237
2023-05-12,XBT,8,3,1,-2111193,-0.02111193,0,0,2023-05-12T12:00:00.048000Z,505098044,5.05098044
2023-05-13,XBT,8,3,1,1166748,0.01166748,0,0,2023-05-13T12:00:00.053000Z,506264792,5.06264792
2023-05-14,XBT,8,2,1,-13871,-0.00013871,0,0,2023-05-14T12:00:00.100000Z,506250921,5.06250921
2023-05-15,XBT,8,2,1,1026860,0.0102686,0,0,2023-05-15T12:00:00.053000Z,507277781,5.07277781
2023-05-16,XBT,8,2,1,258728,0.00258728,0,0,2023-05-16T12:00:00.123000Z,507536509,5.07536509
2023-05-17,XBT,8,2,1,-36494,-0.00036494,0,0,2023-05-17T12:00:00.042000Z,507500015,5.07500015
2023-05-18,XBT,8,2,1,306048,0.00306048,0,0,2023-05-18T12:00:00.069000Z,507806063,5.07806063
2023-05-19,XBT,8,2,1,5826726,0.05826726,0,0,2023-05-19T12:00:00.068000Z,513632789,5.13632789
2023-05-20,XBT,8,2,1,-1969877,-0.01969877,0,0,2023-05-20T12:00:00.074000Z,511662912,5.11662912
2023-05-21,XBT,8,2,1,4247592,0.04247592,0,0,2023-05-21T12:00:00.056000Z,515910504,5.15910504
2023-05-22,XBT,8,2,1,23416,0.00023416,0,0,2023-05-22T12:00:00.069000Z,515933920,5.1593392
2023-05-23,XBT,8,2,1,3089229,0.03089229,0,0,2023-05-23T12:00:00.087000Z,519023149,5.19023149
2023-05-24,XBT,8,2,1,-12286677,-0.12286677,0,0,2023-05-24T12:00:00.078000Z,506736472,5.06736472
2023-05-25,XBT,8,1,1,216957,0.00216957,0,0,2023-05-25T12:00:00.090000Z,506953429,5.06953429
2023-05-26,XBT,8,1,1,169759,0.00169759,0,0,2023-05-26T12:00:00.179000Z,507123188,5.07123188
2023-05-27,XBT,8,1,1,62463,0.00062463,0,0,2023-05-27T12:00:00.086000Z,507185651,5.07185651
2023-05-28,XBT,8,1,1,-1610965,-0.01610965,0,0,2023-05-28T12:00:00.070000Z,505574686,5.05574686
2023-05-29,XBT,8,1,1,166147,0.00166147,0,0,2023-05-29T12:00:00.080000Z,505740833,5.05740833
2023-05-30,XBT,8,1,1,-6474,-0.00006474,0,0,2023-05-30T12:00:00.059000Z,505734359,5.05734359
2023-05-31,XBT,8,1,1,4589448,0.04589448,0,0,2023-05-31T12:00:00.040000Z,510323807,5.10323807
2023-06-01,XBT,8,1,1,3096348,0.03096348,0,0,2023-06-01T12:00:00.055000Z,513420155,5.13420155
2023-06-02,XBT,8,2,1,-798393,-0.00798393,0,0,2023-06-02T12:00:00.065000Z,512621762,5.12621762
2023-06-03,XBT,8,2,1,1515657,0.01515657,0,0,2023-06-03T12:00:00.051000Z,514137419,5.14137419
2023-06-04,XBT,8,2,1,129100,0.001291,0,0,2023-06-04T12:00:00.049000Z,514266519,5.14266519
2023-06-05,XBT,8,2,1,1086353,0.01086353,0,0,2023-06-05T12:00:00.048000Z,515352872,5.15352872
2023-06-06,XBT,8,3,1,-16234143,-0.16234143,0,0,2023-06-06T12:00:00.057000Z,499118729,4.99118729
2023-06-07,XBT,8,4,1,12955558,0.12955558,0,0,2023-06-07T12:00:00.065000Z,512074287,5.12074287
2023-06-08,XBT,8,4,1,651170,0.0065117,0,0,2023-06-08T12:00:00.058000Z,512725457,5.12725457
2023-06-09,XBT,8,5,1,647618,0.00647618,0,0,2023-06-09T12:00:00.048000Z,513373075,5.13373075
2023-06-10,XBT,8,6,1,-1074492,-0.01074492,0,0,2023-06-10T12:00:00.047000Z,512298583,5.12298583
2023-06-11,XBT,8,5,1,-1593225,-0.01593225,0,0,2023-06-11T12:00:00.051000Z,510705358,5.10705358
2023-06-12,XBT,8,5,1,-9729368,-0.09729368,0,0,2023-06-12T12:00:00.053000Z,500975990,5.0097599
2023-06-13,XBT,8,3,1,-87007,-0.00087007,0,0,2023-06-13T12:00:00.039000Z,500888983,5.00888983
2023-06-14,XBT,8,4,1,23580,0.0002358,0,0,2023-06-14T12:00:00.040000Z,500912563,5.00912563
2023-06-15,XBT,8,7,1,-43944161,-0.43944161,0,0,2023-06-15T12:00:00.057000Z,456968402,4.56968402
2023-06-16,XBT,8,5,1,-1509643,-0.01509643,0,0,2023-06-16T12:00:00.057000Z,455458759,4.55458759
2023-06-17,XBT,8,5,1,18949586,0.18949586,0,0,2023-06-17T12:00:00.056000Z,474408345,4.74408345
2023-06-18,XBT,8,4,1,-6555338,-0.06555338,0,0,2023-06-18T12:00:00.075000Z,467853007,4.67853007
2023-06-19,XBT,8,3,1,-2031176,-0.02031176,0,0,2023-06-19T12:00:00.079000Z,465821831,4.65821831
2023-06-20,XBT,8,4,1,885636,0.00885636,0,0,2023-06-20T12:00:00.085000Z,466707467,4.66707467
2023-06-21,XBT,8,4,1,17399488,0.17399488,0,0,2023-06-21T12:00:00.071000Z,484106955,4.84106955
2023-06-22,XBT,8,4,1,14281922,0.14281922,0,0,2023-06-22T12:00:00.068000Z,498388877,4.98388877
2023-06-23,XBT,8,4,1,-139252,-0.00139252,0,0,2023-06-23T12:00:00.060000Z,498249625,4.98249625
2023-06-24,XBT,8,4,1,1370242,0.01370242,0,0,2023-06-24T12:00:00.047000Z,499619867,4.99619867
2023-06-25,XBT,8,4,1,-38074,-0.00038074,0,0,2023-06-25T12:00:00.111000Z,499581793,4.99581793
2023-06-26,XBT,8,3,1,-59432,-0.00059432,0,0,2023-06-26T12:00:00.036000Z,499522361,4.99522361
2023-06-27,XBT,8,4,1,-563575,-0.00563575,0,0,2023-06-27T12:00:00.044000Z,498958786,4.98958786
2023-06-28,XBT,8,4,1,2681629,0.02681629,0,0,2023-06-28T12:00:00.071000Z,501640415,5.01640415
2023-06-29,XBT,8,4,1,-2539217,-0.02539217,0,0,2023-06-29T12:00:00.078000Z,499101198,4.99101198
2023-06-30,XBT,8,4,1,2185813,0.02185813,0,0,2023-06-30T12:00:15.053000Z,501287011,5.01287011
2023-07-01,XBT,8,3,1,-6540211,-0.06540211,0,0,2023-07-01T12:00:00.096000Z,494746800,4.947468
2023-07-02,XBT,8,3,1,-27512,-0.00027512,0,0,2023-07-02T12:00:00.085000Z,494719288,4.94719288
2023-07-03,XBT,8,3,1,-22680,-0.0002268,0,0,2023-07-03T12:00:00.051000Z,494696608,4.94696608
2023-07-04,XBT,8,3,1,4075321,0.04075321,0,0,2023-07-04T12:00:00.071000Z,498771929,4.98771929
2023-07-05,XBT,8,3,1,-7067253,-0.07067253,0,0,2023-07-05T12:00:00.100000Z,491704676,4.91704676
2023-07-06,XBT,8,3,1,143273,0.00143273,0,0,2023-07-06T12:00:00.112000Z,491847949,4.91847949
2023-07-07,XBT,8,3,1,-7080497,-0.07080497,0,0,2023-07-07T12:00:00.092000Z,484767452,4.84767452
2023-07-08,XBT,8,2,1,-7006,-0.00007006,0,0,2023-07-08T12:00:00.149000Z,484760446,4.84760446
2023-07-09,XBT,8,3,1,82901,0.00082901,0,0,2023-07-09T12:00:00.222000Z,484843347,4.84843347
2023-07-10,XBT,8,3,1,375090,0.0037509,0,0,2023-07-10T12:00:00.154000Z,485218437,4.85218437
2023-07-11,XBT,8,3,1,3076534,0.03076534,0,0,2023-07-11T12:00:00.156000Z,488294971,4.88294971
2023-07-12,XBT,8,2,1,-8847,-0.00008847,0,0,2023-07-12T12:00:00.146000Z,488286124,4.88286124
2023-07-13,XBT,8,2,1,-14645,-0.00014645,0,0,2023-07-13T12:00:00.133000Z,488271479,4.88271479
2023-07-14,XBT,8,2,1,1656673,0.01656673,0,0,2023-07-14T12:00:00.137000Z,489928152,4.89928152
2023-07-15,XBT,8,3,1,8627118,0.08627118,0,0,2023-07-15T12:00:00.115000Z,498555270,4.9855527
2023-07-16,XBT,8,3,1,-1586330,-0.0158633,0,0,2023-07-16T12:00:00.126000Z,496968940,4.9696894
2023-07-17,XBT,8,2,1,-57189,-0.00057189,0,0,2023-07-17T12:00:00.170000Z,496911751,4.96911751
2023-07-18,XBT,8,3,1,1639392,0.01639392,0,0,2023-07-18T12:00:00.130000Z,498551143,4.98551143
2023-07-19,XBT,8,3,1,-4667640,-0.0466764,0,0,2023-07-19T12:00:00.147000Z,493883503,4.93883503
2023-07-20,XBT,8,3,1,-93904,-0.00093904,0,0,2023-07-20T12:00:00.100000Z,493789599,4.93789599
2023-07-21,XBT,8,3,1,483474,0.00483474,0,0,2023-07-21T12:00:00.109000Z,494273073,4.94273073
2023-07-22,XBT,8,3,1,2045452,0.02045452,0,0,2023-07-22T12:00:00.190000Z,496318525,4.96318525
2023-07-23,XBT,8,3,1,-50388,-0.00050388,0,0,2023-07-23T12:00:00.122000Z,496268137,4.96268137
2023-07-24,XBT,8,3,1,4164894,0.04164894,0,0,2023-07-24T12:00:00.188000Z,500433031,5.00433031
2023-07-25,XBT,8,4,1,-3036843,-0.03036843,0,0,2023-07-25T12:00:00.148000Z,497396188,4.97396188
2023-07-26,XBT,8,3,1,5534961,0.05534961,0,0,2023-07-26T12:00:00.152000Z,502931149,5.02931149
2023-07-27,XBT,8,3,1,108979,0.00108979,0,0,2023-07-27T12:00:00.171000Z,503040128,5.03040128
2023-07-28,XBT,8,3,1,694171,0.00694171,0,0,2023-07-28T12:00:00.166000Z,503734299,5.03734299
2023-07-29,XBT,8,4,1,839278,0.00839278,0,0,2023-07-29T12:00:00.127000Z,504573577,5.04573577
2023-07-30,XBT,8,4,1,-3919220,-0.0391922,0,0,2023-07-30T12:00:00.177000Z,500654357,5.00654357
2023-07-31,XBT,8,3,1,1211863,0.01211863,0,0,2023-07-31T12:00:00.164000Z,501866220,5.0186622
2023-08-01,XBT,8,4,1,4505739,0.04505739,0,0,2023-08-01T12:00:00.177000Z,506371959,5.06371959
2023-08-02,XBT,8,3,1,66480,0.0006648,0,0,2023-08-02T12:00:00.153000Z,506438439,5.06438439
2023-08-03,XBT,8,3,1,719900,0.007199,0,0,2023-08-03T12:00:00.174000Z,507158339,5.07158339
2023-08-04,XBT,8,4,1,235840,0.0023584,0,0,2023-08-04T12:00:00.204000Z,507394179,5.07394179
2023-08-05,XBT,8,4,1,2426280,0.0242628,0,0,2023-08-05T12:00:00.180000Z,509820459,5.09820459
2023-08-06,XBT,8,5,1,55790,0.0005579,0,0,2023-08-06T12:00:00.072000Z,509876249,5.09876249
2023-08-07,XBT,8,5,1,1726852,0.01726852,0,0,2023-08-07T12:00:00.194000Z,511603101,5.11603101
2023-08-08,XBT,8,5,1,3442537,0.03442537,0,0,2023-08-08T12:00:00.235000Z,515045638,5.15045638
2023-08-09,XBT,8,5,1,-24747487,-0.24747487,0,0,2023-08-09T12:00:00.197000Z,490298151,4.90298151
2023-08-10,XBT,8,4,1,2682297,0.02682297,0,0,2023-08-10T12:00:00.166000Z,492980448,4.92980448
2023-08-11,XBT,8,4,1,1391097,0.01391097,0,0,2023-08-11T12:00:00.182000Z,494371545,4.94371545
2023-08-12,XBT,8,4,1,1011465,0.01011465,0,0,2023-08-12T12:00:00.171000Z,495383010,4.9538301
2023-08-13,XBT,8,4,1,312055,0.00312055,0,0,2023-08-13T12:00:00.206000Z,495695065,4.95695065
2023-08-14,XBT,8,4,1,-1320190,-0.0132019,0,0,2023-08-14T12:00:00.275000Z,494374875,4.94374875
2023-08-15,XBT,8,4,1,-18885184,-0.18885184,0,0,2023-08-15T12:00:00.177000Z,475489691,4.75489691
2023-08-16,XBT,8,4,1,6236163,0.06236163,0,0,2023-08-16T12:00:00.225000Z,481725854,4.81725854
2023-08-17,XBT,8,3,1,22791498,0.22791498,0,0,2023-08-17T12:00:00.238000Z,504517352,5.04517352
2023-08-18,XBT,8,4,1,106754714,1.06754714,0,0,2023-08-18T12:00:00.246000Z,611272066,6.11272066
2023-08-19,XBT,8,3,1,-3864744,-0.03864744,0,0,2023-08-19T12:00:00.282000Z,607407322,6.07407322
2023-08-20,XBT,8,4,1,-2445959,-0.02445959,0,0,2023-08-20T12:00:00.177000Z,604961363,6.04961363
2023-08-21,XBT,8,4,1,-179655,-0.00179655,0,0,2023-08-21T12:00:00.173000Z,604781708,6.04781708
2023-08-22,XBT,8,4,1,2269,0.00002269,0,0,2023-08-22T12:00:00.218000Z,604783977,6.04783977
2023-08-23,XBT,8,5,1,1566277,0.01566277,0,0,2023-08-23T12:00:00.230000Z,606350254,6.06350254
2023-08-24,XBT,8,5,1,-4151292,-0.04151292,0,0,2023-08-24T12:00:00.188000Z,602198962,6.02198962
2023-08-25,XBT,8,4,1,14227,0.00014227,0,0,2023-08-25T12:00:00.199000Z,602213189,6.02213189
2023-08-26,XBT,8,4,1,-112861,-0.00112861,0,0,2023-08-26T12:00:00.251000Z,602100328,6.02100328
2023-08-27,XBT,8,5,1,58061,0.00058061,0,0,2023-08-27T12:00:00.209000Z,602158389,6.02158389
2023-08-28,XBT,8,4,1,176584,0.00176584,0,0,2023-08-28T12:00:00.226000Z,602334973,6.02334973
2023-08-29,XBT,8,4,1,-5208339,-0.05208339,0,0,2023-08-29T12:00:00.133000Z,597126634,5.97126634
2023-08-30,XBT,8,5,1,159550,0.0015955,0,0,2023-08-30T12:00:00.120000Z,597286184,5.97286184
2023-08-31,BMEX,6,9,1,-12946000000,-12946,0,0,2023-08-31T18:03:55.552000Z,120000,0.12
2023-08-31,USDT,6,9,1,4561931227,4561.931227,0,0,2023-08-31T18:03:55.552000Z,4562039227,4562.039227
2023-08-31,XBT,8,4,1,9820253,0.09820253,0,0,2023-08-31T12:00:00.113000Z,607106437,6.07106437
2023-09-01,XBT,8,5,1,27271640,0.2727164,0,0,2023-09-01T12:00:00.133000Z,634378077,6.34378077
2023-09-02,XBT,8,4,1,10570543,0.10570543,0,0,2023-09-02T12:00:00.132000Z,644948620,6.4494862
2023-09-03,XBT,8,4,1,117349,0.00117349,0,0,2023-09-03T12:00:00.134000Z,645065969,6.45065969
2023-09-04,XBT,8,4,1,91129,0.00091129,0,0,2023-09-04T12:00:00.125000Z,645157098,6.45157098
2023-09-05,XBT,8,5,1,3153505,0.03153505,0,0,2023-09-05T12:00:00.099000Z,648310603,6.48310603
2023-09-06,XBT,8,5,1,528110,0.0052811,0,0,2023-09-06T12:00:00.145000Z,648838713,6.48838713
2023-09-07,XBT,8,5,1,2621611,0.02621611,0,0,2023-09-07T12:00:00.178000Z,651460324,6.51460324
2023-09-08,XBT,8,4,1,-7762691,-0.07762691,0,0,2023-09-08T12:00:00.156000Z,643697633,6.43697633
2023-09-09,XBT,8,3,1,757759,0.00757759,0,0,2023-09-09T12:00:00.154000Z,644455392,6.44455392
2023-09-10,XBT,8,4,1,-746765,-0.00746765,0,0,2023-09-10T12:00:00.129000Z,643708627,6.43708627
2023-09-11,XBT,8,5,1,14126191,0.14126191,0,0,2023-09-11T12:00:00.248000Z,657834818,6.57834818
2023-09-12,XBT,8,4,1,35941919,0.35941919,0,0,2023-09-12T12:00:00.190000Z,693776737,6.93776737
2023-09-13,XBT,8,4,1,-2280227,-0.02280227,0,0,2023-09-13T12:00:00.246000Z,691496510,6.9149651
2023-09-14,XBT,8,4,1,-20911903,-0.20911903,0,0,2023-09-14T12:00:00.172000Z,670584607,6.70584607
2023-09-15,XBT,8,3,1,-23278628,-0.23278628,0,0,2023-09-15T12:00:00.153000Z,647305979,6.47305979
2023-09-16,XBT,8,4,1,-7714487,-0.07714487,0,0,2023-09-16T12:00:00.144000Z,639591492,6.39591492
2023-09-17,XBT,8,3,1,-3035100,-0.030351,0,0,2023-09-17T12:00:00.223000Z,636556392,6.36556392
2023-09-18,XBT,8,4,1,-26385503,-0.26385503,0,0,2023-09-18T12:00:00.175000Z,610170889,6.10170889
2023-09-19,XBT,8,4,1,1964700,0.019647,0,0,2023-09-19T12:00:00.201000Z,612135589,6.12135589
2023-09-20,XBT,8,4,1,6945929,0.06945929,0,0,2023-09-20T12:00:00.169000Z,619081518,6.19081518
2023-09-21,XBT,8,4,1,23943335,0.23943335,0,0,2023-09-21T12:00:00.200000Z,643024853,6.43024853
2023-09-22,XBT,8,4,1,17106267,0.17106267,0,0,2023-09-22T12:00:00.238000Z,660131120,6.6013112
2023-09-23,XBT,8,3,1,-217552,-0.00217552,0,0,2023-09-23T12:00:00.165000Z,659913568,6.59913568
2023-09-24,XBT,8,3,1,584446,0.00584446,0,0,2023-09-24T12:00:00.171000Z,660498014,6.60498014
2023-09-25,XBT,8,3,1,14175630,0.1417563,0,0,2023-09-25T12:00:00.185000Z,674673644,6.74673644
2023-09-26,XBT,8,3,1,311920,0.0031192,0,0,2023-09-26T12:00:00.311000Z,674985564,6.74985564
2023-09-27,XBT,8,3,1,-4800913,-0.04800913,0,0,2023-09-27T12:00:00.194000Z,670184651,6.70184651
2023-09-28,XBT,8,4,1,920565,0.00920565,0,0,2023-09-28T12:00:00.126000Z,671105216,6.71105216
2023-09-29,XBT,8,4,1,-27875943,-0.27875943,0,0,2023-09-29T12:00:15.159000Z,643229273,6.43229273
2023-09-30,XBT,8,4,1,409567,0.00409567,0,0,2023-09-30T12:00:00.080000Z,643638840,6.4363884
2023-10-01,XBT,8,4,1,-19170404,-0.19170404,0,0,2023-10-01T12:00:00.056000Z,624468436,6.24468436
2023-10-02,XBT,8,4,1,-21634851,-0.21634851,0,0,2023-10-02T12:00:00.094000Z,602833585,6.02833585
2023-10-03,XBT,8,4,1,9053430,0.0905343,0,0,2023-10-03T12:00:00.148000Z,611887015,6.11887015
2023-10-04,XBT,8,4,1,3345490,0.0334549,0,0,2023-10-04T12:00:00.113000Z,615232505,6.15232505
2023-10-05,XBT,8,4,1,958740,0.0095874,0,0,2023-10-05T12:00:00.113000Z,616191245,6.16191245
2023-10-06,XBT,8,4,1,3065610,0.0306561,0,0,2023-10-06T12:00:00.104000Z,619256855,6.19256855
2023-10-07,XBT,8,4,1,990579,0.00990579,0,0,2023-10-07T12:00:00.131000Z,620247434,6.20247434
2023-10-08,XBT,8,4,1,20136636,0.20136636,0,0,2023-10-08T12:00:00.100000Z,640384070,6.4038407
2023-10-09,XBT,8,5,1,45951788,0.45951788,0,0,2023-10-09T12:00:00.133000Z,686335858,6.86335858
2023-10-10,XBT,8,5,1,44183688,0.44183688,0,0,2023-10-10T12:00:00.096000Z,730519546,7.30519546
2023-10-11,XBT,8,5,1,14310834,0.14310834,0,0,2023-10-11T12:00:00.068000Z,744830380,7.4483038
2023-10-12,XBT,8,5,1,14935345,0.14935345,0,0,2023-10-12T12:00:00.075000Z,759765725,7.59765725
2023-10-13,XBT,8,3,1,26204989,0.26204989,0,0,2023-10-13T12:00:00.076000Z,785970714,7.85970714
2023-10-14,XBT,8,3,1,900144,0.00900144,0,0,2023-10-14T12:00:00.074000Z,786870858,7.86870858
2023-10-15,XBT,8,3,1,-3356952,-0.03356952,0,0,2023-10-15T12:00:00.058000Z,783513906,7.83513906
2023-10-16,XBT,8,4,1,-42913385,-0.42913385,0,0,2023-10-16T12:00:00.047000Z,740600521,7.40600521
2023-10-17,XBT,8,4,1,-73788524,-0.73788524,0,0,2023-10-17T12:00:00.108000Z,666811997,6.66811997
2023-10-18,XBT,8,4,1,4151285,0.04151285,0,0,2023-10-18T12:00:00.100000Z,670963282,6.70963282
2023-10-19,XBT,8,3,1,-636812,-0.00636812,0,0,2023-10-19T12:00:15.110000Z,670326470,6.7032647
2023-10-20,XBT,8,3,1,133220481,1.33220481,0,0,2023-10-20T12:00:00.087000Z,803546951,8.03546951
2023-10-21,XBT,8,3,1,-4641598,-0.04641598,0,0,2023-10-21T12:00:00.090000Z,798905353,7.98905353
2023-10-22,XBT,8,1,1,10299820,0.1029982,0,0,2023-10-22T12:00:00.150000Z,809205173,8.09205173
2023-10-23,USDT,6,2,1,-4560191578,-4560.191578,0,0,2023-10-23T20:26:36.427000Z,1847649,1.847649
2023-10-23,XBT,8,4,2,81644249,0.81644249,0,0,2023-10-23T20:26:36.427000Z,890849422,8.90849422
2023-10-24,XBT,8,2,1,328301446,3.28301446,0,0,2023-10-24T12:00:00.160000Z,1219150868,12.19150868
2023-10-25,XBT,8,2,1,-495545,-0.00495545,0,0,2023-10-25T12:00:00.093000Z,1218655323,12.18655323
2023-10-26,XBT,8,3,1,-5606733,-0.05606733,0,0,2023-10-26T12:00:00.128000Z,1213048590,12.1304859
2023-10-27,XBT,8,3,1,-6059359,-0.06059359,0,0,2023-10-27T12:00:00.120000Z,1206989231,12.06989231
2023-10-28,XBT,8,2,1,-745384,-0.00745384,0,0,2023-10-28T12:00:00.098000Z,1206243847,12.06243847
2023-10-29,XBT,8,3,1,-3050490,-0.0305049,0,0,2023-10-29T12:00:00.181000Z,1203193357,12.03193357
2023-10-30,XBT,8,2,1,3502192,0.03502192,0,0,2023-10-30T12:00:00.102000Z,1206695549,12.06695549
2023-10-31,XBT,8,2,1,4081068,0.04081068,0,0,2023-10-31T12:00:00.056000Z,1210776617,12.10776617
2023-11-01,XBT,8,3,1,-787406,-0.00787406,0,0,2023-11-01T12:00:00.102000Z,1209989211,12.09989211
2023-11-02,XBT,8,2,1,70076831,0.70076831,0,0,2023-11-02T12:00:00.097000Z,1280066042,12.80066042
2023-11-03,XBT,8,3,1,-2890224,-0.02890224,0,0,2023-11-03T12:00:00.149000Z,1277175818,12.77175818
2023-11-04,XBT,8,3,1,-6615356,-0.06615356,0,0,2023-11-04T12:00:00.077000Z,1270560462,12.70560462
2023-11-05,XBT,8,4,1,-929958,-0.00929958,0,0,2023-11-05T12:00:00.107000Z,1269630504,12.69630504
2023-11-06,XBT,8,4,1,-4371048,-0.04371048,0,0,2023-11-06T12:00:00.152000Z,1265259456,12.65259456
2023-11-07,XBT,8,4,1,-753007,-0.00753007,0,0,2023-11-07T12:00:00.100000Z,1264506449,12.64506449
2023-11-08,XBT,8,3,1,2266940,0.0226694,0,0,2023-11-08T12:00:00.122000Z,1266773389,12.66773389
2023-11-09,XBT,8,3,1,74284075,0.74284075,0,0,2023-11-09T12:00:00.098000Z,1341057464,13.41057464
2023-11-10,XBT,8,4,1,52906349,0.52906349,0,0,2023-11-10T12:00:00.074000Z,1393963813,13.93963813
2023-11-11,XBT,8,4,1,1861141,0.01861141,0,0,2023-11-11T12:00:00.100000Z,1395824954,13.95824954
2023-11-12,XBT,8,4,1,2056208,0.02056208,0,0,2023-11-12T12:00:00.226000Z,1397881162,13.97881162
2023-11-13,XBT,8,3,1,-1650607,-0.01650607,0,0,2023-11-13T12:00:00.161000Z,1396230555,13.96230555
2023-11-14,XBT,8,3,1,-4825743,-0.04825743,0,0,2023-11-14T12:00:00.116000Z,1391404812,13.91404812
2023-11-15,XBT,8,3,1,-9738919,-0.09738919,0,0,2023-11-15T12:00:00.034000Z,1381665893,13.81665893
2023-11-16,XBT,8,4,1,19587576,0.19587576,0,0,2023-11-16T12:00:00.156000Z,1401253469,14.01253469
2023-11-17,XBT,8,4,1,-31430425,-0.31430425,0,0,2023-11-17T12:00:00.106000Z,1369823044,13.69823044
2023-11-18,XBT,8,3,1,392129,0.00392129,0,0,2023-11-18T12:00:00.105000Z,1370215173,13.70215173
2023-11-19,XBT,8,4,1,-1817569,-0.01817569,0,0,2023-11-19T12:00:00.144000Z,1368397604,13.68397604
2023-11-20,XBT,8,3,1,1461288,0.01461288,0,0,2023-11-20T12:00:00.110000Z,1369858892,13.69858892
2023-11-21,XBT,8,4,1,1244306,0.01244306,0,0,2023-11-21T12:00:00.142000Z,1371103198,13.71103198
2023-11-22,XBT,8,3,1,22693843,0.22693843,0,0,2023-11-22T12:00:00.122000Z,1393797041,13.93797041
2023-11-23,XBT,8,3,1,-5442582,-0.05442582,0,0,2023-11-23T12:00:00.063000Z,1388354459,13.88354459
2023-11-24,XBT,8,3,1,2512173,0.02512173,0,0,2023-11-24T12:00:00.095000Z,1390866632,13.90866632
2023-11-25,XBT,8,4,1,-3367718,-0.03367718,0,0,2023-11-25T12:00:00.125000Z,1387498914,13.87498914
2023-11-26,XBT,8,3,1,-1788867,-0.01788867,0,0,2023-11-26T12:00:00.110000Z,1385710047,13.85710047
2023-11-27,XBT,8,3,1,-114922,-0.00114922,0,0,2023-11-27T12:00:00.124000Z,1385595125,13.85595125
2023-11-28,XBT,8,4,1,403831,0.00403831,0,0,2023-11-28T12:00:00.089000Z,1385998956,13.85998956
2023-11-29,XBT,8,3,1,252778,0.00252778,0,0,2023-11-29T12:00:00.055000Z,1386251734,13.86251734
2023-11-30,XBT,8,3,1,2243856,0.02243856,0,0,2023-11-30T12:00:00.033000Z,1388495590,13.8849559
2023-12-01,XBT,8,3,1,-13792194,-0.13792194,0,0,2023-12-01T12:00:00.096000Z,1374703396,13.74703396
2023-12-02,XBT,8,3,1,-5627254,-0.05627254,0,0,2023-12-02T12:00:00.103000Z,1369076142,13.69076142
2023-12-03,XBT,8,3,1,-12034,-0.00012034,0,0,2023-12-03T12:00:00.063000Z,1369064108,13.69064108
2023-12-04,XBT,8,3,1,3235989,0.03235989,0,0,2023-12-04T12:00:00.071000Z,1372300097,13.72300097
2023-12-05,XBT,8,4,1,-13828487,-0.13828487,0,0,2023-12-05T12:00:00.142000Z,1358471610,13.5847161
2023-12-06,XBT,8,4,1,-15214123,-0.15214123,0,0,2023-12-06T12:00:00.156000Z,1343257487,13.43257487
2023-12-07,XBT,8,3,1,-7271023,-0.07271023,0,0,2023-12-07T12:00:00.118000Z,1335986464,13.35986464
2023-12-08,XBT,8,1,1,-7069215,-0.07069215,0,0,2023-12-08T12:00:00.132000Z,1328917249,13.28917249
2023-12-09,XBT,8,1,1,-1856630,-0.0185663,0,0,2023-12-09T12:00:00.166000Z,1327060619,13.27060619
2023-12-10,XBT,8,1,1,40767,0.00040767,0,0,2023-12-10T12:00:00.149000Z,1327101386,13.27101386
2023-12-11,XBT,8,1,1,16639592,0.16639592,0,0,2023-12-11T12:00:00.205000Z,1343740978,13.43740978
2023-12-12,XBT,8,1,1,5683195,0.05683195,0,0,2023-12-12T12:00:00.038000Z,1349424173,13.49424173
2023-12-13,XBT,8,1,1,705813,0.00705813,0,0,2023-12-13T12:00:00.061000Z,1350129986,13.50129986
2023-12-14,XBT,8,1,1,2510525,0.02510525,0,0,2023-12-14T12:00:00.063000Z,1352640511,13.52640511
2023-12-15,XBT,8,1,1,3410910,0.0341091,0,0,2023-12-15T12:00:00.156000Z,1356051421,13.56051421
2023-12-16,XBT,8,1,1,7476384,0.07476384,0,0,2023-12-16T12:00:00.120000Z,1363527805,13.63527805
2023-12-17,XBT,8,1,1,4471529,0.04471529,0,0,2023-12-17T12:00:00.092000Z,1367999334,13.67999334
2023-12-18,XBT,8,1,1,20437861,0.20437861,0,0,2023-12-18T12:00:00.103000Z,1388437195,13.88437195
2023-12-19,XBT,8,1,1,-9146706,-0.09146706,0,0,2023-12-19T12:00:00.143000Z,1379290489,13.79290489
2023-12-20,XBT,8,1,1,162978,0.00162978,0,0,2023-12-20T12:00:00.117000Z,1379453467,13.79453467
2023-12-21,XBT,8,2,1,-23848800,-0.238488,0,0,2023-12-21T12:00:00.131000Z,1355604667,13.55604667
2023-12-22,XBT,8,1,1,-22940237,-0.22940237,0,0,2023-12-22T12:00:00.124000Z,1332664430,13.3266443
2023-12-23,XBT,8,1,1,-14241124,-0.14241124,0,0,2023-12-23T12:00:00.090000Z,1318423306,13.18423306
2023-12-24,XBT,8,1,1,-4469420,-0.0446942,0,0,2023-12-24T12:00:00.124000Z,1313953886,13.13953886
2023-12-25,XBT,8,1,1,22393779,0.22393779,0,0,2023-12-25T12:00:00.061000Z,1336347665,13.36347665
2023-12-26,XBT,8,1,1,14844326,0.14844326,0,0,2023-12-26T12:00:00.172000Z,1351191991,13.51191991
2023-12-27,XBT,8,1,1,16883060,0.1688306,0,0,2023-12-27T12:00:00.128000Z,1368075051,13.68075051
2023-12-28,XBT,8,1,1,-1815601,-0.01815601,0,0,2023-12-28T12:00:00.026000Z,1366259450,13.6625945
2023-12-29,XBT,8,2,1,668796,0.00668796,0,0,2023-12-29T12:00:15.175000Z,1366928246,13.66928246
2023-12-30,XBT,8,1,1,12100165,0.12100165,0,0,2023-12-30T12:00:00.038000Z,1379028411,13.79028411
2023-12-31,XBT,8,1,1,-1089170,-0.0108917,0,0,2023-12-31T12:00:00.162000Z,1377939241,13.77939241
2024-01-01,XBT,8,1,1,700836,0.00700836,0,0,2024-01-01T12:00:00.121000Z,1378640077,13.78640077
2024-01-02,XBT,8,2,1,1109728,0.01109728,0,0,2024-01-02T12:00:00.021000Z,1379749805,13.79749805
2024-01-03,XBT,8,2,1,2053698,0.02053698,0,0,2024-01-03T12:00:00.144000Z,1381803503,13.81803503
2024-01-04,XBT,8,2,1,47752968,0.47752968,0,0,2024-01-04T12:00:00.163000Z,1429556471,14.29556471
2024-01-05,XBT,8,2,1,339672,0.00339672,0,0,2024-01-05T12:00:00.167000Z,1429896143,14.29896143
2024-01-06,XBT,8,2,1,202819,0.00202819,0,0,2024-01-06T12:00:00.142000Z,1430098962,14.30098962
2024-01-07,XBT,8,2,1,-341886,-0.00341886,0,0,2024-01-07T12:00:00.164000Z,1429757076,14.29757076
2024-01-08,XBT,8,2,1,-2890500,-0.028905,0,0,2024-01-08T12:00:00.146000Z,1426866576,14.26866576
2024-01-09,XBT,8,2,1,-27369043,-0.27369043,0,0,2024-01-09T12:00:00.087000Z,1399497533,13.99497533
2024-01-10,XBT,8,2,1,-25922843,-0.25922843,0,0,2024-01-10T12:00:00.129000Z,1373574690,13.7357469
2024-01-11,XBT,8,2,1,-59508886,-0.59508886,0,0,2024-01-11T12:00:00.137000Z,1314065804,13.14065804
2024-01-12,XBT,8,2,1,-14793764,-0.14793764,0,0,2024-01-12T12:00:00.096000Z,1299272040,12.9927204
2024-01-13,XBT,8,3,1,110658070,1.1065807,0,0,2024-01-13T12:00:00.070000Z,1409930110,14.0993011
2024-01-14,XBT,8,2,1,-5006957,-0.05006957,0,0,2024-01-14T12:00:00.112000Z,1404923153,14.04923153
2024-01-15,XBT,8,3,1,5661170,0.0566117,0,0,2024-01-15T12:00:00.140000Z,1410584323,14.10584323
2024-01-16,XBT,8,2,1,-5510429,-0.05510429,0,0,2024-01-16T12:00:00.126000Z,1405073894,14.05073894
2024-01-17,XBT,8,2,1,560485,0.00560485,0,0,2024-01-17T12:00:00.107000Z,1405634379,14.05634379
2024-01-18,XBT,8,2,1,122511,0.00122511,0,0,2024-01-18T12:00:00.099000Z,1405756890,14.0575689
2024-01-19,XBT,8,2,1,58013998,0.58013998,0,0,2024-01-19T12:00:00.172000Z,1463770888,14.63770888
2024-01-20,XBT,8,2,1,10528754,0.10528754,0,0,2024-01-20T12:00:00.101000Z,1474299642,14.74299642
2024-01-21,XBT,8,2,1,551546,0.00551546,0,0,2024-01-21T12:00:00.098000Z,1474851188,14.74851188
2024-01-22,XBT,8,2,1,-2022047,-0.02022047,0,0,2024-01-22T12:00:00.193000Z,1472829141,14.72829141
2024-01-23,XBT,8,3,1,38956791,0.38956791,0,0,2024-01-23T12:00:00.185000Z,1511785932,15.11785932
2024-01-24,XBT,8,3,1,2941012,0.02941012,0,0,2024-01-24T12:00:00.156000Z,1514726944,15.14726944
2024-01-25,XBT,8,2,1,744849,0.00744849,0,0,2024-01-25T12:00:00.083000Z,1515471793,15.15471793
2024-01-26,XBT,8,2,1,999196,0.00999196,0,0,2024-01-26T12:00:00.124000Z,1516470989,15.16470989
2024-01-27,XBT,8,2,1,1029263,0.01029263,0,0,2024-01-27T12:00:00.129000Z,1517500252,15.17500252
2024-01-28,XBT,8,2,1,-26612,-0.00026612,0,0,2024-01-28T12:00:00.156000Z,1517473640,15.1747364
2024-01-29,XBT,8,3,1,365111,0.00365111,0,0,2024-01-29T12:00:00.143000Z,1517838751,15.17838751
2024-01-30,XBT,8,3,1,762537,0.00762537,0,0,2024-01-30T12:00:00.144000Z,1518601288,15.18601288
2024-01-31,XBT,8,2,1,4927588,0.04927588,0,0,2024-01-31T12:00:00.132000Z,1523528876,15.23528876
2024-02-01,XBT,8,3,1,3656108,0.03656108,0,0,2024-02-01T12:00:00.159000Z,1527184984,15.27184984
2024-02-02,XBT,8,2,1,137747,0.00137747,0,0,2024-02-02T12:00:00.093000Z,1527322731,15.27322731
2024-02-03,XBT,8,2,1,750781,0.00750781,0,0,2024-02-03T12:00:00.094000Z,1528073512,15.28073512
2024-02-04,XBT,8,2,1,339648,0.00339648,0,0,2024-02-04T12:00:00.034000Z,1528413160,15.2841316
2024-02-05,XBT,8,2,1,-102669,-0.00102669,0,0,2024-02-05T12:00:00.110000Z,1528310491,15.28310491
2024-02-06,XBT,8,2,1,709020,0.0070902,0,0,2024-02-06T12:00:00.137000Z,1529019511,15.29019511
2024-02-07,XBT,8,2,1,1099043,0.01099043,0,0,2024-02-07T12:00:00.181000Z,1530118554,15.30118554
2024-02-08,XBT,8,2,1,-57281139,-0.57281139,0,0,2024-02-08T12:00:00.050000Z,1472837415,14.72837415
2024-02-09,XBT,8,3,1,1147401,0.01147401,0,0,2024-02-09T12:00:00.076000Z,1473984816,14.73984816
2024-02-10,XBT,8,3,1,-11553681,-0.11553681,0,0,2024-02-10T12:00:00.101000Z,1462431135,14.62431135
2024-02-11,XBT,8,3,1,962894,0.00962894,0,0,2024-02-11T12:00:00.112000Z,1463394029,14.63394029
2024-02-12,XBT,8,3,1,1075423,0.01075423,0,0,2024-02-12T12:00:00.138000Z,1464469452,14.64469452
2024-02-13,XBT,8,3,1,-219636814,-2.19636814,0,0,2024-02-13T12:00:00.087000Z,1244832638,12.44832638
2024-02-14,XBT,8,2,1,2192513,0.02192513,0,0,2024-02-14T12:00:00.239000Z,1247025151,12.47025151
2024-02-15,XBT,8,2,1,2033039,0.02033039,0,0,2024-02-15T12:00:00.177000Z,1249058190,12.4905819
2024-02-16,XBT,8,2,1,2783250,0.0278325,0,0,2024-02-16T12:00:00.187000Z,1251841440,12.5184144
2024-02-17,XBT,8,2,1,2870114,0.02870114,0,0,2024-02-17T12:00:00.316000Z,1254711554,12.54711554
2024-02-18,XBT,8,2,1,1647574,0.01647574,0,0,2024-02-18T12:00:00.173000Z,1256359128,12.56359128
2024-02-19,XBT,8,3,1,-171144890,-1.7114489,0,0,2024-02-19T12:00:00.088000Z,1085214238,10.85214238
2024-02-20,XBT,8,2,1,3705377,0.03705377,0,0,2024-02-20T12:00:00.182000Z,1088919615,10.88919615
2024-02-21,XBT,8,2,1,-45423579,-0.45423579,0,0,2024-02-21T12:00:00.031000Z,1043496036,10.43496036
2024-02-22,XBT,8,2,1,-6180497,-0.06180497,0,0,2024-02-22T12:00:00.069000Z,1037315539,10.37315539
2024-02-23,XBT,8,2,1,-25208959,-0.25208959,0,0,2024-02-23T12:00:00.076000Z,1012106580,10.1210658
2024-02-24,XBT,8,2,1,9916773,0.09916773,0,0,2024-02-24T12:00:00.050000Z,1022023353,10.22023353
2024-02-25,XBT,8,2,1,-36054313,-0.36054313,0,0,2024-02-25T12:00:00.059000Z,985969040,9.8596904
2024-02-26,XBT,8,2,1,1267433,0.01267433,0,0,2024-02-26T12:00:00.066000Z,987236473,9.87236473
2024-02-27,XBT,8,2,1,-127122275,-1.27122275,0,0,2024-02-27T12:00:00.132000Z,860114198,8.60114198
2024-02-28,XBT,8,1,1,-2837870,-0.0283787,0,0,2024-02-28T12:00:00.108000Z,857276328,8.57276328
2024-02-29,XBT,8,1,1,35385112,0.35385112,0,0,2024-02-29T12:00:00.072000Z,892661440,8.9266144
2024-03-01,XBT,8,1,1,3678922,0.03678922,0,0,2024-03-01T12:00:00.052000Z,896340362,8.96340362
2024-03-02,XBT,8,1,1,-7541938,-0.07541938,0,0,2024-03-02T12:00:00.032000Z,888798424,8.88798424
2024-03-03,XBT,8,1,1,-9418719,-0.09418719,0,0,2024-03-03T12:00:00.075000Z,879379705,8.79379705
2024-03-04,XBT,8,2,1,-6635943,-0.06635943,0,0,2024-03-04T12:00:00.085000Z,872743762,8.72743762
2024-03-05,XBT,8,2,1,-16296974,-0.16296974,0,0,2024-03-05T12:00:00.063000Z,856446788,8.56446788
2024-03-06,XBT,8,2,1,10139275,0.10139275,0,0,2024-03-06T12:00:00.049000Z,866586063,8.66586063
2024-03-07,XBT,8,2,1,-8138060,-0.0813806,0,0,2024-03-07T12:00:00.045000Z,858448003,8.58448003
2024-03-08,XBT,8,2,1,-5875264,-0.05875264,0,0,2024-03-08T12:00:00.055000Z,852572739,8.52572739
2024-03-09,XBT,8,2,1,27687547,0.27687547,0,0,2024-03-09T12:00:00.020000Z,880260286,8.80260286
2024-03-10,XBT,8,2,1,3064431,0.03064431,0,0,2024-03-10T12:00:00.040000Z,883324717,8.83324717
2024-03-11,XBT,8,2,1,7534510,0.0753451,0,0,2024-03-11T12:00:00.046000Z,890859227,8.90859227
2024-03-12,XBT,8,2,1,4752619,0.04752619,0,0,2024-03-12T12:00:00.043000Z,895611846,8.95611846
2024-03-13,XBT,8,2,1,9537922,0.09537922,0,0,2024-03-13T12:00:00.085000Z,905149768,9.05149768
2024-03-14,XBT,8,2,1,722743,0.00722743,0,0,2024-03-14T12:00:00.085000Z,905872511,9.05872511
2024-03-15,XBT,8,2,1,100271174,1.00271174,0,0,2024-03-15T12:00:00.028000Z,1006143685,10.06143685
2024-03-16,XBT,8,2,1,239031,0.00239031,0,0,2024-03-16T12:00:00.042000Z,1006382716,10.06382716
2024-03-17,XBT,8,2,1,39013721,0.39013721,0,0,2024-03-17T12:00:00.049000Z,1045396437,10.45396437
2024-03-18,XBT,8,2,1,113183,0.00113183,0,0,2024-03-18T12:00:00.037000Z,1045509620,10.4550962
2024-03-19,XBT,8,3,1,107542961,1.07542961,0,0,2024-03-19T12:00:00.074000Z,1153052581,11.53052581
2024-03-20,XBT,8,3,1,1869072,0.01869072,0,0,2024-03-20T12:00:00.054000Z,1154921653,11.54921653
2024-03-21,XBT,8,3,1,22690390,0.2269039,0,0,2024-03-21T12:00:00.065000Z,1177612043,11.77612043
2024-03-22,XBT,8,3,1,8118154,0.08118154,0,0,2024-03-22T12:00:00.032000Z,1185730197,11.85730197
2024-03-23,XBT,8,2,1,20664006,0.20664006,0,0,2024-03-23T12:00:00.076000Z,1206394203,12.06394203
2024-03-24,XBT,8,2,1,12148605,0.12148605,0,0,2024-03-24T12:00:00.051000Z,1218542808,12.18542808
2024-03-25,XBT,8,2,1,15536944,0.15536944,0,0,2024-03-25T12:00:00.082000Z,1234079752,12.34079752
2024-03-26,XBT,8,2,1,11616752,0.11616752,0,0,2024-03-26T12:00:00.034000Z,1245696504,12.45696504
2024-03-27,XBT,8,2,1,2335754,0.02335754,0,0,2024-03-27T12:00:00.060000Z,1248032258,12.48032258
2024-03-28,XBT,8,2,1,24901744,0.24901744,0,0,2024-03-28T12:00:00.081000Z,1272934002,12.72934002
2024-03-29,XBT,8,3,1,-5360944,-0.05360944,0,0,2024-03-29T12:00:15.170000Z,1267573058,12.67573058
2024-03-30,XBT,8,2,1,-11921172,-0.11921172,0,0,2024-03-30T12:00:00.063000Z,1255651886,12.55651886
2024-03-31,XBT,8,2,1,-1036351,-0.01036351,0,0,2024-03-31T12:00:00.063000Z,1254615535,12.54615535
2024-04-01,XBT,8,2,1,-619125,-0.00619125,0,0,2024-04-01T12:00:00.033000Z,1253996410,12.5399641
2024-04-02,XBT,8,2,1,63999546,0.63999546,0,0,2024-04-02T12:00:00.112000Z,1317995956,13.17995956
2024-04-03,XBT,8,2,1,-1402229,-0.01402229,0,0,2024-04-03T12:00:00.084000Z,1316593727,13.16593727
2024-04-04,XBT,8,2,1,-141124,-0.00141124,0,0,2024-04-04T12:00:00.051000Z,1316452603,13.16452603
2024-04-05,XBT,8,3,1,-8398334,-0.08398334,0,0,2024-04-05T12:00:00.043000Z,1308054269,13.08054269
2024-04-06,XBT,8,3,1,-528313,-0.00528313,0,0,2024-04-06T12:00:00.040000Z,1307525956,13.07525956
2024-04-07,XBT,8,2,1,-2816846,-0.02816846,0,0,2024-04-07T12:00:00.066000Z,1304709110,13.0470911
2024-04-08,XBT,8,3,1,1417625,0.01417625,0,0,2024-04-08T12:00:00.042000Z,1306126735,13.06126735
2024-04-09,XBT,8,3,1,2994258,0.02994258,0,0,2024-04-09T12:00:00.043000Z,1309120993,13.09120993
2024-04-10,XBT,8,16,1,-10985664,-0.10985664,0,0,2024-04-10T22:25:17.287000Z,1298135329,12.98135329
2024-04-11,XBT,8,9,1,-10266843,-0.10266843,0,0,2024-04-11T22:54:24.392000Z,1287868486,12.87868486
2024-04-12,XBT,8,21,1,2609303,0.02609303,0,0,2024-04-12T20:00:00.084000Z,1290477789,12.90477789
2024-04-13,XBT,8,62,1,69846897,0.69846897,0,0,2024-04-13T22:41:55.650000Z,1360324686,13.60324686
2024-04-14,XBT,8,24,1,-337267,-0.00337267,0,0,2024-04-14T22:04:27.733000Z,1359987419,13.59987419
2024-04-15,XBT,8,12,1,967471,0.00967471,0,0,2024-04-15T20:00:00.041000Z,1360954890,13.6095489
2024-04-16,XBT,8,17,1,443768,0.00443768,0,0,2024-04-16T21:49:47.470000Z,1361398658,13.61398658
2024-04-17,XBT,8,10,1,-110864,-0.00110864,0,0,2024-04-17T20:00:00.064000Z,1361287794,13.61287794
2024-04-18,XBT,8,9,1,-814345,-0.00814345,0,0,2024-04-18T20:00:00.044000Z,1360473449,13.60473449
2024-04-19,XBT,8,5,1,-36206,-0.00036206,0,0,2024-04-19T20:00:00.074000Z,1360437243,13.60437243
2024-04-20,XBT,8,12,1,391991,0.00391991,0,0,2024-04-20T20:00:00.060000Z,1360829234,13.60829234
2024-04-21,XBT,8,23,1,-853840,-0.0085384,0,0,2024-04-21T20:00:00.085000Z,1359975394,13.59975394
2024-04-22,XBT,8,11,1,217485,0.00217485,0,0,2024-04-22T20:00:00.076000Z,1360192879,13.60192879
2024-04-23,XBT,8,9,1,15782,0.00015782,0,0,2024-04-23T20:00:00.047000Z,1360208661,13.60208661
2024-04-24,XBT,8,16,1,2285873,0.02285873,0,0,2024-04-24T20:00:00.066000Z,1362494534,13.62494534
2024-04-25,XBT,8,10,1,8100737,0.08100737,0,0,2024-04-25T20:00:00.051000Z,1370595271,13.70595271
2024-04-26,XBT,8,7,1,439648,0.00439648,0,0,2024-04-26T22:25:15.555000Z,1371034919,13.71034919
2024-04-27,XBT,8,9,1,3167864,0.03167864,0,0,2024-04-27T21:54:59.276000Z,1374202783,13.74202783
2024-04-28,XBT,8,3,1,531981,0.00531981,0,0,2024-04-28T20:00:00.085000Z,1374734764,13.74734764
2024-04-29,XBT,8,20,1,4441371,0.04441371,0,0,2024-04-29T23:02:17.126000Z,1379176135,13.79176135
2024-04-30,XBT,8,41,1,43775618,0.43775618,0,0,2024-04-30T21:29:37.982000Z,1422951753,14.22951753
2024-05-01,XBT,8,68,1,130878759,1.30878759,0,0,2024-05-01T22:28:17.183000Z,1553830512,15.53830512
2024-05-02,XBT,8,39,1,586522,0.00586522,0,0,2024-05-02T20:00:00.054000Z,1554417034,15.54417034
2024-05-03,XBT,8,54,1,-1039602,-0.01039602,0,0,2024-05-03T23:34:14.746000Z,1553377432,15.53377432
2024-05-04,XBT,8,33,1,3261011,0.03261011,0,0,2024-05-04T22:56:18.204000Z,1556638443,15.56638443
2024-05-05,XBT,8,16,1,379242,0.00379242,0,0,2024-05-05T22:38:40.665000Z,1557017685,15.57017685
2024-05-06,XBT,8,22,1,3108895,0.03108895,0,0,2024-05-06T20:00:00.139000Z,1560126580,15.6012658
2024-05-07,XBT,8,7,1,-273619,-0.00273619,0,0,2024-05-07T23:02:09.435000Z,1559852961,15.59852961
2024-05-08,XBT,8,14,1,1970105,0.01970105,0,0,2024-05-08T22:13:00.290000Z,1561823066,15.61823066
2024-05-09,XBT,8,8,1,3281158,0.03281158,0,0,2024-05-09T20:00:00.028000Z,1565104224,15.65104224
2024-05-10,XBT,8,8,1,4140499,0.04140499,0,0,2024-05-10T20:00:00.072000Z,1569244723,15.69244723
2024-05-11,XBT,8,16,1,3011456,0.03011456,0,0,2024-05-11T20:00:00.052000Z,1572256179,15.72256179
2024-05-12,XBT,8,14,1,2511089,0.02511089,0,0,2024-05-12T20:00:00.051000Z,1574767268,15.74767268
2024-05-13,XBT,8,25,1,579338,0.00579338,0,0,2024-05-13T20:00:00.057000Z,1575346606,15.75346606
2024-05-14,XBT,8,17,1,1566715,0.01566715,0,0,2024-05-14T22:07:23.920000Z,1576913321,15.76913321
2024-05-15,XBT,8,33,1,-23218091,-0.23218091,0,0,2024-05-15T20:00:00.114000Z,1553695230,15.5369523
2024-05-16,XBT,8,11,1,250904,0.00250904,0,0,2024-05-16T20:00:00.032000Z,1553946134,15.53946134
2024-05-17,XBT,8,34,1,-60123920,-0.6012392,0,0,2024-05-17T20:00:00.059000Z,1493822214,14.93822214
2024-05-18,XBT,8,8,1,-10555032,-0.10555032,0,0,2024-05-18T20:00:00.083000Z,1483267182,14.83267182
2024-05-19,XBT,8,10,1,-15484299,-0.15484299,0,0,2024-05-19T20:00:00.068000Z,1467782883,14.67782883
2024-05-20,XBT,8,37,1,-97937238,-0.97937238,0,0,2024-05-20T20:00:14.443000Z,1369845645,13.69845645
2024-05-21,XBT,8,26,1,263138,0.00263138,0,0,2024-05-21T20:00:00.035000Z,1370108783,13.70108783
2024-05-22,XBT,8,6,1,285729,0.00285729,0,0,2024-05-22T20:00:00.033000Z,1370394512,13.70394512
2024-05-23,XBT,8,11,1,-46041564,-0.46041564,0,0,2024-05-23T20:03:19.818000Z,1324352948,13.24352948
2024-05-24,XBT,8,28,1,-20863039,-0.20863039,0,0,2024-05-24T20:00:00.082000Z,1303489909,13.03489909
2024-05-25,XBT,8,6,1,79707,0.00079707,0,0,2024-05-25T20:00:00.060000Z,1303569616,13.03569616
2024-05-26,XBT,8,6,1,65957,0.00065957,0,0,2024-05-26T20:00:00.059000Z,1303635573,13.03635573
2024-05-27,XBT,8,34,1,-3445181,-0.03445181,0,0,2024-05-27T20:09:06.439000Z,1300190392,13.00190392
2024-05-28,XBT,8,16,1,4495099,0.04495099,0,0,2024-05-28T20:00:00.064000Z,1304685491,13.04685491
2024-05-29,XBT,8,9,1,138540,0.0013854,0,0,2024-05-29T20:00:00.159000Z,1304824031,13.04824031
2024-05-30,XBT,8,28,1,-3352739,-0.03352739,0,0,2024-05-30T20:00:00.061000Z,1301471292,13.01471292
2024-05-31,XBT,8,28,1,3374249,0.03374249,0,0,2024-05-31T20:00:00.064000Z,1304845541,13.04845541
2024-06-01,XBT,8,6,1,295347,0.00295347,0,0,2024-06-01T20:00:00.111000Z,1305140888,13.05140888
2024-06-02,XBT,8,7,1,297108,0.00297108,0,0,2024-06-02T20:00:00.051000Z,1305437996,13.05437996
2024-06-03,XBT,8,9,1,344320,0.0034432,0,0,2024-06-03T20:00:00.047000Z,1305782316,13.05782316
2024-06-04,XBT,8,10,1,374055,0.00374055,0,0,2024-06-04T20:00:00.080000Z,1306156371,13.06156371
2024-06-05,XBT,8,16,1,-5272889,-0.05272889,0,0,2024-06-05T20:00:00.032000Z,1300883482,13.00883482
2024-06-06,XBT,8,6,1,389613,0.00389613,0,0,2024-06-06T20:00:00.065000Z,1301273095,13.01273095
2024-06-07,XBT,8,14,1,387938,0.00387938,0,0,2024-06-07T20:00:00.041000Z,1301661033,13.01661033
2024-06-08,XBT,8,6,1,405763,0.00405763,0,0,2024-06-08T20:00:00.141000Z,1302066796,13.02066796
2024-06-09,XBT,8,6,1,412556,0.00412556,0,0,2024-06-09T20:00:00.046000Z,1302479352,13.02479352
2024-06-10,XBT,8,6,1,1094988,0.01094988,0,0,2024-06-10T20:00:00.198000Z,1303574340,13.0357434
2024-06-11,XBT,8,11,1,-345120,-0.0034512,0,0,2024-06-11T20:00:00.054000Z,1303229220,13.0322922
2024-06-12,XBT,8,22,1,541093,0.00541093,0,0,2024-06-12T21:28:56.699000Z,1303770313,13.03770313
2024-06-13,XBT,8,9,1,-248935,-0.00248935,0,0,2024-06-13T20:00:00.095000Z,1303521378,13.03521378
2024-06-14,XBT,8,9,1,239902,0.00239902,0,0,2024-06-14T20:00:00.078000Z,1303761280,13.0376128
2024-06-15,XBT,8,16,1,2637129,0.02637129,0,0,2024-06-15T20:19:25.442000Z,1306398409,13.06398409
2024-06-16,XBT,8,10,1,987044,0.00987044,0,0,2024-06-16T23:12:33.903000Z,1307385453,13.07385453
2024-06-17,XBT,8,13,1,2254826,0.02254826,0,0,2024-06-17T20:00:00.043000Z,1309640279,13.09640279
2024-06-18,XBT,8,27,1,5481598,0.05481598,0,0,2024-06-18T20:00:00.062000Z,1315121877,13.15121877
2024-06-19,XBT,8,19,1,-82151,-0.00082151,0,0,2024-06-19T20:00:00.044000Z,1315039726,13.15039726
2024-06-20,XBT,8,76,1,36146567,0.36146567,0,0,2024-06-20T20:00:00.067000Z,1351186293,13.51186293
2024-06-21,XBT,8,10,1,2307152,0.02307152,0,0,2024-06-21T20:00:00.038000Z,1353493445,13.53493445
2024-06-22,XBT,8,9,1,38359,0.00038359,0,0,2024-06-22T20:00:00.076000Z,1353531804,13.53531804
2024-06-23,XBT,8,10,1,1716853,0.01716853,0,0,2024-06-23T23:36:48.227000Z,1355248657,13.55248657
2024-06-24,XBT,8,37,1,71636192,0.71636192,0,0,2024-06-24T20:29:15.274000Z,1426884849,14.26884849
2024-06-25,XBT,8,23,1,609240,0.0060924,0,0,2024-06-25T21:10:51.429000Z,1427494089,14.27494089
2024-06-26,XBT,8,15,1,2133650,0.0213365,0,0,2024-06-26T20:00:00.162000Z,1429627739,14.29627739
2024-06-27,XBT,8,24,1,937908,0.00937908,0,0,2024-06-27T20:00:00.039000Z,1430565647,14.30565647
2024-06-28,XBT,8,22,1,54745094,0.54745094,0,0,2024-06-28T20:00:00.050000Z,1485310741,14.85310741
2024-06-29,XBT,8,7,1,3026448,0.03026448,0,0,2024-06-29T20:00:00.061000Z,1488337189,14.88337189
2024-06-30,XBT,8,37,1,59870848,0.59870848,0,0,2024-06-30T22:28:22.361000Z,1548208037,15.48208037
2024-07-01,XBT,8,31,1,551977,0.00551977,0,0,2024-07-01T20:00:00.041000Z,1548760014,15.48760014
2024-07-02,XBT,8,6,1,720983,0.00720983,0,0,2024-07-02T20:00:00.120000Z,1549480997,15.49480997
2024-07-03,XBT,8,15,1,12064455,0.12064455,0,0,2024-07-03T21:01:43.577000Z,1561545452,15.61545452
2024-07-04,XBT,8,56,1,68250829,0.68250829,0,0,2024-07-04T20:00:00.052000Z,1629796281,16.29796281
2024-07-05,XBT,8,127,1,90756715,0.90756715,0,0,2024-07-05T20:00:00.101000Z,1720552996,17.20552996
2024-07-06,XBT,8,45,1,15709887,0.15709887,0,0,2024-07-06T23:23:30.531000Z,1736262883,17.36262883
2024-07-07,XBT,8,7,1,-283554,-0.00283554,0,0,2024-07-07T20:00:00.066000Z,1735979329,17.35979329
2024-07-08,XBT,8,28,1,43220179,0.43220179,0,0,2024-07-08T20:00:37.440000Z,1779199508,17.79199508
2024-07-09,XBT,8,9,1,13481032,0.13481032,0,0,2024-07-09T20:00:00.031000Z,1792680540,17.9268054
2024-07-10,XBT,8,8,1,-23077,-0.00023077,0,0,2024-07-10T20:00:00.048000Z,1792657463,17.92657463
2024-07-11,XBT,8,12,1,733960,0.0073396,0,0,2024-07-11T23:22:59.584000Z,1793391423,17.93391423
2024-07-12,XBT,8,43,1,5353252,0.05353252,0,0,2024-07-12T20:00:00.050000Z,1798744675,17.98744675
2024-07-13,XBT,8,28,1,738442,0.00738442,0,0,2024-07-13T23:13:28.138000Z,1799483117,17.99483117
2024-07-14,XBT,8,15,1,2963755,0.02963755,0,0,2024-07-14T23:34:01.129000Z,1802446872,18.02446872
2024-07-15,XBT,8,72,1,2858114,0.02858114,0,0,2024-07-15T22:41:50.692000Z,1805304986,18.05304986
2024-07-16,XBT,8,9,1,590262,0.00590262,0,0,2024-07-16T23:29:48.225000Z,1805895248,18.05895248
2024-07-17,XBT,8,9,1,635715,0.00635715,0,0,2024-07-17T20:00:00.049000Z,1806530963,18.06530963
2024-07-18,XBT,8,13,1,687048,0.00687048,0,0,2024-07-18T20:00:00.080000Z,1807218011,18.07218011
2024-07-19,XBT,8,48,1,516911,0.00516911,0,0,2024-07-19T20:17:31.451000Z,1807734922,18.07734922
2024-07-20,XBT,8,21,1,859073,0.00859073,0,0,2024-07-20T20:00:00.090000Z,1808593995,18.08593995
2024-07-21,XBT,8,16,1,5996529,0.05996529,0,0,2024-07-21T20:20:56.415000Z,1814590524,18.14590524
2024-07-22,XBT,8,11,1,-1253119,-0.01253119,0,0,2024-07-22T20:00:00.121000Z,1813337405,18.13337405
2024-07-23,XBT,8,11,1,-331982,-0.00331982,0,0,2024-07-23T20:00:00.200000Z,1813005423,18.13005423
2024-07-24,XBT,8,6,1,1242466,0.01242466,0,0,2024-07-24T20:00:00.061000Z,1814247889,18.14247889
2024-07-25,XBT,8,11,1,882081,0.00882081,0,0,2024-07-25T20:00:00.080000Z,1815129970,18.1512997
2024-07-26,XBT,8,8,1,-8325414,-0.08325414,0,0,2024-07-26T20:00:00.085000Z,1806804556,18.06804556
2024-07-27,XBT,8,32,1,-10688542,-0.10688542,0,0,2024-07-27T20:00:00.069000Z,1796116014,17.96116014
2024-07-28,XBT,8,8,1,-5577895,-0.05577895,0,0,2024-07-28T20:00:00.081000Z,1790538119,17.90538119
2024-07-29,XBT,8,45,1,-166807799,-1.66807799,0,0,2024-07-29T20:00:00.046000Z,1623730320,16.2373032
2024-07-30,XBT,8,18,1,-11200905,-0.11200905,0,0,2024-07-30T20:00:00.153000Z,1612529415,16.12529415
2024-07-31,XBT,8,6,1,334557,0.00334557,0,0,2024-07-31T20:00:00.052000Z,1612863972,16.12863972
2024-08-01,XBT,8,12,1,5857284,0.05857284,0,0,2024-08-01T20:00:00.044000Z,1618721256,16.18721256
2024-08-02,XBT,8,10,1,5384842,0.05384842,0,0,2024-08-02T21:17:07.697000Z,1624106098,16.24106098
2024-08-03,XBT,8,16,1,21136720,0.2113672,0,0,2024-08-03T20:00:00.046000Z,1645242818,16.45242818
2024-08-04,XBT,8,12,1,35576141,0.35576141,0,0,2024-08-04T20:00:00.049000Z,1680818959,16.80818959
2024-08-05,XBT,8,79,1,227453693,2.27453693,0,0,2024-08-05T20:00:00.056000Z,1908272652,19.08272652
2024-08-06,XBT,8,12,1,-184136,-0.00184136,0,0,2024-08-06T20:00:00.088000Z,1908088516,19.08088516
2024-08-07,XBT,8,21,1,-274957,-0.00274957,0,0,2024-08-07T20:00:00.101000Z,1907813559,19.07813559
2024-08-08,XBT,8,39,1,-39906,-0.00039906,0,0,2024-08-08T22:55:53.503000Z,1907773653,19.07773653
2024-08-09,XBT,8,4,1,525180,0.0052518,0,0,2024-08-09T20:00:00.097000Z,1908298833,19.08298833
2024-08-10,XBT,8,16,1,801032,0.00801032,0,0,2024-08-10T20:00:00.088000Z,1909099865,19.09099865
2024-08-11,XBT,8,11,1,172257,0.00172257,0,0,2024-08-11T20:04:16.676000Z,1909272122,19.09272122
2024-08-12,XBT,8,15,1,-6310845,-0.06310845,0,0,2024-08-12T23:19:26.285000Z,1902961277,19.02961277
2024-08-13,XBT,8,11,1,-3851074,-0.03851074,0,0,2024-08-13T20:00:00.058000Z,1899110203,18.99110203
2024-08-14,XBT,8,6,1,859842,0.00859842,0,0,2024-08-14T20:00:00.095000Z,1899970045,18.99970045
2024-08-15,XBT,8,22,1,7520692,0.07520692,0,0,2024-08-15T20:57:12.650000Z,1907490737,19.07490737
2024-08-16,XBT,8,6,1,18312,0.00018312,0,0,2024-08-16T20:00:00.025000Z,1907509049,19.07509049
2024-08-17,XBT,8,12,1,454332,0.00454332,0,0,2024-08-17T20:00:00.033000Z,1907963381,19.07963381
2024-08-18,XBT,8,21,1,-25930066,-0.25930066,0,0,2024-08-18T20:00:00.049000Z,1882033315,18.82033315
2024-08-19,XBT,8,8,1,-506842,-0.00506842,0,0,2024-08-19T20:00:00.041000Z,1881526473,18.81526473
2024-08-20,XBT,8,9,1,419110,0.0041911,0,0,2024-08-20T20:00:00.044000Z,1881945583,18.81945583
2024-08-21,XBT,8,7,1,189182,0.00189182,0,0,2024-08-21T20:00:00.048000Z,1882134765,18.82134765
2024-08-22,XBT,8,7,1,446943,0.00446943,0,0,2024-08-22T20:00:00.095000Z,1882581708,18.82581708
2024-08-23,XBT,8,26,1,-226309463,-2.26309463,0,0,2024-08-23T23:59:05.829000Z,1656272245,16.56272245
2024-08-24,XBT,8,3,1,-21189,-0.00021189,0,0,2024-08-24T20:00:00.026000Z,1656251056,16.56251056
2024-08-25,XBT,8,3,1,-22481,-0.00022481,0,0,2024-08-25T20:00:00.075000Z,1656228575,16.56228575
2024-08-26,XBT,8,3,1,-18839,-0.00018839,0,0,2024-08-26T20:00:00.047000Z,1656209736,16.56209736
2024-08-27,XBT,8,7,1,-338038,-0.00338038,0,0,2024-08-27T20:00:00.028000Z,1655871698,16.55871698
2024-08-28,XBT,8,5,1,23269605,0.23269605,0,0,2024-08-28T20:00:00.034000Z,1679141303,16.79141303
2024-08-29,XBT,8,3,1,-9025,-0.00009025,0,0,2024-08-29T20:00:00.054000Z,1679132278,16.79132278
2024-08-30,XBT,8,3,1,-9049,-0.00009049,0,0,2024-08-30T20:00:00.067000Z,1679123229,16.79123229
2024-08-31,XBT,8,6,1,-144726,-0.00144726,0,0,2024-08-31T20:00:00.033000Z,1678978503,16.78978503
2024-09-01,XBT,8,19,1,-3302596,-0.03302596,0,0,2024-09-01T22:35:09.450000Z,1675675907,16.75675907
2024-09-02,XBT,8,9,1,-2446113,-0.02446113,0,0,2024-09-02T20:00:00.216000Z,1673229794,16.73229794
2024-09-03,XBT,8,8,1,-1940274,-0.01940274,-338712,-0.00338712,2024-09-03T20:00:00.109000Z,1671289520,16.7128952
2024-09-04,XBT,8,53,1,-665725,-0.00665725,1513835,0.01513835,2024-09-04T20:00:00.103000Z,1670623795,16.70623795
2024-09-05,XBT,8,14,1,-434311,-0.00434311,434311,0.00434311,2024-09-05T21:09:24.085000Z,1670189484,16.70189484
2024-09-06,XBT,8,24,1,10943151,0.10943151,-505288,-0.00505288,2024-09-06T20:36:29.486000Z,1681132635,16.81132635
2024-09-07,XBT,8,13,1,13497498,0.13497498,2999386,0.02999386,2024-09-07T20:00:00.072000Z,1694630133,16.94630133
2024-09-08,XBT,8,30,1,47390455,0.47390455,2211761,0.02211761,2024-09-08T20:00:00.072000Z,1742020588,17.42020588
2024-09-09,XBT,8,23,1,33844459,0.33844459,2768830,0.0276883,2024-09-09T22:01:04.971000Z,1775865047,17.75865047
2024-09-10,XBT,8,29,1,-5884835,-0.05884835,473406,0.00473406,2024-09-10T23:34:38.811000Z,1769980212,17.69980212
2024-09-11,XBT,8,6,1,310571,0.00310571,-310571,-0.00310571,2024-09-11T20:00:00.030000Z,1770290783,17.70290783
2024-09-12,XBT,8,17,1,-7299669,-0.07299669,671338,0.00671338,2024-09-12T20:00:00.056000Z,1762991114,17.62991114
2024-09-13,XBT,8,26,1,-9642449,-0.09642449,796395,0.00796395,2024-09-13T22:21:12.164000Z,1753348665,17.53348665
2024-09-14,XBT,8,6,1,276955,0.00276955,-276955,-0.00276955,2024-09-14T20:00:00.034000Z,1753625620,17.5362562
2024-09-15,XBT,8,6,1,240429,0.00240429,-240429,-0.00240429,2024-09-15T20:00:00.061000Z,1753866049,17.53866049
2024-09-16,XBT,8,6,1,-65252,-0.00065252,65252,0.00065252,2024-09-16T20:00:00.051000Z,1753800797,17.53800797
2024-09-17,XBT,8,9,1,515115,0.00515115,-515115,-0.00515115,2024-09-17T20:00:00.064000Z,1754315912,17.54315912
2024-09-18,XBT,8,15,1,-13010805,-0.13010805,-91549,-0.00091549,2024-09-18T23:59:01.214000Z,1741305107,17.41305107
2024-09-19,XBT,8,14,1,462315,0.00462315,-462315,-0.00462315,2024-09-19T20:00:00.041000Z,1741767422,17.41767422
2024-09-20,XBT,8,10,1,-4590538,-0.04590538,-588544,-0.00588544,2024-09-20T20:00:00.050000Z,1737176884,17.37176884
2024-09-21,XBT,8,7,1,-6950179,-0.06950179,-656879,-0.00656879,2024-09-21T20:00:00.055000Z,1730226705,17.30226705
2024-09-22,XBT,8,7,1,-591136,-0.00591136,591136,0.00591136,2024-09-22T20:00:00.032000Z,1729635569,17.29635569
2024-09-23,XBT,8,13,1,-10238549,-0.10238549,192317,0.00192317,2024-09-23T20:00:00.057000Z,1719397020,17.1939702
2024-09-24,XBT,8,9,1,-31489035,-0.31489035,495862,0.00495862,2024-09-24T20:00:00.056000Z,1687907985,16.87907985
2024-09-25,XBT,8,16,1,1729795,0.01729795,-469232,-0.00469232,2024-09-25T20:00:00.033000Z,1689637780,16.8963778
2024-09-26,XBT,8,14,1,1063778,0.01063778,-52938,-0.00052938,2024-09-26T20:00:00.043000Z,1690701558,16.90701558
2024-09-27,XBT,8,7,1,-138042247,-1.38042247,317193,0.00317193,2024-09-27T20:00:00.077000Z,1552659311,15.52659311
2024-09-28,XBT,8,6,1,707203,0.00707203,-707203,-0.00707203,2024-09-28T20:00:00.065000Z,1553366514,15.53366514
2024-09-29,XBT,8,6,1,719946,0.00719946,-719946,-0.00719946,2024-09-29T20:00:00.062000Z,1554086460,15.5408646
2024-09-30,XBT,8,8,1,-3853546,-0.03853546,-343247,-0.00343247,2024-09-30T20:00:00.083000Z,1550232914,15.50232914
2024-10-01,XBT,8,8,2,-2649217,-0.02649217,-636262,-0.00636262,2024-10-01T20:00:00.031000Z,1547583697,15.47583697
2024-10-02,XBT,8,9,2,-551080,-0.0055108,326336,0.00326336,2024-10-02T20:00:00.040000Z,1547032617,15.47032617
2024-10-03,XBT,8,6,1,544743,0.00544743,-544743,-0.00544743,2024-10-03T20:00:00.032000Z,1547577360,15.4757736
2024-10-04,XBT,8,17,2,-1318196,-0.01318196,575544,0.00575544,2024-10-04T20:00:00.039000Z,1546259164,15.46259164
2024-10-05,XBT,8,7,2,261680,0.0026168,-261680,-0.0026168,2024-10-05T20:00:00.047000Z,1546520844,15.46520844
2024-10-06,XBT,8,8,2,453928,0.00453928,-453928,-0.00453928,2024-10-06T20:00:00.057000Z,1546974772,15.46974772
2024-10-07,XBT,8,29,2,-6685519,-0.06685519,-379890,-0.0037989,2024-10-07T23:00:30.050000Z,1540289253,15.40289253
2024-10-08,XBT,8,7,2,186946,0.00186946,-186946,-0.00186946,2024-10-08T20:00:00.089000Z,1540476199,15.40476199
2024-10-09,XBT,8,8,2,199234,0.00199234,-199234,-0.00199234,2024-10-09T20:00:00.051000Z,1540675433,15.40675433
2024-10-10,XBT,8,9,2,16564951,0.16564951,224941,0.00224941,2024-10-10T20:00:00.070000Z,1557240384,15.57240384
2024-10-11,XBT,8,9,2,-946706,-0.00946706,731591,0.00731591,2024-10-11T20:00:00.043000Z,1556293678,15.56293678
2024-10-12,XBT,8,6,1,367440,0.0036744,-367440,-0.0036744,2024-10-12T20:00:00.091000Z,1556661118,15.56661118
2024-10-13,XBT,8,7,2,230811,0.00230811,-230811,-0.00230811,2024-10-13T20:00:00.034000Z,1556891929,15.56891929
2024-10-14,XBT,8,30,2,-14416165,-0.14416165,48698,0.00048698,2024-10-14T20:00:00.041000Z,1542475764,15.42475764
2024-10-15,XBT,8,8,2,-11835450,-0.1183545,-295687,-0.00295687,2024-10-15T20:00:00.048000Z,1530640314,15.30640314
2024-10-16,XBT,8,11,2,-28825704,-0.28825704,186267,0.00186267,2024-10-16T20:00:00.062000Z,1501814610,15.0181461
2024-10-17,XBT,8,9,2,-1907767,-0.01907767,-334614,-0.00334614,2024-10-17T21:03:21.283000Z,1499906843,14.99906843
2024-10-18,XBT,8,14,2,-31438658,-0.31438658,-3004,-0.00003004,2024-10-18T20:00:00.027000Z,1468468185,14.68468185
2024-10-19,XBT,8,8,2,255905,0.00255905,-255905,-0.00255905,2024-10-19T20:00:00.055000Z,1468724090,14.6872409
2024-10-20,XBT,8,11,2,-20682240,-0.2068224,-51690,-0.0005169,2024-10-20T20:53:46.643000Z,1448041850,14.4804185
2024-10-21,XBT,8,6,1,217394,0.00217394,-217394,-0.00217394,2024-10-21T20:00:00.116000Z,1448259244,14.48259244
2024-10-22,XBT,8,6,1,230353,0.00230353,-230353,-0.00230353,2024-10-22T20:00:00.119000Z,1448489597,14.48489597
2024-10-23,XBT,8,18,2,-4995588,-0.04995588,162344,0.00162344,2024-10-23T20:00:00.106000Z,1443494009,14.43494009
2024-10-24,XBT,8,12,2,-7817483,-0.07817483,35542,0.00035542,2024-10-24T21:20:36.404000Z,1435676526,14.35676526
2024-10-25,XBT,8,27,2,-12037864,-0.12037864,442138,0.00442138,2024-10-25T23:23:54.637000Z,1423638662,14.23638662
2024-10-26,XBT,8,9,2,1330051,0.01330051,188216,0.00188216,2024-10-26T20:20:50.927000Z,1424968713,14.24968713
2024-10-27,XBT,8,9,2,1103289,0.01103289,318081,0.00318081,2024-10-27T20:00:00.110000Z,1426072002,14.26072002
2024-10-28,XBT,8,14,2,2448501,0.02448501,250170,0.0025017,2024-10-28T22:36:39.161000Z,1428520503,14.28520503
2024-10-29,XBT,8,25,2,4787001,0.04787001,345203,0.00345203,2024-10-29T20:27:35.929000Z,1433307504,14.33307504
2024-10-30,XBT,8,21,2,-2388793,-0.02388793,328888,0.00328888,2024-10-30T22:27:04.297000Z,1430918711,14.30918711
2024-10-31,XBT,8,15,2,-291831,-0.00291831,291831,0.00291831,2024-10-31T20:00:00.135000Z,1430626880,14.3062688
2024-11-01,XBT,8,127,2,12564573,0.12564573,3559152,0.03559152,2024-11-01T20:28:10.102000Z,1443191453,14.43191453
2024-11-02,XBT,8,36,2,-1296569,-0.01296569,1221712,0.01221712,2024-11-02T20:00:00.108000Z,1441894884,14.41894884
2024-11-03,XBT,8,263,2,-73835350,-0.7383535,7112113,0.07112113,2024-11-03T23:55:29.878000Z,1368059534,13.68059534
2024-11-04,XBT,8,189,2,-39552952,-0.39552952,6389525,0.06389525,2024-11-04T22:57:41.243000Z,1328506582,13.28506582
2024-11-05,XBT,8,59,2,15796139,0.15796139,1621502,0.01621502,2024-11-05T20:48:13.874000Z,1344302721,13.44302721
2024-11-06,XBT,8,85,2,130704992,1.30704992,892786,0.00892786,2024-11-06T20:00:00.106000Z,1475007713,14.75007713
2024-11-07,XBT,8,17,2,4880407,0.04880407,254585,0.00254585,2024-11-07T20:00:00.120000Z,1479888120,14.7988812
2024-11-08,XBT,8,3,1,-184258,-0.00184258,184258,0.00184258,2024-11-08T20:00:00.118000Z,1479703862,14.79703862
2024-11-09,XBT,8,11,2,25412195,0.25412195,249068,0.00249068,2024-11-09T20:23:50.187000Z,1505116057,15.05116057
2024-11-10,XBT,8,15,2,16099833,0.16099833,-25267,-0.00025267,2024-11-10T21:04:27.266000Z,1521215890,15.2121589
2024-11-11,XBT,8,51,2,-7890889,-0.07890889,107593,0.00107593,2024-11-11T23:02:32.581000Z,1513325001,15.13325001
2024-11-12,XBT,8,34,2,872651,0.00872651,-1572922,-0.01572922,2024-11-12T20:55:54.381000Z,1514197652,15.14197652
2024-11-13,XBT,8,44,2,-5906077,-0.05906077,-785102,-0.00785102,2024-11-13T22:05:39.904000Z,1508291575,15.08291575
2024-11-14,XBT,8,36,2,-220786,-0.00220786,-562550,-0.0056255,2024-11-14T21:09:26.365000Z,1508070789,15.08070789
2024-11-15,XBT,8,3,1,573876,0.00573876,-573876,-0.00573876,2024-11-15T20:00:00.136000Z,1508644665,15.08644665
2024-11-16,XBT,8,5,2,523289,0.00523289,-523289,-0.00523289,2024-11-16T20:00:00.130000Z,1509167954,15.09167954
2024-11-17,XBT,8,4,2,899626,0.00899626,-902420,-0.0090242,2024-11-17T21:57:27.987000Z,1510067580,15.1006758
2024-11-18,XBT,8,10,2,2206311,0.02206311,-2206311,-0.02206311,2024-11-18T20:00:00.124000Z,1512273891,15.12273891
2024-11-19,XBT,8,36,2,-24216169,-0.24216169,-1194054,-0.01194054,2024-11-19T20:00:00.140000Z,1488057722,14.88057722
2024-11-20,XBT,8,14,2,-5421042,-0.05421042,-630286,-0.00630286,2024-11-20T20:00:00.130000Z,1482636680,14.8263668
2024-11-21,XBT,8,50,2,-47969404,-0.47969404,-63796,-0.00063796,2024-11-21T20:00:00.126000Z,1434667276,14.34667276
2024-11-22,XBT,8,12,2,888510,0.0088851,-888510,-0.0088851,2024-11-22T20:00:00.143000Z,1435555786,14.35555786
2024-11-23,XBT,8,17,2,-9848168,-0.09848168,-706193,-0.00706193,2024-11-23T20:00:00.134000Z,1425707618,14.25707618
2024-11-24,XBT,8,21,2,-1476373,-0.01476373,-613070,-0.0061307,2024-11-24T20:00:00.127000Z,1424231245,14.24231245
2024-11-25,XBT,8,21,2,-524212,-0.00524212,-1347351,-0.01347351,2024-11-25T22:39:02.618000Z,1423707033,14.23707033
2024-11-26,XBT,8,35,2,11120808,0.11120808,-237418,-0.00237418,2024-11-26T20:35:18.500000Z,1434827841,14.34827841
2024-11-27,XBT,8,4,2,654217,0.00654217,-385246,-0.00385246,2024-11-27T20:00:00.126000Z,1435482058,14.35482058
2024-11-28,XBT,8,12,2,-2027285,-0.02027285,-109780,-0.0010978,2024-11-28T20:54:20.760000Z,1433454773,14.33454773
2024-11-29,XBT,8,12,2,475181,0.00475181,-475181,-0.00475181,2024-11-29T20:00:00.147000Z,1433929954,14.33929954
2024-11-30,XBT,8,7,2,629107,0.00629107,-281048,-0.00281048,2024-11-30T23:08:52.124000Z,1434559061,14.34559061
2024-12-01,XBT,8,5,2,253356,0.00253356,-253356,-0.00253356,2024-12-01T21:49:59.105000Z,1434812417,14.34812417
2024-12-02,XBT,8,13,2,847756,0.00847756,-427160,-0.0042716,2024-12-02T20:00:00.134000Z,1435660173,14.35660173
2024-12-03,XBT,8,26,2,2611568,0.02611568,-302182,-0.00302182,2024-12-03T21:49:17.987000Z,1438271741,14.38271741
2024-12-04,XBT,8,18,2,2307081,0.02307081,-1245167,-0.01245167,2024-12-04T20:21:39.398000Z,1440578822,14.40578822
2024-12-05,XBT,8,72,2,71743825,0.71743825,-4150890,-0.0415089,2024-12-05T22:28:41.093000Z,1512322647,15.12322647
2024-12-06,XBT,8,27,2,1110252,0.01110252,-412193,-0.00412193,2024-12-06T20:00:00.147000Z,1513432899,15.13432899
2024-12-07,XBT,8,9,2,-20375,-0.00020375,-720798,-0.00720798,2024-12-07T21:09:01.845000Z,1513412524,15.13412524
2024-12-08,XBT,8,9,2,771453,0.00771453,-771453,-0.00771453,2024-12-08T23:53:57.111000Z,1514183977,15.14183977
2024-12-09,XBT,8,45,2,10435935,0.10435935,-579617,-0.00579617,2024-12-09T21:05:18.191000Z,1524619912,15.24619912
2024-12-10,XBT,8,13,2,6459082,0.06459082,-587454,-0.00587454,2024-12-10T20:00:00.171000Z,1531078994,15.31078994
2024-12-11,XBT,8,9,2,-5019928,-0.05019928,-305838,-0.00305838,2024-12-11T20:54:27.682000Z,1526059066,15.26059066
2024-12-12,XBT,8,24,2,-9177607,-0.09177607,291581,0.00291581,2024-12-12T20:00:00.157000Z,1516881459,15.16881459
2024-12-13,XBT,8,7,2,-8331617,-0.08331617,-524292,-0.00524292,2024-12-13T20:27:24.016000Z,1508549842,15.08549842
2024-12-14,XBT,8,10,2,304907,0.00304907,-304907,-0.00304907,2024-12-14T20:00:00.154000Z,1508854749,15.08854749
2024-12-15,XBT,8,17,2,-21423103,-0.21423103,92355,0.00092355,2024-12-15T23:23:48.446000Z,1487431646,14.87431646
2024-12-16,XBT,8,12,2,805983,0.00805983,-805983,-0.00805983,2024-12-16T20:54:13.349000Z,1488237629,14.88237629
2024-12-17,XBT,8,17,2,-6680417,-0.06680417,-379771,-0.00379771,2024-12-17T20:00:00.145000Z,1481557212,14.81557212
2024-12-18,XBT,8,17,2,2261916,0.02261916,-557856,-0.00557856,2024-12-18T23:49:39.528000Z,1483819128,14.83819128
2024-12-19,XBT,8,46,2,41425121,0.41425121,-373145,-0.00373145,2024-12-19T20:11:24.809000Z,1525244249,15.25244249
2024-12-20,XBT,8,68,2,81116236,0.81116236,134437,0.00134437,2024-12-20T23:03:28.634000Z,1606360485,16.06360485
2024-12-21,XBT,8,19,2,7723,0.00007723,-7723,-0.00007723,2024-12-21T20:00:00.139000Z,1606368208,16.06368208
2024-12-22,XBT,8,25,2,20820753,0.20820753,-273951,-0.00273951,2024-12-22T22:09:53.272000Z,1627188961,16.27188961
2024-12-23,XBT,8,16,2,11447245,0.11447245,-328104,-0.00328104,2024-12-23T20:00:00.150000Z,1638636206,16.38636206
2024-12-24,XBT,8,7,2,329709,0.00329709,-329709,-0.00329709,2024-12-24T20:00:00.137000Z,1638965915,16.38965915
2024-12-25,XBT,8,3,1,179763,0.00179763,-179763,-0.00179763,2024-12-25T20:00:00.170000Z,1639145678,16.39145678
2024-12-26,XBT,8,9,2,3943634,0.03943634,-285833,-0.00285833,2024-12-26T20:00:00.135000Z,1643089312,16.43089312
2024-12-27,XBT,8,21,2,6429550,0.0642955,-250753,-0.00250753,2024-12-27T20:00:00.150000Z,1649518862,16.49518862
2024-12-28,XBT,8,5,2,4450876,0.04450876,-101424,-0.00101424,2024-12-28T20:00:00.148000Z,1653969738,16.53969738
2024-12-29,XBT,8,5,2,2951358,0.02951358,-137492,-0.00137492,2024-12-29T21:51:41.723000Z,1656921096,16.56921096
2024-12-30,XBT,8,10,2,13278145,0.13278145,-101284,-0.00101284,2024-12-30T20:00:00.138000Z,1670199241,16.70199241
2024-12-31,XBT,8,7,2,3155185,0.03155185,-196879,-0.00196879,2024-12-31T20:00:00.138000Z,1673354426,16.73354426
2025-01-01,XBT,8,9,2,4463210,0.0446321,-193067,-0.00193067,2025-01-01T20:00:00.138000Z,1677817636,16.77817636
2025-01-02,XBT,8,14,2,3873408,0.03873408,-136518,-0.00136518,2025-01-02T20:00:00.158000Z,1681691044,16.81691044
2025-01-03,XBT,8,8,2,260637,0.00260637,-260637,-0.00260637,2025-01-03T20:00:00.130000Z,1681951681,16.81951681
2025-01-04,XBT,8,3,1,313782,0.00313782,-313782,-0.00313782,2025-01-04T20:00:00.143000Z,1682265463,16.82265463
2025-01-05,XBT,8,7,2,-517277,-0.00517277,-209845,-0.00209845,2025-01-05T20:25:15.037000Z,1681748186,16.81748186
2025-01-06,XBT,8,30,2,250691,0.00250691,-250691,-0.00250691,2025-01-06T20:24:58.428000Z,1681998877,16.81998877
2025-01-07,XBT,8,13,2,6499777,0.06499777,-241056,-0.00241056,2025-01-07T20:55:49.865000Z,1688498654,16.88498654
2025-01-08,XBT,8,29,2,14619780,0.1461978,-202219,-0.00202219,2025-01-08T22:42:05.980000Z,1703118434,17.03118434
2025-01-09,XBT,8,9,2,6199651,0.06199651,-228281,-0.00228281,2025-01-09T20:13:21.977000Z,1709318085,17.09318085
2025-01-10,XBT,8,8,2,1569260,0.0156926,131763,0.00131763,2025-01-10T20:00:00.160000Z,1710887345,17.10887345
2025-01-11,XBT,8,7,2,105460,0.0010546,-105460,-0.0010546,2025-01-11T20:00:00.152000Z,1710992805,17.10992805
2025-01-12,XBT,8,5,2,2442341,0.02442341,-37273,-0.00037273,2025-01-12T20:00:00.158000Z,1713435146,17.13435146
2025-01-13,XBT,8,30,2,36261792,0.36261792,-57663,-0.00057663,2025-01-13T20:00:00.145000Z,1749696938,17.49696938
2025-01-14,XBT,8,11,2,51353,0.00051353,-51353,-0.00051353,2025-01-14T20:00:00.185000Z,1749748291,17.49748291
2025-01-15,XBT,8,33,2,-117506,-0.00117506,117506,0.00117506,2025-01-15T20:03:27.473000Z,1749630785,17.49630785
2025-01-16,XBT,8,10,2,317072,0.00317072,-317072,-0.00317072,2025-01-16T20:00:00.159000Z,1749947857,17.49947857
2025-01-17,XBT,8,33,2,-4902192,-0.04902192,-52616,-0.00052616,2025-01-17T20:00:00.157000Z,1745045665,17.45045665
2025-01-18,XBT,8,15,2,-1660871,-0.01660871,-653451,-0.00653451,2025-01-18T20:00:00.161000Z,1743384794,17.43384794
2025-01-19,XBT,8,32,2,-597254,-0.00597254,-579307,-0.00579307,2025-01-19T23:31:09.137000Z,1742787540,17.4278754
2025-01-20,XBT,8,95,2,-21566559,-0.21566559,-148498,-0.00148498,2025-01-20T22:05:11.028000Z,1721220981,17.21220981
2025-01-21,XBT,8,33,2,-13060562,-0.13060562,-114671,-0.00114671,2025-01-21T20:00:00.169000Z,1708160419,17.08160419
2025-01-22,XBT,8,7,2,527930,0.0052793,-527930,-0.0052793,2025-01-22T20:00:00.191000Z,1708688349,17.08688349
2025-01-23,XBT,8,58,2,-42440860,-0.4244086,600923,0.00600923,2025-01-23T20:11:14.766000Z,1666247489,16.66247489
2025-01-24,XBT,8,100,2,-24459448,-0.24459448,361512,0.00361512,2025-01-24T20:00:00.197000Z,1641788041,16.41788041
2025-01-25,XBT,8,41,2,-9708198,-0.09708198,486921,0.00486921,2025-01-25T20:00:00.197000Z,1632079843,16.32079843
2025-01-26,XBT,8,5,2,-2146231,-0.02146231,-556599,-0.00556599,2025-01-26T20:00:00.178000Z,1629933612,16.29933612
2025-01-27,XBT,8,25,2,31720242,0.31720242,-186242,-0.00186242,2025-01-27T20:44:09.713000Z,1661653854,16.61653854
2025-01-28,XBT,8,14,2,-178270,-0.0017827,178270,0.0017827,2025-01-28T20:26:48.897000Z,1661475584,16.61475584
2025-01-29,XBT,8,18,2,2841896,0.02841896,-189155,-0.00189155,2025-01-29T20:00:00.158000Z,1664317480,16.6431748
2025-01-30,XBT,8,12,2,-16755056,-0.16755056,89881,0.00089881,2025-01-30T20:00:00.299000Z,1647562424,16.47562424
2025-01-31,XBT,8,3,1,238755,0.00238755,-238755,-0.00238755,2025-01-31T20:00:00.174000Z,1647801179,16.47801179
2025-02-01,XBT,8,19,2,171682,0.00171682,-171682,-0.00171682,2025-02-01T20:00:00.198000Z,1647972861,16.47972861
2025-02-02,XBT,8,43,2,12915841,0.12915841,-189230,-0.0018923,2025-02-02T21:42:19.097000Z,1660888702,16.60888702
2025-02-03,XBT,8,35,2,41997406,0.41997406,398699,0.00398699,2025-02-03T21:53:30.250000Z,1702886108,17.02886108
2025-02-04,XBT,8,13,2,2885348,0.02885348,-38187,-0.00038187,2025-02-04T21:40:24.759000Z,1705771456,17.05771456
2025-02-05,XBT,8,14,2,14029435,0.14029435,-77980,-0.0007798,2025-02-05T22:37:32.455000Z,1719800891,17.19800891
2025-02-06,XBT,8,13,2,1409651,0.01409651,-129805,-0.00129805,2025-02-06T22:27:50.332000Z,1721210542,17.21210542
2025-02-07,XBT,8,27,2,4965030,0.0496503,386558,0.00386558,2025-02-07T22:33:12.788000Z,1726175572,17.26175572
2025-02-08,XBT,8,6,2,12121694,0.12121694,-197965,-0.00197965,2025-02-08T20:00:00.171000Z,1738297266,17.38297266
2025-02-09,XBT,8,41,2,4890936,0.04890936,447926,0.00447926,2025-02-09T21:27:20.820000Z,1743188202,17.43188202
2025-02-10,XBT,8,7,2,628023,0.00628023,-500769,-0.00500769,2025-02-10T20:00:00.179000Z,1743816225,17.43816225
2025-02-11,XBT,8,29,2,11547548,0.11547548,-19844,-0.00019844,2025-02-11T21:40:38.187000Z,1755363773,17.55363773
2025-02-12,XBT,8,60,2,7082206,0.07082206,428370,0.0042837,2025-02-12T20:26:40.813000Z,1762445979,17.62445979
2025-02-13,XBT,8,24,2,7959705,0.07959705,-403922,-0.00403922,2025-02-13T21:32:53.018000Z,1770405684,17.70405684
2025-02-14,XBT,8,36,2,-6160069,-0.06160069,-40446,-0.00040446,2025-02-14T20:37:05.733000Z,1764245615,17.64245615
2025-02-15,XBT,8,23,2,542361,0.00542361,-542361,-0.00542361,2025-02-15T20:00:00.228000Z,1764787976,17.64787976
2025-02-16,XBT,8,6,2,1083439,0.01083439,-633376,-0.00633376,2025-02-16T23:00:42.122000Z,1765871415,17.65871415
2025-02-17,XBT,8,23,2,5796833,0.05796833,-215115,-0.00215115,2025-02-17T22:10:55.547000Z,1771668248,17.71668248
2025-02-18,XBT,8,52,2,4756720,0.0475672,-369275,-0.00369275,2025-02-18T22:01:48.182000Z,1776424968,17.76424968
2025-02-19,XBT,8,15,2,476674,0.00476674,-244530,-0.0024453,2025-02-19T20:00:00.207000Z,1776901642,17.76901642
2025-02-20,XBT,8,42,2,-10550081,-0.10550081,-140245,-0.00140245,2025-02-20T20:22:40.676000Z,1766351561,17.66351561
2025-02-21,XBT,8,71,2,-16178879,-0.16178879,1389562,0.01389562,2025-02-21T20:00:00.254000Z,1750172682,17.50172682
2025-02-22,XBT,8,39,2,-1988803,-0.01988803,-476049,-0.00476049,2025-02-22T20:00:00.188000Z,1748183879,17.48183879
2025-02-23,XBT,8,12,2,519079,0.00519079,-519079,-0.00519079,2025-02-23T20:00:00.191000Z,1748702958,17.48702958
2025-02-24,XBT,8,14,2,9645546,0.09645546,-354674,-0.00354674,2025-02-24T23:34:31.090000Z,1758348504,17.58348504
2025-02-25,XBT,8,35,2,65631028,0.65631028,-133176,-0.00133176,2025-02-25T20:34:00.232000Z,1823979532,18.23979532
2025-02-26,XBT,8,56,2,90972354,0.90972354,-58070,-0.0005807,2025-02-26T22:03:57.068000Z,1914951886,19.14951886
2025-02-27,XBT,8,24,2,10633191,0.10633191,-289996,-0.00289996,2025-02-27T20:04:06.034000Z,1925585077,19.25585077
2025-02-28,XBT,8,98,2,135712917,1.35712917,237124,0.00237124,2025-02-28T20:00:00.170000Z,2061297994,20.61297994
2025-03-01,XBT,8,57,2,-1712240,-0.0171224,667785,0.00667785,2025-03-01T21:57:18.285000Z,2059585754,20.59585754
2025-03-02,XBT,8,254,2,-3426860,-0.0342686,1893979,0.01893979,2025-03-02T20:00:00.215000Z,2056158894,20.56158894
2025-03-03,XBT,8,61,2,50935333,0.50935333,-1561,-0.00001561,2025-03-03T20:01:48.756000Z,2107094227,21.07094227
2025-03-04,XBT,8,40,2,78190698,0.78190698,-346793,-0.00346793,2025-03-04T21:29:14.752000Z,2185284925,21.85284925
2025-03-05,XBT,8,20,2,2676014,0.02676014,-22067,-0.00022067,2025-03-05T20:00:00.202000Z,2187960939,21.87960939
2025-03-06,XBT,8,35,2,2019417,0.02019417,247412,0.00247412,2025-03-06T22:00:23.699000Z,2189980356,21.89980356
2025-03-07,XBT,8,14,2,25707232,0.25707232,-267562,-0.00267562,2025-03-07T21:06:01.945000Z,2215687588,22.15687588
2025-03-08,XBT,8,12,2,214145,0.00214145,-214145,-0.00214145,2025-03-08T20:27:31.258000Z,2215901733,22.15901733
2025-03-09,XBT,8,21,2,66403462,0.66403462,299089,0.00299089,2025-03-09T22:55:35.318000Z,2282305195,22.82305195
2025-03-10,XBT,8,34,2,114974271,1.14974271,162998,0.00162998,2025-03-10T20:00:00.214000Z,2397279466,23.97279466
2025-03-11,XBT,8,18,2,45892359,0.45892359,292673,0.00292673,2025-03-11T20:00:00.207000Z,2443171825,24.43171825
2025-03-12,XBT,8,31,2,3059185,0.03059185,210426,0.00210426,2025-03-12T23:11:05.259000Z,2446231010,24.4623101
2025-03-13,XBT,8,14,2,3385967,0.03385967,182569,0.00182569,2025-03-13T20:00:00.234000Z,2449616977,24.49616977
2025-03-14,XBT,8,24,2,-89585,-0.00089585,89585,0.00089585,2025-03-14T20:00:00.184000Z,2449527392,24.49527392
2025-03-15,XBT,8,4,2,304982,0.00304982,278700,0.002787,2025-03-15T20:00:00.196000Z,2449832374,24.49832374
2025-03-16,XBT,8,8,2,1971707,0.01971707,-95144,-0.00095144,2025-03-16T20:00:00.204000Z,2451804081,24.51804081
2025-03-17,XBT,8,3,1,7194,0.00007194,-7194,-0.00007194,2025-03-17T20:00:00.194000Z,2451811275,24.51811275
2025-03-18,XBT,8,9,2,1866612,0.01866612,-231612,-0.00231612,2025-03-18T20:00:00.215000Z,2453677887,24.53677887
2025-03-19,XBT,8,43,2,107293,0.00107293,-107293,-0.00107293,2025-03-19T23:32:32.113000Z,2453785180,24.5378518
2025-03-20,XBT,8,34,2,1522854,0.01522854,-532736,-0.00532736,2025-03-20T20:00:00.203000Z,2455308034,24.55308034
2025-03-21,XBT,8,9,2,1716950,0.0171695,-182894,-0.00182894,2025-03-21T20:00:00.178000Z,2457024984,24.57024984
2025-03-22,XBT,8,11,2,-647570,-0.0064757,647570,0.0064757,2025-03-22T20:47:41.544000Z,2456377414,24.56377414
2025-03-23,XBT,8,6,2,626920,0.0062692,-626920,-0.0062692,2025-03-23T23:26:31.214000Z,2457004334,24.57004334
2025-03-24,XBT,8,31,2,-893021,-0.00893021,-427498,-0.00427498,2025-03-24T23:23:33.136000Z,2456111313,24.56111313
2025-03-25,XBT,8,9,2,-546809,-0.00546809,97975,0.00097975,2025-03-25T20:06:30.755000Z,2455564504,24.55564504
2025-03-26,XBT,8,15,2,-534671,-0.00534671,-261247,-0.00261247,2025-03-26T20:00:00.226000Z,2455029833,24.55029833
2025-03-27,XBT,8,23,2,-388358,-0.00388358,427679,0.00427679,2025-03-27T21:31:36.132000Z,2454641475,24.54641475
2025-03-28,XBT,8,9,2,3377515,0.03377515,-337143,-0.00337143,2025-03-28T20:00:00.184000Z,2458018990,24.5801899
2025-03-29,XBT,8,12,2,2402341,0.02402341,706332,0.00706332,2025-03-29T20:00:00.229000Z,2460421331,24.60421331
2025-03-30,XBT,8,3,1,-1588674,-0.01588674,1588674,0.01588674,2025-03-30T20:00:00.181000Z,2458832657,24.58832657
2025-03-31,XBT,8,9,2,-346299,-0.00346299,346299,0.00346299,2025-03-31T20:00:00.238000Z,2458486358,24.58486358
2025-04-01,XBT,8,26,2,644155,0.00644155,-644155,-0.00644155,2025-04-01T20:00:00.235000Z,2459130513,24.59130513
2025-04-02,USDT,6,2,1,98000000,98,0,0,2025-04-02T08:32:03.826000Z,99847649,99.847649
2025-04-02,XBT,8,41,2,6992383,0.06992383,-513028,-0.00513028,2025-04-02T22:45:02.741000Z,2466122896,24.66122896
2025-04-03,XBT,8,9,2,4258977,0.04258977,-962892,-0.00962892,2025-04-03T20:00:00.171000Z,2470381873,24.70381873
2025-04-04,XBT,8,22,2,6765154,0.06765154,-831101,-0.00831101,2025-04-04T20:00:00.148000Z,2477147027,24.77147027
2025-04-05,XBT,8,23,2,2555067,0.02555067,-288622,-0.00288622,2025-04-05T23:53:51.426000Z,2479702094,24.79702094
2025-04-06,XBT,8,51,2,54545860,0.5454586,-219685,-0.00219685,2025-04-06T23:07:20.644000Z,2534247954,25.34247954
2025-04-07,XBT,8,58,2,56311571,0.56311571,485711,0.00485711,2025-04-07T20:00:00.168000Z,2590559525,25.90559525
2025-04-08,XBT,8,20,2,23692880,0.2369288,-23722,-0.00023722,2025-04-08T22:38:00.224000Z,2614252405,26.14252405
2025-04-09,XBT,8,106,2,36454673,0.36454673,2272,0.00002272,2025-04-09T21:12:50.521000Z,2650707078,26.50707078
2025-04-10,XBT,8,14,2,12166084,0.12166084,-17675,-0.00017675,2025-04-10T20:00:00.133000Z,2662873162,26.62873162
2025-04-11,XBT,8,24,2,324297,0.00324297,-324297,-0.00324297,2025-04-11T20:00:00.165000Z,2663197459,26.63197459
2025-04-12,XBT,8,10,2,559392,0.00559392,-559392,-0.00559392,2025-04-12T20:00:00.150000Z,2663756851,26.63756851
2025-04-13,XBT,8,4,2,-95787,-0.00095787,148336,0.00148336,2025-04-13T20:00:00.147000Z,2663661064,26.63661064
2025-04-14,XBT,8,7,2,275783,0.00275783,-275783,-0.00275783,2025-04-14T20:00:00.202000Z,2663936847,26.63936847
2025-04-15,XBT,8,19,2,-539149,-0.00539149,561746,0.00561746,2025-04-15T22:47:37.441000Z,2663397698,26.63397698
2025-04-16,XBT,8,20,2,359052,0.00359052,-266512,-0.00266512,2025-04-16T20:00:00.178000Z,2663756750,26.6375675
2025-04-17,XBT,8,8,2,366624,0.00366624,-507095,-0.00507095,2025-04-17T20:00:00.185000Z,2664123374,26.64123374
2025-04-18,XBT,8,5,2,348881,0.00348881,-480603,-0.00480603,2025-04-18T20:00:00.145000Z,2664472255,26.64472255
2025-04-19,XBT,8,12,2,-1649456,-0.01649456,-208504,-0.00208504,2025-04-19T20:00:00.151000Z,2662822799,26.62822799
2025-04-20,XBT,8,4,2,315403,0.00315403,-432125,-0.00432125,2025-04-20T20:00:00.146000Z,2663138202,26.63138202
2025-04-21,XBT,8,40,2,-17121342,-0.17121342,-143611,-0.00143611,2025-04-21T20:00:00.139000Z,2646016860,26.4601686
2025-04-22,XBT,8,37,2,-841957,-0.00841957,-130917,-0.00130917,2025-04-22T20:00:00.142000Z,2645174903,26.45174903
2025-04-23,XBT,8,21,2,-4634295,-0.04634295,146294,0.00146294,2025-04-23T20:00:00.187000Z,2640540608,26.40540608
2025-04-24,XBT,8,12,2,-1327959,-0.01327959,30543,0.00030543,2025-04-24T23:28:18.280000Z,2639212649,26.39212649
2025-04-25,XBT,8,9,2,-394311,-0.00394311,394311,0.00394311,2025-04-25T20:00:00.224000Z,2638818338,26.38818338
2025-04-26,XBT,8,9,2,-1015024,-0.01015024,233322,0.00233322,2025-04-26T20:00:00.176000Z,2637803314,26.37803314
2025-04-27,XBT,8,9,2,-3077097,-0.03077097,-632214,-0.00632214,2025-04-27T22:32:23.314000Z,2634726217,26.34726217
2025-04-28,XBT,8,13,2,-4262258,-0.04262258,144631,0.00144631,2025-04-28T23:03:04.391000Z,2630463959,26.30463959
2025-04-29,XBT,8,3,1,-98602,-0.00098602,98602,0.00098602,2025-04-29T20:00:00.170000Z,2630365357,26.30365357
2025-04-30,XBT,8,23,2,-15844802,-0.15844802,5053,0.00005053,2025-04-30T22:44:06.368000Z,2614520555,26.14520555
2025-05-01,XBT,8,89,2,-88129295,-0.88129295,-165360,-0.0016536,2025-05-01T20:04:25.245000Z,2526391260,25.2639126
2025-05-02,USDT,6,2,1,90000000,90,0,0,2025-05-02T10:28:50.299000Z,189847649,189.847649
2025-05-02,XBT,8,9,2,-14291766,-0.14291766,-451555,-0.00451555,2025-05-02T21:49:07.132000Z,2512099494,25.12099494
2025-05-03,XBT,8,8,2,-6056418,-0.06056418,246678,0.00246678,2025-05-03T20:00:00.149000Z,2506043076,25.06043076
2025-05-04,XBT,8,15,2,-11410057,-0.11410057,467288,0.00467288,2025-05-04T23:30:03.675000Z,2494633019,24.94633019
2025-05-05,XBT,8,8,2,-4703379,-0.04703379,584439,0.00584439,2025-05-05T22:38:36.439000Z,2489929640,24.8992964
2025-05-06,XBT,8,16,2,444287,0.00444287,-444287,-0.00444287,2025-05-06T23:24:16.161000Z,2490373927,24.90373927
2025-05-07,XBT,8,32,2,-17414960,-0.1741496,-327491,-0.00327491,2025-05-07T20:00:00.173000Z,2472958967,24.72958967
2025-05-08,XBT,8,10,2,397029,0.00397029,-397029,-0.00397029,2025-05-08T20:56:08.811000Z,2473355996,24.73355996
2025-05-09,XBT,8,9,2,444211,0.00444211,-444211,-0.00444211,2025-05-09T20:00:00.166000Z,2473800207,24.73800207
2025-05-10,XBT,8,3,1,497601,0.00497601,-497601,-0.00497601,2025-05-10T20:00:00.157000Z,2474297808,24.74297808
2025-05-11,XBT,8,5,2,-987066,-0.00987066,-486660,-0.0048666,2025-05-11T20:00:00.170000Z,2473310742,24.73310742
2025-05-12,XBT,8,8,2,-6876250,-0.0687625,-462542,-0.00462542,2025-05-12T20:00:00.204000Z,2466434492,24.66434492
2025-05-13,XBT,8,14,2,-7216405,-0.07216405,-429824,-0.00429824,2025-05-13T20:00:00.197000Z,2459218087,24.59218087
2025-05-14,XBT,8,7,2,-7543029,-0.07543029,-434204,-0.00434204,2025-05-14T20:00:00.211000Z,2451675058,24.51675058
2025-05-15,XBT,8,39,2,-19227833,-0.19227833,-163834,-0.00163834,2025-05-15T20:00:00.191000Z,2432447225,24.32447225
2025-05-16,XBT,8,5,2,401793,0.00401793,-401793,-0.00401793,2025-05-16T20:00:00.181000Z,2432849018,24.32849018
2025-05-17,XBT,8,6,2,-4501746,-0.04501746,-288706,-0.00288706,2025-05-17T20:00:00.235000Z,2428347272,24.28347272
2025-05-18,XBT,8,7,2,-4748444,-0.04748444,-335209,-0.00335209,2025-05-18T23:58:11.208000Z,2423598828,24.23598828
2025-05-19,XBT,8,15,2,-5298306,-0.05298306,-384128,-0.00384128,2025-05-19T20:00:00.213000Z,2418300522,24.18300522
2025-05-20,XBT,8,13,2,-4757245,-0.04757245,-357622,-0.00357622,2025-05-20T20:00:00.205000Z,2413543277,24.13543277
2025-05-21,XBT,8,20,2,-10656915,-0.10656915,-353231,-0.00353231,2025-05-21T20:00:00.187000Z,2402886362,24.02886362
2025-05-22,XBT,8,6,2,391621,0.00391621,-391621,-0.00391621,2025-05-22T20:00:00.215000Z,2403277983,24.03277983
2025-05-23,XBT,8,21,2,-14812824,-0.14812824,-365137,-0.00365137,2025-05-23T23:47:23.578000Z,2388465159,23.88465159
2025-05-24,XBT,8,7,2,-2470485,-0.02470485,-276497,-0.00276497,2025-05-24T23:01:53.146000Z,2385994674,23.85994674
2025-05-25,XBT,8,6,2,-1006756,-0.01006756,-280186,-0.00280186,2025-05-25T22:50:52.434000Z,2384987918,23.84987918
2025-05-26,XBT,8,12,2,-4262897,-0.04262897,-196891,-0.00196891,2025-05-26T20:00:00.187000Z,2380725021,23.80725021
2025-05-27,XBT,8,17,2,-5211584,-0.05211584,-240934,-0.00240934,2025-05-27T20:00:00.219000Z,2375513437,23.75513437
2025-05-28,XBT,8,4,2,-4826718,-0.04826718,-126455,-0.00126455,2025-05-28T20:00:00.187000Z,2370686719,23.70686719
2025-05-29,XBT,8,5,2,-8606286,-0.08606286,-168860,-0.0016886,2025-05-29T23:48:13.711000Z,2362080433,23.62080433
2025-05-30,XBT,8,6,2,-3774126,-0.03774126,-103046,-0.00103046,2025-05-30T20:00:00.196000Z,2358306307,23.58306307
2025-05-31,XBT,8,4,2,-3283283,-0.03283283,-259490,-0.0025949,2025-05-31T20:00:00.192000Z,2355023024,23.55023024
2025-06-01,XBT,8,3,1,303226,0.00303226,-303226,-0.00303226,2025-06-01T20:00:00.211000Z,2355326250,23.5532625
2025-06-02,XBT,8,4,2,279602,0.00279602,-279602,-0.00279602,2025-06-02T22:18:34.059000Z,2355605852,23.55605852
2025-06-03,XBT,8,6,2,-1816384,-0.01816384,-224102,-0.00224102,2025-06-03T21:56:13.712000Z,2353789468,23.53789468
2025-06-04,XBT,8,4,2,-785372,-0.00785372,-167371,-0.00167371,2025-06-04T20:00:00.301000Z,2353004096,23.53004096
2025-06-05,USDT,6,2,1,105000000,105,0,0,2025-06-05T03:35:55.731000Z,294847649,294.847649
2025-06-05,XBT,8,15,2,-8339620,-0.0833962,-122940,-0.0012294,2025-06-05T20:55:46.263000Z,2344664476,23.44664476
2025-06-06,XBT,8,7,2,-47342,-0.00047342,47342,0.00047342,2025-06-06T20:00:00.301000Z,2344617134,23.44617134
2025-06-07,XBT,8,4,2,144198,0.00144198,-144198,-0.00144198,2025-06-07T20:00:00.261000Z,2344761332,23.44761332
2025-06-08,XBT,8,5,2,79916,0.00079916,-79916,-0.00079916,2025-06-08T20:00:00.237000Z,2344841248,23.44841248
2025-06-09,XBT,8,13,2,110529,0.00110529,-110529,-0.00110529,2025-06-09T21:30:01.555000Z,2344951777,23.44951777
2025-06-10,XBT,8,7,2,-2214666,-0.02214666,-192114,-0.00192114,2025-06-10T20:00:00.263000Z,2342737111,23.42737111
2025-06-11,XBT,8,7,2,-3233810,-0.0323381,-311560,-0.0031156,2025-06-11T22:26:27.392000Z,2339503301,23.39503301
2025-06-12,XBT,8,22,2,-13122813,-0.13122813,-248258,-0.00248258,2025-06-12T20:54:57.266000Z,2326380488,23.26380488
2025-06-13,XBT,8,11,2,-8274711,-0.08274711,-161192,-0.00161192,2025-06-13T20:00:00.245000Z,2318105777,23.18105777
2025-06-14,XBT,8,4,2,139527,0.00139527,-139527,-0.00139527,2025-06-14T21:59:06.487000Z,2318245304,23.18245304
2025-06-15,XBT,8,6,2,-111043,-0.00111043,111043,0.00111043,2025-06-15T20:00:00.199000Z,2318134261,23.18134261
2025-06-16,XBT,8,32,2,-5389618,-0.05389618,-62497,-0.00062497,2025-06-16T23:35:32.742000Z,2312744643,23.12744643
2025-06-17,XBT,8,50,2,-16721754,-0.16721754,571927,0.00571927,2025-06-17T20:18:32.014000Z,2296022889,22.96022889
2025-06-18,XBT,8,19,2,-3624050,-0.0362405,353611,0.00353611,2025-06-18T20:00:00.211000Z,2292398839,22.92398839
2025-06-19,XBT,8,14,2,-875387,-0.00875387,620054,0.00620054,2025-06-19T21:24:11.398000Z,2291523452,22.91523452
2025-06-20,XBT,8,22,2,-1613135,-0.01613135,238802,0.00238802,2025-06-20T20:00:00.257000Z,2289910317,22.89910317
2025-06-21,XBT,8,8,2,-449128,-0.00449128,686976,0.00686976,2025-06-21T21:34:13.317000Z,2289461189,22.89461189
2025-06-22,XBT,8,21,2,15413350,0.1541335,19565,0.00019565,2025-06-22T20:09:35.483000Z,2304874539,23.04874539
2025-06-23,XBT,8,25,2,2086413,0.02086413,446132,0.00446132,2025-06-23T22:08:37.386000Z,2306960952,23.06960952
2025-06-24,XBT,8,14,2,200108,0.00200108,-200108,-0.00200108,2025-06-24T20:00:00.245000Z,2307161060,23.0716106
2025-06-25,XBT,8,20,2,-8289639,-0.08289639,-264822,-0.00264822,2025-06-25T23:03:57.038000Z,2298871421,22.98871421
2025-06-26,XBT,8,14,2,-3807343,-0.03807343,300159,0.00300159,2025-06-26T21:21:44.451000Z,2295064078,22.95064078
2025-06-27,XBT,8,7,2,-1208416,-0.01208416,60085,0.00060085,2025-06-27T20:00:00.229000Z,2293855662,22.93855662
2025-06-28,XBT,8,3,1,-53361,-0.00053361,53361,0.00053361,2025-06-28T20:00:00.228000Z,2293802301,22.93802301
2025-06-29,XBT,8,6,2,-2631152,-0.02631152,-414826,-0.00414826,2025-06-29T23:47:56.721000Z,2291171149,22.91171149
2025-06-30,XBT,8,19,2,-8384513,-0.08384513,-227802,-0.00227802,2025-06-30T20:00:00.220000Z,2282786636,22.82786636
2025-07-01,XBT,8,17,2,-8334631,-0.08334631,549890,0.0054989,2025-07-01T20:01:19.530000Z,2274452005,22.74452005
2025-07-02,XBT,8,18,2,-1557234,-0.01557234,97259,0.00097259,2025-07-02T23:08:55.400000Z,2272894771,22.72894771
2025-07-03,XBT,8,4,2,-1014830,-0.0101483,-332645,-0.00332645,2025-07-03T20:00:00.222000Z,2271879941,22.71879941
2025-07-04,XBT,8,5,2,-4302463,-0.04302463,-290637,-0.00290637,2025-07-04T20:00:00.232000Z,2267577478,22.67577478
2025-07-05,XBT,8,3,1,314245,0.00314245,-314245,-0.00314245,2025-07-05T20:00:00.229000Z,2267891723,22.67891723
2025-07-06,XBT,8,9,2,-34124,-0.00034124,34124,0.00034124,2025-07-06T21:30:30.664000Z,2267857599,22.67857599
2025-07-07,XBT,8,3,1,302326,0.00302326,-302326,-0.00302326,2025-07-07T20:00:00.395000Z,2268159925,22.68159925
2025-07-08,XBT,8,6,2,44890,0.0004489,-44890,-0.0004489,2025-07-08T20:00:00.242000Z,2268204815,22.68204815
2025-07-09,XBT,8,13,2,301907,0.00301907,-301907,-0.00301907,2025-07-09T20:00:00.233000Z,2268506722,22.68506722
2025-07-10,XBT,8,12,2,269828,0.00269828,-269828,-0.00269828,2025-07-10T21:19:28.488000Z,2268776550,22.6877655
2025-07-11,XBT,8,5,2,396169,0.00396169,-396169,-0.00396169,2025-07-11T20:00:00.253000Z,2269172719,22.69172719
2025-07-12,XBT,8,3,1,421183,0.00421183,-421183,-0.00421183,2025-07-12T20:00:00.230000Z,2269593902,22.69593902
2025-07-13,XBT,8,3,1,419228,0.00419228,-419228,-0.00419228,2025-07-13T20:00:00.218000Z,2270013130,22.7001313
2025-07-14,XBT,8,6,2,790821,0.00790821,-790821,-0.00790821,2025-07-14T20:00:00.250000Z,2270803951,22.70803951
2025-07-15,XBT,8,33,2,-5910821,-0.05910821,-724425,-0.00724425,2025-07-15T20:00:00.295000Z,2264893130,22.6489313
2025-07-16,XBT,8,6,2,795103,0.00795103,-795103,-0.00795103,2025-07-16T20:00:00.304000Z,2265688233,22.65688233
2025-07-17,XBT,8,5,2,472715,0.00472715,-472715,-0.00472715,2025-07-17T21:20:35.107000Z,2266160948,22.66160948
2025-07-18,XBT,8,3,1,458730,0.0045873,-458730,-0.0045873,2025-07-18T20:00:00.259000Z,2266619678,22.66619678
2025-07-19,XBT,8,6,2,438658,0.00438658,-438658,-0.00438658,2025-07-19T20:00:00.297000Z,2267058336,22.67058336
2025-07-20,XBT,8,8,2,442962,0.00442962,-442962,-0.00442962,2025-07-20T20:00:00.286000Z,2267501298,22.67501298
2025-07-21,XBT,8,7,2,444224,0.00444224,-444224,-0.00444224,2025-07-21T20:00:00.312000Z,2267945522,22.67945522
2025-07-22,XBT,8,3,1,461164,0.00461164,-461164,-0.00461164,2025-07-22T20:00:00.245000Z,2268406686,22.68406686
2025-07-23,XBT,8,3,1,1405087,0.01405087,-1405087,-0.01405087,2025-07-23T20:00:00.245000Z,2269811773,22.69811773
2025-07-24,XBT,8,12,2,558264,0.00558264,-558264,-0.00558264,2025-07-24T20:00:00.288000Z,2270370037,22.70370037
2025-07-25,XBT,8,3,1,805727,0.00805727,-805727,-0.00805727,2025-07-25T20:00:00.297000Z,2271175764,22.71175764
2025-07-26,XBT,8,5,2,479244,0.00479244,-479244,-0.00479244,2025-07-26T20:00:00.221000Z,2271655008,22.71655008
2025-07-27,XBT,8,4,2,537953,0.00537953,-537953,-0.00537953,2025-07-27T20:00:00.269000Z,2272192961,22.72192961
2025-07-28,XBT,8,4,2,498359,0.00498359,-498359,-0.00498359,2025-07-28T20:00:00.282000Z,2272691320,22.7269132
2025-07-29,XBT,8,4,2,781874,0.00781874,-781874,-0.00781874,2025-07-29T20:00:00.254000Z,2273473194,22.73473194
2025-07-30,XBT,8,5,2,490987,0.00490987,-490987,-0.00490987,2025-07-30T20:00:00.250000Z,2273964181,22.73964181
2025-07-31,XBT,8,6,2,510219,0.00510219,-510219,-0.00510219,2025-07-31T20:00:00.292000Z,2274474400,22.744744
2025-08-01,XBT,8,4,2,-659457,-0.00659457,-535783,-0.00535783,2025-08-01T20:00:00.288000Z,2273814943,22.73814943
2025-08-02,XBT,8,5,2,-1411681,-0.01411681,319228,0.00319228,2025-08-02T20:00:00.238000Z,2272403262,22.72403262
2025-08-03,XBT,8,3,1,-779840,-0.0077984,779840,0.0077984,2025-08-03T20:00:00.226000Z,2271623422,22.71623422
2025-08-04,XBT,8,3,1,30437,0.00030437,-30437,-0.00030437,2025-08-04T20:00:00.304000Z,2271653859,22.71653859
2025-08-05,XBT,8,4,2,-149473,-0.00149473,-529754,-0.00529754,2025-08-05T20:00:00.299000Z,2271504386,22.71504386
2025-08-06,XBT,8,4,2,527595,0.00527595,-527595,-0.00527595,2025-08-06T20:00:00.245000Z,2272031981,22.72031981
2025-08-07,XBT,8,13,2,516585,0.00516585,-516585,-0.00516585,2025-08-07T20:00:00.298000Z,2272548566,22.72548566
2025-08-08,XBT,8,7,2,529187,0.00529187,-529187,-0.00529187,2025-08-08T20:00:00.332000Z,2273077753,22.73077753
2025-08-09,XBT,8,3,1,546003,0.00546003,-546003,-0.00546003,2025-08-09T20:00:00.231000Z,2273623756,22.73623756
2025-08-10,XBT,8,4,2,522563,0.00522563,-522563,-0.00522563,2025-08-10T20:00:00.235000Z,2274146319,22.74146319
2025-08-11,XBT,8,9,2,532485,0.00532485,-532485,-0.00532485,2025-08-11T20:00:00.235000Z,2274678804,22.74678804
2025-08-12,XBT,8,3,1,691790,0.0069179,-691790,-0.0069179,2025-08-12T20:00:00.361000Z,2275370594,22.75370594
2025-08-13,XBT,8,10,2,-1739452,-0.01739452,-518083,-0.00518083,2025-08-13T20:00:00.334000Z,2273631142,22.73631142
2025-08-14,XBT,8,6,2,-3004288,-0.03004288,-539534,-0.00539534,2025-08-14T20:00:00.328000Z,2270626854,22.70626854
2025-08-15,XBT,8,5,2,721181,0.00721181,-571181,-0.00571181,2025-08-15T20:00:00.239000Z,2271348035,22.71348035
2025-08-16,XBT,8,3,1,492754,0.00492754,-492754,-0.00492754,2025-08-16T20:00:00.271000Z,2271840789,22.71840789
2025-08-17,XBT,8,5,2,-1611849,-0.01611849,485087,0.00485087,2025-08-17T20:00:00.273000Z,2270228940,22.7022894
2025-08-18,XBT,8,5,2,-2692048,-0.02692048,166126,0.00166126,2025-08-18T20:00:00.366000Z,2267536892,22.67536892
2025-08-19,XBT,8,4,2,-719413,-0.00719413,127839,0.00127839,2025-08-19T20:00:00.337000Z,2266817479,22.66817479
2025-08-20,XBT,8,4,2,237758,0.00237758,-553532,-0.00553532,2025-08-20T20:00:00.328000Z,2267055237,22.67055237
2025-08-21,XBT,8,3,1,186988,0.00186988,-186988,-0.00186988,2025-08-21T20:00:00.316000Z,2267242225,22.67242225
2025-08-22,XBT,8,4,2,555059,0.00555059,-555059,-0.00555059,2025-08-22T20:00:00.242000Z,2267797284,22.67797284
2025-08-23,XBT,8,3,1,560516,0.00560516,-560516,-0.00560516,2025-08-23T20:00:00.307000Z,2268357800,22.683578
2025-08-24,XBT,8,7,2,446030,0.0044603,-544842,-0.00544842,2025-08-24T20:00:00.349000Z,2268803830,22.6880383
2025-08-25,XBT,8,3,1,568363,0.00568363,-568363,-0.00568363,2025-08-25T20:00:00.317000Z,2269372193,22.69372193
2025-08-26,XBT,8,5,2,1195438,0.01195438,-533953,-0.00533953,2025-08-26T21:35:17.878000Z,2270567631,22.70567631
2025-08-27,XBT,8,3,1,557379,0.00557379,-557379,-0.00557379,2025-08-27T20:00:00.259000Z,2271125010,22.7112501
2025-08-28,XBT,8,3,1,554081,0.00554081,-554081,-0.00554081,2025-08-28T20:00:00.306000Z,2271679091,22.71679091
2025-08-29,XBT,8,4,2,1724758,0.01724758,-542413,-0.00542413,2025-08-29T20:06:25.036000Z,2273403849,22.73403849
2025-08-30,XBT,8,5,2,554175,0.00554175,-554175,-0.00554175,2025-08-30T23:01:24.572000Z,2273958024,22.73958024
2025-08-31,XBT,8,5,2,703993,0.00703993,-550451,-0.00550451,2025-08-31T20:00:00.298000Z,2274662017,22.74662017
2025-09-01,XBT,8,4,2,559373,0.00559373,-559373,-0.00559373,2025-09-01T20:00:00.314000Z,2275221390,22.7522139
2025-09-02,XBT,8,10,2,532454,0.00532454,-532454,-0.00532454,2025-09-02T20:19:26.732000Z,2275753844,22.75753844
2025-09-03,XBT,8,8,2,530904,0.00530904,-530904,-0.00530904,2025-09-03T23:58:37.848000Z,2276284748,22.76284748
2025-09-04,XBT,8,6,2,716105,0.00716105,-578749,-0.00578749,2025-09-04T20:00:00.335000Z,2277000853,22.77000853
2025-09-05,XBT,8,6,2,403402,0.00403402,-389968,-0.00389968,2025-09-05T20:00:00.328000Z,2277404255,22.77404255
2025-09-06,XBT,8,3,1,592139,0.00592139,-592139,-0.00592139,2025-09-06T20:00:00.339000Z,2277996394,22.77996394
2025-09-07,XBT,8,3,1,583977,0.00583977,-583977,-0.00583977,2025-09-07T20:00:00.331000Z,2278580371,22.78580371
2025-09-08,XBT,8,4,2,582904,0.00582904,-582904,-0.00582904,2025-09-08T20:00:00.366000Z,2279163275,22.79163275
2025-09-09,XBT,8,3,1,471520,0.0047152,-471520,-0.0047152,2025-09-09T20:00:00.295000Z,2279634795,22.79634795
2025-09-10,XBT,8,4,2,578168,0.00578168,-578168,-0.00578168,2025-09-10T20:00:00.308000Z,2280212963,22.80212963
2025-09-11,XBT,8,4,2,274125,0.00274125,-274125,-0.00274125,2025-09-11T20:00:00.347000Z,2280487088,22.80487088
2025-09-12,XBT,8,9,2,315741,0.00315741,-315741,-0.00315741,2025-09-12T20:00:00.328000Z,2280802829,22.80802829
2025-09-13,XBT,8,3,1,251136,0.00251136,-251136,-0.00251136,2025-09-13T20:00:00.299000Z,2281053965,22.81053965
2025-09-14,XBT,8,3,1,473391,0.00473391,-473391,-0.00473391,2025-09-14T20:00:00.312000Z,2281527356,22.81527356
2025-09-15,XBT,8,9,2,371257,0.00371257,-371257,-0.00371257,2025-09-15T20:00:00.312000Z,2281898613,22.81898613
2025-09-16,XBT,8,8,2,184926,0.00184926,-184926,-0.00184926,2025-09-16T20:00:00.287000Z,2282083539,22.82083539
2025-09-17,XBT,8,3,1,345639,0.00345639,-345639,-0.00345639,2025-09-17T20:00:00.320000Z,2282429178,22.82429178
2025-09-18,XBT,8,4,2,563987,0.00563987,-563987,-0.00563987,2025-09-18T20:00:00.307000Z,2282993165,22.82993165
2025-09-19,XBT,8,4,2,265171,0.00265171,-600768,-0.00600768,2025-09-19T20:24:24.109000Z,2283258336,22.83258336
2025-09-20,XBT,8,3,1,604909,0.00604909,-604909,-0.00604909,2025-09-20T20:00:00.317000Z,2283863245,22.83863245
2025-09-21,XBT,8,3,1,314592,0.00314592,-314592,-0.00314592,2025-09-21T20:00:00.336000Z,2284177837,22.84177837
2025-09-22,XBT,8,12,2,-42710,-0.0004271,-594179,-0.00594179,2025-09-22T20:00:00.311000Z,2284135127,22.84135127
2025-09-23,XBT,8,3,1,466175,0.00466175,-466175,-0.00466175,2025-09-23T20:00:00.296000Z,2284601302,22.84601302
2025-09-24,XBT,8,8,2,305133,0.00305133,-405818,-0.00405818,2025-09-24T20:00:00.314000Z,2284906435,22.84906435
2025-09-25,XBT,8,29,2,815619,0.00815619,-377612,-0.00377612,2025-09-25T20:39:40.197000Z,2285722054,22.85722054
2025-09-26,XBT,8,3,1,417533,0.00417533,-417533,-0.00417533,2025-09-26T20:00:00.375000Z,2286139587,22.86139587
2025-09-27,XBT,8,3,1,-582819,-0.00582819,582819,0.00582819,2025-09-27T20:00:00.331000Z,2285556768,22.85556768
2025-09-28,XBT,8,3,1,-422709,-0.00422709,422709,0.00422709,2025-09-28T20:00:00.349000Z,2285134059,22.85134059
2025-09-29,XBT,8,8,2,-152076,-0.00152076,152076,0.00152076,2025-09-29T20:00:00.322000Z,2284981983,22.84981983
2025-09-30,XBT,8,6,2,-29014,-0.00029014,29014,0.00029014,2025-09-30T20:00:00.340000Z,2284952969,22.84952969
2025-10-01,XBT,8,9,2,268927,0.00268927,-268927,-0.00268927,2025-10-01T20:00:00.328000Z,2285221896,22.85221896
2025-10-02,XBT,8,4,2,-63895,-0.00063895,63895,0.00063895,2025-10-02T20:00:00.365000Z,2285158001,22.85158001
2025-10-03,XBT,8,3,1,478441,0.00478441,-478441,-0.00478441,2025-10-03T20:00:00.315000Z,2285636442,22.85636442
2025-10-04,XBT,8,3,1,599208,0.00599208,-599208,-0.00599208,2025-10-04T20:00:00.338000Z,2286235650,22.8623565
2025-10-05,XBT,8,3,1,593440,0.0059344,-593440,-0.0059344,2025-10-05T20:00:00.312000Z,2286829090,22.8682909
2025-10-06,XBT,8,3,1,587592,0.00587592,-587592,-0.00587592,2025-10-06T20:00:00.330000Z,2287416682,22.87416682
2025-10-07,XBT,8,3,1,592511,0.00592511,-592511,-0.00592511,2025-10-07T20:00:00.295000Z,2288009193,22.88009193
2025-10-08,XBT,8,3,1,596929,0.00596929,-596929,-0.00596929,2025-10-08T20:00:00.316000Z,2288606122,22.88606122
2025-10-09,XBT,8,4,2,-61402,-0.00061402,-579235,-0.00579235,2025-10-09T20:00:00.384000Z,2288544720,22.8854472
2025-10-10,XBT,8,59,2,16992551,0.16992551,-304604,-0.00304604,2025-10-10T22:16:18.010000Z,2305537271,23.05537271
2025-10-11,XBT,8,11,2,191738,0.00191738,54675,0.00054675,2025-10-11T20:56:02.131000Z,2305729009,23.05729009
2025-10-12,XBT,8,13,2,251394,0.00251394,-346723,-0.00346723,2025-10-12T20:00:00.331000Z,2305980403,23.05980403
2025-10-13,XBT,8,16,2,-55404,-0.00055404,55404,0.00055404,2025-10-13T20:00:00.362000Z,2305924999,23.05924999
2025-10-14,XBT,8,9,2,474729,0.00474729,-157414,-0.00157414,2025-10-14T20:00:00.342000Z,2306399728,23.06399728
2025-10-15,XBT,8,9,2,553440,0.0055344,-355572,-0.00355572,2025-10-15T20:00:00.344000Z,2306953168,23.06953168
2025-10-16,XBT,8,9,2,1327756,0.01327756,-225418,-0.00225418,2025-10-16T20:00:00.270000Z,2308280924,23.08280924
2025-10-17,XBT,8,8,2,5816834,0.05816834,-428491,-0.00428491,2025-10-17T21:15:16.269000Z,2314097758,23.14097758
2025-10-18,XBT,8,3,1,106364,0.00106364,-106364,-0.00106364,2025-10-18T20:00:00.343000Z,2314204122,23.14204122
2025-10-19,XBT,8,9,2,91535,0.00091535,-91535,-0.00091535,2025-10-19T20:00:00.344000Z,2314295657,23.14295657
2025-10-20,XBT,8,20,2,-105295,-0.00105295,105295,0.00105295,2025-10-20T20:00:00.353000Z,2314190362,23.14190362
2025-10-21,XBT,8,68,2,559895,0.00559895,217777,0.00217777,2025-10-21T22:31:55.307000Z,2314750257,23.14750257
2025-10-22,XBT,8,8,2,2491363,0.02491363,-395055,-0.00395055,2025-10-22T20:00:00.322000Z,2317241620,23.1724162
2025-10-23,XBT,8,19,2,521698,0.00521698,-521698,-0.00521698,2025-10-23T20:00:00.319000Z,2317763318,23.17763318
2025-10-24,XBT,8,4,2,282549,0.00282549,-282549,-0.00282549,2025-10-24T20:00:00.342000Z,2318045867,23.18045867
2025-10-25,XBT,8,3,1,236403,0.00236403,-236403,-0.00236403,2025-10-25T20:00:00.344000Z,2318282270,23.1828227
2025-10-26,XBT,8,22,2,408807,0.00408807,-408807,-0.00408807,2025-10-26T20:00:00.349000Z,2318691077,23.18691077
2025-10-27,XBT,8,3,1,483825,0.00483825,-483825,-0.00483825,2025-10-27T20:00:00.332000Z,2319174902,23.19174902
2025-10-28,XBT,8,3,1,424683,0.00424683,-424683,-0.00424683,2025-10-28T20:00:00.331000Z,2319599585,23.19599585
2025-10-29,XBT,8,12,2,958474,0.00958474,-86118,-0.00086118,2025-10-29T20:00:00.356000Z,2320558059,23.20558059
2025-10-30,XBT,8,33,2,4633161,0.04633161,-322014,-0.00322014,2025-10-30T20:00:00.361000Z,2325191220,23.2519122
2025-10-31,XBT,8,6,2,573767,0.00573767,-573767,-0.00573767,2025-10-31T20:00:00.338000Z,2325764987,23.25764987
2025-11-01,XBT,8,3,1,593492,0.00593492,-593492,-0.00593492,2025-11-01T20:00:00.322000Z,2326358479,23.26358479
2025-11-02,XBT,8,3,1,592001,0.00592001,-592001,-0.00592001,2025-11-02T20:00:00.334000Z,2326950480,23.2695048
2025-11-03,XBT,8,20,2,6917247,0.06917247,-514221,-0.00514221,2025-11-03T20:00:00.425000Z,2333867727,23.33867727
2025-11-04,XBT,8,40,2,31156595,0.31156595,-375615,-0.00375615,2025-11-04T20:18:31.187000Z,2365024322,23.65024322
2025-11-05,XBT,8,3,1,490442,0.00490442,-490442,-0.00490442,2025-11-05T20:00:00.365000Z,2365514764,23.65514764
2025-11-06,XBT,8,3,1,203131,0.00203131,-203131,-0.00203131,2025-11-06T20:00:00.328000Z,2365717895,23.65717895
2025-11-07,XBT,8,73,2,14918532,0.14918532,-391645,-0.00391645,2025-11-07T20:34:11.121000Z,2380636427,23.80636427
2025-11-08,XBT,8,10,2,399350,0.0039935,-399350,-0.0039935,2025-11-08T20:00:00.354000Z,2381035777,23.81035777
2025-11-09,XBT,8,5,2,338435,0.00338435,-338435,-0.00338435,2025-11-09T20:00:00.353000Z,2381374212,23.81374212
2025-11-10,XBT,8,5,2,291666,0.00291666,-291666,-0.00291666,2025-11-10T20:14:10.643000Z,2381665878,23.81665878
2025-11-11,XBT,8,5,2,1193831,0.01193831,-486745,-0.00486745,2025-11-11T20:47:43.984000Z,2382859709,23.82859709
2025-11-12,XBT,8,8,2,2104241,0.02104241,-481545,-0.00481545,2025-11-12T20:00:00.352000Z,2384963950,23.8496395
2025-11-13,XBT,8,11,2,9629233,0.09629233,-306271,-0.00306271,2025-11-13T20:00:00.332000Z,2394593183,23.94593183
2025-11-14,XBT,8,52,2,137045059,1.37045059,82083,0.00082083,2025-11-14T23:06:01.589000Z,2531638242,25.31638242
2025-11-15,XBT,8,3,1,209288,0.00209288,-209288,-0.00209288,2025-11-15T20:00:00.324000Z,2531847530,25.3184753
2025-11-16,XBT,8,5,2,20693214,0.20693214,-56596,-0.00056596,2025-11-16T22:08:04.236000Z,2552540744,25.52540744
2025-11-17,XBT,8,42,2,52987995,0.52987995,-32869,-0.00032869,2025-11-17T20:00:40.862000Z,2605528739,26.05528739
2025-11-18,XBT,8,27,2,55484009,0.55484009,271474,0.00271474,2025-11-18T20:00:00.331000Z,2661012748,26.61012748
2025-11-19,XBT,8,9,2,951446,0.00951446,43338,0.00043338,2025-11-19T23:07:45.307000Z,2661964194,26.61964194
2025-11-20,XBT,8,34,3,4637413,0.04637413,125339,0.00125339,2025-11-20T22:26:21.444000Z,2666601607,26.66601607
2025-11-21,XBT,8,52,2,1042455,0.01042455,485292,0.00485292,2025-11-21T20:00:00.350000Z,2667644062,26.67644062
2025-11-22,XBT,8,3,1,-59014,-0.00059014,59014,0.00059014,2025-11-22T20:00:00.353000Z,2667585048,26.67585048
2025-11-23,XBT,8,25,2,7116254,0.07116254,-14159,-0.00014159,2025-11-23T22:00:48.797000Z,2674701302,26.74701302
2025-11-24,XBT,8,7,2,6019213,0.06019213,-53992,-0.00053992,2025-11-24T20:00:00.346000Z,2680720515,26.80720515
2025-11-25,XBT,8,10,2,61231,0.00061231,-61231,-0.00061231,2025-11-25T20:00:00.255000Z,2680781746,26.80781746
2025-11-26,XBT,8,14,2,17934721,0.17934721,110639,0.00110639,2025-11-26T22:11:34.645000Z,2698716467,26.98716467
2025-11-27,XBT,8,57,2,1559992,0.01559992,195291,0.00195291,2025-11-27T20:00:00.243000Z,2700276459,27.00276459
2025-11-28,XBT,8,6,2,-60053,-0.00060053,60053,0.00060053,2025-11-28T20:00:00.257000Z,2700216406,27.00216406
2025-11-29,XBT,8,6,2,292824,0.00292824,54573,0.00054573,2025-11-29T20:00:00.250000Z,2700509230,27.0050923
2025-11-30,XBT,8,3,1,74592,0.00074592,-74592,-0.00074592,2025-11-30T20:00:00.244000Z,2700583822,27.00583822
2025-12-01,BMEX,6,1,1,11000000000,11000,0,0,2025-12-01T11:57:33.420000Z,11000120000,11000.12
2025-12-01,XBT,8,30,2,12466520,0.1246652,70052,0.00070052,2025-12-01T20:00:00.272000Z,2713050342,27.13050342
2025-12-02,XBT,8,30,2,-140543,-0.00140543,140543,0.00140543,2025-12-02T22:04:18.048000Z,2712909799,27.12909799
2025-12-03,XBT,8,20,2,-77785,-0.00077785,77785,0.00077785,2025-12-03T22:48:26.014000Z,2712832014,27.12832014
2025-12-04,XBT,8,4,2,164091,0.00164091,-73095,-0.00073095,2025-12-04T20:00:00.279000Z,2712996105,27.12996105
2025-12-05,XBT,8,22,2,4291698,0.04291698,-4041,-0.00004041,2025-12-05T20:00:00.249000Z,2717287803,27.17287803
2025-12-06,XBT,8,4,2,24620,0.0002462,-24620,-0.0002462,2025-12-06T20:00:00.254000Z,2717312423,27.17312423
2025-12-07,XBT,8,10,2,7473,0.00007473,-7473,-0.00007473,2025-12-07T20:00:00.246000Z,2717319896,27.17319896
2025-12-08,XBT,8,9,2,1624928,0.01624928,-26066,-0.00026066,2025-12-08T20:21:39.926000Z,2718944824,27.18944824
2025-12-09,XBT,8,15,2,667636,0.00667636,207655,0.00207655,2025-12-09T20:00:00.234000Z,2719612460,27.1961246
2025-12-10,XBT,8,16,2,31184,0.00031184,12208,0.00012208,2025-12-10T20:12:36.187000Z,2719643644,27.19643644
2025-12-11,XBT,8,6,2,148203,0.00148203,104750,0.0010475,2025-12-11T20:00:00.251000Z,2719791847,27.19791847
2025-12-12,XBT,8,3,1,108691,0.00108691,-108691,-0.00108691,2025-12-12T20:00:00.338000Z,2719900538,27.19900538
2025-12-13,XBT,8,3,1,-93532,-0.00093532,93532,0.00093532,2025-12-13T20:00:00.220000Z,2719807006,27.19807006
2025-12-14,XBT,8,9,2,1603775,0.01603775,-39045,-0.00039045,2025-12-14T22:30:41.947000Z,2721410781,27.21410781
2025-12-15,XBT,8,14,2,8053685,0.08053685,66581,0.00066581,2025-12-15T20:00:00.232000Z,2729464466,27.29464466
2025-12-16,XBT,8,3,1,103471,0.00103471,-103471,-0.00103471,2025-12-16T20:00:00.242000Z,2729567937,27.29567937
2025-12-17,XBT,8,7,2,89618,0.00089618,-89618,-0.00089618,2025-12-17T20:00:00.268000Z,2729657555,27.29657555
2025-12-18,XBT,8,10,3,1333020,0.0133302,-104153,-0.00104153,2025-12-18T20:00:00.252000Z,2730990575,27.30990575
2025-12-19,XBT,8,6,2,172676,0.00172676,-172676,-0.00172676,2025-12-19T20:00:00.253000Z,2731163251,27.31163251
2025-12-20,XBT,8,10,2,90324,0.00090324,-90324,-0.00090324,2025-12-20T20:00:00.233000Z,2731253575,27.31253575
2025-12-21,XBT,8,6,2,172777,0.00172777,-172777,-0.00172777,2025-12-21T20:00:00.252000Z,2731426352,27.31426352
2025-12-22,XBT,8,7,2,172745,0.00172745,-172745,-0.00172745,2025-12-22T20:00:00.285000Z,2731599097,27.31599097
2025-12-23,XBT,8,4,2,1327496,0.01327496,-148845,-0.00148845,2025-12-23T20:00:00.244000Z,2732926593,27.32926593
2025-12-24,XBT,8,3,1,91534,0.00091534,-91534,-0.00091534,2025-12-24T20:00:00.242000Z,2733018127,27.33018127
2025-12-25,XBT,8,3,1,147207,0.00147207,-147207,-0.00147207,2025-12-25T20:00:00.235000Z,2733165334,27.33165334
2025-12-26,XBT,8,3,1,243692,0.00243692,-243692,-0.00243692,2025-12-26T20:00:00.241000Z,2733409026,27.33409026
2025-12-27,XBT,8,3,1,115594,0.00115594,-115594,-0.00115594,2025-12-27T20:00:00.237000Z,2733524620,27.3352462
2025-12-28,XBT,8,3,1,54785,0.00054785,-54785,-0.00054785,2025-12-28T20:00:00.242000Z,2733579405,27.33579405
2025-12-29,XBT,8,20,2,2272823,0.02272823,-212799,-0.00212799,2025-12-29T20:00:00.237000Z,2735852228,27.35852228
2025-12-30,XBT,8,10,2,80173,0.00080173,-80173,-0.00080173,2025-12-30T20:00:00.241000Z,2735932401,27.35932401
2025-12-31,XBT,8,13,2,870550,0.0087055,-131071,-0.00131071,2025-12-31T20:00:00.235000Z,2736802951,27.36802951
2026-01-01,XBT,8,3,1,282760,0.0028276,-282760,-0.0028276,2026-01-01T20:00:00.234000Z,2737085711,27.37085711
2026-01-02,XBT,8,20,2,126311,0.00126311,-126311,-0.00126311,2026-01-02T20:00:00.233000Z,2737212022,27.37212022
2026-01-03,XBT,8,3,1,272502,0.00272502,-272502,-0.00272502,2026-01-03T20:00:00.243000Z,2737484524,27.37484524
2026-01-04,XBT,8,3,1,299024,0.00299024,-299024,-0.00299024,2026-01-04T20:00:00.249000Z,2737783548,27.37783548
2026-01-05,XBT,8,27,2,159475,0.00159475,-159475,-0.00159475,2026-01-05T20:00:00.239000Z,2737943023,27.37943023
2026-01-06,XBT,8,15,2,56796,0.00056796,-77775,-0.00077775,2026-01-06T21:17:01.850000Z,2737999819,27.37999819
2026-01-07,XBT,8,6,2,675544,0.00675544,-376216,-0.00376216,2026-01-07T20:00:00.204000Z,2738675363,27.38675363
2026-01-08,XBT,8,10,2,1513822,0.01513822,-298541,-0.00298541,2026-01-08T20:00:00.214000Z,2740189185,27.40189185
2026-01-09,XBT,8,3,1,71226,0.00071226,-71226,-0.00071226,2026-01-09T20:00:00.217000Z,2740260411,27.40260411
2026-01-10,XBT,8,3,1,397224,0.00397224,-397224,-0.00397224,2026-01-10T20:00:00.211000Z,2740657635,27.40657635
2026-01-11,XBT,8,3,1,396987,0.00396987,-396987,-0.00396987,2026-01-11T20:00:00.223000Z,2741054622,27.41054622
2026-01-12,XBT,8,5,2,385289,0.00385289,-385289,-0.00385289,2026-01-12T20:00:00.224000Z,2741439911,27.41439911
2026-01-13,XBT,8,36,2,-29548,-0.00029548,29548,0.00029548,2026-01-13T22:10:46.167000Z,2741410363,27.41410363
2026-01-14,XBT,8,4,2,227160,0.0022716,-227160,-0.0022716,2026-01-14T20:00:00.213000Z,2741637523,27.41637523
2026-01-15,XBT,8,5,2,-1053169,-0.01053169,407761,0.00407761,2026-01-15T20:00:00.231000Z,2740584354,27.40584354
2026-01-16,XBT,8,3,1,559181,0.00559181,-559181,-0.00559181,2026-01-16T20:00:00.227000Z,2741143535,27.41143535
2026-01-17,XBT,8,3,1,241592,0.00241592,-241592,-0.00241592,2026-01-17T20:00:00.204000Z,2741385127,27.41385127
2026-01-18,XBT,8,21,2,-457464,-0.00457464,99059,0.00099059,2026-01-18T23:46:22.098000Z,2740927663,27.40927663
2026-01-19,XBT,8,15,2,133268,0.00133268,196276,0.00196276,2026-01-19T23:16:47.110000Z,2741060931,27.41060931
2026-01-20,XBT,8,36,2,21534510,0.2153451,199628,0.00199628,2026-01-20T22:33:51.817000Z,2762595441,27.62595441
2026-01-21,XBT,8,16,2,2225200,0.022252,-257016,-0.00257016,2026-01-21T20:00:00.239000Z,2764820641,27.64820641
2026-01-22,XBT,8,3,1,34846,0.00034846,-34846,-0.00034846,2026-01-22T20:00:00.241000Z,2764855487,27.64855487
2026-01-23,XBT,8,10,2,319002,0.00319002,-319002,-0.00319002,2026-01-23T20:00:00.245000Z,2765174489,27.65174489
2026-01-24,XBT,8,3,1,141487,0.00141487,-141487,-0.00141487,2026-01-24T20:00:00.233000Z,2765315976,27.65315976
2026-01-25,XBT,8,4,2,10237745,0.10237745,-190199,-0.00190199,2026-01-25T20:00:00.238000Z,2775553721,27.75553721
2026-01-26,XBT,8,35,2,-82309,-0.00082309,82309,0.00082309,2026-01-26T20:00:00.221000Z,2775471412,27.75471412
2026-01-27,XBT,8,3,1,-41748,-0.00041748,41748,0.00041748,2026-01-27T20:00:00.290000Z,2775429664,27.75429664
2026-01-28,XBT,8,26,2,197542,0.00197542,-197542,-0.00197542,2026-01-28T20:00:00.235000Z,2775627206,27.75627206
2026-01-29,XBT,8,35,3,20002398,0.20002398,-204684,-0.00204684,2026-01-29T20:00:00.234000Z,2795629604,27.95629604
2026-01-30,XBT,8,32,2,33190774,0.33190774,88722,0.00088722,2026-01-30T20:00:00.255000Z,2828820378,28.28820378
2026-01-31,XBT,8,23,2,60387327,0.60387327,-38266,-0.00038266,2026-01-31T20:00:00.239000Z,2889207705,28.89207705
2026-02-01,XBT,8,19,2,41628851,0.41628851,170672,0.00170672,2026-02-01T23:09:32.982000Z,2930836556,29.30836556
2026-02-02,XBT,8,3,1,58177,0.00058177,-58177,-0.00058177,2026-02-02T20:00:00.284000Z,2930894733,29.30894733
2026-02-03,XBT,8,17,2,44267345,0.44267345,154006,0.00154006,2026-02-03T20:00:00.231000Z,2975162078,29.75162078
2026-02-04,XBT,8,3,1,-7244,-0.00007244,7244,0.00007244,2026-02-04T20:00:00.233000Z,2975154834,29.75154834
2026-02-05,XBT,8,188,2,-364642,-0.00364642,364642,0.00364642,2026-02-05T20:55:03.768000Z,2974790192,29.74790192
2026-02-06,XBT,8,41,2,12127521,0.12127521,209291,0.00209291,2026-02-06T20:00:00.259000Z,2986917713,29.86917713
2026-02-07,XBT,8,3,1,264508,0.00264508,-264508,-0.00264508,2026-02-07T20:00:00.255000Z,2987182221,29.87182221
2026-02-08,XBT,8,4,2,6771837,0.06771837,102768,0.00102768,2026-02-08T20:00:00.247000Z,2993954058,29.93954058
2026-02-09,XBT,8,3,1,-15928,-0.00015928,15928,0.00015928,2026-02-09T20:00:00.259000Z,2993938130,29.9393813
2026-02-10,XBT,8,3,1,-21724,-0.00021724,21724,0.00021724,2026-02-10T20:00:00.250000Z,2993916406,29.93916406
2026-02-11,XBT,8,3,1,-39585,-0.00039585,39585,0.00039585,2026-02-11T20:00:00.269000Z,2993876821,29.93876821
2026-02-12,XBT,8,3,1,-13118,-0.00013118,13118,0.00013118,2026-02-12T20:00:00.253000Z,2993863703,29.93863703
2026-02-13,XBT,8,3,1,34687,0.00034687,-34687,-0.00034687,2026-02-13T20:00:00.254000Z,2993898390,29.9389839
2026-02-14,XBT,8,16,2,10738550,0.1073855,-39739,-0.00039739,2026-02-14T20:00:00.252000Z,3004636940,30.0463694
2026-02-15,XBT,8,27,2,10849323,0.10849323,112288,0.00112288,2026-02-15T20:00:00.257000Z,3015486263,30.15486263
2026-02-16,XBT,8,3,1,-35096,-0.00035096,35096,0.00035096,2026-02-16T20:00:00.288000Z,3015451167,30.15451167
2026-02-17,XBT,8,3,1,-7888,-0.00007888,7888,0.00007888,2026-02-17T20:00:00.259000Z,3015443279,30.15443279
2026-02-18,XBT,8,3,1,-27857,-0.00027857,27857,0.00027857,2026-02-18T20:00:00.281000Z,3015415422,30.15415422
2026-02-19,XBT,8,3,1,-31336,-0.00031336,31336,0.00031336,2026-02-19T20:00:00.260000Z,3015384086,30.15384086
2026-02-20,XBT,8,3,1,-6461,-0.00006461,6461,0.00006461,2026-02-20T20:00:00.282000Z,3015377625,30.15377625
2026-02-21,XBT,8,5,2,2794739,0.02794739,53085,0.00053085,2026-02-21T20:00:00.274000Z,3018172364,30.18172364
2026-02-22,XBT,8,3,1,1702,0.00001702,-1702,-0.00001702,2026-02-22T20:00:00.266000Z,3018174066,30.18174066
2026-02-23,XBT,8,3,1,6179,0.00006179,-6179,-0.00006179,2026-02-23T20:00:00.285000Z,3018180245,30.18180245
2026-02-24,XBT,8,3,1,173,0.00000173,-173,-0.00000173,2026-02-24T20:00:00.261000Z,3018180418,30.18180418
2026-02-25,XBT,8,3,2,68136,0.00068136,53188,0.00053188,2026-02-25T20:00:00.263000Z,3018248554,30.18248554
2026-02-26,XBT,8,3,1,-5229,-0.00005229,5229,0.00005229,2026-02-26T20:00:00.257000Z,3018243325,30.18243325
2026-02-27,XBT,8,3,1,-4979,-0.00004979,4979,0.00004979,2026-02-27T20:00:00.277000Z,3018238346,30.18238346
2026-02-28,XBT,8,3,1,-14934,-0.00014934,14934,0.00014934,2026-02-28T20:00:00.276000Z,3018223412,30.18223412
2026-03-01,XBT,8,2,2,1451976,0.01451976,24635,0.00024635,2026-03-01T04:21:19.397000Z,3019675388,30.19675388
2026-03-04,XBT,8,15,2,177882,0.00177882,255727,0.00255727,2026-03-04T20:00:00.280000Z,3019853270,30.1985327
2026-03-05,XBT,8,46,2,1544445,0.01544445,375877,0.00375877,2026-03-05T20:00:00.292000Z,3021397715,30.21397715
2026-03-06,XBT,8,4,2,2218755,0.02218755,-201568,-0.00201568,2026-03-06T20:00:00.296000Z,3023616470,30.2361647
2026-03-07,XBT,8,3,1,54353,0.00054353,-54353,-0.00054353,2026-03-07T20:00:00.277000Z,3023670823,30.23670823
2026-03-08,XBT,8,8,2,10774182,0.10774182,-19202,-0.00019202,2026-03-08T22:20:44.486000Z,3034445005,30.34445005
2026-03-09,XBT,8,3,1,-135621,-0.00135621,135621,0.00135621,2026-03-09T20:00:00.292000Z,3034309384,30.34309384
2026-03-10,XBT,8,3,1,-524775,-0.00524775,524775,0.00524775,2026-03-10T20:00:00.331000Z,3033784609,30.33784609
2026-03-11,XBT,8,5,2,-370997,-0.00370997,370997,0.00370997,2026-03-11T20:00:00.266000Z,3033413612,30.33413612
2026-03-12,XBT,8,6,2,-675114,-0.00675114,675114,0.00675114,2026-03-12T20:00:00.279000Z,3032738498,30.32738498
2026-03-13,XBT,8,15,2,1001242,0.01001242,647401,0.00647401,2026-03-13T20:00:00.304000Z,3033739740,30.3373974
2026-03-14,XBT,8,3,1,89343,0.00089343,-89343,-0.00089343,2026-03-14T20:00:00.287000Z,3033829083,30.33829083
2026-03-15,XBT,8,3,1,-270479,-0.00270479,270479,0.00270479,2026-03-15T20:00:00.283000Z,3033558604,30.33558604
2026-03-16,XBT,8,8,2,16452,0.00016452,-16452,-0.00016452,2026-03-16T20:00:00.288000Z,3033575056,30.33575056
2026-03-17,XBT,8,8,2,333852,0.00333852,-333852,-0.00333852,2026-03-17T20:00:00.280000Z,3033908908,30.33908908
2026-03-18,XBT,8,3,1,-187883,-0.00187883,187883,0.00187883,2026-03-18T20:00:00.286000Z,3033721025,30.33721025
2026-03-19,XBT,8,3,1,274503,0.00274503,-274503,-0.00274503,2026-03-19T20:00:00.275000Z,3033995528,30.33995528
2026-03-20,XBT,8,3,1,110354,0.00110354,-110354,-0.00110354,2026-03-20T20:00:00.297000Z,3034105882,30.34105882
2026-03-21,XBT,8,6,2,4099605,0.04099605,841548,0.00841548,2026-03-21T23:52:30.046000Z,3038205487,30.38205487
2026-03-22,XBT,8,3,1,-696245,-0.00696245,696245,0.00696245,2026-03-22T20:00:00.313000Z,3037509242,30.37509242
2026-03-23,XBT,8,3,1,239538,0.00239538,-239538,-0.00239538,2026-03-23T20:00:00.304000Z,3037748780,30.3774878
2026-03-24,XBT,8,11,2,90463,0.00090463,-90463,-0.00090463,2026-03-24T20:00:00.279000Z,3037839243,30.37839243
2026-03-25,XBT,8,3,1,456434,0.00456434,-456434,-0.00456434,2026-03-25T20:00:00.284000Z,3038295677,30.38295677
2026-03-26,XBT,8,3,1,535192,0.00535192,-535192,-0.00535192,2026-03-26T20:00:00.289000Z,3038830869,30.38830869
2026-03-27,XBT,8,4,2,10394379,0.10394379,-314943,-0.00314943,2026-03-27T20:00:00.295000Z,3049225248,30.49225248
2026-03-28,XBT,8,3,1,-1028463,-0.01028463,1028463,0.01028463,2026-03-28T20:00:00.281000Z,3048196785,30.48196785
2026-03-29,XBT,8,3,1,-686155,-0.00686155,686155,0.00686155,2026-03-29T20:00:00.282000Z,3047510630,30.4751063
2026-03-30,XBT,8,3,1,-610895,-0.00610895,610895,0.00610895,2026-03-30T20:00:00.299000Z,3046899735,30.46899735
2026-03-31,XBT,8,3,1,29648,0.00029648,-29648,-0.00029648,2026-03-31T20:00:00.311000Z,3046929383,30.46929383
2026-04-01,XBT,8,3,1,-334802,-0.00334802,334802,0.00334802,2026-04-01T20:00:00.313000Z,3046594581,30.46594581
2026-04-02,XBT,8,3,1,-13454,-0.00013454,13454,0.00013454,2026-04-02T20:00:00.305000Z,3046581127,30.46581127
2026-04-03,XBT,8,3,1,-514836,-0.00514836,514836,0.00514836,2026-04-03T20:00:00.288000Z,3046066291,30.46066291
2026-04-04,XBT,8,3,1,35941,0.00035941,-35941,-0.00035941,2026-04-04T20:00:00.305000Z,3046102232,30.46102232
2026-04-05,XBT,8,3,1,-298297,-0.00298297,298297,0.00298297,2026-04-05T20:00:00.353000Z,3045803935,30.45803935
2026-04-06,XBT,8,3,1,133466,0.00133466,-133466,-0.00133466,2026-04-06T20:00:00.336000Z,3045937401,30.45937401
2026-04-07,XBT,8,6,2,-559557,-0.00559557,559557,0.00559557,2026-04-07T23:26:42.131000Z,3045377844,30.45377844
2026-04-08,XBT,8,3,1,492148,0.00492148,-492148,-0.00492148,2026-04-08T20:00:00.323000Z,3045869992,30.45869992
2026-04-09,XBT,8,3,1,-51437,-0.00051437,51437,0.00051437,2026-04-09T20:00:00.297000Z,3045818555,30.45818555
2026-04-10,XBT,8,3,1,-398978,-0.00398978,398978,0.00398978,2026-04-10T20:00:00.328000Z,3045419577,30.45419577
2026-04-11,XBT,8,3,1,-1504020,-0.0150402,1504020,0.0150402,2026-04-11T20:00:00.297000Z,3043915557,30.43915557
2026-04-12,XBT,8,3,1,-426760,-0.0042676,426760,0.0042676,2026-04-12T20:00:00.314000Z,3043488797,30.43488797
2026-04-13,XBT,8,3,1,295618,0.00295618,-295618,-0.00295618,2026-04-13T20:00:00.328000Z,3043784415,30.43784415
2026-04-14,XBT,8,7,2,-1097880,-0.0109788,1097880,0.0109788,2026-04-14T20:00:00.339000Z,3042686535,30.42686535
2026-04-15,XBT,8,3,1,-1010536,-0.01010536,1010536,0.01010536,2026-04-15T20:00:00.393000Z,3041675999,30.41675999
2026-04-16,XBT,8,3,1,-236940,-0.0023694,236940,0.0023694,2026-04-16T20:00:00.330000Z,3041439059,30.41439059
2026-04-17,XBT,8,8,2,-99320,-0.0009932,99320,0.0009932,2026-04-17T20:00:00.308000Z,3041339739,30.41339739
2026-04-18,BMEX,6,1,1,-1010000000,-1010,0,0,2026-04-18T18:39:36.603000Z,9990120000,9990.12
2026-04-18,USDT,6,11,1,-48038702,-48.038702,0,0,2026-04-18T20:14:18.904000Z,246808947,246.808947
2026-04-18,XBT,8,6,2,-1083756,-0.01083756,483756,0.00483756,2026-04-18T20:00:00.315000Z,3040255983,30.40255983
2026-04-19,XBT,8,4,2,-1033861,-0.01033861,286283,0.00286283,2026-04-19T22:01:09.084000Z,3039222122,30.39222122
2026-04-20,USDT,6,2,1,141428571,141.428571,0,0,2026-04-20T04:00:16.613000Z,388237518,388.237518
2026-04-20,XBT,8,3,1,-351593,-0.00351593,351593,0.00351593,2026-04-20T20:00:00.358000Z,3038870529,30.38870529
2026-04-21,XBT,8,3,1,-487623,-0.00487623,487623,0.00487623,2026-04-21T20:00:00.317000Z,3038382906,30.38382906
2026-04-22,XBT,8,5,2,-585768,-0.00585768,585768,0.00585768,2026-04-22T20:00:00.318000Z,3037797138,30.37797138
2026-04-23,XBT,8,3,1,-789869,-0.00789869,789869,0.00789869,2026-04-23T20:00:00.374000Z,3037007269,30.37007269
2026-04-24,XBT,8,3,1,-137480,-0.0013748,137480,0.0013748,2026-04-24T20:00:00.315000Z,3036869789,30.36869789
2026-04-25,XBT,8,3,1,-583269,-0.00583269,583269,0.00583269,2026-04-25T20:00:00.328000Z,3036286520,30.3628652
2026-04-26,XBT,8,3,1,-121387,-0.00121387,121387,0.00121387,2026-04-26T20:00:00.309000Z,3036165133,30.36165133
2026-04-27,XBT,8,3,1,-161874,-0.00161874,161874,0.00161874,2026-04-27T20:00:00.311000Z,3036003259,30.36003259
2026-04-28,XBT,8,3,1,-136944,-0.00136944,136944,0.00136944,2026-04-28T20:00:00.346000Z,3035866315,30.35866315
2026-04-29,BMEX,6,1,1,1010000000,1010,0,0,2026-04-29T02:09:35.359000Z,11000120000,11000.12
2026-04-29,USDT,6,5,1,500000000,500,0,0,2026-04-29T02:09:50.619000Z,888237518,888.237518
2026-04-29,XBT,8,3,1,30914,0.00030914,-30914,-0.00030914,2026-04-29T20:00:00.309000Z,3035897229,30.35897229
2026-04-30,XBT,8,3,1,136372,0.00136372,-136372,-0.00136372,2026-04-30T20:00:00.318000Z,3036033601,30.36033601
2026-05-01,XBT,8,3,1,-254917,-0.00254917,254917,0.00254917,2026-05-01T20:00:00.338000Z,3035778684,30.35778684
2026-05-02,XBT,8,3,1,-1016959,-0.01016959,1016959,0.01016959,2026-05-02T20:00:00.311000Z,3034761725,30.34761725
2026-05-03,XBT,8,3,1,5359,0.00005359,-5359,-0.00005359,2026-05-03T20:00:00.305000Z,3034767084,30.34767084
2026-05-04,XBT,8,7,2,79561,0.00079561,-79561,-0.00079561,2026-05-04T20:00:00.318000Z,3034846645,30.34846645
2026-05-05,XBT,8,3,1,-410926,-0.00410926,410926,0.00410926,2026-05-05T20:00:00.329000Z,3034435719,30.34435719
2026-05-06,XBT,8,7,2,-640087,-0.00640087,640087,0.00640087,2026-05-06T20:00:00.257000Z,3033795632,30.33795632
2026-05-07,XBT,8,3,1,12137,0.00012137,-12137,-0.00012137,2026-05-07T20:00:00.261000Z,3033807769,30.33807769
2026-05-08,XBT,8,3,1,-11908,-0.00011908,11908,0.00011908,2026-05-08T20:00:00.271000Z,3033795861,30.33795861
2026-05-09,XBT,8,3,1,-240849,-0.00240849,240849,0.00240849,2026-05-09T20:00:00.278000Z,3033555012,30.33555012
2026-05-10,XBT,8,3,1,-209286,-0.00209286,209286,0.00209286,2026-05-10T20:00:00.265000Z,3033345726,30.33345726
2026-05-11,XBT,8,3,1,415231,0.00415231,-415231,-0.00415231,2026-05-11T20:00:00.281000Z,3033760957,30.33760957
2026-05-12,XBT,8,3,1,-10587,-0.00010587,10587,0.00010587,2026-05-12T20:00:00.268000Z,3033750370,30.3375037
2026-05-13,XBT,8,3,1,85415,0.00085415,-85415,-0.00085415,2026-05-13T20:00:00.286000Z,3033835785,30.33835785
2026-05-14,XBT,8,3,1,249636,0.00249636,-249636,-0.00249636,2026-05-14T20:00:00.275000Z,3034085421,30.34085421
2026-05-15,USDT,6,1,1,15000000,15,0,0,2026-05-15T12:47:58.714000Z,903237518,903.237518
2026-05-15,XBT,8,3,1,-386208,-0.00386208,386208,0.00386208,2026-05-15T20:00:00.277000Z,3033699213,30.33699213
2026-05-16,XBT,8,5,2,-4568716,-0.04568716,579260,0.0057926,2026-05-16T20:00:00.268000Z,3029130497,30.29130497
2026-05-17,XBT,8,3,1,262240,0.0026224,-262240,-0.0026224,2026-05-17T20:00:00.288000Z,3029392737,30.29392737
2026-05-18,XBT,8,3,1,-122765,-0.00122765,122765,0.00122765,2026-05-18T20:00:00.296000Z,3029269972,30.29269972
2026-05-19,XBT,8,3,1,550904,0.00550904,-550904,-0.00550904,2026-05-19T20:00:00.360000Z,3029820876,30.29820876
2026-05-20,XBT,8,4,2,-1009993,-0.01009993,-600338,-0.00600338,2026-05-20T20:00:00.294000Z,3028810883,30.28810883
2026-05-21,XBT,8,3,1,-92940,-0.0009294,92940,0.0009294,2026-05-21T20:00:00.285000Z,3028717943,30.28717943
2026-05-22,XBT,8,3,1,-130361,-0.00130361,130361,0.00130361,2026-05-22T20:00:00.280000Z,3028587582,30.28587582
2026-05-23,XBT,8,4,2,-601910,-0.0060191,985254,0.00985254,2026-05-23T20:00:00.291000Z,3027985672,30.27985672
2026-05-24,XBT,8,3,1,-1011223,-0.01011223,1011223,0.01011223,2026-05-24T20:00:00.306000Z,3026974449,30.26974449
2026-05-25,XBT,8,3,1,-448325,-0.00448325,448325,0.00448325,2026-05-25T20:00:00.296000Z,3026526124,30.26526124
2026-05-26,XBT,8,3,1,-442376,-0.00442376,442376,0.00442376,2026-05-26T20:00:00.367000Z,3026083748,30.26083748
2026-05-27,XBT,8,3,1,-347559,-0.00347559,347559,0.00347559,2026-05-27T20:00:00.403000Z,3025736189,30.25736189
2026-05-28,XBT,8,3,1,621330,0.0062133,-621330,-0.0062133,2026-05-28T20:00:00.281000Z,3026357519,30.26357519
2026-05-29,XBT,8,3,1,533998,0.00533998,-533998,-0.00533998,2026-05-29T20:00:00.280000Z,3026891517,30.26891517
2026-05-30,USDT,6,1,1,-15000000,-15,0,0,2026-05-30T00:01:00Z,888237518,888.237518
2026-05-30,XBT,8,3,1,-203596,-0.00203596,203596,0.00203596,2026-05-30T20:00:00.291000Z,3026687921,30.26687921
2026-05-31,XBT,8,5,2,206738,0.00206738,222225,0.00222225,2026-05-31T20:00:00.273000Z,3026894659,30.26894659
2026-06-01,XBT,8,5,2,1749074,0.01749074,565398,0.00565398,2026-06-01T20:00:00.322000Z,3028643733,30.28643733
2026-06-02,XBT,8,7,2,20473107,0.20473107,-157619,-0.00157619,2026-06-02T20:00:00.353000Z,3049116840,30.4911684
2026-06-03,XBT,8,4,2,15372431,0.15372431,-167487,-0.00167487,2026-06-03T20:00:00.360000Z,3064489271,30.64489271
2026-06-04,XBT,8,10,2,29791317,0.29791317,-221900,-0.002219,2026-06-04T20:00:00.312000Z,3094280588,30.94280588
2026-06-05,XBT,8,5,2,35283806,0.35283806,-56391,-0.00056391,2026-06-05T20:00:00.301000Z,3129564394,31.29564394
2026-06-06,XBT,8,3,1,-149839,-0.00149839,149839,0.00149839,2026-06-06T20:00:00.300000Z,3129414555,31.29414555
2026-06-07,XBT,8,3,1,-206504,-0.00206504,206504,0.00206504,2026-06-07T20:00:00.315000Z,3129208051,31.29208051
2026-06-08,XBT,8,3,1,-243599,-0.00243599,243599,0.00243599,2026-06-08T20:00:00.298000Z,3128964452,31.28964452
2026-06-09,XBT,8,3,1,-217452,-0.00217452,217452,0.00217452,2026-06-09T20:00:00.290000Z,3128747000,31.28747
2026-06-10,XBT,8,3,1,335739,0.00335739,-335739,-0.00335739,2026-06-10T20:00:00.314000Z,3129082739,31.29082739
2026-06-11,XBT,8,3,1,187458,0.00187458,-187458,-0.00187458,2026-06-11T20:00:00.294000Z,3129270197,31.29270197
2026-06-12,XBT,8,3,1,73387,0.00073387,-73387,-0.00073387,2026-06-12T20:00:00.367000Z,3129343584,31.29343584
2026-06-13,XBT,8,3,1,-89349,-0.00089349,89349,0.00089349,2026-06-13T20:00:00.292000Z,3129254235,31.29254235
2026-06-14,XBT,8,13,2,-523962,-0.00523962,523962,0.00523962,2026-06-14T21:40:47.449000Z,3128730273,31.28730273
2026-06-15,XBT,8,14,2,-143178,-0.00143178,143178,0.00143178,2026-06-15T20:00:00.291000Z,3128587095,31.28587095
2026-06-16,XBT,8,10,2,-733893,-0.00733893,733893,0.00733893,2026-06-16T20:00:00.283000Z,3127853202,31.27853202
2026-06-17,XBT,8,3,1,35645,0.00035645,-35645,-0.00035645,2026-06-17T20:00:00.299000Z,3127888847,31.27888847
2026-06-18,XBT,8,3,1,426955,0.00426955,-426955,-0.00426955,2026-06-18T20:00:00.300000Z,3128315802,31.28315802
2026-06-19,XBT,8,3,1,351805,0.00351805,-351805,-0.00351805,2026-06-19T20:00:00.293000Z,3128667607,31.28667607
2026-06-20,XBT,8,3,1,-867994,-0.00867994,867994,0.00867994,2026-06-20T20:00:00.307000Z,3127799613,31.27799613
2026-06-21,XBT,8,3,1,-136581,-0.00136581,136581,0.00136581,2026-06-21T20:00:00.295000Z,3127663032,31.27663032
2026-06-22,XBT,8,3,1,-585603,-0.00585603,585603,0.00585603,2026-06-22T20:00:00.318000Z,3127077429,31.27077429
2026-06-23,XBT,8,3,1,139186,0.00139186,-139186,-0.00139186,2026-06-23T20:00:00.292000Z,3127216615,31.27216615
2026-06-24,XBT,8,6,2,16499067,0.16499067,-33477,-0.00033477,2026-06-24T20:00:00.307000Z,3143715682,31.43715682
2026-06-25,XBT,8,4,2,40283882,0.40283882,993299,0.00993299,2026-06-25T20:00:00.381000Z,3183999564,31.83999564
2026-06-26,XBT,8,3,1,-357630,-0.0035763,357630,0.0035763,2026-06-26T20:00:00.296000Z,3183641934,31.83641934
2026-06-27,XBT,8,3,1,-486649,-0.00486649,486649,0.00486649,2026-06-27T20:00:00.299000Z,3183155285,31.83155285
2026-06-28,XBT,8,3,1,-332021,-0.00332021,332021,0.00332021,2026-06-28T20:00:00.323000Z,3182823264,31.82823264
2026-06-29,XBT,8,3,1,150991,0.00150991,-150991,-0.00150991,2026-06-29T20:00:00.293000Z,3182974255,31.82974255
2026-06-30,XBT,8,3,1,360648,0.00360648,-360648,-0.00360648,2026-06-30T20:00:00.290000Z,3183334903,31.83334903
2026-07-01,XBT,8,3,1,-180302,-0.00180302,180302,0.00180302,2026-07-01T20:00:00.311000Z,3183154601,31.83154601
2026-07-02,XBT,8,3,1,175368,0.00175368,-175368,-0.00175368,2026-07-02T20:00:00.274000Z,3183329969,31.83329969
2026-07-03,XBT,8,3,1,331074,0.00331074,-331074,-0.00331074,2026-07-03T20:00:00.275000Z,3183661043,31.83661043
2026-07-04,XBT,8,3,1,-737179,-0.00737179,737179,0.00737179,2026-07-04T20:00:00.277000Z,3182923864,31.82923864
2026-07-05,XBT,8,3,1,215064,0.00215064,-215064,-0.00215064,2026-07-05T20:00:00.276000Z,3183138928,31.83138928
2026-07-06,XBT,8,4,2,7511925,0.07511925,-132186,-0.00132186,2026-07-06T20:00:00.276000Z,3190650853,31.90650853
2026-07-07,XBT,8,3,1,214166,0.00214166,-214166,-0.00214166,2026-07-07T20:00:00.290000Z,3190865019,31.90865019
2026-07-08,XBT,8,3,1,-261910,-0.0026191,261910,0.0026191,2026-07-08T20:00:00.274000Z,3190603109,31.90603109
2026-07-09,XBT,8,3,1,241676,0.00241676,-241676,-0.00241676,2026-07-09T20:00:00.267000Z,3190844785,31.90844785
2026-07-10,XBT,8,6,2,10848146,0.10848146,106444,0.00106444,2026-07-10T20:00:00.275000Z,3201692931,32.01692931
2026-07-11,XBT,8,3,1,104315,0.00104315,-104315,-0.00104315,2026-07-11T20:00:00.342000Z,3201797246,32.01797246
2026-07-12,XBT,8,3,1,-115415,-0.00115415,115415,0.00115415,2026-07-12T20:00:00.281000Z,3201681831,32.01681831
2026-07-13,XBT,8,8,2,13904395,0.13904395,-13405,-0.00013405,2026-07-13T20:00:00.289000Z,3215586226,32.15586226
2026-07-14,XBT,8,3,1,147830,0.0014783,-147830,-0.0014783,2026-07-14T20:00:00.276000Z,3215734056,32.15734056
2026-07-15,XBT,8,3,1,248911,0.00248911,-248911,-0.00248911,2026-07-15T20:00:00.274000Z,3215982967,32.15982967
2026-07-16,XBT,8,3,1,201235,0.00201235,-201235,-0.00201235,2026-07-16T20:00:00.280000Z,3216184202,32.16184202
2026-07-17,XBT,8,3,1,257671,0.00257671,-257671,-0.00257671,2026-07-17T20:00:00.276000Z,3216441873,32.16441873
2026-07-18,XBT,8,5,2,-326849,-0.00326849,326849,0.00326849,2026-07-18T22:11:15.557000Z,3216115024,32.16115024
2026-07-19,XBT,8,2,1,-306039,-0.00306039,306039,0.00306039,2026-07-19T12:00:00.330000Z,3215808985,32.15808985
